The system is: Linux - 6.8.0-106-generic - x86_64
Compiling the C compiler identification source file "CMakeCCompilerId.c" succeeded.
Compiler: /usr/bin/cc 
Build flags: 
Id flags:  

The output was:
0


Compilation of the C compiler identification source "CMakeCCompilerId.c" produced "a.out"

The C compiler identification is GNU, found in "/home/czz/nvblox_ws/build/nvblox/nvblox/eigen/src/ext_eigen-build/CMakeFiles/3.22.1/CompilerIdC/a.out"

Compiling the CXX compiler identification source file "CMakeCXXCompilerId.cpp" succeeded.
Compiler: /usr/bin/c++ 
Build flags: 
Id flags:  

The output was:
0


Compilation of the CXX compiler identification source "CMakeCXXCompilerId.cpp" produced "a.out"

The CXX compiler identification is GNU, found in "/home/czz/nvblox_ws/build/nvblox/nvblox/eigen/src/ext_eigen-build/CMakeFiles/3.22.1/CompilerIdCXX/a.out"

Detecting C compiler ABI info compiled with the following output:
Change Dir: /home/czz/nvblox_ws/build/nvblox/nvblox/eigen/src/ext_eigen-build/CMakeFiles/CMakeTmp

Run Build Command(s):/usr/bin/gmake -f Makefile cmTC_cb04c/fast && gmake[3]: Entering directory '/home/czz/nvblox_ws/build/nvblox/nvblox/eigen/src/ext_eigen-build/CMakeFiles/CMakeTmp'
/usr/bin/gmake  -f CMakeFiles/cmTC_cb04c.dir/build.make CMakeFiles/cmTC_cb04c.dir/build
gmake[4]: Entering directory '/home/czz/nvblox_ws/build/nvblox/nvblox/eigen/src/ext_eigen-build/CMakeFiles/CMakeTmp'
Building C object CMakeFiles/cmTC_cb04c.dir/CMakeCCompilerABI.c.o
/usr/bin/cc   -v -o CMakeFiles/cmTC_cb04c.dir/CMakeCCompilerABI.c.o -c /usr/share/cmake-3.22/Modules/CMakeCCompilerABI.c
Using built-in specs.
COLLECT_GCC=/usr/bin/cc
OFFLOAD_TARGET_NAMES=nvptx-none:amdgcn-amdhsa
OFFLOAD_TARGET_DEFAULT=1
Target: x86_64-linux-gnu
Configured with: ../src/configure -v --with-pkgversion='Ubuntu 11.4.0-1ubuntu1~22.04.3' --with-bugurl=file:///usr/share/doc/gcc-11/README.Bugs --enable-languages=c,ada,c++,go,brig,d,fortran,objc,obj-c++,m2 --prefix=/usr --with-gcc-major-version-only --program-suffix=-11 --program-prefix=x86_64-linux-gnu- --enable-shared --enable-linker-build-id --libexecdir=/usr/lib --without-included-gettext --enable-threads=posix --libdir=/usr/lib --enable-nls --enable-bootstrap --enable-clocale=gnu --enable-libstdcxx-debug --enable-libstdcxx-time=yes --with-default-libstdcxx-abi=new --enable-gnu-unique-object --disable-vtable-verify --enable-plugin --enable-default-pie --with-system-zlib --enable-libphobos-checking=release --with-target-system-zlib=auto --enable-objc-gc=auto --enable-multiarch --disable-werror --enable-cet --with-arch-32=i686 --with-abi=m64 --with-multilib-list=m32,m64,mx32 --enable-multilib --with-tune=generic --enable-offload-targets=nvptx-none=/build/gcc-11-0odw26/gcc-11-11.4.0/debian/tmp-nvptx/usr,amdgcn-amdhsa=/build/gcc-11-0odw26/gcc-11-11.4.0/debian/tmp-gcn/usr --without-cuda-driver --enable-checking=release --build=x86_64-linux-gnu --host=x86_64-linux-gnu --target=x86_64-linux-gnu --with-build-config=bootstrap-lto-lean --enable-link-serialization=2
Thread model: posix
Supported LTO compression algorithms: zlib zstd
gcc version 11.4.0 (Ubuntu 11.4.0-1ubuntu1~22.04.3) 
COLLECT_GCC_OPTIONS='-v' '-o' 'CMakeFiles/cmTC_cb04c.dir/CMakeCCompilerABI.c.o' '-c' '-mtune=generic' '-march=x86-64' '-dumpdir' 'CMakeFiles/cmTC_cb04c.dir/'
 /usr/lib/gcc/x86_64-linux-gnu/11/cc1 -quiet -v -imultiarch x86_64-linux-gnu /usr/share/cmake-3.22/Modules/CMakeCCompilerABI.c -quiet -dumpdir CMakeFiles/cmTC_cb04c.dir/ -dumpbase CMakeCCompilerABI.c.c -dumpbase-ext .c -mtune=generic -march=x86-64 -version -fasynchronous-unwind-tables -fstack-protector-strong -Wformat -Wformat-security -fstack-clash-protection -fcf-protection -o /tmp/ccLqUjug.s
GNU C17 (Ubuntu 11.4.0-1ubuntu1~22.04.3) version 11.4.0 (x86_64-linux-gnu)
	compiled by GNU C version 11.4.0, GMP version 6.2.1, MPFR version 4.1.0, MPC version 1.2.1, isl version isl-0.24-GMP

GGC heuristics: --param ggc-min-expand=100 --param ggc-min-heapsize=131072
ignoring nonexistent directory "/usr/local/include/x86_64-linux-gnu"
ignoring nonexistent directory "/usr/lib/gcc/x86_64-linux-gnu/11/include-fixed"
ignoring nonexistent directory "/usr/lib/gcc/x86_64-linux-gnu/11/../../../../x86_64-linux-gnu/include"
#include "..." search starts here:
#include <...> search starts here:
 /usr/lib/gcc/x86_64-linux-gnu/11/include
 /usr/local/include
 /usr/include/x86_64-linux-gnu
 /usr/include
End of search list.
GNU C17 (Ubuntu 11.4.0-1ubuntu1~22.04.3) version 11.4.0 (x86_64-linux-gnu)
	compiled by GNU C version 11.4.0, GMP version 6.2.1, MPFR version 4.1.0, MPC version 1.2.1, isl version isl-0.24-GMP

GGC heuristics: --param ggc-min-expand=100 --param ggc-min-heapsize=131072
Compiler executable checksum: 46ebede1f5b795a957a1e85cb61af9d8
COLLECT_GCC_OPTIONS='-v' '-o' 'CMakeFiles/cmTC_cb04c.dir/CMakeCCompilerABI.c.o' '-c' '-mtune=generic' '-march=x86-64' '-dumpdir' 'CMakeFiles/cmTC_cb04c.dir/'
 as -v --64 -o CMakeFiles/cmTC_cb04c.dir/CMakeCCompilerABI.c.o /tmp/ccLqUjug.s
GNU assembler version 2.38 (x86_64-linux-gnu) using BFD version (GNU Binutils for Ubuntu) 2.38
COMPILER_PATH=/usr/lib/gcc/x86_64-linux-gnu/11/:/usr/lib/gcc/x86_64-linux-gnu/11/:/usr/lib/gcc/x86_64-linux-gnu/:/usr/lib/gcc/x86_64-linux-gnu/11/:/usr/lib/gcc/x86_64-linux-gnu/
LIBRARY_PATH=/usr/lib/gcc/x86_64-linux-gnu/11/:/usr/lib/gcc/x86_64-linux-gnu/11/../../../x86_64-linux-gnu/:/usr/lib/gcc/x86_64-linux-gnu/11/../../../../lib/:/lib/x86_64-linux-gnu/:/lib/../lib/:/usr/lib/x86_64-linux-gnu/:/usr/lib/../lib/:/usr/lib/gcc/x86_64-linux-gnu/11/../../../:/lib/:/usr/lib/
COLLECT_GCC_OPTIONS='-v' '-o' 'CMakeFiles/cmTC_cb04c.dir/CMakeCCompilerABI.c.o' '-c' '-mtune=generic' '-march=x86-64' '-dumpdir' 'CMakeFiles/cmTC_cb04c.dir/CMakeCCompilerABI.c.'
Linking C executable cmTC_cb04c
/usr/bin/cmake -E cmake_link_script CMakeFiles/cmTC_cb04c.dir/link.txt --verbose=1
/usr/bin/cc  -v CMakeFiles/cmTC_cb04c.dir/CMakeCCompilerABI.c.o -o cmTC_cb04c 
Using built-in specs.
COLLECT_GCC=/usr/bin/cc
COLLECT_LTO_WRAPPER=/usr/lib/gcc/x86_64-linux-gnu/11/lto-wrapper
OFFLOAD_TARGET_NAMES=nvptx-none:amdgcn-amdhsa
OFFLOAD_TARGET_DEFAULT=1
Target: x86_64-linux-gnu
Configured with: ../src/configure -v --with-pkgversion='Ubuntu 11.4.0-1ubuntu1~22.04.3' --with-bugurl=file:///usr/share/doc/gcc-11/README.Bugs --enable-languages=c,ada,c++,go,brig,d,fortran,objc,obj-c++,m2 --prefix=/usr --with-gcc-major-version-only --program-suffix=-11 --program-prefix=x86_64-linux-gnu- --enable-shared --enable-linker-build-id --libexecdir=/usr/lib --without-included-gettext --enable-threads=posix --libdir=/usr/lib --enable-nls --enable-bootstrap --enable-clocale=gnu --enable-libstdcxx-debug --enable-libstdcxx-time=yes --with-default-libstdcxx-abi=new --enable-gnu-unique-object --disable-vtable-verify --enable-plugin --enable-default-pie --with-system-zlib --enable-libphobos-checking=release --with-target-system-zlib=auto --enable-objc-gc=auto --enable-multiarch --disable-werror --enable-cet --with-arch-32=i686 --with-abi=m64 --with-multilib-list=m32,m64,mx32 --enable-multilib --with-tune=generic --enable-offload-targets=nvptx-none=/build/gcc-11-0odw26/gcc-11-11.4.0/debian/tmp-nvptx/usr,amdgcn-amdhsa=/build/gcc-11-0odw26/gcc-11-11.4.0/debian/tmp-gcn/usr --without-cuda-driver --enable-checking=release --build=x86_64-linux-gnu --host=x86_64-linux-gnu --target=x86_64-linux-gnu --with-build-config=bootstrap-lto-lean --enable-link-serialization=2
Thread model: posix
Supported LTO compression algorithms: zlib zstd
gcc version 11.4.0 (Ubuntu 11.4.0-1ubuntu1~22.04.3) 
COMPILER_PATH=/usr/lib/gcc/x86_64-linux-gnu/11/:/usr/lib/gcc/x86_64-linux-gnu/11/:/usr/lib/gcc/x86_64-linux-gnu/:/usr/lib/gcc/x86_64-linux-gnu/11/:/usr/lib/gcc/x86_64-linux-gnu/
LIBRARY_PATH=/usr/lib/gcc/x86_64-linux-gnu/11/:/usr/lib/gcc/x86_64-linux-gnu/11/../../../x86_64-linux-gnu/:/usr/lib/gcc/x86_64-linux-gnu/11/../../../../lib/:/lib/x86_64-linux-gnu/:/lib/../lib/:/usr/lib/x86_64-linux-gnu/:/usr/lib/../lib/:/usr/lib/gcc/x86_64-linux-gnu/11/../../../:/lib/:/usr/lib/
COLLECT_GCC_OPTIONS='-v' '-o' 'cmTC_cb04c' '-mtune=generic' '-march=x86-64' '-dumpdir' 'cmTC_cb04c.'
 /usr/lib/gcc/x86_64-linux-gnu/11/collect2 -plugin /usr/lib/gcc/x86_64-linux-gnu/11/liblto_plugin.so -plugin-opt=/usr/lib/gcc/x86_64-linux-gnu/11/lto-wrapper -plugin-opt=-fresolution=/tmp/ccpyDq5K.res -plugin-opt=-pass-through=-lgcc -plugin-opt=-pass-through=-lgcc_s -plugin-opt=-pass-through=-lc -plugin-opt=-pass-through=-lgcc -plugin-opt=-pass-through=-lgcc_s --build-id --eh-frame-hdr -m elf_x86_64 --hash-style=gnu --as-needed -dynamic-linker /lib64/ld-linux-x86-64.so.2 -pie -z now -z relro -o cmTC_cb04c /usr/lib/gcc/x86_64-linux-gnu/11/../../../x86_64-linux-gnu/Scrt1.o /usr/lib/gcc/x86_64-linux-gnu/11/../../../x86_64-linux-gnu/crti.o /usr/lib/gcc/x86_64-linux-gnu/11/crtbeginS.o -L/usr/lib/gcc/x86_64-linux-gnu/11 -L/usr/lib/gcc/x86_64-linux-gnu/11/../../../x86_64-linux-gnu -L/usr/lib/gcc/x86_64-linux-gnu/11/../../../../lib -L/lib/x86_64-linux-gnu -L/lib/../lib -L/usr/lib/x86_64-linux-gnu -L/usr/lib/../lib -L/usr/lib/gcc/x86_64-linux-gnu/11/../../.. CMakeFiles/cmTC_cb04c.dir/CMakeCCompilerABI.c.o -lgcc --push-state --as-needed -lgcc_s --pop-state -lc -lgcc --push-state --as-needed -lgcc_s --pop-state /usr/lib/gcc/x86_64-linux-gnu/11/crtendS.o /usr/lib/gcc/x86_64-linux-gnu/11/../../../x86_64-linux-gnu/crtn.o
COLLECT_GCC_OPTIONS='-v' '-o' 'cmTC_cb04c' '-mtune=generic' '-march=x86-64' '-dumpdir' 'cmTC_cb04c.'
gmake[4]: Leaving directory '/home/czz/nvblox_ws/build/nvblox/nvblox/eigen/src/ext_eigen-build/CMakeFiles/CMakeTmp'
gmake[3]: Leaving directory '/home/czz/nvblox_ws/build/nvblox/nvblox/eigen/src/ext_eigen-build/CMakeFiles/CMakeTmp'



Parsed C implicit include dir info from above output: rv=done
  found start of include info
  found start of implicit include info
    add: [/usr/lib/gcc/x86_64-linux-gnu/11/include]
    add: [/usr/local/include]
    add: [/usr/include/x86_64-linux-gnu]
    add: [/usr/include]
  end of search list found
  collapse include dir [/usr/lib/gcc/x86_64-linux-gnu/11/include] ==> [/usr/lib/gcc/x86_64-linux-gnu/11/include]
  collapse include dir [/usr/local/include] ==> [/usr/local/include]
  collapse include dir [/usr/include/x86_64-linux-gnu] ==> [/usr/include/x86_64-linux-gnu]
  collapse include dir [/usr/include] ==> [/usr/include]
  implicit include dirs: [/usr/lib/gcc/x86_64-linux-gnu/11/include;/usr/local/include;/usr/include/x86_64-linux-gnu;/usr/include]


Parsed C implicit link information from above output:
  link line regex: [^( *|.*[/\])(ld|CMAKE_LINK_STARTFILE-NOTFOUND|([^/\]+-)?ld|collect2)[^/\]*( |$)]
  ignore line: [Change Dir: /home/czz/nvblox_ws/build/nvblox/nvblox/eigen/src/ext_eigen-build/CMakeFiles/CMakeTmp]
  ignore line: []
  ignore line: [Run Build Command(s):/usr/bin/gmake -f Makefile cmTC_cb04c/fast && gmake[3]: Entering directory '/home/czz/nvblox_ws/build/nvblox/nvblox/eigen/src/ext_eigen-build/CMakeFiles/CMakeTmp']
  ignore line: [/usr/bin/gmake  -f CMakeFiles/cmTC_cb04c.dir/build.make CMakeFiles/cmTC_cb04c.dir/build]
  ignore line: [gmake[4]: Entering directory '/home/czz/nvblox_ws/build/nvblox/nvblox/eigen/src/ext_eigen-build/CMakeFiles/CMakeTmp']
  ignore line: [Building C object CMakeFiles/cmTC_cb04c.dir/CMakeCCompilerABI.c.o]
  ignore line: [/usr/bin/cc   -v -o CMakeFiles/cmTC_cb04c.dir/CMakeCCompilerABI.c.o -c /usr/share/cmake-3.22/Modules/CMakeCCompilerABI.c]
  ignore line: [Using built-in specs.]
  ignore line: [COLLECT_GCC=/usr/bin/cc]
  ignore line: [OFFLOAD_TARGET_NAMES=nvptx-none:amdgcn-amdhsa]
  ignore line: [OFFLOAD_TARGET_DEFAULT=1]
  ignore line: [Target: x86_64-linux-gnu]
  ignore line: [Configured with: ../src/configure -v --with-pkgversion='Ubuntu 11.4.0-1ubuntu1~22.04.3' --with-bugurl=file:///usr/share/doc/gcc-11/README.Bugs --enable-languages=c ada c++ go brig d fortran objc obj-c++ m2 --prefix=/usr --with-gcc-major-version-only --program-suffix=-11 --program-prefix=x86_64-linux-gnu- --enable-shared --enable-linker-build-id --libexecdir=/usr/lib --without-included-gettext --enable-threads=posix --libdir=/usr/lib --enable-nls --enable-bootstrap --enable-clocale=gnu --enable-libstdcxx-debug --enable-libstdcxx-time=yes --with-default-libstdcxx-abi=new --enable-gnu-unique-object --disable-vtable-verify --enable-plugin --enable-default-pie --with-system-zlib --enable-libphobos-checking=release --with-target-system-zlib=auto --enable-objc-gc=auto --enable-multiarch --disable-werror --enable-cet --with-arch-32=i686 --with-abi=m64 --with-multilib-list=m32 m64 mx32 --enable-multilib --with-tune=generic --enable-offload-targets=nvptx-none=/build/gcc-11-0odw26/gcc-11-11.4.0/debian/tmp-nvptx/usr amdgcn-amdhsa=/build/gcc-11-0odw26/gcc-11-11.4.0/debian/tmp-gcn/usr --without-cuda-driver --enable-checking=release --build=x86_64-linux-gnu --host=x86_64-linux-gnu --target=x86_64-linux-gnu --with-build-config=bootstrap-lto-lean --enable-link-serialization=2]
  ignore line: [Thread model: posix]
  ignore line: [Supported LTO compression algorithms: zlib zstd]
  ignore line: [gcc version 11.4.0 (Ubuntu 11.4.0-1ubuntu1~22.04.3) ]
  ignore line: [COLLECT_GCC_OPTIONS='-v' '-o' 'CMakeFiles/cmTC_cb04c.dir/CMakeCCompilerABI.c.o' '-c' '-mtune=generic' '-march=x86-64' '-dumpdir' 'CMakeFiles/cmTC_cb04c.dir/']
  ignore line: [ /usr/lib/gcc/x86_64-linux-gnu/11/cc1 -quiet -v -imultiarch x86_64-linux-gnu /usr/share/cmake-3.22/Modules/CMakeCCompilerABI.c -quiet -dumpdir CMakeFiles/cmTC_cb04c.dir/ -dumpbase CMakeCCompilerABI.c.c -dumpbase-ext .c -mtune=generic -march=x86-64 -version -fasynchronous-unwind-tables -fstack-protector-strong -Wformat -Wformat-security -fstack-clash-protection -fcf-protection -o /tmp/ccLqUjug.s]
  ignore line: [GNU C17 (Ubuntu 11.4.0-1ubuntu1~22.04.3) version 11.4.0 (x86_64-linux-gnu)]
  ignore line: [	compiled by GNU C version 11.4.0  GMP version 6.2.1  MPFR version 4.1.0  MPC version 1.2.1  isl version isl-0.24-GMP]
  ignore line: []
  ignore line: [GGC heuristics: --param ggc-min-expand=100 --param ggc-min-heapsize=131072]
  ignore line: [ignoring nonexistent directory "/usr/local/include/x86_64-linux-gnu"]
  ignore line: [ignoring nonexistent directory "/usr/lib/gcc/x86_64-linux-gnu/11/include-fixed"]
  ignore line: [ignoring nonexistent directory "/usr/lib/gcc/x86_64-linux-gnu/11/../../../../x86_64-linux-gnu/include"]
  ignore line: [#include "..." search starts here:]
  ignore line: [#include <...> search starts here:]
  ignore line: [ /usr/lib/gcc/x86_64-linux-gnu/11/include]
  ignore line: [ /usr/local/include]
  ignore line: [ /usr/include/x86_64-linux-gnu]
  ignore line: [ /usr/include]
  ignore line: [End of search list.]
  ignore line: [GNU C17 (Ubuntu 11.4.0-1ubuntu1~22.04.3) version 11.4.0 (x86_64-linux-gnu)]
  ignore line: [	compiled by GNU C version 11.4.0  GMP version 6.2.1  MPFR version 4.1.0  MPC version 1.2.1  isl version isl-0.24-GMP]
  ignore line: []
  ignore line: [GGC heuristics: --param ggc-min-expand=100 --param ggc-min-heapsize=131072]
  ignore line: [Compiler executable checksum: 46ebede1f5b795a957a1e85cb61af9d8]
  ignore line: [COLLECT_GCC_OPTIONS='-v' '-o' 'CMakeFiles/cmTC_cb04c.dir/CMakeCCompilerABI.c.o' '-c' '-mtune=generic' '-march=x86-64' '-dumpdir' 'CMakeFiles/cmTC_cb04c.dir/']
  ignore line: [ as -v --64 -o CMakeFiles/cmTC_cb04c.dir/CMakeCCompilerABI.c.o /tmp/ccLqUjug.s]
  ignore line: [GNU assembler version 2.38 (x86_64-linux-gnu) using BFD version (GNU Binutils for Ubuntu) 2.38]
  ignore line: [COMPILER_PATH=/usr/lib/gcc/x86_64-linux-gnu/11/:/usr/lib/gcc/x86_64-linux-gnu/11/:/usr/lib/gcc/x86_64-linux-gnu/:/usr/lib/gcc/x86_64-linux-gnu/11/:/usr/lib/gcc/x86_64-linux-gnu/]
  ignore line: [LIBRARY_PATH=/usr/lib/gcc/x86_64-linux-gnu/11/:/usr/lib/gcc/x86_64-linux-gnu/11/../../../x86_64-linux-gnu/:/usr/lib/gcc/x86_64-linux-gnu/11/../../../../lib/:/lib/x86_64-linux-gnu/:/lib/../lib/:/usr/lib/x86_64-linux-gnu/:/usr/lib/../lib/:/usr/lib/gcc/x86_64-linux-gnu/11/../../../:/lib/:/usr/lib/]
  ignore line: [COLLECT_GCC_OPTIONS='-v' '-o' 'CMakeFiles/cmTC_cb04c.dir/CMakeCCompilerABI.c.o' '-c' '-mtune=generic' '-march=x86-64' '-dumpdir' 'CMakeFiles/cmTC_cb04c.dir/CMakeCCompilerABI.c.']
  ignore line: [Linking C executable cmTC_cb04c]
  ignore line: [/usr/bin/cmake -E cmake_link_script CMakeFiles/cmTC_cb04c.dir/link.txt --verbose=1]
  ignore line: [/usr/bin/cc  -v CMakeFiles/cmTC_cb04c.dir/CMakeCCompilerABI.c.o -o cmTC_cb04c ]
  ignore line: [Using built-in specs.]
  ignore line: [COLLECT_GCC=/usr/bin/cc]
  ignore line: [COLLECT_LTO_WRAPPER=/usr/lib/gcc/x86_64-linux-gnu/11/lto-wrapper]
  ignore line: [OFFLOAD_TARGET_NAMES=nvptx-none:amdgcn-amdhsa]
  ignore line: [OFFLOAD_TARGET_DEFAULT=1]
  ignore line: [Target: x86_64-linux-gnu]
  ignore line: [Configured with: ../src/configure -v --with-pkgversion='Ubuntu 11.4.0-1ubuntu1~22.04.3' --with-bugurl=file:///usr/share/doc/gcc-11/README.Bugs --enable-languages=c ada c++ go brig d fortran objc obj-c++ m2 --prefix=/usr --with-gcc-major-version-only --program-suffix=-11 --program-prefix=x86_64-linux-gnu- --enable-shared --enable-linker-build-id --libexecdir=/usr/lib --without-included-gettext --enable-threads=posix --libdir=/usr/lib --enable-nls --enable-bootstrap --enable-clocale=gnu --enable-libstdcxx-debug --enable-libstdcxx-time=yes --with-default-libstdcxx-abi=new --enable-gnu-unique-object --disable-vtable-verify --enable-plugin --enable-default-pie --with-system-zlib --enable-libphobos-checking=release --with-target-system-zlib=auto --enable-objc-gc=auto --enable-multiarch --disable-werror --enable-cet --with-arch-32=i686 --with-abi=m64 --with-multilib-list=m32 m64 mx32 --enable-multilib --with-tune=generic --enable-offload-targets=nvptx-none=/build/gcc-11-0odw26/gcc-11-11.4.0/debian/tmp-nvptx/usr amdgcn-amdhsa=/build/gcc-11-0odw26/gcc-11-11.4.0/debian/tmp-gcn/usr --without-cuda-driver --enable-checking=release --build=x86_64-linux-gnu --host=x86_64-linux-gnu --target=x86_64-linux-gnu --with-build-config=bootstrap-lto-lean --enable-link-serialization=2]
  ignore line: [Thread model: posix]
  ignore line: [Supported LTO compression algorithms: zlib zstd]
  ignore line: [gcc version 11.4.0 (Ubuntu 11.4.0-1ubuntu1~22.04.3) ]
  ignore line: [COMPILER_PATH=/usr/lib/gcc/x86_64-linux-gnu/11/:/usr/lib/gcc/x86_64-linux-gnu/11/:/usr/lib/gcc/x86_64-linux-gnu/:/usr/lib/gcc/x86_64-linux-gnu/11/:/usr/lib/gcc/x86_64-linux-gnu/]
  ignore line: [LIBRARY_PATH=/usr/lib/gcc/x86_64-linux-gnu/11/:/usr/lib/gcc/x86_64-linux-gnu/11/../../../x86_64-linux-gnu/:/usr/lib/gcc/x86_64-linux-gnu/11/../../../../lib/:/lib/x86_64-linux-gnu/:/lib/../lib/:/usr/lib/x86_64-linux-gnu/:/usr/lib/../lib/:/usr/lib/gcc/x86_64-linux-gnu/11/../../../:/lib/:/usr/lib/]
  ignore line: [COLLECT_GCC_OPTIONS='-v' '-o' 'cmTC_cb04c' '-mtune=generic' '-march=x86-64' '-dumpdir' 'cmTC_cb04c.']
  link line: [ /usr/lib/gcc/x86_64-linux-gnu/11/collect2 -plugin /usr/lib/gcc/x86_64-linux-gnu/11/liblto_plugin.so -plugin-opt=/usr/lib/gcc/x86_64-linux-gnu/11/lto-wrapper -plugin-opt=-fresolution=/tmp/ccpyDq5K.res -plugin-opt=-pass-through=-lgcc -plugin-opt=-pass-through=-lgcc_s -plugin-opt=-pass-through=-lc -plugin-opt=-pass-through=-lgcc -plugin-opt=-pass-through=-lgcc_s --build-id --eh-frame-hdr -m elf_x86_64 --hash-style=gnu --as-needed -dynamic-linker /lib64/ld-linux-x86-64.so.2 -pie -z now -z relro -o cmTC_cb04c /usr/lib/gcc/x86_64-linux-gnu/11/../../../x86_64-linux-gnu/Scrt1.o /usr/lib/gcc/x86_64-linux-gnu/11/../../../x86_64-linux-gnu/crti.o /usr/lib/gcc/x86_64-linux-gnu/11/crtbeginS.o -L/usr/lib/gcc/x86_64-linux-gnu/11 -L/usr/lib/gcc/x86_64-linux-gnu/11/../../../x86_64-linux-gnu -L/usr/lib/gcc/x86_64-linux-gnu/11/../../../../lib -L/lib/x86_64-linux-gnu -L/lib/../lib -L/usr/lib/x86_64-linux-gnu -L/usr/lib/../lib -L/usr/lib/gcc/x86_64-linux-gnu/11/../../.. CMakeFiles/cmTC_cb04c.dir/CMakeCCompilerABI.c.o -lgcc --push-state --as-needed -lgcc_s --pop-state -lc -lgcc --push-state --as-needed -lgcc_s --pop-state /usr/lib/gcc/x86_64-linux-gnu/11/crtendS.o /usr/lib/gcc/x86_64-linux-gnu/11/../../../x86_64-linux-gnu/crtn.o]
    arg [/usr/lib/gcc/x86_64-linux-gnu/11/collect2] ==> ignore
    arg [-plugin] ==> ignore
    arg [/usr/lib/gcc/x86_64-linux-gnu/11/liblto_plugin.so] ==> ignore
    arg [-plugin-opt=/usr/lib/gcc/x86_64-linux-gnu/11/lto-wrapper] ==> ignore
    arg [-plugin-opt=-fresolution=/tmp/ccpyDq5K.res] ==> ignore
    arg [-plugin-opt=-pass-through=-lgcc] ==> ignore
    arg [-plugin-opt=-pass-through=-lgcc_s] ==> ignore
    arg [-plugin-opt=-pass-through=-lc] ==> ignore
    arg [-plugin-opt=-pass-through=-lgcc] ==> ignore
    arg [-plugin-opt=-pass-through=-lgcc_s] ==> ignore
    arg [--build-id] ==> ignore
    arg [--eh-frame-hdr] ==> ignore
    arg [-m] ==> ignore
    arg [elf_x86_64] ==> ignore
    arg [--hash-style=gnu] ==> ignore
    arg [--as-needed] ==> ignore
    arg [-dynamic-linker] ==> ignore
    arg [/lib64/ld-linux-x86-64.so.2] ==> ignore
    arg [-pie] ==> ignore
    arg [-znow] ==> ignore
    arg [-zrelro] ==> ignore
    arg [-o] ==> ignore
    arg [cmTC_cb04c] ==> ignore
    arg [/usr/lib/gcc/x86_64-linux-gnu/11/../../../x86_64-linux-gnu/Scrt1.o] ==> obj [/usr/lib/gcc/x86_64-linux-gnu/11/../../../x86_64-linux-gnu/Scrt1.o]
    arg [/usr/lib/gcc/x86_64-linux-gnu/11/../../../x86_64-linux-gnu/crti.o] ==> obj [/usr/lib/gcc/x86_64-linux-gnu/11/../../../x86_64-linux-gnu/crti.o]
    arg [/usr/lib/gcc/x86_64-linux-gnu/11/crtbeginS.o] ==> obj [/usr/lib/gcc/x86_64-linux-gnu/11/crtbeginS.o]
    arg [-L/usr/lib/gcc/x86_64-linux-gnu/11] ==> dir [/usr/lib/gcc/x86_64-linux-gnu/11]
    arg [-L/usr/lib/gcc/x86_64-linux-gnu/11/../../../x86_64-linux-gnu] ==> dir [/usr/lib/gcc/x86_64-linux-gnu/11/../../../x86_64-linux-gnu]
    arg [-L/usr/lib/gcc/x86_64-linux-gnu/11/../../../../lib] ==> dir [/usr/lib/gcc/x86_64-linux-gnu/11/../../../../lib]
    arg [-L/lib/x86_64-linux-gnu] ==> dir [/lib/x86_64-linux-gnu]
    arg [-L/lib/../lib] ==> dir [/lib/../lib]
    arg [-L/usr/lib/x86_64-linux-gnu] ==> dir [/usr/lib/x86_64-linux-gnu]
    arg [-L/usr/lib/../lib] ==> dir [/usr/lib/../lib]
    arg [-L/usr/lib/gcc/x86_64-linux-gnu/11/../../..] ==> dir [/usr/lib/gcc/x86_64-linux-gnu/11/../../..]
    arg [CMakeFiles/cmTC_cb04c.dir/CMakeCCompilerABI.c.o] ==> ignore
    arg [-lgcc] ==> lib [gcc]
    arg [--push-state] ==> ignore
    arg [--as-needed] ==> ignore
    arg [-lgcc_s] ==> lib [gcc_s]
    arg [--pop-state] ==> ignore
    arg [-lc] ==> lib [c]
    arg [-lgcc] ==> lib [gcc]
    arg [--push-state] ==> ignore
    arg [--as-needed] ==> ignore
    arg [-lgcc_s] ==> lib [gcc_s]
    arg [--pop-state] ==> ignore
    arg [/usr/lib/gcc/x86_64-linux-gnu/11/crtendS.o] ==> obj [/usr/lib/gcc/x86_64-linux-gnu/11/crtendS.o]
    arg [/usr/lib/gcc/x86_64-linux-gnu/11/../../../x86_64-linux-gnu/crtn.o] ==> obj [/usr/lib/gcc/x86_64-linux-gnu/11/../../../x86_64-linux-gnu/crtn.o]
  collapse obj [/usr/lib/gcc/x86_64-linux-gnu/11/../../../x86_64-linux-gnu/Scrt1.o] ==> [/usr/lib/x86_64-linux-gnu/Scrt1.o]
  collapse obj [/usr/lib/gcc/x86_64-linux-gnu/11/../../../x86_64-linux-gnu/crti.o] ==> [/usr/lib/x86_64-linux-gnu/crti.o]
  collapse obj [/usr/lib/gcc/x86_64-linux-gnu/11/../../../x86_64-linux-gnu/crtn.o] ==> [/usr/lib/x86_64-linux-gnu/crtn.o]
  collapse library dir [/usr/lib/gcc/x86_64-linux-gnu/11] ==> [/usr/lib/gcc/x86_64-linux-gnu/11]
  collapse library dir [/usr/lib/gcc/x86_64-linux-gnu/11/../../../x86_64-linux-gnu] ==> [/usr/lib/x86_64-linux-gnu]
  collapse library dir [/usr/lib/gcc/x86_64-linux-gnu/11/../../../../lib] ==> [/usr/lib]
  collapse library dir [/lib/x86_64-linux-gnu] ==> [/lib/x86_64-linux-gnu]
  collapse library dir [/lib/../lib] ==> [/lib]
  collapse library dir [/usr/lib/x86_64-linux-gnu] ==> [/usr/lib/x86_64-linux-gnu]
  collapse library dir [/usr/lib/../lib] ==> [/usr/lib]
  collapse library dir [/usr/lib/gcc/x86_64-linux-gnu/11/../../..] ==> [/usr/lib]
  implicit libs: [gcc;gcc_s;c;gcc;gcc_s]
  implicit objs: [/usr/lib/x86_64-linux-gnu/Scrt1.o;/usr/lib/x86_64-linux-gnu/crti.o;/usr/lib/gcc/x86_64-linux-gnu/11/crtbeginS.o;/usr/lib/gcc/x86_64-linux-gnu/11/crtendS.o;/usr/lib/x86_64-linux-gnu/crtn.o]
  implicit dirs: [/usr/lib/gcc/x86_64-linux-gnu/11;/usr/lib/x86_64-linux-gnu;/usr/lib;/lib/x86_64-linux-gnu;/lib]
  implicit fwks: []


Detecting CXX compiler ABI info compiled with the following output:
Change Dir: /home/czz/nvblox_ws/build/nvblox/nvblox/eigen/src/ext_eigen-build/CMakeFiles/CMakeTmp

Run Build Command(s):/usr/bin/gmake -f Makefile cmTC_6b994/fast && gmake[3]: Entering directory '/home/czz/nvblox_ws/build/nvblox/nvblox/eigen/src/ext_eigen-build/CMakeFiles/CMakeTmp'
/usr/bin/gmake  -f CMakeFiles/cmTC_6b994.dir/build.make CMakeFiles/cmTC_6b994.dir/build
gmake[4]: Entering directory '/home/czz/nvblox_ws/build/nvblox/nvblox/eigen/src/ext_eigen-build/CMakeFiles/CMakeTmp'
Building CXX object CMakeFiles/cmTC_6b994.dir/CMakeCXXCompilerABI.cpp.o
/usr/bin/c++   -v -o CMakeFiles/cmTC_6b994.dir/CMakeCXXCompilerABI.cpp.o -c /usr/share/cmake-3.22/Modules/CMakeCXXCompilerABI.cpp
Using built-in specs.
COLLECT_GCC=/usr/bin/c++
OFFLOAD_TARGET_NAMES=nvptx-none:amdgcn-amdhsa
OFFLOAD_TARGET_DEFAULT=1
Target: x86_64-linux-gnu
Configured with: ../src/configure -v --with-pkgversion='Ubuntu 11.4.0-1ubuntu1~22.04.3' --with-bugurl=file:///usr/share/doc/gcc-11/README.Bugs --enable-languages=c,ada,c++,go,brig,d,fortran,objc,obj-c++,m2 --prefix=/usr --with-gcc-major-version-only --program-suffix=-11 --program-prefix=x86_64-linux-gnu- --enable-shared --enable-linker-build-id --libexecdir=/usr/lib --without-included-gettext --enable-threads=posix --libdir=/usr/lib --enable-nls --enable-bootstrap --enable-clocale=gnu --enable-libstdcxx-debug --enable-libstdcxx-time=yes --with-default-libstdcxx-abi=new --enable-gnu-unique-object --disable-vtable-verify --enable-plugin --enable-default-pie --with-system-zlib --enable-libphobos-checking=release --with-target-system-zlib=auto --enable-objc-gc=auto --enable-multiarch --disable-werror --enable-cet --with-arch-32=i686 --with-abi=m64 --with-multilib-list=m32,m64,mx32 --enable-multilib --with-tune=generic --enable-offload-targets=nvptx-none=/build/gcc-11-0odw26/gcc-11-11.4.0/debian/tmp-nvptx/usr,amdgcn-amdhsa=/build/gcc-11-0odw26/gcc-11-11.4.0/debian/tmp-gcn/usr --without-cuda-driver --enable-checking=release --build=x86_64-linux-gnu --host=x86_64-linux-gnu --target=x86_64-linux-gnu --with-build-config=bootstrap-lto-lean --enable-link-serialization=2
Thread model: posix
Supported LTO compression algorithms: zlib zstd
gcc version 11.4.0 (Ubuntu 11.4.0-1ubuntu1~22.04.3) 
COLLECT_GCC_OPTIONS='-v' '-o' 'CMakeFiles/cmTC_6b994.dir/CMakeCXXCompilerABI.cpp.o' '-c' '-shared-libgcc' '-mtune=generic' '-march=x86-64' '-dumpdir' 'CMakeFiles/cmTC_6b994.dir/'
 /usr/lib/gcc/x86_64-linux-gnu/11/cc1plus -quiet -v -imultiarch x86_64-linux-gnu -D_GNU_SOURCE /usr/share/cmake-3.22/Modules/CMakeCXXCompilerABI.cpp -quiet -dumpdir CMakeFiles/cmTC_6b994.dir/ -dumpbase CMakeCXXCompilerABI.cpp.cpp -dumpbase-ext .cpp -mtune=generic -march=x86-64 -version -fasynchronous-unwind-tables -fstack-protector-strong -Wformat -Wformat-security -fstack-clash-protection -fcf-protection -o /tmp/cc9bjGgy.s
GNU C++17 (Ubuntu 11.4.0-1ubuntu1~22.04.3) version 11.4.0 (x86_64-linux-gnu)
	compiled by GNU C version 11.4.0, GMP version 6.2.1, MPFR version 4.1.0, MPC version 1.2.1, isl version isl-0.24-GMP

GGC heuristics: --param ggc-min-expand=100 --param ggc-min-heapsize=131072
ignoring duplicate directory "/usr/include/x86_64-linux-gnu/c++/11"
ignoring nonexistent directory "/usr/local/include/x86_64-linux-gnu"
ignoring nonexistent directory "/usr/lib/gcc/x86_64-linux-gnu/11/include-fixed"
ignoring nonexistent directory "/usr/lib/gcc/x86_64-linux-gnu/11/../../../../x86_64-linux-gnu/include"
#include "..." search starts here:
#include <...> search starts here:
 /usr/include/c++/11
 /usr/include/x86_64-linux-gnu/c++/11
 /usr/include/c++/11/backward
 /usr/lib/gcc/x86_64-linux-gnu/11/include
 /usr/local/include
 /usr/include/x86_64-linux-gnu
 /usr/include
End of search list.
GNU C++17 (Ubuntu 11.4.0-1ubuntu1~22.04.3) version 11.4.0 (x86_64-linux-gnu)
	compiled by GNU C version 11.4.0, GMP version 6.2.1, MPFR version 4.1.0, MPC version 1.2.1, isl version isl-0.24-GMP

GGC heuristics: --param ggc-min-expand=100 --param ggc-min-heapsize=131072
Compiler executable checksum: ac7fa628ee459f217e6fdb88b3db0bde
COLLECT_GCC_OPTIONS='-v' '-o' 'CMakeFiles/cmTC_6b994.dir/CMakeCXXCompilerABI.cpp.o' '-c' '-shared-libgcc' '-mtune=generic' '-march=x86-64' '-dumpdir' 'CMakeFiles/cmTC_6b994.dir/'
 as -v --64 -o CMakeFiles/cmTC_6b994.dir/CMakeCXXCompilerABI.cpp.o /tmp/cc9bjGgy.s
GNU assembler version 2.38 (x86_64-linux-gnu) using BFD version (GNU Binutils for Ubuntu) 2.38
COMPILER_PATH=/usr/lib/gcc/x86_64-linux-gnu/11/:/usr/lib/gcc/x86_64-linux-gnu/11/:/usr/lib/gcc/x86_64-linux-gnu/:/usr/lib/gcc/x86_64-linux-gnu/11/:/usr/lib/gcc/x86_64-linux-gnu/
LIBRARY_PATH=/usr/lib/gcc/x86_64-linux-gnu/11/:/usr/lib/gcc/x86_64-linux-gnu/11/../../../x86_64-linux-gnu/:/usr/lib/gcc/x86_64-linux-gnu/11/../../../../lib/:/lib/x86_64-linux-gnu/:/lib/../lib/:/usr/lib/x86_64-linux-gnu/:/usr/lib/../lib/:/usr/lib/gcc/x86_64-linux-gnu/11/../../../:/lib/:/usr/lib/
COLLECT_GCC_OPTIONS='-v' '-o' 'CMakeFiles/cmTC_6b994.dir/CMakeCXXCompilerABI.cpp.o' '-c' '-shared-libgcc' '-mtune=generic' '-march=x86-64' '-dumpdir' 'CMakeFiles/cmTC_6b994.dir/CMakeCXXCompilerABI.cpp.'
Linking CXX executable cmTC_6b994
/usr/bin/cmake -E cmake_link_script CMakeFiles/cmTC_6b994.dir/link.txt --verbose=1
/usr/bin/c++  -v CMakeFiles/cmTC_6b994.dir/CMakeCXXCompilerABI.cpp.o -o cmTC_6b994 
Using built-in specs.
COLLECT_GCC=/usr/bin/c++
COLLECT_LTO_WRAPPER=/usr/lib/gcc/x86_64-linux-gnu/11/lto-wrapper
OFFLOAD_TARGET_NAMES=nvptx-none:amdgcn-amdhsa
OFFLOAD_TARGET_DEFAULT=1
Target: x86_64-linux-gnu
Configured with: ../src/configure -v --with-pkgversion='Ubuntu 11.4.0-1ubuntu1~22.04.3' --with-bugurl=file:///usr/share/doc/gcc-11/README.Bugs --enable-languages=c,ada,c++,go,brig,d,fortran,objc,obj-c++,m2 --prefix=/usr --with-gcc-major-version-only --program-suffix=-11 --program-prefix=x86_64-linux-gnu- --enable-shared --enable-linker-build-id --libexecdir=/usr/lib --without-included-gettext --enable-threads=posix --libdir=/usr/lib --enable-nls --enable-bootstrap --enable-clocale=gnu --enable-libstdcxx-debug --enable-libstdcxx-time=yes --with-default-libstdcxx-abi=new --enable-gnu-unique-object --disable-vtable-verify --enable-plugin --enable-default-pie --with-system-zlib --enable-libphobos-checking=release --with-target-system-zlib=auto --enable-objc-gc=auto --enable-multiarch --disable-werror --enable-cet --with-arch-32=i686 --with-abi=m64 --with-multilib-list=m32,m64,mx32 --enable-multilib --with-tune=generic --enable-offload-targets=nvptx-none=/build/gcc-11-0odw26/gcc-11-11.4.0/debian/tmp-nvptx/usr,amdgcn-amdhsa=/build/gcc-11-0odw26/gcc-11-11.4.0/debian/tmp-gcn/usr --without-cuda-driver --enable-checking=release --build=x86_64-linux-gnu --host=x86_64-linux-gnu --target=x86_64-linux-gnu --with-build-config=bootstrap-lto-lean --enable-link-serialization=2
Thread model: posix
Supported LTO compression algorithms: zlib zstd
gcc version 11.4.0 (Ubuntu 11.4.0-1ubuntu1~22.04.3) 
COMPILER_PATH=/usr/lib/gcc/x86_64-linux-gnu/11/:/usr/lib/gcc/x86_64-linux-gnu/11/:/usr/lib/gcc/x86_64-linux-gnu/:/usr/lib/gcc/x86_64-linux-gnu/11/:/usr/lib/gcc/x86_64-linux-gnu/
LIBRARY_PATH=/usr/lib/gcc/x86_64-linux-gnu/11/:/usr/lib/gcc/x86_64-linux-gnu/11/../../../x86_64-linux-gnu/:/usr/lib/gcc/x86_64-linux-gnu/11/../../../../lib/:/lib/x86_64-linux-gnu/:/lib/../lib/:/usr/lib/x86_64-linux-gnu/:/usr/lib/../lib/:/usr/lib/gcc/x86_64-linux-gnu/11/../../../:/lib/:/usr/lib/
COLLECT_GCC_OPTIONS='-v' '-o' 'cmTC_6b994' '-shared-libgcc' '-mtune=generic' '-march=x86-64' '-dumpdir' 'cmTC_6b994.'
 /usr/lib/gcc/x86_64-linux-gnu/11/collect2 -plugin /usr/lib/gcc/x86_64-linux-gnu/11/liblto_plugin.so -plugin-opt=/usr/lib/gcc/x86_64-linux-gnu/11/lto-wrapper -plugin-opt=-fresolution=/tmp/ccCJNw7K.res -plugin-opt=-pass-through=-lgcc_s -plugin-opt=-pass-through=-lgcc -plugin-opt=-pass-through=-lc -plugin-opt=-pass-through=-lgcc_s -plugin-opt=-pass-through=-lgcc --build-id --eh-frame-hdr -m elf_x86_64 --hash-style=gnu --as-needed -dynamic-linker /lib64/ld-linux-x86-64.so.2 -pie -z now -z relro -o cmTC_6b994 /usr/lib/gcc/x86_64-linux-gnu/11/../../../x86_64-linux-gnu/Scrt1.o /usr/lib/gcc/x86_64-linux-gnu/11/../../../x86_64-linux-gnu/crti.o /usr/lib/gcc/x86_64-linux-gnu/11/crtbeginS.o -L/usr/lib/gcc/x86_64-linux-gnu/11 -L/usr/lib/gcc/x86_64-linux-gnu/11/../../../x86_64-linux-gnu -L/usr/lib/gcc/x86_64-linux-gnu/11/../../../../lib -L/lib/x86_64-linux-gnu -L/lib/../lib -L/usr/lib/x86_64-linux-gnu -L/usr/lib/../lib -L/usr/lib/gcc/x86_64-linux-gnu/11/../../.. CMakeFiles/cmTC_6b994.dir/CMakeCXXCompilerABI.cpp.o -lstdc++ -lm -lgcc_s -lgcc -lc -lgcc_s -lgcc /usr/lib/gcc/x86_64-linux-gnu/11/crtendS.o /usr/lib/gcc/x86_64-linux-gnu/11/../../../x86_64-linux-gnu/crtn.o
COLLECT_GCC_OPTIONS='-v' '-o' 'cmTC_6b994' '-shared-libgcc' '-mtune=generic' '-march=x86-64' '-dumpdir' 'cmTC_6b994.'
gmake[4]: Leaving directory '/home/czz/nvblox_ws/build/nvblox/nvblox/eigen/src/ext_eigen-build/CMakeFiles/CMakeTmp'
gmake[3]: Leaving directory '/home/czz/nvblox_ws/build/nvblox/nvblox/eigen/src/ext_eigen-build/CMakeFiles/CMakeTmp'



Parsed CXX implicit include dir info from above output: rv=done
  found start of include info
  found start of implicit include info
    add: [/usr/include/c++/11]
    add: [/usr/include/x86_64-linux-gnu/c++/11]
    add: [/usr/include/c++/11/backward]
    add: [/usr/lib/gcc/x86_64-linux-gnu/11/include]
    add: [/usr/local/include]
    add: [/usr/include/x86_64-linux-gnu]
    add: [/usr/include]
  end of search list found
  collapse include dir [/usr/include/c++/11] ==> [/usr/include/c++/11]
  collapse include dir [/usr/include/x86_64-linux-gnu/c++/11] ==> [/usr/include/x86_64-linux-gnu/c++/11]
  collapse include dir [/usr/include/c++/11/backward] ==> [/usr/include/c++/11/backward]
  collapse include dir [/usr/lib/gcc/x86_64-linux-gnu/11/include] ==> [/usr/lib/gcc/x86_64-linux-gnu/11/include]
  collapse include dir [/usr/local/include] ==> [/usr/local/include]
  collapse include dir [/usr/include/x86_64-linux-gnu] ==> [/usr/include/x86_64-linux-gnu]
  collapse include dir [/usr/include] ==> [/usr/include]
  implicit include dirs: [/usr/include/c++/11;/usr/include/x86_64-linux-gnu/c++/11;/usr/include/c++/11/backward;/usr/lib/gcc/x86_64-linux-gnu/11/include;/usr/local/include;/usr/include/x86_64-linux-gnu;/usr/include]


Parsed CXX implicit link information from above output:
  link line regex: [^( *|.*[/\])(ld|CMAKE_LINK_STARTFILE-NOTFOUND|([^/\]+-)?ld|collect2)[^/\]*( |$)]
  ignore line: [Change Dir: /home/czz/nvblox_ws/build/nvblox/nvblox/eigen/src/ext_eigen-build/CMakeFiles/CMakeTmp]
  ignore line: []
  ignore line: [Run Build Command(s):/usr/bin/gmake -f Makefile cmTC_6b994/fast && gmake[3]: Entering directory '/home/czz/nvblox_ws/build/nvblox/nvblox/eigen/src/ext_eigen-build/CMakeFiles/CMakeTmp']
  ignore line: [/usr/bin/gmake  -f CMakeFiles/cmTC_6b994.dir/build.make CMakeFiles/cmTC_6b994.dir/build]
  ignore line: [gmake[4]: Entering directory '/home/czz/nvblox_ws/build/nvblox/nvblox/eigen/src/ext_eigen-build/CMakeFiles/CMakeTmp']
  ignore line: [Building CXX object CMakeFiles/cmTC_6b994.dir/CMakeCXXCompilerABI.cpp.o]
  ignore line: [/usr/bin/c++   -v -o CMakeFiles/cmTC_6b994.dir/CMakeCXXCompilerABI.cpp.o -c /usr/share/cmake-3.22/Modules/CMakeCXXCompilerABI.cpp]
  ignore line: [Using built-in specs.]
  ignore line: [COLLECT_GCC=/usr/bin/c++]
  ignore line: [OFFLOAD_TARGET_NAMES=nvptx-none:amdgcn-amdhsa]
  ignore line: [OFFLOAD_TARGET_DEFAULT=1]
  ignore line: [Target: x86_64-linux-gnu]
  ignore line: [Configured with: ../src/configure -v --with-pkgversion='Ubuntu 11.4.0-1ubuntu1~22.04.3' --with-bugurl=file:///usr/share/doc/gcc-11/README.Bugs --enable-languages=c ada c++ go brig d fortran objc obj-c++ m2 --prefix=/usr --with-gcc-major-version-only --program-suffix=-11 --program-prefix=x86_64-linux-gnu- --enable-shared --enable-linker-build-id --libexecdir=/usr/lib --without-included-gettext --enable-threads=posix --libdir=/usr/lib --enable-nls --enable-bootstrap --enable-clocale=gnu --enable-libstdcxx-debug --enable-libstdcxx-time=yes --with-default-libstdcxx-abi=new --enable-gnu-unique-object --disable-vtable-verify --enable-plugin --enable-default-pie --with-system-zlib --enable-libphobos-checking=release --with-target-system-zlib=auto --enable-objc-gc=auto --enable-multiarch --disable-werror --enable-cet --with-arch-32=i686 --with-abi=m64 --with-multilib-list=m32 m64 mx32 --enable-multilib --with-tune=generic --enable-offload-targets=nvptx-none=/build/gcc-11-0odw26/gcc-11-11.4.0/debian/tmp-nvptx/usr amdgcn-amdhsa=/build/gcc-11-0odw26/gcc-11-11.4.0/debian/tmp-gcn/usr --without-cuda-driver --enable-checking=release --build=x86_64-linux-gnu --host=x86_64-linux-gnu --target=x86_64-linux-gnu --with-build-config=bootstrap-lto-lean --enable-link-serialization=2]
  ignore line: [Thread model: posix]
  ignore line: [Supported LTO compression algorithms: zlib zstd]
  ignore line: [gcc version 11.4.0 (Ubuntu 11.4.0-1ubuntu1~22.04.3) ]
  ignore line: [COLLECT_GCC_OPTIONS='-v' '-o' 'CMakeFiles/cmTC_6b994.dir/CMakeCXXCompilerABI.cpp.o' '-c' '-shared-libgcc' '-mtune=generic' '-march=x86-64' '-dumpdir' 'CMakeFiles/cmTC_6b994.dir/']
  ignore line: [ /usr/lib/gcc/x86_64-linux-gnu/11/cc1plus -quiet -v -imultiarch x86_64-linux-gnu -D_GNU_SOURCE /usr/share/cmake-3.22/Modules/CMakeCXXCompilerABI.cpp -quiet -dumpdir CMakeFiles/cmTC_6b994.dir/ -dumpbase CMakeCXXCompilerABI.cpp.cpp -dumpbase-ext .cpp -mtune=generic -march=x86-64 -version -fasynchronous-unwind-tables -fstack-protector-strong -Wformat -Wformat-security -fstack-clash-protection -fcf-protection -o /tmp/cc9bjGgy.s]
  ignore line: [GNU C++17 (Ubuntu 11.4.0-1ubuntu1~22.04.3) version 11.4.0 (x86_64-linux-gnu)]
  ignore line: [	compiled by GNU C version 11.4.0  GMP version 6.2.1  MPFR version 4.1.0  MPC version 1.2.1  isl version isl-0.24-GMP]
  ignore line: []
  ignore line: [GGC heuristics: --param ggc-min-expand=100 --param ggc-min-heapsize=131072]
  ignore line: [ignoring duplicate directory "/usr/include/x86_64-linux-gnu/c++/11"]
  ignore line: [ignoring nonexistent directory "/usr/local/include/x86_64-linux-gnu"]
  ignore line: [ignoring nonexistent directory "/usr/lib/gcc/x86_64-linux-gnu/11/include-fixed"]
  ignore line: [ignoring nonexistent directory "/usr/lib/gcc/x86_64-linux-gnu/11/../../../../x86_64-linux-gnu/include"]
  ignore line: [#include "..." search starts here:]
  ignore line: [#include <...> search starts here:]
  ignore line: [ /usr/include/c++/11]
  ignore line: [ /usr/include/x86_64-linux-gnu/c++/11]
  ignore line: [ /usr/include/c++/11/backward]
  ignore line: [ /usr/lib/gcc/x86_64-linux-gnu/11/include]
  ignore line: [ /usr/local/include]
  ignore line: [ /usr/include/x86_64-linux-gnu]
  ignore line: [ /usr/include]
  ignore line: [End of search list.]
  ignore line: [GNU C++17 (Ubuntu 11.4.0-1ubuntu1~22.04.3) version 11.4.0 (x86_64-linux-gnu)]
  ignore line: [	compiled by GNU C version 11.4.0  GMP version 6.2.1  MPFR version 4.1.0  MPC version 1.2.1  isl version isl-0.24-GMP]
  ignore line: []
  ignore line: [GGC heuristics: --param ggc-min-expand=100 --param ggc-min-heapsize=131072]
  ignore line: [Compiler executable checksum: ac7fa628ee459f217e6fdb88b3db0bde]
  ignore line: [COLLECT_GCC_OPTIONS='-v' '-o' 'CMakeFiles/cmTC_6b994.dir/CMakeCXXCompilerABI.cpp.o' '-c' '-shared-libgcc' '-mtune=generic' '-march=x86-64' '-dumpdir' 'CMakeFiles/cmTC_6b994.dir/']
  ignore line: [ as -v --64 -o CMakeFiles/cmTC_6b994.dir/CMakeCXXCompilerABI.cpp.o /tmp/cc9bjGgy.s]
  ignore line: [GNU assembler version 2.38 (x86_64-linux-gnu) using BFD version (GNU Binutils for Ubuntu) 2.38]
  ignore line: [COMPILER_PATH=/usr/lib/gcc/x86_64-linux-gnu/11/:/usr/lib/gcc/x86_64-linux-gnu/11/:/usr/lib/gcc/x86_64-linux-gnu/:/usr/lib/gcc/x86_64-linux-gnu/11/:/usr/lib/gcc/x86_64-linux-gnu/]
  ignore line: [LIBRARY_PATH=/usr/lib/gcc/x86_64-linux-gnu/11/:/usr/lib/gcc/x86_64-linux-gnu/11/../../../x86_64-linux-gnu/:/usr/lib/gcc/x86_64-linux-gnu/11/../../../../lib/:/lib/x86_64-linux-gnu/:/lib/../lib/:/usr/lib/x86_64-linux-gnu/:/usr/lib/../lib/:/usr/lib/gcc/x86_64-linux-gnu/11/../../../:/lib/:/usr/lib/]
  ignore line: [COLLECT_GCC_OPTIONS='-v' '-o' 'CMakeFiles/cmTC_6b994.dir/CMakeCXXCompilerABI.cpp.o' '-c' '-shared-libgcc' '-mtune=generic' '-march=x86-64' '-dumpdir' 'CMakeFiles/cmTC_6b994.dir/CMakeCXXCompilerABI.cpp.']
  ignore line: [Linking CXX executable cmTC_6b994]
  ignore line: [/usr/bin/cmake -E cmake_link_script CMakeFiles/cmTC_6b994.dir/link.txt --verbose=1]
  ignore line: [/usr/bin/c++  -v CMakeFiles/cmTC_6b994.dir/CMakeCXXCompilerABI.cpp.o -o cmTC_6b994 ]
  ignore line: [Using built-in specs.]
  ignore line: [COLLECT_GCC=/usr/bin/c++]
  ignore line: [COLLECT_LTO_WRAPPER=/usr/lib/gcc/x86_64-linux-gnu/11/lto-wrapper]
  ignore line: [OFFLOAD_TARGET_NAMES=nvptx-none:amdgcn-amdhsa]
  ignore line: [OFFLOAD_TARGET_DEFAULT=1]
  ignore line: [Target: x86_64-linux-gnu]
  ignore line: [Configured with: ../src/configure -v --with-pkgversion='Ubuntu 11.4.0-1ubuntu1~22.04.3' --with-bugurl=file:///usr/share/doc/gcc-11/README.Bugs --enable-languages=c ada c++ go brig d fortran objc obj-c++ m2 --prefix=/usr --with-gcc-major-version-only --program-suffix=-11 --program-prefix=x86_64-linux-gnu- --enable-shared --enable-linker-build-id --libexecdir=/usr/lib --without-included-gettext --enable-threads=posix --libdir=/usr/lib --enable-nls --enable-bootstrap --enable-clocale=gnu --enable-libstdcxx-debug --enable-libstdcxx-time=yes --with-default-libstdcxx-abi=new --enable-gnu-unique-object --disable-vtable-verify --enable-plugin --enable-default-pie --with-system-zlib --enable-libphobos-checking=release --with-target-system-zlib=auto --enable-objc-gc=auto --enable-multiarch --disable-werror --enable-cet --with-arch-32=i686 --with-abi=m64 --with-multilib-list=m32 m64 mx32 --enable-multilib --with-tune=generic --enable-offload-targets=nvptx-none=/build/gcc-11-0odw26/gcc-11-11.4.0/debian/tmp-nvptx/usr amdgcn-amdhsa=/build/gcc-11-0odw26/gcc-11-11.4.0/debian/tmp-gcn/usr --without-cuda-driver --enable-checking=release --build=x86_64-linux-gnu --host=x86_64-linux-gnu --target=x86_64-linux-gnu --with-build-config=bootstrap-lto-lean --enable-link-serialization=2]
  ignore line: [Thread model: posix]
  ignore line: [Supported LTO compression algorithms: zlib zstd]
  ignore line: [gcc version 11.4.0 (Ubuntu 11.4.0-1ubuntu1~22.04.3) ]
  ignore line: [COMPILER_PATH=/usr/lib/gcc/x86_64-linux-gnu/11/:/usr/lib/gcc/x86_64-linux-gnu/11/:/usr/lib/gcc/x86_64-linux-gnu/:/usr/lib/gcc/x86_64-linux-gnu/11/:/usr/lib/gcc/x86_64-linux-gnu/]
  ignore line: [LIBRARY_PATH=/usr/lib/gcc/x86_64-linux-gnu/11/:/usr/lib/gcc/x86_64-linux-gnu/11/../../../x86_64-linux-gnu/:/usr/lib/gcc/x86_64-linux-gnu/11/../../../../lib/:/lib/x86_64-linux-gnu/:/lib/../lib/:/usr/lib/x86_64-linux-gnu/:/usr/lib/../lib/:/usr/lib/gcc/x86_64-linux-gnu/11/../../../:/lib/:/usr/lib/]
  ignore line: [COLLECT_GCC_OPTIONS='-v' '-o' 'cmTC_6b994' '-shared-libgcc' '-mtune=generic' '-march=x86-64' '-dumpdir' 'cmTC_6b994.']
  link line: [ /usr/lib/gcc/x86_64-linux-gnu/11/collect2 -plugin /usr/lib/gcc/x86_64-linux-gnu/11/liblto_plugin.so -plugin-opt=/usr/lib/gcc/x86_64-linux-gnu/11/lto-wrapper -plugin-opt=-fresolution=/tmp/ccCJNw7K.res -plugin-opt=-pass-through=-lgcc_s -plugin-opt=-pass-through=-lgcc -plugin-opt=-pass-through=-lc -plugin-opt=-pass-through=-lgcc_s -plugin-opt=-pass-through=-lgcc --build-id --eh-frame-hdr -m elf_x86_64 --hash-style=gnu --as-needed -dynamic-linker /lib64/ld-linux-x86-64.so.2 -pie -z now -z relro -o cmTC_6b994 /usr/lib/gcc/x86_64-linux-gnu/11/../../../x86_64-linux-gnu/Scrt1.o /usr/lib/gcc/x86_64-linux-gnu/11/../../../x86_64-linux-gnu/crti.o /usr/lib/gcc/x86_64-linux-gnu/11/crtbeginS.o -L/usr/lib/gcc/x86_64-linux-gnu/11 -L/usr/lib/gcc/x86_64-linux-gnu/11/../../../x86_64-linux-gnu -L/usr/lib/gcc/x86_64-linux-gnu/11/../../../../lib -L/lib/x86_64-linux-gnu -L/lib/../lib -L/usr/lib/x86_64-linux-gnu -L/usr/lib/../lib -L/usr/lib/gcc/x86_64-linux-gnu/11/../../.. CMakeFiles/cmTC_6b994.dir/CMakeCXXCompilerABI.cpp.o -lstdc++ -lm -lgcc_s -lgcc -lc -lgcc_s -lgcc /usr/lib/gcc/x86_64-linux-gnu/11/crtendS.o /usr/lib/gcc/x86_64-linux-gnu/11/../../../x86_64-linux-gnu/crtn.o]
    arg [/usr/lib/gcc/x86_64-linux-gnu/11/collect2] ==> ignore
    arg [-plugin] ==> ignore
    arg [/usr/lib/gcc/x86_64-linux-gnu/11/liblto_plugin.so] ==> ignore
    arg [-plugin-opt=/usr/lib/gcc/x86_64-linux-gnu/11/lto-wrapper] ==> ignore
    arg [-plugin-opt=-fresolution=/tmp/ccCJNw7K.res] ==> ignore
    arg [-plugin-opt=-pass-through=-lgcc_s] ==> ignore
    arg [-plugin-opt=-pass-through=-lgcc] ==> ignore
    arg [-plugin-opt=-pass-through=-lc] ==> ignore
    arg [-plugin-opt=-pass-through=-lgcc_s] ==> ignore
    arg [-plugin-opt=-pass-through=-lgcc] ==> ignore
    arg [--build-id] ==> ignore
    arg [--eh-frame-hdr] ==> ignore
    arg [-m] ==> ignore
    arg [elf_x86_64] ==> ignore
    arg [--hash-style=gnu] ==> ignore
    arg [--as-needed] ==> ignore
    arg [-dynamic-linker] ==> ignore
    arg [/lib64/ld-linux-x86-64.so.2] ==> ignore
    arg [-pie] ==> ignore
    arg [-znow] ==> ignore
    arg [-zrelro] ==> ignore
    arg [-o] ==> ignore
    arg [cmTC_6b994] ==> ignore
    arg [/usr/lib/gcc/x86_64-linux-gnu/11/../../../x86_64-linux-gnu/Scrt1.o] ==> obj [/usr/lib/gcc/x86_64-linux-gnu/11/../../../x86_64-linux-gnu/Scrt1.o]
    arg [/usr/lib/gcc/x86_64-linux-gnu/11/../../../x86_64-linux-gnu/crti.o] ==> obj [/usr/lib/gcc/x86_64-linux-gnu/11/../../../x86_64-linux-gnu/crti.o]
    arg [/usr/lib/gcc/x86_64-linux-gnu/11/crtbeginS.o] ==> obj [/usr/lib/gcc/x86_64-linux-gnu/11/crtbeginS.o]
    arg [-L/usr/lib/gcc/x86_64-linux-gnu/11] ==> dir [/usr/lib/gcc/x86_64-linux-gnu/11]
    arg [-L/usr/lib/gcc/x86_64-linux-gnu/11/../../../x86_64-linux-gnu] ==> dir [/usr/lib/gcc/x86_64-linux-gnu/11/../../../x86_64-linux-gnu]
    arg [-L/usr/lib/gcc/x86_64-linux-gnu/11/../../../../lib] ==> dir [/usr/lib/gcc/x86_64-linux-gnu/11/../../../../lib]
    arg [-L/lib/x86_64-linux-gnu] ==> dir [/lib/x86_64-linux-gnu]
    arg [-L/lib/../lib] ==> dir [/lib/../lib]
    arg [-L/usr/lib/x86_64-linux-gnu] ==> dir [/usr/lib/x86_64-linux-gnu]
    arg [-L/usr/lib/../lib] ==> dir [/usr/lib/../lib]
    arg [-L/usr/lib/gcc/x86_64-linux-gnu/11/../../..] ==> dir [/usr/lib/gcc/x86_64-linux-gnu/11/../../..]
    arg [CMakeFiles/cmTC_6b994.dir/CMakeCXXCompilerABI.cpp.o] ==> ignore
    arg [-lstdc++] ==> lib [stdc++]
    arg [-lm] ==> lib [m]
    arg [-lgcc_s] ==> lib [gcc_s]
    arg [-lgcc] ==> lib [gcc]
    arg [-lc] ==> lib [c]
    arg [-lgcc_s] ==> lib [gcc_s]
    arg [-lgcc] ==> lib [gcc]
    arg [/usr/lib/gcc/x86_64-linux-gnu/11/crtendS.o] ==> obj [/usr/lib/gcc/x86_64-linux-gnu/11/crtendS.o]
    arg [/usr/lib/gcc/x86_64-linux-gnu/11/../../../x86_64-linux-gnu/crtn.o] ==> obj [/usr/lib/gcc/x86_64-linux-gnu/11/../../../x86_64-linux-gnu/crtn.o]
  collapse obj [/usr/lib/gcc/x86_64-linux-gnu/11/../../../x86_64-linux-gnu/Scrt1.o] ==> [/usr/lib/x86_64-linux-gnu/Scrt1.o]
  collapse obj [/usr/lib/gcc/x86_64-linux-gnu/11/../../../x86_64-linux-gnu/crti.o] ==> [/usr/lib/x86_64-linux-gnu/crti.o]
  collapse obj [/usr/lib/gcc/x86_64-linux-gnu/11/../../../x86_64-linux-gnu/crtn.o] ==> [/usr/lib/x86_64-linux-gnu/crtn.o]
  collapse library dir [/usr/lib/gcc/x86_64-linux-gnu/11] ==> [/usr/lib/gcc/x86_64-linux-gnu/11]
  collapse library dir [/usr/lib/gcc/x86_64-linux-gnu/11/../../../x86_64-linux-gnu] ==> [/usr/lib/x86_64-linux-gnu]
  collapse library dir [/usr/lib/gcc/x86_64-linux-gnu/11/../../../../lib] ==> [/usr/lib]
  collapse library dir [/lib/x86_64-linux-gnu] ==> [/lib/x86_64-linux-gnu]
  collapse library dir [/lib/../lib] ==> [/lib]
  collapse library dir [/usr/lib/x86_64-linux-gnu] ==> [/usr/lib/x86_64-linux-gnu]
  collapse library dir [/usr/lib/../lib] ==> [/usr/lib]
  collapse library dir [/usr/lib/gcc/x86_64-linux-gnu/11/../../..] ==> [/usr/lib]
  implicit libs: [stdc++;m;gcc_s;gcc;c;gcc_s;gcc]
  implicit objs: [/usr/lib/x86_64-linux-gnu/Scrt1.o;/usr/lib/x86_64-linux-gnu/crti.o;/usr/lib/gcc/x86_64-linux-gnu/11/crtbeginS.o;/usr/lib/gcc/x86_64-linux-gnu/11/crtendS.o;/usr/lib/x86_64-linux-gnu/crtn.o]
  implicit dirs: [/usr/lib/gcc/x86_64-linux-gnu/11;/usr/lib/x86_64-linux-gnu;/usr/lib;/lib/x86_64-linux-gnu;/lib]
  implicit fwks: []


Performing C++ SOURCE FILE Test EIGEN_COMPILER_SUPPORT_CPP11 succeeded with the following output:
Change Dir: /home/czz/nvblox_ws/build/nvblox/nvblox/eigen/src/ext_eigen-build/CMakeFiles/CMakeTmp

Run Build Command(s):/usr/bin/gmake -f Makefile cmTC_668c7/fast && gmake[3]: Entering directory '/home/czz/nvblox_ws/build/nvblox/nvblox/eigen/src/ext_eigen-build/CMakeFiles/CMakeTmp'
/usr/bin/gmake  -f CMakeFiles/cmTC_668c7.dir/build.make CMakeFiles/cmTC_668c7.dir/build
gmake[4]: Entering directory '/home/czz/nvblox_ws/build/nvblox/nvblox/eigen/src/ext_eigen-build/CMakeFiles/CMakeTmp'
Building CXX object CMakeFiles/cmTC_668c7.dir/src.cxx.o
/usr/bin/c++ -DEIGEN_COMPILER_SUPPORT_CPP11  -std=c++11 -o CMakeFiles/cmTC_668c7.dir/src.cxx.o -c /home/czz/nvblox_ws/build/nvblox/nvblox/eigen/src/ext_eigen-build/CMakeFiles/CMakeTmp/src.cxx
Linking CXX executable cmTC_668c7
/usr/bin/cmake -E cmake_link_script CMakeFiles/cmTC_668c7.dir/link.txt --verbose=1
/usr/bin/c++ CMakeFiles/cmTC_668c7.dir/src.cxx.o -o cmTC_668c7 
gmake[4]: Leaving directory '/home/czz/nvblox_ws/build/nvblox/nvblox/eigen/src/ext_eigen-build/CMakeFiles/CMakeTmp'
gmake[3]: Leaving directory '/home/czz/nvblox_ws/build/nvblox/nvblox/eigen/src/ext_eigen-build/CMakeFiles/CMakeTmp'


Source file was:
int main() { return 0; }
Performing C++ SOURCE FILE Test COMPILER_SUPPORT_std=cpp03 succeeded with the following output:
Change Dir: /home/czz/nvblox_ws/build/nvblox/nvblox/eigen/src/ext_eigen-build/CMakeFiles/CMakeTmp

Run Build Command(s):/usr/bin/gmake -f Makefile cmTC_3fb10/fast && gmake[3]: Entering directory '/home/czz/nvblox_ws/build/nvblox/nvblox/eigen/src/ext_eigen-build/CMakeFiles/CMakeTmp'
/usr/bin/gmake  -f CMakeFiles/cmTC_3fb10.dir/build.make CMakeFiles/cmTC_3fb10.dir/build
gmake[4]: Entering directory '/home/czz/nvblox_ws/build/nvblox/nvblox/eigen/src/ext_eigen-build/CMakeFiles/CMakeTmp'
Building CXX object CMakeFiles/cmTC_3fb10.dir/src.cxx.o
/usr/bin/c++ -DCOMPILER_SUPPORT_std=cpp03  -std=c++03 -o CMakeFiles/cmTC_3fb10.dir/src.cxx.o -c /home/czz/nvblox_ws/build/nvblox/nvblox/eigen/src/ext_eigen-build/CMakeFiles/CMakeTmp/src.cxx
Linking CXX executable cmTC_3fb10
/usr/bin/cmake -E cmake_link_script CMakeFiles/cmTC_3fb10.dir/link.txt --verbose=1
/usr/bin/c++ CMakeFiles/cmTC_3fb10.dir/src.cxx.o -o cmTC_3fb10 
gmake[4]: Leaving directory '/home/czz/nvblox_ws/build/nvblox/nvblox/eigen/src/ext_eigen-build/CMakeFiles/CMakeTmp'
gmake[3]: Leaving directory '/home/czz/nvblox_ws/build/nvblox/nvblox/eigen/src/ext_eigen-build/CMakeFiles/CMakeTmp'


Source file was:
int main() { return 0; }
Performing C++ SOURCE FILE Test standard_math_library_linked_to_automatically succeeded with the following output:
Change Dir: /home/czz/nvblox_ws/build/nvblox/nvblox/eigen/src/ext_eigen-build/CMakeFiles/CMakeTmp

Run Build Command(s):/usr/bin/gmake -f Makefile cmTC_c5312/fast && gmake[3]: 进入目录“/home/czz/nvblox_ws/build/nvblox/nvblox/eigen/src/ext_eigen-build/CMakeFiles/CMakeTmp”
/usr/bin/gmake  -f CMakeFiles/cmTC_c5312.dir/build.make CMakeFiles/cmTC_c5312.dir/build
gmake[4]: 进入目录“/home/czz/nvblox_ws/build/nvblox/nvblox/eigen/src/ext_eigen-build/CMakeFiles/CMakeTmp”
Building CXX object CMakeFiles/cmTC_c5312.dir/src.cxx.o
/usr/bin/c++ -Dstandard_math_library_linked_to_automatically  -std=c++03  -o CMakeFiles/cmTC_c5312.dir/src.cxx.o -c /home/czz/nvblox_ws/build/nvblox/nvblox/eigen/src/ext_eigen-build/CMakeFiles/CMakeTmp/src.cxx
Linking CXX executable cmTC_c5312
/usr/bin/cmake -E cmake_link_script CMakeFiles/cmTC_c5312.dir/link.txt --verbose=1
/usr/bin/c++  -std=c++03  CMakeFiles/cmTC_c5312.dir/src.cxx.o -o cmTC_c5312 
gmake[4]: 离开目录“/home/czz/nvblox_ws/build/nvblox/nvblox/eigen/src/ext_eigen-build/CMakeFiles/CMakeTmp”
gmake[3]: 离开目录“/home/czz/nvblox_ws/build/nvblox/nvblox/eigen/src/ext_eigen-build/CMakeFiles/CMakeTmp”


Source file was:

#include<cmath>
int main(int argc, char **){
  return int(std::sin(double(argc)) + std::log(double(argc)));
}
Performing C++ SOURCE FILE Test COMPILER_SUPPORT_WERROR succeeded with the following output:
Change Dir: /home/czz/nvblox_ws/build/nvblox/nvblox/eigen/src/ext_eigen-build/CMakeFiles/CMakeTmp

Run Build Command(s):/usr/bin/gmake -f Makefile cmTC_9a5ed/fast && gmake[3]: Entering directory '/home/czz/nvblox_ws/build/nvblox/nvblox/eigen/src/ext_eigen-build/CMakeFiles/CMakeTmp'
/usr/bin/gmake  -f CMakeFiles/cmTC_9a5ed.dir/build.make CMakeFiles/cmTC_9a5ed.dir/build
gmake[4]: Entering directory '/home/czz/nvblox_ws/build/nvblox/nvblox/eigen/src/ext_eigen-build/CMakeFiles/CMakeTmp'
Building CXX object CMakeFiles/cmTC_9a5ed.dir/src.cxx.o
/usr/bin/c++ -DCOMPILER_SUPPORT_WERROR  -std=c++03    -Werror -o CMakeFiles/cmTC_9a5ed.dir/src.cxx.o -c /home/czz/nvblox_ws/build/nvblox/nvblox/eigen/src/ext_eigen-build/CMakeFiles/CMakeTmp/src.cxx
Linking CXX executable cmTC_9a5ed
/usr/bin/cmake -E cmake_link_script CMakeFiles/cmTC_9a5ed.dir/link.txt --verbose=1
/usr/bin/c++  -std=c++03  CMakeFiles/cmTC_9a5ed.dir/src.cxx.o -o cmTC_9a5ed 
gmake[4]: Leaving directory '/home/czz/nvblox_ws/build/nvblox/nvblox/eigen/src/ext_eigen-build/CMakeFiles/CMakeTmp'
gmake[3]: Leaving directory '/home/czz/nvblox_ws/build/nvblox/nvblox/eigen/src/ext_eigen-build/CMakeFiles/CMakeTmp'


Source file was:
int main() { return 0; }
Performing C++ SOURCE FILE Test COMPILER_SUPPORT_pedantic succeeded with the following output:
Change Dir: /home/czz/nvblox_ws/build/nvblox/nvblox/eigen/src/ext_eigen-build/CMakeFiles/CMakeTmp

Run Build Command(s):/usr/bin/gmake -f Makefile cmTC_3b60b/fast && gmake[3]: Entering directory '/home/czz/nvblox_ws/build/nvblox/nvblox/eigen/src/ext_eigen-build/CMakeFiles/CMakeTmp'
/usr/bin/gmake  -f CMakeFiles/cmTC_3b60b.dir/build.make CMakeFiles/cmTC_3b60b.dir/build
gmake[4]: Entering directory '/home/czz/nvblox_ws/build/nvblox/nvblox/eigen/src/ext_eigen-build/CMakeFiles/CMakeTmp'
Building CXX object CMakeFiles/cmTC_3b60b.dir/src.cxx.o
/usr/bin/c++ -DCOMPILER_SUPPORT_pedantic  -std=c++03 -Werror   -pedantic -o CMakeFiles/cmTC_3b60b.dir/src.cxx.o -c /home/czz/nvblox_ws/build/nvblox/nvblox/eigen/src/ext_eigen-build/CMakeFiles/CMakeTmp/src.cxx
Linking CXX executable cmTC_3b60b
/usr/bin/cmake -E cmake_link_script CMakeFiles/cmTC_3b60b.dir/link.txt --verbose=1
/usr/bin/c++  -std=c++03 -Werror CMakeFiles/cmTC_3b60b.dir/src.cxx.o -o cmTC_3b60b 
gmake[4]: Leaving directory '/home/czz/nvblox_ws/build/nvblox/nvblox/eigen/src/ext_eigen-build/CMakeFiles/CMakeTmp'
gmake[3]: Leaving directory '/home/czz/nvblox_ws/build/nvblox/nvblox/eigen/src/ext_eigen-build/CMakeFiles/CMakeTmp'


Source file was:
int main() { return 0; }
Performing C++ SOURCE FILE Test COMPILER_SUPPORT_Wall succeeded with the following output:
Change Dir: /home/czz/nvblox_ws/build/nvblox/nvblox/eigen/src/ext_eigen-build/CMakeFiles/CMakeTmp

Run Build Command(s):/usr/bin/gmake -f Makefile cmTC_c3891/fast && gmake[3]: Entering directory '/home/czz/nvblox_ws/build/nvblox/nvblox/eigen/src/ext_eigen-build/CMakeFiles/CMakeTmp'
/usr/bin/gmake  -f CMakeFiles/cmTC_c3891.dir/build.make CMakeFiles/cmTC_c3891.dir/build
gmake[4]: Entering directory '/home/czz/nvblox_ws/build/nvblox/nvblox/eigen/src/ext_eigen-build/CMakeFiles/CMakeTmp'
Building CXX object CMakeFiles/cmTC_c3891.dir/src.cxx.o
/usr/bin/c++ -DCOMPILER_SUPPORT_Wall  -std=c++03 -pedantic -Werror   -Wall -o CMakeFiles/cmTC_c3891.dir/src.cxx.o -c /home/czz/nvblox_ws/build/nvblox/nvblox/eigen/src/ext_eigen-build/CMakeFiles/CMakeTmp/src.cxx
Linking CXX executable cmTC_c3891
/usr/bin/cmake -E cmake_link_script CMakeFiles/cmTC_c3891.dir/link.txt --verbose=1
/usr/bin/c++  -std=c++03 -pedantic -Werror CMakeFiles/cmTC_c3891.dir/src.cxx.o -o cmTC_c3891 
gmake[4]: Leaving directory '/home/czz/nvblox_ws/build/nvblox/nvblox/eigen/src/ext_eigen-build/CMakeFiles/CMakeTmp'
gmake[3]: Leaving directory '/home/czz/nvblox_ws/build/nvblox/nvblox/eigen/src/ext_eigen-build/CMakeFiles/CMakeTmp'


Source file was:
int main() { return 0; }
Performing C++ SOURCE FILE Test COMPILER_SUPPORT_Wextra succeeded with the following output:
Change Dir: /home/czz/nvblox_ws/build/nvblox/nvblox/eigen/src/ext_eigen-build/CMakeFiles/CMakeTmp

Run Build Command(s):/usr/bin/gmake -f Makefile cmTC_0d150/fast && gmake[3]: Entering directory '/home/czz/nvblox_ws/build/nvblox/nvblox/eigen/src/ext_eigen-build/CMakeFiles/CMakeTmp'
/usr/bin/gmake  -f CMakeFiles/cmTC_0d150.dir/build.make CMakeFiles/cmTC_0d150.dir/build
gmake[4]: Entering directory '/home/czz/nvblox_ws/build/nvblox/nvblox/eigen/src/ext_eigen-build/CMakeFiles/CMakeTmp'
Building CXX object CMakeFiles/cmTC_0d150.dir/src.cxx.o
/usr/bin/c++ -DCOMPILER_SUPPORT_Wextra  -std=c++03 -pedantic -Wall -Werror   -Wextra -o CMakeFiles/cmTC_0d150.dir/src.cxx.o -c /home/czz/nvblox_ws/build/nvblox/nvblox/eigen/src/ext_eigen-build/CMakeFiles/CMakeTmp/src.cxx
Linking CXX executable cmTC_0d150
/usr/bin/cmake -E cmake_link_script CMakeFiles/cmTC_0d150.dir/link.txt --verbose=1
/usr/bin/c++  -std=c++03 -pedantic -Wall -Werror CMakeFiles/cmTC_0d150.dir/src.cxx.o -o cmTC_0d150 
gmake[4]: Leaving directory '/home/czz/nvblox_ws/build/nvblox/nvblox/eigen/src/ext_eigen-build/CMakeFiles/CMakeTmp'
gmake[3]: Leaving directory '/home/czz/nvblox_ws/build/nvblox/nvblox/eigen/src/ext_eigen-build/CMakeFiles/CMakeTmp'


Source file was:
int main() { return 0; }
Performing C++ SOURCE FILE Test COMPILER_SUPPORT_Wundef succeeded with the following output:
Change Dir: /home/czz/nvblox_ws/build/nvblox/nvblox/eigen/src/ext_eigen-build/CMakeFiles/CMakeTmp

Run Build Command(s):/usr/bin/gmake -f Makefile cmTC_1726d/fast && gmake[3]: Entering directory '/home/czz/nvblox_ws/build/nvblox/nvblox/eigen/src/ext_eigen-build/CMakeFiles/CMakeTmp'
/usr/bin/gmake  -f CMakeFiles/cmTC_1726d.dir/build.make CMakeFiles/cmTC_1726d.dir/build
gmake[4]: Entering directory '/home/czz/nvblox_ws/build/nvblox/nvblox/eigen/src/ext_eigen-build/CMakeFiles/CMakeTmp'
Building CXX object CMakeFiles/cmTC_1726d.dir/src.cxx.o
/usr/bin/c++ -DCOMPILER_SUPPORT_Wundef  -std=c++03 -pedantic -Wall -Wextra -Werror   -Wundef -o CMakeFiles/cmTC_1726d.dir/src.cxx.o -c /home/czz/nvblox_ws/build/nvblox/nvblox/eigen/src/ext_eigen-build/CMakeFiles/CMakeTmp/src.cxx
Linking CXX executable cmTC_1726d
/usr/bin/cmake -E cmake_link_script CMakeFiles/cmTC_1726d.dir/link.txt --verbose=1
/usr/bin/c++  -std=c++03 -pedantic -Wall -Wextra -Werror CMakeFiles/cmTC_1726d.dir/src.cxx.o -o cmTC_1726d 
gmake[4]: Leaving directory '/home/czz/nvblox_ws/build/nvblox/nvblox/eigen/src/ext_eigen-build/CMakeFiles/CMakeTmp'
gmake[3]: Leaving directory '/home/czz/nvblox_ws/build/nvblox/nvblox/eigen/src/ext_eigen-build/CMakeFiles/CMakeTmp'


Source file was:
int main() { return 0; }
Performing C++ SOURCE FILE Test COMPILER_SUPPORT_Wcastalign succeeded with the following output:
Change Dir: /home/czz/nvblox_ws/build/nvblox/nvblox/eigen/src/ext_eigen-build/CMakeFiles/CMakeTmp

Run Build Command(s):/usr/bin/gmake -f Makefile cmTC_503b9/fast && gmake[3]: Entering directory '/home/czz/nvblox_ws/build/nvblox/nvblox/eigen/src/ext_eigen-build/CMakeFiles/CMakeTmp'
/usr/bin/gmake  -f CMakeFiles/cmTC_503b9.dir/build.make CMakeFiles/cmTC_503b9.dir/build
gmake[4]: Entering directory '/home/czz/nvblox_ws/build/nvblox/nvblox/eigen/src/ext_eigen-build/CMakeFiles/CMakeTmp'
Building CXX object CMakeFiles/cmTC_503b9.dir/src.cxx.o
/usr/bin/c++ -DCOMPILER_SUPPORT_Wcastalign  -std=c++03 -pedantic -Wall -Wextra -Wundef -Werror   -Wcast-align -o CMakeFiles/cmTC_503b9.dir/src.cxx.o -c /home/czz/nvblox_ws/build/nvblox/nvblox/eigen/src/ext_eigen-build/CMakeFiles/CMakeTmp/src.cxx
Linking CXX executable cmTC_503b9
/usr/bin/cmake -E cmake_link_script CMakeFiles/cmTC_503b9.dir/link.txt --verbose=1
/usr/bin/c++  -std=c++03 -pedantic -Wall -Wextra -Wundef -Werror CMakeFiles/cmTC_503b9.dir/src.cxx.o -o cmTC_503b9 
gmake[4]: Leaving directory '/home/czz/nvblox_ws/build/nvblox/nvblox/eigen/src/ext_eigen-build/CMakeFiles/CMakeTmp'
gmake[3]: Leaving directory '/home/czz/nvblox_ws/build/nvblox/nvblox/eigen/src/ext_eigen-build/CMakeFiles/CMakeTmp'


Source file was:
int main() { return 0; }
Performing C++ SOURCE FILE Test COMPILER_SUPPORT_Wcharsubscripts succeeded with the following output:
Change Dir: /home/czz/nvblox_ws/build/nvblox/nvblox/eigen/src/ext_eigen-build/CMakeFiles/CMakeTmp

Run Build Command(s):/usr/bin/gmake -f Makefile cmTC_1c255/fast && gmake[3]: Entering directory '/home/czz/nvblox_ws/build/nvblox/nvblox/eigen/src/ext_eigen-build/CMakeFiles/CMakeTmp'
/usr/bin/gmake  -f CMakeFiles/cmTC_1c255.dir/build.make CMakeFiles/cmTC_1c255.dir/build
gmake[4]: Entering directory '/home/czz/nvblox_ws/build/nvblox/nvblox/eigen/src/ext_eigen-build/CMakeFiles/CMakeTmp'
Building CXX object CMakeFiles/cmTC_1c255.dir/src.cxx.o
/usr/bin/c++ -DCOMPILER_SUPPORT_Wcharsubscripts  -std=c++03 -pedantic -Wall -Wextra -Wundef -Wcast-align -Werror   -Wchar-subscripts -o CMakeFiles/cmTC_1c255.dir/src.cxx.o -c /home/czz/nvblox_ws/build/nvblox/nvblox/eigen/src/ext_eigen-build/CMakeFiles/CMakeTmp/src.cxx
Linking CXX executable cmTC_1c255
/usr/bin/cmake -E cmake_link_script CMakeFiles/cmTC_1c255.dir/link.txt --verbose=1
/usr/bin/c++  -std=c++03 -pedantic -Wall -Wextra -Wundef -Wcast-align -Werror CMakeFiles/cmTC_1c255.dir/src.cxx.o -o cmTC_1c255 
gmake[4]: Leaving directory '/home/czz/nvblox_ws/build/nvblox/nvblox/eigen/src/ext_eigen-build/CMakeFiles/CMakeTmp'
gmake[3]: Leaving directory '/home/czz/nvblox_ws/build/nvblox/nvblox/eigen/src/ext_eigen-build/CMakeFiles/CMakeTmp'


Source file was:
int main() { return 0; }
Performing C++ SOURCE FILE Test COMPILER_SUPPORT_Wnonvirtualdtor succeeded with the following output:
Change Dir: /home/czz/nvblox_ws/build/nvblox/nvblox/eigen/src/ext_eigen-build/CMakeFiles/CMakeTmp

Run Build Command(s):/usr/bin/gmake -f Makefile cmTC_ea81c/fast && gmake[3]: Entering directory '/home/czz/nvblox_ws/build/nvblox/nvblox/eigen/src/ext_eigen-build/CMakeFiles/CMakeTmp'
/usr/bin/gmake  -f CMakeFiles/cmTC_ea81c.dir/build.make CMakeFiles/cmTC_ea81c.dir/build
gmake[4]: Entering directory '/home/czz/nvblox_ws/build/nvblox/nvblox/eigen/src/ext_eigen-build/CMakeFiles/CMakeTmp'
Building CXX object CMakeFiles/cmTC_ea81c.dir/src.cxx.o
/usr/bin/c++ -DCOMPILER_SUPPORT_Wnonvirtualdtor  -std=c++03 -pedantic -Wall -Wextra -Wundef -Wcast-align -Wchar-subscripts -Werror   -Wnon-virtual-dtor -o CMakeFiles/cmTC_ea81c.dir/src.cxx.o -c /home/czz/nvblox_ws/build/nvblox/nvblox/eigen/src/ext_eigen-build/CMakeFiles/CMakeTmp/src.cxx
Linking CXX executable cmTC_ea81c
/usr/bin/cmake -E cmake_link_script CMakeFiles/cmTC_ea81c.dir/link.txt --verbose=1
/usr/bin/c++  -std=c++03 -pedantic -Wall -Wextra -Wundef -Wcast-align -Wchar-subscripts -Werror CMakeFiles/cmTC_ea81c.dir/src.cxx.o -o cmTC_ea81c 
gmake[4]: Leaving directory '/home/czz/nvblox_ws/build/nvblox/nvblox/eigen/src/ext_eigen-build/CMakeFiles/CMakeTmp'
gmake[3]: Leaving directory '/home/czz/nvblox_ws/build/nvblox/nvblox/eigen/src/ext_eigen-build/CMakeFiles/CMakeTmp'


Source file was:
int main() { return 0; }
Performing C++ SOURCE FILE Test COMPILER_SUPPORT_Wunusedlocaltypedefs succeeded with the following output:
Change Dir: /home/czz/nvblox_ws/build/nvblox/nvblox/eigen/src/ext_eigen-build/CMakeFiles/CMakeTmp

Run Build Command(s):/usr/bin/gmake -f Makefile cmTC_eb8d1/fast && gmake[3]: Entering directory '/home/czz/nvblox_ws/build/nvblox/nvblox/eigen/src/ext_eigen-build/CMakeFiles/CMakeTmp'
/usr/bin/gmake  -f CMakeFiles/cmTC_eb8d1.dir/build.make CMakeFiles/cmTC_eb8d1.dir/build
gmake[4]: Entering directory '/home/czz/nvblox_ws/build/nvblox/nvblox/eigen/src/ext_eigen-build/CMakeFiles/CMakeTmp'
Building CXX object CMakeFiles/cmTC_eb8d1.dir/src.cxx.o
/usr/bin/c++ -DCOMPILER_SUPPORT_Wunusedlocaltypedefs  -std=c++03 -pedantic -Wall -Wextra -Wundef -Wcast-align -Wchar-subscripts -Wnon-virtual-dtor -Werror   -Wunused-local-typedefs -o CMakeFiles/cmTC_eb8d1.dir/src.cxx.o -c /home/czz/nvblox_ws/build/nvblox/nvblox/eigen/src/ext_eigen-build/CMakeFiles/CMakeTmp/src.cxx
Linking CXX executable cmTC_eb8d1
/usr/bin/cmake -E cmake_link_script CMakeFiles/cmTC_eb8d1.dir/link.txt --verbose=1
/usr/bin/c++  -std=c++03 -pedantic -Wall -Wextra -Wundef -Wcast-align -Wchar-subscripts -Wnon-virtual-dtor -Werror CMakeFiles/cmTC_eb8d1.dir/src.cxx.o -o cmTC_eb8d1 
gmake[4]: Leaving directory '/home/czz/nvblox_ws/build/nvblox/nvblox/eigen/src/ext_eigen-build/CMakeFiles/CMakeTmp'
gmake[3]: Leaving directory '/home/czz/nvblox_ws/build/nvblox/nvblox/eigen/src/ext_eigen-build/CMakeFiles/CMakeTmp'


Source file was:
int main() { return 0; }
Performing C++ SOURCE FILE Test COMPILER_SUPPORT_Wpointerarith succeeded with the following output:
Change Dir: /home/czz/nvblox_ws/build/nvblox/nvblox/eigen/src/ext_eigen-build/CMakeFiles/CMakeTmp

Run Build Command(s):/usr/bin/gmake -f Makefile cmTC_4c81e/fast && gmake[3]: Entering directory '/home/czz/nvblox_ws/build/nvblox/nvblox/eigen/src/ext_eigen-build/CMakeFiles/CMakeTmp'
/usr/bin/gmake  -f CMakeFiles/cmTC_4c81e.dir/build.make CMakeFiles/cmTC_4c81e.dir/build
gmake[4]: Entering directory '/home/czz/nvblox_ws/build/nvblox/nvblox/eigen/src/ext_eigen-build/CMakeFiles/CMakeTmp'
Building CXX object CMakeFiles/cmTC_4c81e.dir/src.cxx.o
/usr/bin/c++ -DCOMPILER_SUPPORT_Wpointerarith  -std=c++03 -pedantic -Wall -Wextra -Wundef -Wcast-align -Wchar-subscripts -Wnon-virtual-dtor -Wunused-local-typedefs -Werror   -Wpointer-arith -o CMakeFiles/cmTC_4c81e.dir/src.cxx.o -c /home/czz/nvblox_ws/build/nvblox/nvblox/eigen/src/ext_eigen-build/CMakeFiles/CMakeTmp/src.cxx
Linking CXX executable cmTC_4c81e
/usr/bin/cmake -E cmake_link_script CMakeFiles/cmTC_4c81e.dir/link.txt --verbose=1
/usr/bin/c++  -std=c++03 -pedantic -Wall -Wextra -Wundef -Wcast-align -Wchar-subscripts -Wnon-virtual-dtor -Wunused-local-typedefs -Werror CMakeFiles/cmTC_4c81e.dir/src.cxx.o -o cmTC_4c81e 
gmake[4]: Leaving directory '/home/czz/nvblox_ws/build/nvblox/nvblox/eigen/src/ext_eigen-build/CMakeFiles/CMakeTmp'
gmake[3]: Leaving directory '/home/czz/nvblox_ws/build/nvblox/nvblox/eigen/src/ext_eigen-build/CMakeFiles/CMakeTmp'


Source file was:
int main() { return 0; }
Performing C++ SOURCE FILE Test COMPILER_SUPPORT_Wwritestrings succeeded with the following output:
Change Dir: /home/czz/nvblox_ws/build/nvblox/nvblox/eigen/src/ext_eigen-build/CMakeFiles/CMakeTmp

Run Build Command(s):/usr/bin/gmake -f Makefile cmTC_c4676/fast && gmake[3]: Entering directory '/home/czz/nvblox_ws/build/nvblox/nvblox/eigen/src/ext_eigen-build/CMakeFiles/CMakeTmp'
/usr/bin/gmake  -f CMakeFiles/cmTC_c4676.dir/build.make CMakeFiles/cmTC_c4676.dir/build
gmake[4]: Entering directory '/home/czz/nvblox_ws/build/nvblox/nvblox/eigen/src/ext_eigen-build/CMakeFiles/CMakeTmp'
Building CXX object CMakeFiles/cmTC_c4676.dir/src.cxx.o
/usr/bin/c++ -DCOMPILER_SUPPORT_Wwritestrings  -std=c++03 -pedantic -Wall -Wextra -Wundef -Wcast-align -Wchar-subscripts -Wnon-virtual-dtor -Wunused-local-typedefs -Wpointer-arith -Werror   -Wwrite-strings -o CMakeFiles/cmTC_c4676.dir/src.cxx.o -c /home/czz/nvblox_ws/build/nvblox/nvblox/eigen/src/ext_eigen-build/CMakeFiles/CMakeTmp/src.cxx
Linking CXX executable cmTC_c4676
/usr/bin/cmake -E cmake_link_script CMakeFiles/cmTC_c4676.dir/link.txt --verbose=1
/usr/bin/c++  -std=c++03 -pedantic -Wall -Wextra -Wundef -Wcast-align -Wchar-subscripts -Wnon-virtual-dtor -Wunused-local-typedefs -Wpointer-arith -Werror CMakeFiles/cmTC_c4676.dir/src.cxx.o -o cmTC_c4676 
gmake[4]: Leaving directory '/home/czz/nvblox_ws/build/nvblox/nvblox/eigen/src/ext_eigen-build/CMakeFiles/CMakeTmp'
gmake[3]: Leaving directory '/home/czz/nvblox_ws/build/nvblox/nvblox/eigen/src/ext_eigen-build/CMakeFiles/CMakeTmp'


Source file was:
int main() { return 0; }
Performing C++ SOURCE FILE Test COMPILER_SUPPORT_Wformatsecurity succeeded with the following output:
Change Dir: /home/czz/nvblox_ws/build/nvblox/nvblox/eigen/src/ext_eigen-build/CMakeFiles/CMakeTmp

Run Build Command(s):/usr/bin/gmake -f Makefile cmTC_259a8/fast && gmake[3]: Entering directory '/home/czz/nvblox_ws/build/nvblox/nvblox/eigen/src/ext_eigen-build/CMakeFiles/CMakeTmp'
/usr/bin/gmake  -f CMakeFiles/cmTC_259a8.dir/build.make CMakeFiles/cmTC_259a8.dir/build
gmake[4]: Entering directory '/home/czz/nvblox_ws/build/nvblox/nvblox/eigen/src/ext_eigen-build/CMakeFiles/CMakeTmp'
Building CXX object CMakeFiles/cmTC_259a8.dir/src.cxx.o
/usr/bin/c++ -DCOMPILER_SUPPORT_Wformatsecurity  -std=c++03 -pedantic -Wall -Wextra -Wundef -Wcast-align -Wchar-subscripts -Wnon-virtual-dtor -Wunused-local-typedefs -Wpointer-arith -Wwrite-strings -Werror   -Wformat-security -o CMakeFiles/cmTC_259a8.dir/src.cxx.o -c /home/czz/nvblox_ws/build/nvblox/nvblox/eigen/src/ext_eigen-build/CMakeFiles/CMakeTmp/src.cxx
Linking CXX executable cmTC_259a8
/usr/bin/cmake -E cmake_link_script CMakeFiles/cmTC_259a8.dir/link.txt --verbose=1
/usr/bin/c++  -std=c++03 -pedantic -Wall -Wextra -Wundef -Wcast-align -Wchar-subscripts -Wnon-virtual-dtor -Wunused-local-typedefs -Wpointer-arith -Wwrite-strings -Werror CMakeFiles/cmTC_259a8.dir/src.cxx.o -o cmTC_259a8 
gmake[4]: Leaving directory '/home/czz/nvblox_ws/build/nvblox/nvblox/eigen/src/ext_eigen-build/CMakeFiles/CMakeTmp'
gmake[3]: Leaving directory '/home/czz/nvblox_ws/build/nvblox/nvblox/eigen/src/ext_eigen-build/CMakeFiles/CMakeTmp'


Source file was:
int main() { return 0; }
Performing C++ SOURCE FILE Test COMPILER_SUPPORT_Wlogicalop succeeded with the following output:
Change Dir: /home/czz/nvblox_ws/build/nvblox/nvblox/eigen/src/ext_eigen-build/CMakeFiles/CMakeTmp

Run Build Command(s):/usr/bin/gmake -f Makefile cmTC_b62ce/fast && gmake[3]: Entering directory '/home/czz/nvblox_ws/build/nvblox/nvblox/eigen/src/ext_eigen-build/CMakeFiles/CMakeTmp'
/usr/bin/gmake  -f CMakeFiles/cmTC_b62ce.dir/build.make CMakeFiles/cmTC_b62ce.dir/build
gmake[4]: Entering directory '/home/czz/nvblox_ws/build/nvblox/nvblox/eigen/src/ext_eigen-build/CMakeFiles/CMakeTmp'
Building CXX object CMakeFiles/cmTC_b62ce.dir/src.cxx.o
/usr/bin/c++ -DCOMPILER_SUPPORT_Wlogicalop  -std=c++03 -pedantic -Wall -Wextra -Wundef -Wcast-align -Wchar-subscripts -Wnon-virtual-dtor -Wunused-local-typedefs -Wpointer-arith -Wwrite-strings -Wformat-security -Werror   -Wlogical-op -o CMakeFiles/cmTC_b62ce.dir/src.cxx.o -c /home/czz/nvblox_ws/build/nvblox/nvblox/eigen/src/ext_eigen-build/CMakeFiles/CMakeTmp/src.cxx
Linking CXX executable cmTC_b62ce
/usr/bin/cmake -E cmake_link_script CMakeFiles/cmTC_b62ce.dir/link.txt --verbose=1
/usr/bin/c++  -std=c++03 -pedantic -Wall -Wextra -Wundef -Wcast-align -Wchar-subscripts -Wnon-virtual-dtor -Wunused-local-typedefs -Wpointer-arith -Wwrite-strings -Wformat-security -Werror CMakeFiles/cmTC_b62ce.dir/src.cxx.o -o cmTC_b62ce 
gmake[4]: Leaving directory '/home/czz/nvblox_ws/build/nvblox/nvblox/eigen/src/ext_eigen-build/CMakeFiles/CMakeTmp'
gmake[3]: Leaving directory '/home/czz/nvblox_ws/build/nvblox/nvblox/eigen/src/ext_eigen-build/CMakeFiles/CMakeTmp'


Source file was:
int main() { return 0; }
Performing C++ SOURCE FILE Test COMPILER_SUPPORT_Wenumconversion succeeded with the following output:
Change Dir: /home/czz/nvblox_ws/build/nvblox/nvblox/eigen/src/ext_eigen-build/CMakeFiles/CMakeTmp

Run Build Command(s):/usr/bin/gmake -f Makefile cmTC_b8e12/fast && gmake[3]: Entering directory '/home/czz/nvblox_ws/build/nvblox/nvblox/eigen/src/ext_eigen-build/CMakeFiles/CMakeTmp'
/usr/bin/gmake  -f CMakeFiles/cmTC_b8e12.dir/build.make CMakeFiles/cmTC_b8e12.dir/build
gmake[4]: Entering directory '/home/czz/nvblox_ws/build/nvblox/nvblox/eigen/src/ext_eigen-build/CMakeFiles/CMakeTmp'
Building CXX object CMakeFiles/cmTC_b8e12.dir/src.cxx.o
/usr/bin/c++ -DCOMPILER_SUPPORT_Wenumconversion  -std=c++03 -pedantic -Wall -Wextra -Wundef -Wcast-align -Wchar-subscripts -Wnon-virtual-dtor -Wunused-local-typedefs -Wpointer-arith -Wwrite-strings -Wformat-security -Wlogical-op -Werror   -Wenum-conversion -o CMakeFiles/cmTC_b8e12.dir/src.cxx.o -c /home/czz/nvblox_ws/build/nvblox/nvblox/eigen/src/ext_eigen-build/CMakeFiles/CMakeTmp/src.cxx
Linking CXX executable cmTC_b8e12
/usr/bin/cmake -E cmake_link_script CMakeFiles/cmTC_b8e12.dir/link.txt --verbose=1
/usr/bin/c++  -std=c++03 -pedantic -Wall -Wextra -Wundef -Wcast-align -Wchar-subscripts -Wnon-virtual-dtor -Wunused-local-typedefs -Wpointer-arith -Wwrite-strings -Wformat-security -Wlogical-op -Werror CMakeFiles/cmTC_b8e12.dir/src.cxx.o -o cmTC_b8e12 
gmake[4]: Leaving directory '/home/czz/nvblox_ws/build/nvblox/nvblox/eigen/src/ext_eigen-build/CMakeFiles/CMakeTmp'
gmake[3]: Leaving directory '/home/czz/nvblox_ws/build/nvblox/nvblox/eigen/src/ext_eigen-build/CMakeFiles/CMakeTmp'


Source file was:
int main() { return 0; }
Performing C++ SOURCE FILE Test COMPILER_SUPPORT_Wdoublepromotion succeeded with the following output:
Change Dir: /home/czz/nvblox_ws/build/nvblox/nvblox/eigen/src/ext_eigen-build/CMakeFiles/CMakeTmp

Run Build Command(s):/usr/bin/gmake -f Makefile cmTC_94c21/fast && gmake[3]: Entering directory '/home/czz/nvblox_ws/build/nvblox/nvblox/eigen/src/ext_eigen-build/CMakeFiles/CMakeTmp'
/usr/bin/gmake  -f CMakeFiles/cmTC_94c21.dir/build.make CMakeFiles/cmTC_94c21.dir/build
gmake[4]: Entering directory '/home/czz/nvblox_ws/build/nvblox/nvblox/eigen/src/ext_eigen-build/CMakeFiles/CMakeTmp'
Building CXX object CMakeFiles/cmTC_94c21.dir/src.cxx.o
/usr/bin/c++ -DCOMPILER_SUPPORT_Wdoublepromotion  -std=c++03 -pedantic -Wall -Wextra -Wundef -Wcast-align -Wchar-subscripts -Wnon-virtual-dtor -Wunused-local-typedefs -Wpointer-arith -Wwrite-strings -Wformat-security -Wlogical-op -Wenum-conversion -Werror   -Wdouble-promotion -o CMakeFiles/cmTC_94c21.dir/src.cxx.o -c /home/czz/nvblox_ws/build/nvblox/nvblox/eigen/src/ext_eigen-build/CMakeFiles/CMakeTmp/src.cxx
Linking CXX executable cmTC_94c21
/usr/bin/cmake -E cmake_link_script CMakeFiles/cmTC_94c21.dir/link.txt --verbose=1
/usr/bin/c++  -std=c++03 -pedantic -Wall -Wextra -Wundef -Wcast-align -Wchar-subscripts -Wnon-virtual-dtor -Wunused-local-typedefs -Wpointer-arith -Wwrite-strings -Wformat-security -Wlogical-op -Wenum-conversion -Werror CMakeFiles/cmTC_94c21.dir/src.cxx.o -o cmTC_94c21 
gmake[4]: Leaving directory '/home/czz/nvblox_ws/build/nvblox/nvblox/eigen/src/ext_eigen-build/CMakeFiles/CMakeTmp'
gmake[3]: Leaving directory '/home/czz/nvblox_ws/build/nvblox/nvblox/eigen/src/ext_eigen-build/CMakeFiles/CMakeTmp'


Source file was:
int main() { return 0; }
Performing C++ SOURCE FILE Test COMPILER_SUPPORT_Wshadow succeeded with the following output:
Change Dir: /home/czz/nvblox_ws/build/nvblox/nvblox/eigen/src/ext_eigen-build/CMakeFiles/CMakeTmp

Run Build Command(s):/usr/bin/gmake -f Makefile cmTC_74fc9/fast && gmake[3]: Entering directory '/home/czz/nvblox_ws/build/nvblox/nvblox/eigen/src/ext_eigen-build/CMakeFiles/CMakeTmp'
/usr/bin/gmake  -f CMakeFiles/cmTC_74fc9.dir/build.make CMakeFiles/cmTC_74fc9.dir/build
gmake[4]: Entering directory '/home/czz/nvblox_ws/build/nvblox/nvblox/eigen/src/ext_eigen-build/CMakeFiles/CMakeTmp'
Building CXX object CMakeFiles/cmTC_74fc9.dir/src.cxx.o
/usr/bin/c++ -DCOMPILER_SUPPORT_Wshadow  -std=c++03 -pedantic -Wall -Wextra -Wundef -Wcast-align -Wchar-subscripts -Wnon-virtual-dtor -Wunused-local-typedefs -Wpointer-arith -Wwrite-strings -Wformat-security -Wlogical-op -Wenum-conversion -Wdouble-promotion -Werror   -Wshadow -o CMakeFiles/cmTC_74fc9.dir/src.cxx.o -c /home/czz/nvblox_ws/build/nvblox/nvblox/eigen/src/ext_eigen-build/CMakeFiles/CMakeTmp/src.cxx
Linking CXX executable cmTC_74fc9
/usr/bin/cmake -E cmake_link_script CMakeFiles/cmTC_74fc9.dir/link.txt --verbose=1
/usr/bin/c++  -std=c++03 -pedantic -Wall -Wextra -Wundef -Wcast-align -Wchar-subscripts -Wnon-virtual-dtor -Wunused-local-typedefs -Wpointer-arith -Wwrite-strings -Wformat-security -Wlogical-op -Wenum-conversion -Wdouble-promotion -Werror CMakeFiles/cmTC_74fc9.dir/src.cxx.o -o cmTC_74fc9 
gmake[4]: Leaving directory '/home/czz/nvblox_ws/build/nvblox/nvblox/eigen/src/ext_eigen-build/CMakeFiles/CMakeTmp'
gmake[3]: Leaving directory '/home/czz/nvblox_ws/build/nvblox/nvblox/eigen/src/ext_eigen-build/CMakeFiles/CMakeTmp'


Source file was:
int main() { return 0; }
Performing C++ SOURCE FILE Test COMPILER_SUPPORT_Wnopsabi succeeded with the following output:
Change Dir: /home/czz/nvblox_ws/build/nvblox/nvblox/eigen/src/ext_eigen-build/CMakeFiles/CMakeTmp

Run Build Command(s):/usr/bin/gmake -f Makefile cmTC_cd9c4/fast && gmake[3]: Entering directory '/home/czz/nvblox_ws/build/nvblox/nvblox/eigen/src/ext_eigen-build/CMakeFiles/CMakeTmp'
/usr/bin/gmake  -f CMakeFiles/cmTC_cd9c4.dir/build.make CMakeFiles/cmTC_cd9c4.dir/build
gmake[4]: Entering directory '/home/czz/nvblox_ws/build/nvblox/nvblox/eigen/src/ext_eigen-build/CMakeFiles/CMakeTmp'
Building CXX object CMakeFiles/cmTC_cd9c4.dir/src.cxx.o
/usr/bin/c++ -DCOMPILER_SUPPORT_Wnopsabi  -std=c++03 -pedantic -Wall -Wextra -Wundef -Wcast-align -Wchar-subscripts -Wnon-virtual-dtor -Wunused-local-typedefs -Wpointer-arith -Wwrite-strings -Wformat-security -Wlogical-op -Wenum-conversion -Wdouble-promotion -Wshadow -Werror   -Wno-psabi -o CMakeFiles/cmTC_cd9c4.dir/src.cxx.o -c /home/czz/nvblox_ws/build/nvblox/nvblox/eigen/src/ext_eigen-build/CMakeFiles/CMakeTmp/src.cxx
Linking CXX executable cmTC_cd9c4
/usr/bin/cmake -E cmake_link_script CMakeFiles/cmTC_cd9c4.dir/link.txt --verbose=1
/usr/bin/c++  -std=c++03 -pedantic -Wall -Wextra -Wundef -Wcast-align -Wchar-subscripts -Wnon-virtual-dtor -Wunused-local-typedefs -Wpointer-arith -Wwrite-strings -Wformat-security -Wlogical-op -Wenum-conversion -Wdouble-promotion -Wshadow -Werror CMakeFiles/cmTC_cd9c4.dir/src.cxx.o -o cmTC_cd9c4 
gmake[4]: Leaving directory '/home/czz/nvblox_ws/build/nvblox/nvblox/eigen/src/ext_eigen-build/CMakeFiles/CMakeTmp'
gmake[3]: Leaving directory '/home/czz/nvblox_ws/build/nvblox/nvblox/eigen/src/ext_eigen-build/CMakeFiles/CMakeTmp'


Source file was:
int main() { return 0; }
Performing C++ SOURCE FILE Test COMPILER_SUPPORT_Wnovariadicmacros succeeded with the following output:
Change Dir: /home/czz/nvblox_ws/build/nvblox/nvblox/eigen/src/ext_eigen-build/CMakeFiles/CMakeTmp

Run Build Command(s):/usr/bin/gmake -f Makefile cmTC_d6889/fast && gmake[3]: Entering directory '/home/czz/nvblox_ws/build/nvblox/nvblox/eigen/src/ext_eigen-build/CMakeFiles/CMakeTmp'
/usr/bin/gmake  -f CMakeFiles/cmTC_d6889.dir/build.make CMakeFiles/cmTC_d6889.dir/build
gmake[4]: Entering directory '/home/czz/nvblox_ws/build/nvblox/nvblox/eigen/src/ext_eigen-build/CMakeFiles/CMakeTmp'
Building CXX object CMakeFiles/cmTC_d6889.dir/src.cxx.o
/usr/bin/c++ -DCOMPILER_SUPPORT_Wnovariadicmacros  -std=c++03 -pedantic -Wall -Wextra -Wundef -Wcast-align -Wchar-subscripts -Wnon-virtual-dtor -Wunused-local-typedefs -Wpointer-arith -Wwrite-strings -Wformat-security -Wlogical-op -Wenum-conversion -Wdouble-promotion -Wshadow -Wno-psabi -Werror   -Wno-variadic-macros -o CMakeFiles/cmTC_d6889.dir/src.cxx.o -c /home/czz/nvblox_ws/build/nvblox/nvblox/eigen/src/ext_eigen-build/CMakeFiles/CMakeTmp/src.cxx
Linking CXX executable cmTC_d6889
/usr/bin/cmake -E cmake_link_script CMakeFiles/cmTC_d6889.dir/link.txt --verbose=1
/usr/bin/c++  -std=c++03 -pedantic -Wall -Wextra -Wundef -Wcast-align -Wchar-subscripts -Wnon-virtual-dtor -Wunused-local-typedefs -Wpointer-arith -Wwrite-strings -Wformat-security -Wlogical-op -Wenum-conversion -Wdouble-promotion -Wshadow -Wno-psabi -Werror CMakeFiles/cmTC_d6889.dir/src.cxx.o -o cmTC_d6889 
gmake[4]: Leaving directory '/home/czz/nvblox_ws/build/nvblox/nvblox/eigen/src/ext_eigen-build/CMakeFiles/CMakeTmp'
gmake[3]: Leaving directory '/home/czz/nvblox_ws/build/nvblox/nvblox/eigen/src/ext_eigen-build/CMakeFiles/CMakeTmp'


Source file was:
int main() { return 0; }
Performing C++ SOURCE FILE Test COMPILER_SUPPORT_Wnolonglong succeeded with the following output:
Change Dir: /home/czz/nvblox_ws/build/nvblox/nvblox/eigen/src/ext_eigen-build/CMakeFiles/CMakeTmp

Run Build Command(s):/usr/bin/gmake -f Makefile cmTC_58bde/fast && gmake[3]: Entering directory '/home/czz/nvblox_ws/build/nvblox/nvblox/eigen/src/ext_eigen-build/CMakeFiles/CMakeTmp'
/usr/bin/gmake  -f CMakeFiles/cmTC_58bde.dir/build.make CMakeFiles/cmTC_58bde.dir/build
gmake[4]: Entering directory '/home/czz/nvblox_ws/build/nvblox/nvblox/eigen/src/ext_eigen-build/CMakeFiles/CMakeTmp'
Building CXX object CMakeFiles/cmTC_58bde.dir/src.cxx.o
/usr/bin/c++ -DCOMPILER_SUPPORT_Wnolonglong  -std=c++03 -pedantic -Wall -Wextra -Wundef -Wcast-align -Wchar-subscripts -Wnon-virtual-dtor -Wunused-local-typedefs -Wpointer-arith -Wwrite-strings -Wformat-security -Wlogical-op -Wenum-conversion -Wdouble-promotion -Wshadow -Wno-psabi -Wno-variadic-macros -Werror   -Wno-long-long -o CMakeFiles/cmTC_58bde.dir/src.cxx.o -c /home/czz/nvblox_ws/build/nvblox/nvblox/eigen/src/ext_eigen-build/CMakeFiles/CMakeTmp/src.cxx
Linking CXX executable cmTC_58bde
/usr/bin/cmake -E cmake_link_script CMakeFiles/cmTC_58bde.dir/link.txt --verbose=1
/usr/bin/c++  -std=c++03 -pedantic -Wall -Wextra -Wundef -Wcast-align -Wchar-subscripts -Wnon-virtual-dtor -Wunused-local-typedefs -Wpointer-arith -Wwrite-strings -Wformat-security -Wlogical-op -Wenum-conversion -Wdouble-promotion -Wshadow -Wno-psabi -Wno-variadic-macros -Werror CMakeFiles/cmTC_58bde.dir/src.cxx.o -o cmTC_58bde 
gmake[4]: Leaving directory '/home/czz/nvblox_ws/build/nvblox/nvblox/eigen/src/ext_eigen-build/CMakeFiles/CMakeTmp'
gmake[3]: Leaving directory '/home/czz/nvblox_ws/build/nvblox/nvblox/eigen/src/ext_eigen-build/CMakeFiles/CMakeTmp'


Source file was:
int main() { return 0; }
Performing C++ SOURCE FILE Test COMPILER_SUPPORT_fnochecknew succeeded with the following output:
Change Dir: /home/czz/nvblox_ws/build/nvblox/nvblox/eigen/src/ext_eigen-build/CMakeFiles/CMakeTmp

Run Build Command(s):/usr/bin/gmake -f Makefile cmTC_74be8/fast && gmake[3]: Entering directory '/home/czz/nvblox_ws/build/nvblox/nvblox/eigen/src/ext_eigen-build/CMakeFiles/CMakeTmp'
/usr/bin/gmake  -f CMakeFiles/cmTC_74be8.dir/build.make CMakeFiles/cmTC_74be8.dir/build
gmake[4]: Entering directory '/home/czz/nvblox_ws/build/nvblox/nvblox/eigen/src/ext_eigen-build/CMakeFiles/CMakeTmp'
Building CXX object CMakeFiles/cmTC_74be8.dir/src.cxx.o
/usr/bin/c++ -DCOMPILER_SUPPORT_fnochecknew  -std=c++03 -pedantic -Wall -Wextra -Wundef -Wcast-align -Wchar-subscripts -Wnon-virtual-dtor -Wunused-local-typedefs -Wpointer-arith -Wwrite-strings -Wformat-security -Wlogical-op -Wenum-conversion -Wdouble-promotion -Wshadow -Wno-psabi -Wno-variadic-macros -Wno-long-long -Werror   -fno-check-new -o CMakeFiles/cmTC_74be8.dir/src.cxx.o -c /home/czz/nvblox_ws/build/nvblox/nvblox/eigen/src/ext_eigen-build/CMakeFiles/CMakeTmp/src.cxx
Linking CXX executable cmTC_74be8
/usr/bin/cmake -E cmake_link_script CMakeFiles/cmTC_74be8.dir/link.txt --verbose=1
/usr/bin/c++  -std=c++03 -pedantic -Wall -Wextra -Wundef -Wcast-align -Wchar-subscripts -Wnon-virtual-dtor -Wunused-local-typedefs -Wpointer-arith -Wwrite-strings -Wformat-security -Wlogical-op -Wenum-conversion -Wdouble-promotion -Wshadow -Wno-psabi -Wno-variadic-macros -Wno-long-long -Werror CMakeFiles/cmTC_74be8.dir/src.cxx.o -o cmTC_74be8 
gmake[4]: Leaving directory '/home/czz/nvblox_ws/build/nvblox/nvblox/eigen/src/ext_eigen-build/CMakeFiles/CMakeTmp'
gmake[3]: Leaving directory '/home/czz/nvblox_ws/build/nvblox/nvblox/eigen/src/ext_eigen-build/CMakeFiles/CMakeTmp'


Source file was:
int main() { return 0; }
Performing C++ SOURCE FILE Test COMPILER_SUPPORT_fnocommon succeeded with the following output:
Change Dir: /home/czz/nvblox_ws/build/nvblox/nvblox/eigen/src/ext_eigen-build/CMakeFiles/CMakeTmp

Run Build Command(s):/usr/bin/gmake -f Makefile cmTC_fd603/fast && gmake[3]: Entering directory '/home/czz/nvblox_ws/build/nvblox/nvblox/eigen/src/ext_eigen-build/CMakeFiles/CMakeTmp'
/usr/bin/gmake  -f CMakeFiles/cmTC_fd603.dir/build.make CMakeFiles/cmTC_fd603.dir/build
gmake[4]: Entering directory '/home/czz/nvblox_ws/build/nvblox/nvblox/eigen/src/ext_eigen-build/CMakeFiles/CMakeTmp'
Building CXX object CMakeFiles/cmTC_fd603.dir/src.cxx.o
/usr/bin/c++ -DCOMPILER_SUPPORT_fnocommon  -std=c++03 -pedantic -Wall -Wextra -Wundef -Wcast-align -Wchar-subscripts -Wnon-virtual-dtor -Wunused-local-typedefs -Wpointer-arith -Wwrite-strings -Wformat-security -Wlogical-op -Wenum-conversion -Wdouble-promotion -Wshadow -Wno-psabi -Wno-variadic-macros -Wno-long-long -fno-check-new -Werror   -fno-common -o CMakeFiles/cmTC_fd603.dir/src.cxx.o -c /home/czz/nvblox_ws/build/nvblox/nvblox/eigen/src/ext_eigen-build/CMakeFiles/CMakeTmp/src.cxx
Linking CXX executable cmTC_fd603
/usr/bin/cmake -E cmake_link_script CMakeFiles/cmTC_fd603.dir/link.txt --verbose=1
/usr/bin/c++  -std=c++03 -pedantic -Wall -Wextra -Wundef -Wcast-align -Wchar-subscripts -Wnon-virtual-dtor -Wunused-local-typedefs -Wpointer-arith -Wwrite-strings -Wformat-security -Wlogical-op -Wenum-conversion -Wdouble-promotion -Wshadow -Wno-psabi -Wno-variadic-macros -Wno-long-long -fno-check-new -Werror CMakeFiles/cmTC_fd603.dir/src.cxx.o -o cmTC_fd603 
gmake[4]: Leaving directory '/home/czz/nvblox_ws/build/nvblox/nvblox/eigen/src/ext_eigen-build/CMakeFiles/CMakeTmp'
gmake[3]: Leaving directory '/home/czz/nvblox_ws/build/nvblox/nvblox/eigen/src/ext_eigen-build/CMakeFiles/CMakeTmp'


Source file was:
int main() { return 0; }
Performing C++ SOURCE FILE Test COMPILER_SUPPORT_fstrictaliasing succeeded with the following output:
Change Dir: /home/czz/nvblox_ws/build/nvblox/nvblox/eigen/src/ext_eigen-build/CMakeFiles/CMakeTmp

Run Build Command(s):/usr/bin/gmake -f Makefile cmTC_9f460/fast && gmake[3]: Entering directory '/home/czz/nvblox_ws/build/nvblox/nvblox/eigen/src/ext_eigen-build/CMakeFiles/CMakeTmp'
/usr/bin/gmake  -f CMakeFiles/cmTC_9f460.dir/build.make CMakeFiles/cmTC_9f460.dir/build
gmake[4]: Entering directory '/home/czz/nvblox_ws/build/nvblox/nvblox/eigen/src/ext_eigen-build/CMakeFiles/CMakeTmp'
Building CXX object CMakeFiles/cmTC_9f460.dir/src.cxx.o
/usr/bin/c++ -DCOMPILER_SUPPORT_fstrictaliasing  -std=c++03 -pedantic -Wall -Wextra -Wundef -Wcast-align -Wchar-subscripts -Wnon-virtual-dtor -Wunused-local-typedefs -Wpointer-arith -Wwrite-strings -Wformat-security -Wlogical-op -Wenum-conversion -Wdouble-promotion -Wshadow -Wno-psabi -Wno-variadic-macros -Wno-long-long -fno-check-new -fno-common -Werror   -fstrict-aliasing -o CMakeFiles/cmTC_9f460.dir/src.cxx.o -c /home/czz/nvblox_ws/build/nvblox/nvblox/eigen/src/ext_eigen-build/CMakeFiles/CMakeTmp/src.cxx
Linking CXX executable cmTC_9f460
/usr/bin/cmake -E cmake_link_script CMakeFiles/cmTC_9f460.dir/link.txt --verbose=1
/usr/bin/c++  -std=c++03 -pedantic -Wall -Wextra -Wundef -Wcast-align -Wchar-subscripts -Wnon-virtual-dtor -Wunused-local-typedefs -Wpointer-arith -Wwrite-strings -Wformat-security -Wlogical-op -Wenum-conversion -Wdouble-promotion -Wshadow -Wno-psabi -Wno-variadic-macros -Wno-long-long -fno-check-new -fno-common -Werror CMakeFiles/cmTC_9f460.dir/src.cxx.o -o cmTC_9f460 
gmake[4]: Leaving directory '/home/czz/nvblox_ws/build/nvblox/nvblox/eigen/src/ext_eigen-build/CMakeFiles/CMakeTmp'
gmake[3]: Leaving directory '/home/czz/nvblox_ws/build/nvblox/nvblox/eigen/src/ext_eigen-build/CMakeFiles/CMakeTmp'


Source file was:
int main() { return 0; }
Performing C++ SOURCE FILE Test COMPILER_SUPPORT_ansi succeeded with the following output:
Change Dir: /home/czz/nvblox_ws/build/nvblox/nvblox/eigen/src/ext_eigen-build/CMakeFiles/CMakeTmp

Run Build Command(s):/usr/bin/gmake -f Makefile cmTC_75c52/fast && gmake[3]: Entering directory '/home/czz/nvblox_ws/build/nvblox/nvblox/eigen/src/ext_eigen-build/CMakeFiles/CMakeTmp'
/usr/bin/gmake  -f CMakeFiles/cmTC_75c52.dir/build.make CMakeFiles/cmTC_75c52.dir/build
gmake[4]: Entering directory '/home/czz/nvblox_ws/build/nvblox/nvblox/eigen/src/ext_eigen-build/CMakeFiles/CMakeTmp'
Building CXX object CMakeFiles/cmTC_75c52.dir/src.cxx.o
/usr/bin/c++ -DCOMPILER_SUPPORT_ansi  -std=c++03 -pedantic -Wall -Wextra -Wundef -Wcast-align -Wchar-subscripts -Wnon-virtual-dtor -Wunused-local-typedefs -Wpointer-arith -Wwrite-strings -Wformat-security -Wlogical-op -Wenum-conversion -Wdouble-promotion -Wshadow -Wno-psabi -Wno-variadic-macros -Wno-long-long -fno-check-new -fno-common -fstrict-aliasing -Werror   -ansi -o CMakeFiles/cmTC_75c52.dir/src.cxx.o -c /home/czz/nvblox_ws/build/nvblox/nvblox/eigen/src/ext_eigen-build/CMakeFiles/CMakeTmp/src.cxx
Linking CXX executable cmTC_75c52
/usr/bin/cmake -E cmake_link_script CMakeFiles/cmTC_75c52.dir/link.txt --verbose=1
/usr/bin/c++  -std=c++03 -pedantic -Wall -Wextra -Wundef -Wcast-align -Wchar-subscripts -Wnon-virtual-dtor -Wunused-local-typedefs -Wpointer-arith -Wwrite-strings -Wformat-security -Wlogical-op -Wenum-conversion -Wdouble-promotion -Wshadow -Wno-psabi -Wno-variadic-macros -Wno-long-long -fno-check-new -fno-common -fstrict-aliasing -Werror CMakeFiles/cmTC_75c52.dir/src.cxx.o -o cmTC_75c52 
gmake[4]: Leaving directory '/home/czz/nvblox_ws/build/nvblox/nvblox/eigen/src/ext_eigen-build/CMakeFiles/CMakeTmp'
gmake[3]: Leaving directory '/home/czz/nvblox_ws/build/nvblox/nvblox/eigen/src/ext_eigen-build/CMakeFiles/CMakeTmp'


Source file was:
int main() { return 0; }
Performing C++ SOURCE FILE Test COMPILER_SUPPORT_OPENMP succeeded with the following output:
Change Dir: /home/czz/nvblox_ws/build/nvblox/nvblox/eigen/src/ext_eigen-build/CMakeFiles/CMakeTmp

Run Build Command(s):/usr/bin/gmake -f Makefile cmTC_fa8e8/fast && gmake[3]: Entering directory '/home/czz/nvblox_ws/build/nvblox/nvblox/eigen/src/ext_eigen-build/CMakeFiles/CMakeTmp'
/usr/bin/gmake  -f CMakeFiles/cmTC_fa8e8.dir/build.make CMakeFiles/cmTC_fa8e8.dir/build
gmake[4]: Entering directory '/home/czz/nvblox_ws/build/nvblox/nvblox/eigen/src/ext_eigen-build/CMakeFiles/CMakeTmp'
Building CXX object CMakeFiles/cmTC_fa8e8.dir/src.cxx.o
/usr/bin/c++ -DCOMPILER_SUPPORT_OPENMP  -std=c++03 -pedantic -Wall -Wextra -Wundef -Wcast-align -Wchar-subscripts -Wnon-virtual-dtor -Wunused-local-typedefs -Wpointer-arith -Wwrite-strings -Wformat-security -Wlogical-op -Wenum-conversion -Wdouble-promotion -Wshadow -Wno-psabi -Wno-variadic-macros -Wno-long-long -fno-check-new -fno-common -fstrict-aliasing -ansi    -fopenmp -o CMakeFiles/cmTC_fa8e8.dir/src.cxx.o -c /home/czz/nvblox_ws/build/nvblox/nvblox/eigen/src/ext_eigen-build/CMakeFiles/CMakeTmp/src.cxx
Linking CXX executable cmTC_fa8e8
/usr/bin/cmake -E cmake_link_script CMakeFiles/cmTC_fa8e8.dir/link.txt --verbose=1
/usr/bin/c++  -std=c++03 -pedantic -Wall -Wextra -Wundef -Wcast-align -Wchar-subscripts -Wnon-virtual-dtor -Wunused-local-typedefs -Wpointer-arith -Wwrite-strings -Wformat-security -Wlogical-op -Wenum-conversion -Wdouble-promotion -Wshadow -Wno-psabi -Wno-variadic-macros -Wno-long-long -fno-check-new -fno-common -fstrict-aliasing -ansi  CMakeFiles/cmTC_fa8e8.dir/src.cxx.o -o cmTC_fa8e8 
gmake[4]: Leaving directory '/home/czz/nvblox_ws/build/nvblox/nvblox/eigen/src/ext_eigen-build/CMakeFiles/CMakeTmp'
gmake[3]: Leaving directory '/home/czz/nvblox_ws/build/nvblox/nvblox/eigen/src/ext_eigen-build/CMakeFiles/CMakeTmp'


Source file was:
int main() { return 0; }
Looking for a Fortran compiler passed with the following output:
-- The Fortran compiler identification is GNU 11.4.0
-- Detecting Fortran compiler ABI info
-- Detecting Fortran compiler ABI info - done
-- Check for working Fortran compiler: /usr/bin/f95 - skipped
-- Configuring done
-- Generating done
-- Build files have been written to: /home/czz/nvblox_ws/build/nvblox/nvblox/eigen/src/ext_eigen-build/test/CMakeFiles/CheckFortran

Compiling the Fortran compiler identification source file "CMakeFortranCompilerId.F" succeeded.
Compiler: /usr/bin/f95 
Build flags: 
Id flags: -v 

The output was:
0
Driving: /usr/bin/f95 -v CMakeFortranCompilerId.F -l gfortran -l m -shared-libgcc
Using built-in specs.
COLLECT_GCC=/usr/bin/f95
COLLECT_LTO_WRAPPER=/usr/lib/gcc/x86_64-linux-gnu/11/lto-wrapper
OFFLOAD_TARGET_NAMES=nvptx-none:amdgcn-amdhsa
OFFLOAD_TARGET_DEFAULT=1
Target: x86_64-linux-gnu
Configured with: ../src/configure -v --with-pkgversion='Ubuntu 11.4.0-1ubuntu1~22.04.3' --with-bugurl=file:///usr/share/doc/gcc-11/README.Bugs --enable-languages=c,ada,c++,go,brig,d,fortran,objc,obj-c++,m2 --prefix=/usr --with-gcc-major-version-only --program-suffix=-11 --program-prefix=x86_64-linux-gnu- --enable-shared --enable-linker-build-id --libexecdir=/usr/lib --without-included-gettext --enable-threads=posix --libdir=/usr/lib --enable-nls --enable-bootstrap --enable-clocale=gnu --enable-libstdcxx-debug --enable-libstdcxx-time=yes --with-default-libstdcxx-abi=new --enable-gnu-unique-object --disable-vtable-verify --enable-plugin --enable-default-pie --with-system-zlib --enable-libphobos-checking=release --with-target-system-zlib=auto --enable-objc-gc=auto --enable-multiarch --disable-werror --enable-cet --with-arch-32=i686 --with-abi=m64 --with-multilib-list=m32,m64,mx32 --enable-multilib --with-tune=generic --enable-offload-targets=nvptx-none=/build/gcc-11-0odw26/gcc-11-11.4.0/debian/tmp-nvptx/usr,amdgcn-amdhsa=/build/gcc-11-0odw26/gcc-11-11.4.0/debian/tmp-gcn/usr --without-cuda-driver --enable-checking=release --build=x86_64-linux-gnu --host=x86_64-linux-gnu --target=x86_64-linux-gnu --with-build-config=bootstrap-lto-lean --enable-link-serialization=2
Thread model: posix
Supported LTO compression algorithms: zlib zstd
gcc version 11.4.0 (Ubuntu 11.4.0-1ubuntu1~22.04.3) 
COLLECT_GCC_OPTIONS='-v' '-shared-libgcc' '-mtune=generic' '-march=x86-64' '-dumpdir' 'a-'
 /usr/lib/gcc/x86_64-linux-gnu/11/f951 CMakeFortranCompilerId.F -ffixed-form -cpp=/tmp/cccZ0VUj.f90 -quiet -v -imultiarch x86_64-linux-gnu CMakeFortranCompilerId.F -quiet -dumpdir a- -dumpbase CMakeFortranCompilerId.F -dumpbase-ext .F -mtune=generic -march=x86-64 -version -fintrinsic-modules-path /usr/lib/gcc/x86_64-linux-gnu/11/finclude -fpre-include=/usr/include/finclude/math-vector-fortran.h -o /tmp/ccSNqUck.s
GNU Fortran (Ubuntu 11.4.0-1ubuntu1~22.04.3) version 11.4.0 (x86_64-linux-gnu)
	compiled by GNU C version 11.4.0, GMP version 6.2.1, MPFR version 4.1.0, MPC version 1.2.1, isl version isl-0.24-GMP

GGC heuristics: --param ggc-min-expand=100 --param ggc-min-heapsize=131072
ignoring nonexistent directory "/usr/local/include/x86_64-linux-gnu"
ignoring nonexistent directory "/usr/lib/gcc/x86_64-linux-gnu/11/include-fixed"
ignoring nonexistent directory "/usr/lib/gcc/x86_64-linux-gnu/11/../../../../x86_64-linux-gnu/include"
#include "..." search starts here:
#include <...> search starts here:
 /usr/lib/gcc/x86_64-linux-gnu/11/finclude
 /usr/lib/gcc/x86_64-linux-gnu/11/include
 /usr/local/include
 /usr/include/x86_64-linux-gnu
 /usr/include
End of search list.
GNU Fortran2008 (Ubuntu 11.4.0-1ubuntu1~22.04.3) version 11.4.0 (x86_64-linux-gnu)
	compiled by GNU C version 11.4.0, GMP version 6.2.1, MPFR version 4.1.0, MPC version 1.2.1, isl version isl-0.24-GMP

GGC heuristics: --param ggc-min-expand=100 --param ggc-min-heapsize=131072
COLLECT_GCC_OPTIONS='-v' '-shared-libgcc' '-mtune=generic' '-march=x86-64' '-dumpdir' 'a-'
 as -v --64 -o /tmp/cct3UR2r.o /tmp/ccSNqUck.s
GNU汇编版本 2.38 (x86_64-linux-gnu) 使用BFD版本 (GNU Binutils for Ubuntu) 2.38
Reading specs from /usr/lib/gcc/x86_64-linux-gnu/11/libgfortran.spec
rename spec lib to liborig
COLLECT_GCC_OPTIONS='-v' '-shared-libgcc' '-mtune=generic' '-march=x86-64' '-dumpdir' 'a-'
COMPILER_PATH=/usr/lib/gcc/x86_64-linux-gnu/11/:/usr/lib/gcc/x86_64-linux-gnu/11/:/usr/lib/gcc/x86_64-linux-gnu/:/usr/lib/gcc/x86_64-linux-gnu/11/:/usr/lib/gcc/x86_64-linux-gnu/
LIBRARY_PATH=/usr/lib/gcc/x86_64-linux-gnu/11/:/usr/lib/gcc/x86_64-linux-gnu/11/../../../x86_64-linux-gnu/:/usr/lib/gcc/x86_64-linux-gnu/11/../../../../lib/:/lib/x86_64-linux-gnu/:/lib/../lib/:/usr/lib/x86_64-linux-gnu/:/usr/lib/../lib/:/usr/lib/gcc/x86_64-linux-gnu/11/../../../:/lib/:/usr/lib/
COLLECT_GCC_OPTIONS='-v' '-shared-libgcc' '-mtune=generic' '-march=x86-64' '-dumpdir' 'a.'
 /usr/lib/gcc/x86_64-linux-gnu/11/collect2 -plugin /usr/lib/gcc/x86_64-linux-gnu/11/liblto_plugin.so -plugin-opt=/usr/lib/gcc/x86_64-linux-gnu/11/lto-wrapper -plugin-opt=-fresolution=/tmp/ccfjlZeF.res -plugin-opt=-pass-through=-lgcc_s -plugin-opt=-pass-through=-lgcc -plugin-opt=-pass-through=-lquadmath -plugin-opt=-pass-through=-lm -plugin-opt=-pass-through=-lgcc_s -plugin-opt=-pass-through=-lgcc -plugin-opt=-pass-through=-lc -plugin-opt=-pass-through=-lgcc_s -plugin-opt=-pass-through=-lgcc --build-id --eh-frame-hdr -m elf_x86_64 --hash-style=gnu --as-needed -dynamic-linker /lib64/ld-linux-x86-64.so.2 -pie -z now -z relro /usr/lib/gcc/x86_64-linux-gnu/11/../../../x86_64-linux-gnu/Scrt1.o /usr/lib/gcc/x86_64-linux-gnu/11/../../../x86_64-linux-gnu/crti.o /usr/lib/gcc/x86_64-linux-gnu/11/crtbeginS.o -L/usr/lib/gcc/x86_64-linux-gnu/11 -L/usr/lib/gcc/x86_64-linux-gnu/11/../../../x86_64-linux-gnu -L/usr/lib/gcc/x86_64-linux-gnu/11/../../../../lib -L/lib/x86_64-linux-gnu -L/lib/../lib -L/usr/lib/x86_64-linux-gnu -L/usr/lib/../lib -L/usr/lib/gcc/x86_64-linux-gnu/11/../../.. /tmp/cct3UR2r.o -lgfortran -lm -lgcc_s -lgcc -lquadmath -lm -lgcc_s -lgcc -lc -lgcc_s -lgcc /usr/lib/gcc/x86_64-linux-gnu/11/crtendS.o /usr/lib/gcc/x86_64-linux-gnu/11/../../../x86_64-linux-gnu/crtn.o
COLLECT_GCC_OPTIONS='-v' '-shared-libgcc' '-mtune=generic' '-march=x86-64' '-dumpdir' 'a.'


Compilation of the Fortran compiler identification source "CMakeFortranCompilerId.F" produced "a.out"

The Fortran compiler identification is GNU, found in "/home/czz/nvblox_ws/build/nvblox/nvblox/eigen/src/ext_eigen-build/CMakeFiles/3.22.1/CompilerIdFortran/a.out"

Detecting Fortran compiler ABI info compiled with the following output:
Change Dir: /home/czz/nvblox_ws/build/nvblox/nvblox/eigen/src/ext_eigen-build/CMakeFiles/CMakeTmp

Run Build Command(s):/usr/bin/gmake -f Makefile cmTC_20512/fast && gmake[3]: Entering directory '/home/czz/nvblox_ws/build/nvblox/nvblox/eigen/src/ext_eigen-build/CMakeFiles/CMakeTmp'
/usr/bin/gmake  -f CMakeFiles/cmTC_20512.dir/build.make CMakeFiles/cmTC_20512.dir/build
gmake[4]: Entering directory '/home/czz/nvblox_ws/build/nvblox/nvblox/eigen/src/ext_eigen-build/CMakeFiles/CMakeTmp'
Building Fortran object CMakeFiles/cmTC_20512.dir/CMakeFortranCompilerABI.F90.o
/usr/bin/f95   -v -c /usr/share/cmake-3.22/Modules/CMakeFortranCompilerABI.F90 -o CMakeFiles/cmTC_20512.dir/CMakeFortranCompilerABI.F90.o
Using built-in specs.
COLLECT_GCC=/usr/bin/f95
OFFLOAD_TARGET_NAMES=nvptx-none:amdgcn-amdhsa
OFFLOAD_TARGET_DEFAULT=1
Target: x86_64-linux-gnu
Configured with: ../src/configure -v --with-pkgversion='Ubuntu 11.4.0-1ubuntu1~22.04.3' --with-bugurl=file:///usr/share/doc/gcc-11/README.Bugs --enable-languages=c,ada,c++,go,brig,d,fortran,objc,obj-c++,m2 --prefix=/usr --with-gcc-major-version-only --program-suffix=-11 --program-prefix=x86_64-linux-gnu- --enable-shared --enable-linker-build-id --libexecdir=/usr/lib --without-included-gettext --enable-threads=posix --libdir=/usr/lib --enable-nls --enable-bootstrap --enable-clocale=gnu --enable-libstdcxx-debug --enable-libstdcxx-time=yes --with-default-libstdcxx-abi=new --enable-gnu-unique-object --disable-vtable-verify --enable-plugin --enable-default-pie --with-system-zlib --enable-libphobos-checking=release --with-target-system-zlib=auto --enable-objc-gc=auto --enable-multiarch --disable-werror --enable-cet --with-arch-32=i686 --with-abi=m64 --with-multilib-list=m32,m64,mx32 --enable-multilib --with-tune=generic --enable-offload-targets=nvptx-none=/build/gcc-11-0odw26/gcc-11-11.4.0/debian/tmp-nvptx/usr,amdgcn-amdhsa=/build/gcc-11-0odw26/gcc-11-11.4.0/debian/tmp-gcn/usr --without-cuda-driver --enable-checking=release --build=x86_64-linux-gnu --host=x86_64-linux-gnu --target=x86_64-linux-gnu --with-build-config=bootstrap-lto-lean --enable-link-serialization=2
Thread model: posix
Supported LTO compression algorithms: zlib zstd
gcc version 11.4.0 (Ubuntu 11.4.0-1ubuntu1~22.04.3) 
COLLECT_GCC_OPTIONS='-v' '-c' '-o' 'CMakeFiles/cmTC_20512.dir/CMakeFortranCompilerABI.F90.o' '-mtune=generic' '-march=x86-64' '-dumpdir' 'CMakeFiles/cmTC_20512.dir/'
 /usr/lib/gcc/x86_64-linux-gnu/11/f951 /usr/share/cmake-3.22/Modules/CMakeFortranCompilerABI.F90 -cpp=/tmp/cc9WJEVx.f90 -quiet -v -imultiarch x86_64-linux-gnu /usr/share/cmake-3.22/Modules/CMakeFortranCompilerABI.F90 -quiet -dumpdir CMakeFiles/cmTC_20512.dir/ -dumpbase CMakeFortranCompilerABI.F90.F90 -dumpbase-ext .F90 -mtune=generic -march=x86-64 -version -fintrinsic-modules-path /usr/lib/gcc/x86_64-linux-gnu/11/finclude -fpre-include=/usr/include/finclude/math-vector-fortran.h -o /tmp/ccStugFH.s
GNU Fortran (Ubuntu 11.4.0-1ubuntu1~22.04.3) version 11.4.0 (x86_64-linux-gnu)
	compiled by GNU C version 11.4.0, GMP version 6.2.1, MPFR version 4.1.0, MPC version 1.2.1, isl version isl-0.24-GMP

GGC heuristics: --param ggc-min-expand=100 --param ggc-min-heapsize=131072
ignoring nonexistent directory "/usr/local/include/x86_64-linux-gnu"
ignoring nonexistent directory "/usr/lib/gcc/x86_64-linux-gnu/11/include-fixed"
ignoring nonexistent directory "/usr/lib/gcc/x86_64-linux-gnu/11/../../../../x86_64-linux-gnu/include"
#include "..." search starts here:
#include <...> search starts here:
 /usr/lib/gcc/x86_64-linux-gnu/11/finclude
 /usr/lib/gcc/x86_64-linux-gnu/11/include
 /usr/local/include
 /usr/include/x86_64-linux-gnu
 /usr/include
End of search list.
GNU Fortran2008 (Ubuntu 11.4.0-1ubuntu1~22.04.3) version 11.4.0 (x86_64-linux-gnu)
	compiled by GNU C version 11.4.0, GMP version 6.2.1, MPFR version 4.1.0, MPC version 1.2.1, isl version isl-0.24-GMP

GGC heuristics: --param ggc-min-expand=100 --param ggc-min-heapsize=131072
COLLECT_GCC_OPTIONS='-v' '-c' '-o' 'CMakeFiles/cmTC_20512.dir/CMakeFortranCompilerABI.F90.o' '-mtune=generic' '-march=x86-64' '-dumpdir' 'CMakeFiles/cmTC_20512.dir/'
 as -v --64 -o CMakeFiles/cmTC_20512.dir/CMakeFortranCompilerABI.F90.o /tmp/ccStugFH.s
GNU assembler version 2.38 (x86_64-linux-gnu) using BFD version (GNU Binutils for Ubuntu) 2.38
COMPILER_PATH=/usr/lib/gcc/x86_64-linux-gnu/11/:/usr/lib/gcc/x86_64-linux-gnu/11/:/usr/lib/gcc/x86_64-linux-gnu/:/usr/lib/gcc/x86_64-linux-gnu/11/:/usr/lib/gcc/x86_64-linux-gnu/
LIBRARY_PATH=/usr/lib/gcc/x86_64-linux-gnu/11/:/usr/lib/gcc/x86_64-linux-gnu/11/../../../x86_64-linux-gnu/:/usr/lib/gcc/x86_64-linux-gnu/11/../../../../lib/:/lib/x86_64-linux-gnu/:/lib/../lib/:/usr/lib/x86_64-linux-gnu/:/usr/lib/../lib/:/usr/lib/gcc/x86_64-linux-gnu/11/../../../:/lib/:/usr/lib/
COLLECT_GCC_OPTIONS='-v' '-c' '-o' 'CMakeFiles/cmTC_20512.dir/CMakeFortranCompilerABI.F90.o' '-mtune=generic' '-march=x86-64' '-dumpdir' 'CMakeFiles/cmTC_20512.dir/CMakeFortranCompilerABI.F90.'
Linking Fortran executable cmTC_20512
/usr/bin/cmake -E cmake_link_script CMakeFiles/cmTC_20512.dir/link.txt --verbose=1
/usr/bin/f95  -v CMakeFiles/cmTC_20512.dir/CMakeFortranCompilerABI.F90.o -o cmTC_20512 
Driving: /usr/bin/f95 -v CMakeFiles/cmTC_20512.dir/CMakeFortranCompilerABI.F90.o -o cmTC_20512 -l gfortran -l m -shared-libgcc
Using built-in specs.
COLLECT_GCC=/usr/bin/f95
COLLECT_LTO_WRAPPER=/usr/lib/gcc/x86_64-linux-gnu/11/lto-wrapper
OFFLOAD_TARGET_NAMES=nvptx-none:amdgcn-amdhsa
OFFLOAD_TARGET_DEFAULT=1
Target: x86_64-linux-gnu
Configured with: ../src/configure -v --with-pkgversion='Ubuntu 11.4.0-1ubuntu1~22.04.3' --with-bugurl=file:///usr/share/doc/gcc-11/README.Bugs --enable-languages=c,ada,c++,go,brig,d,fortran,objc,obj-c++,m2 --prefix=/usr --with-gcc-major-version-only --program-suffix=-11 --program-prefix=x86_64-linux-gnu- --enable-shared --enable-linker-build-id --libexecdir=/usr/lib --without-included-gettext --enable-threads=posix --libdir=/usr/lib --enable-nls --enable-bootstrap --enable-clocale=gnu --enable-libstdcxx-debug --enable-libstdcxx-time=yes --with-default-libstdcxx-abi=new --enable-gnu-unique-object --disable-vtable-verify --enable-plugin --enable-default-pie --with-system-zlib --enable-libphobos-checking=release --with-target-system-zlib=auto --enable-objc-gc=auto --enable-multiarch --disable-werror --enable-cet --with-arch-32=i686 --with-abi=m64 --with-multilib-list=m32,m64,mx32 --enable-multilib --with-tune=generic --enable-offload-targets=nvptx-none=/build/gcc-11-0odw26/gcc-11-11.4.0/debian/tmp-nvptx/usr,amdgcn-amdhsa=/build/gcc-11-0odw26/gcc-11-11.4.0/debian/tmp-gcn/usr --without-cuda-driver --enable-checking=release --build=x86_64-linux-gnu --host=x86_64-linux-gnu --target=x86_64-linux-gnu --with-build-config=bootstrap-lto-lean --enable-link-serialization=2
Thread model: posix
Supported LTO compression algorithms: zlib zstd
gcc version 11.4.0 (Ubuntu 11.4.0-1ubuntu1~22.04.3) 
Reading specs from /usr/lib/gcc/x86_64-linux-gnu/11/libgfortran.spec
rename spec lib to liborig
COLLECT_GCC_OPTIONS='-v' '-o' 'cmTC_20512' '-shared-libgcc' '-mtune=generic' '-march=x86-64' '-dumpdir' 'cmTC_20512-'
COMPILER_PATH=/usr/lib/gcc/x86_64-linux-gnu/11/:/usr/lib/gcc/x86_64-linux-gnu/11/:/usr/lib/gcc/x86_64-linux-gnu/:/usr/lib/gcc/x86_64-linux-gnu/11/:/usr/lib/gcc/x86_64-linux-gnu/
LIBRARY_PATH=/usr/lib/gcc/x86_64-linux-gnu/11/:/usr/lib/gcc/x86_64-linux-gnu/11/../../../x86_64-linux-gnu/:/usr/lib/gcc/x86_64-linux-gnu/11/../../../../lib/:/lib/x86_64-linux-gnu/:/lib/../lib/:/usr/lib/x86_64-linux-gnu/:/usr/lib/../lib/:/usr/lib/gcc/x86_64-linux-gnu/11/../../../:/lib/:/usr/lib/
COLLECT_GCC_OPTIONS='-v' '-o' 'cmTC_20512' '-shared-libgcc' '-mtune=generic' '-march=x86-64' '-dumpdir' 'cmTC_20512.'
 /usr/lib/gcc/x86_64-linux-gnu/11/collect2 -plugin /usr/lib/gcc/x86_64-linux-gnu/11/liblto_plugin.so -plugin-opt=/usr/lib/gcc/x86_64-linux-gnu/11/lto-wrapper -plugin-opt=-fresolution=/tmp/ccz4cbKw.res -plugin-opt=-pass-through=-lgcc_s -plugin-opt=-pass-through=-lgcc -plugin-opt=-pass-through=-lquadmath -plugin-opt=-pass-through=-lm -plugin-opt=-pass-through=-lgcc_s -plugin-opt=-pass-through=-lgcc -plugin-opt=-pass-through=-lc -plugin-opt=-pass-through=-lgcc_s -plugin-opt=-pass-through=-lgcc --build-id --eh-frame-hdr -m elf_x86_64 --hash-style=gnu --as-needed -dynamic-linker /lib64/ld-linux-x86-64.so.2 -pie -z now -z relro -o cmTC_20512 /usr/lib/gcc/x86_64-linux-gnu/11/../../../x86_64-linux-gnu/Scrt1.o /usr/lib/gcc/x86_64-linux-gnu/11/../../../x86_64-linux-gnu/crti.o /usr/lib/gcc/x86_64-linux-gnu/11/crtbeginS.o -L/usr/lib/gcc/x86_64-linux-gnu/11 -L/usr/lib/gcc/x86_64-linux-gnu/11/../../../x86_64-linux-gnu -L/usr/lib/gcc/x86_64-linux-gnu/11/../../../../lib -L/lib/x86_64-linux-gnu -L/lib/../lib -L/usr/lib/x86_64-linux-gnu -L/usr/lib/../lib -L/usr/lib/gcc/x86_64-linux-gnu/11/../../.. CMakeFiles/cmTC_20512.dir/CMakeFortranCompilerABI.F90.o -lgfortran -lm -lgcc_s -lgcc -lquadmath -lm -lgcc_s -lgcc -lc -lgcc_s -lgcc /usr/lib/gcc/x86_64-linux-gnu/11/crtendS.o /usr/lib/gcc/x86_64-linux-gnu/11/../../../x86_64-linux-gnu/crtn.o
COLLECT_GCC_OPTIONS='-v' '-o' 'cmTC_20512' '-shared-libgcc' '-mtune=generic' '-march=x86-64' '-dumpdir' 'cmTC_20512.'
gmake[4]: Leaving directory '/home/czz/nvblox_ws/build/nvblox/nvblox/eigen/src/ext_eigen-build/CMakeFiles/CMakeTmp'
gmake[3]: Leaving directory '/home/czz/nvblox_ws/build/nvblox/nvblox/eigen/src/ext_eigen-build/CMakeFiles/CMakeTmp'



Parsed Fortran implicit include dir info from above output: rv=done
  found start of include info
  found start of implicit include info
    add: [/usr/lib/gcc/x86_64-linux-gnu/11/finclude]
    add: [/usr/lib/gcc/x86_64-linux-gnu/11/include]
    add: [/usr/local/include]
    add: [/usr/include/x86_64-linux-gnu]
    add: [/usr/include]
  end of search list found
  collapse include dir [/usr/lib/gcc/x86_64-linux-gnu/11/finclude] ==> [/usr/lib/gcc/x86_64-linux-gnu/11/finclude]
  collapse include dir [/usr/lib/gcc/x86_64-linux-gnu/11/include] ==> [/usr/lib/gcc/x86_64-linux-gnu/11/include]
  collapse include dir [/usr/local/include] ==> [/usr/local/include]
  collapse include dir [/usr/include/x86_64-linux-gnu] ==> [/usr/include/x86_64-linux-gnu]
  collapse include dir [/usr/include] ==> [/usr/include]
  implicit include dirs: [/usr/lib/gcc/x86_64-linux-gnu/11/finclude;/usr/lib/gcc/x86_64-linux-gnu/11/include;/usr/local/include;/usr/include/x86_64-linux-gnu;/usr/include]


Parsed Fortran implicit link information from above output:
  link line regex: [^( *|.*[/\])(ld|CMAKE_LINK_STARTFILE-NOTFOUND|([^/\]+-)?ld|collect2)[^/\]*( |$)]
  ignore line: [Change Dir: /home/czz/nvblox_ws/build/nvblox/nvblox/eigen/src/ext_eigen-build/CMakeFiles/CMakeTmp]
  ignore line: []
  ignore line: [Run Build Command(s):/usr/bin/gmake -f Makefile cmTC_20512/fast && gmake[3]: Entering directory '/home/czz/nvblox_ws/build/nvblox/nvblox/eigen/src/ext_eigen-build/CMakeFiles/CMakeTmp']
  ignore line: [/usr/bin/gmake  -f CMakeFiles/cmTC_20512.dir/build.make CMakeFiles/cmTC_20512.dir/build]
  ignore line: [gmake[4]: Entering directory '/home/czz/nvblox_ws/build/nvblox/nvblox/eigen/src/ext_eigen-build/CMakeFiles/CMakeTmp']
  ignore line: [Building Fortran object CMakeFiles/cmTC_20512.dir/CMakeFortranCompilerABI.F90.o]
  ignore line: [/usr/bin/f95   -v -c /usr/share/cmake-3.22/Modules/CMakeFortranCompilerABI.F90 -o CMakeFiles/cmTC_20512.dir/CMakeFortranCompilerABI.F90.o]
  ignore line: [Using built-in specs.]
  ignore line: [COLLECT_GCC=/usr/bin/f95]
  ignore line: [OFFLOAD_TARGET_NAMES=nvptx-none:amdgcn-amdhsa]
  ignore line: [OFFLOAD_TARGET_DEFAULT=1]
  ignore line: [Target: x86_64-linux-gnu]
  ignore line: [Configured with: ../src/configure -v --with-pkgversion='Ubuntu 11.4.0-1ubuntu1~22.04.3' --with-bugurl=file:///usr/share/doc/gcc-11/README.Bugs --enable-languages=c ada c++ go brig d fortran objc obj-c++ m2 --prefix=/usr --with-gcc-major-version-only --program-suffix=-11 --program-prefix=x86_64-linux-gnu- --enable-shared --enable-linker-build-id --libexecdir=/usr/lib --without-included-gettext --enable-threads=posix --libdir=/usr/lib --enable-nls --enable-bootstrap --enable-clocale=gnu --enable-libstdcxx-debug --enable-libstdcxx-time=yes --with-default-libstdcxx-abi=new --enable-gnu-unique-object --disable-vtable-verify --enable-plugin --enable-default-pie --with-system-zlib --enable-libphobos-checking=release --with-target-system-zlib=auto --enable-objc-gc=auto --enable-multiarch --disable-werror --enable-cet --with-arch-32=i686 --with-abi=m64 --with-multilib-list=m32 m64 mx32 --enable-multilib --with-tune=generic --enable-offload-targets=nvptx-none=/build/gcc-11-0odw26/gcc-11-11.4.0/debian/tmp-nvptx/usr amdgcn-amdhsa=/build/gcc-11-0odw26/gcc-11-11.4.0/debian/tmp-gcn/usr --without-cuda-driver --enable-checking=release --build=x86_64-linux-gnu --host=x86_64-linux-gnu --target=x86_64-linux-gnu --with-build-config=bootstrap-lto-lean --enable-link-serialization=2]
  ignore line: [Thread model: posix]
  ignore line: [Supported LTO compression algorithms: zlib zstd]
  ignore line: [gcc version 11.4.0 (Ubuntu 11.4.0-1ubuntu1~22.04.3) ]
  ignore line: [COLLECT_GCC_OPTIONS='-v' '-c' '-o' 'CMakeFiles/cmTC_20512.dir/CMakeFortranCompilerABI.F90.o' '-mtune=generic' '-march=x86-64' '-dumpdir' 'CMakeFiles/cmTC_20512.dir/']
  ignore line: [ /usr/lib/gcc/x86_64-linux-gnu/11/f951 /usr/share/cmake-3.22/Modules/CMakeFortranCompilerABI.F90 -cpp=/tmp/cc9WJEVx.f90 -quiet -v -imultiarch x86_64-linux-gnu /usr/share/cmake-3.22/Modules/CMakeFortranCompilerABI.F90 -quiet -dumpdir CMakeFiles/cmTC_20512.dir/ -dumpbase CMakeFortranCompilerABI.F90.F90 -dumpbase-ext .F90 -mtune=generic -march=x86-64 -version -fintrinsic-modules-path /usr/lib/gcc/x86_64-linux-gnu/11/finclude -fpre-include=/usr/include/finclude/math-vector-fortran.h -o /tmp/ccStugFH.s]
  ignore line: [GNU Fortran (Ubuntu 11.4.0-1ubuntu1~22.04.3) version 11.4.0 (x86_64-linux-gnu)]
  ignore line: [	compiled by GNU C version 11.4.0  GMP version 6.2.1  MPFR version 4.1.0  MPC version 1.2.1  isl version isl-0.24-GMP]
  ignore line: []
  ignore line: [GGC heuristics: --param ggc-min-expand=100 --param ggc-min-heapsize=131072]
  ignore line: [ignoring nonexistent directory "/usr/local/include/x86_64-linux-gnu"]
  ignore line: [ignoring nonexistent directory "/usr/lib/gcc/x86_64-linux-gnu/11/include-fixed"]
  ignore line: [ignoring nonexistent directory "/usr/lib/gcc/x86_64-linux-gnu/11/../../../../x86_64-linux-gnu/include"]
  ignore line: [#include "..." search starts here:]
  ignore line: [#include <...> search starts here:]
  ignore line: [ /usr/lib/gcc/x86_64-linux-gnu/11/finclude]
  ignore line: [ /usr/lib/gcc/x86_64-linux-gnu/11/include]
  ignore line: [ /usr/local/include]
  ignore line: [ /usr/include/x86_64-linux-gnu]
  ignore line: [ /usr/include]
  ignore line: [End of search list.]
  ignore line: [GNU Fortran2008 (Ubuntu 11.4.0-1ubuntu1~22.04.3) version 11.4.0 (x86_64-linux-gnu)]
  ignore line: [	compiled by GNU C version 11.4.0  GMP version 6.2.1  MPFR version 4.1.0  MPC version 1.2.1  isl version isl-0.24-GMP]
  ignore line: []
  ignore line: [GGC heuristics: --param ggc-min-expand=100 --param ggc-min-heapsize=131072]
  ignore line: [COLLECT_GCC_OPTIONS='-v' '-c' '-o' 'CMakeFiles/cmTC_20512.dir/CMakeFortranCompilerABI.F90.o' '-mtune=generic' '-march=x86-64' '-dumpdir' 'CMakeFiles/cmTC_20512.dir/']
  ignore line: [ as -v --64 -o CMakeFiles/cmTC_20512.dir/CMakeFortranCompilerABI.F90.o /tmp/ccStugFH.s]
  ignore line: [GNU assembler version 2.38 (x86_64-linux-gnu) using BFD version (GNU Binutils for Ubuntu) 2.38]
  ignore line: [COMPILER_PATH=/usr/lib/gcc/x86_64-linux-gnu/11/:/usr/lib/gcc/x86_64-linux-gnu/11/:/usr/lib/gcc/x86_64-linux-gnu/:/usr/lib/gcc/x86_64-linux-gnu/11/:/usr/lib/gcc/x86_64-linux-gnu/]
  ignore line: [LIBRARY_PATH=/usr/lib/gcc/x86_64-linux-gnu/11/:/usr/lib/gcc/x86_64-linux-gnu/11/../../../x86_64-linux-gnu/:/usr/lib/gcc/x86_64-linux-gnu/11/../../../../lib/:/lib/x86_64-linux-gnu/:/lib/../lib/:/usr/lib/x86_64-linux-gnu/:/usr/lib/../lib/:/usr/lib/gcc/x86_64-linux-gnu/11/../../../:/lib/:/usr/lib/]
  ignore line: [COLLECT_GCC_OPTIONS='-v' '-c' '-o' 'CMakeFiles/cmTC_20512.dir/CMakeFortranCompilerABI.F90.o' '-mtune=generic' '-march=x86-64' '-dumpdir' 'CMakeFiles/cmTC_20512.dir/CMakeFortranCompilerABI.F90.']
  ignore line: [Linking Fortran executable cmTC_20512]
  ignore line: [/usr/bin/cmake -E cmake_link_script CMakeFiles/cmTC_20512.dir/link.txt --verbose=1]
  ignore line: [/usr/bin/f95  -v CMakeFiles/cmTC_20512.dir/CMakeFortranCompilerABI.F90.o -o cmTC_20512 ]
  ignore line: [Driving: /usr/bin/f95 -v CMakeFiles/cmTC_20512.dir/CMakeFortranCompilerABI.F90.o -o cmTC_20512 -l gfortran -l m -shared-libgcc]
  ignore line: [Using built-in specs.]
  ignore line: [COLLECT_GCC=/usr/bin/f95]
  ignore line: [COLLECT_LTO_WRAPPER=/usr/lib/gcc/x86_64-linux-gnu/11/lto-wrapper]
  ignore line: [OFFLOAD_TARGET_NAMES=nvptx-none:amdgcn-amdhsa]
  ignore line: [OFFLOAD_TARGET_DEFAULT=1]
  ignore line: [Target: x86_64-linux-gnu]
  ignore line: [Configured with: ../src/configure -v --with-pkgversion='Ubuntu 11.4.0-1ubuntu1~22.04.3' --with-bugurl=file:///usr/share/doc/gcc-11/README.Bugs --enable-languages=c ada c++ go brig d fortran objc obj-c++ m2 --prefix=/usr --with-gcc-major-version-only --program-suffix=-11 --program-prefix=x86_64-linux-gnu- --enable-shared --enable-linker-build-id --libexecdir=/usr/lib --without-included-gettext --enable-threads=posix --libdir=/usr/lib --enable-nls --enable-bootstrap --enable-clocale=gnu --enable-libstdcxx-debug --enable-libstdcxx-time=yes --with-default-libstdcxx-abi=new --enable-gnu-unique-object --disable-vtable-verify --enable-plugin --enable-default-pie --with-system-zlib --enable-libphobos-checking=release --with-target-system-zlib=auto --enable-objc-gc=auto --enable-multiarch --disable-werror --enable-cet --with-arch-32=i686 --with-abi=m64 --with-multilib-list=m32 m64 mx32 --enable-multilib --with-tune=generic --enable-offload-targets=nvptx-none=/build/gcc-11-0odw26/gcc-11-11.4.0/debian/tmp-nvptx/usr amdgcn-amdhsa=/build/gcc-11-0odw26/gcc-11-11.4.0/debian/tmp-gcn/usr --without-cuda-driver --enable-checking=release --build=x86_64-linux-gnu --host=x86_64-linux-gnu --target=x86_64-linux-gnu --with-build-config=bootstrap-lto-lean --enable-link-serialization=2]
  ignore line: [Thread model: posix]
  ignore line: [Supported LTO compression algorithms: zlib zstd]
  ignore line: [gcc version 11.4.0 (Ubuntu 11.4.0-1ubuntu1~22.04.3) ]
  ignore line: [Reading specs from /usr/lib/gcc/x86_64-linux-gnu/11/libgfortran.spec]
  ignore line: [rename spec lib to liborig]
  ignore line: [COLLECT_GCC_OPTIONS='-v' '-o' 'cmTC_20512' '-shared-libgcc' '-mtune=generic' '-march=x86-64' '-dumpdir' 'cmTC_20512-']
  ignore line: [COMPILER_PATH=/usr/lib/gcc/x86_64-linux-gnu/11/:/usr/lib/gcc/x86_64-linux-gnu/11/:/usr/lib/gcc/x86_64-linux-gnu/:/usr/lib/gcc/x86_64-linux-gnu/11/:/usr/lib/gcc/x86_64-linux-gnu/]
  ignore line: [LIBRARY_PATH=/usr/lib/gcc/x86_64-linux-gnu/11/:/usr/lib/gcc/x86_64-linux-gnu/11/../../../x86_64-linux-gnu/:/usr/lib/gcc/x86_64-linux-gnu/11/../../../../lib/:/lib/x86_64-linux-gnu/:/lib/../lib/:/usr/lib/x86_64-linux-gnu/:/usr/lib/../lib/:/usr/lib/gcc/x86_64-linux-gnu/11/../../../:/lib/:/usr/lib/]
  ignore line: [COLLECT_GCC_OPTIONS='-v' '-o' 'cmTC_20512' '-shared-libgcc' '-mtune=generic' '-march=x86-64' '-dumpdir' 'cmTC_20512.']
  link line: [ /usr/lib/gcc/x86_64-linux-gnu/11/collect2 -plugin /usr/lib/gcc/x86_64-linux-gnu/11/liblto_plugin.so -plugin-opt=/usr/lib/gcc/x86_64-linux-gnu/11/lto-wrapper -plugin-opt=-fresolution=/tmp/ccz4cbKw.res -plugin-opt=-pass-through=-lgcc_s -plugin-opt=-pass-through=-lgcc -plugin-opt=-pass-through=-lquadmath -plugin-opt=-pass-through=-lm -plugin-opt=-pass-through=-lgcc_s -plugin-opt=-pass-through=-lgcc -plugin-opt=-pass-through=-lc -plugin-opt=-pass-through=-lgcc_s -plugin-opt=-pass-through=-lgcc --build-id --eh-frame-hdr -m elf_x86_64 --hash-style=gnu --as-needed -dynamic-linker /lib64/ld-linux-x86-64.so.2 -pie -z now -z relro -o cmTC_20512 /usr/lib/gcc/x86_64-linux-gnu/11/../../../x86_64-linux-gnu/Scrt1.o /usr/lib/gcc/x86_64-linux-gnu/11/../../../x86_64-linux-gnu/crti.o /usr/lib/gcc/x86_64-linux-gnu/11/crtbeginS.o -L/usr/lib/gcc/x86_64-linux-gnu/11 -L/usr/lib/gcc/x86_64-linux-gnu/11/../../../x86_64-linux-gnu -L/usr/lib/gcc/x86_64-linux-gnu/11/../../../../lib -L/lib/x86_64-linux-gnu -L/lib/../lib -L/usr/lib/x86_64-linux-gnu -L/usr/lib/../lib -L/usr/lib/gcc/x86_64-linux-gnu/11/../../.. CMakeFiles/cmTC_20512.dir/CMakeFortranCompilerABI.F90.o -lgfortran -lm -lgcc_s -lgcc -lquadmath -lm -lgcc_s -lgcc -lc -lgcc_s -lgcc /usr/lib/gcc/x86_64-linux-gnu/11/crtendS.o /usr/lib/gcc/x86_64-linux-gnu/11/../../../x86_64-linux-gnu/crtn.o]
    arg [/usr/lib/gcc/x86_64-linux-gnu/11/collect2] ==> ignore
    arg [-plugin] ==> ignore
    arg [/usr/lib/gcc/x86_64-linux-gnu/11/liblto_plugin.so] ==> ignore
    arg [-plugin-opt=/usr/lib/gcc/x86_64-linux-gnu/11/lto-wrapper] ==> ignore
    arg [-plugin-opt=-fresolution=/tmp/ccz4cbKw.res] ==> ignore
    arg [-plugin-opt=-pass-through=-lgcc_s] ==> ignore
    arg [-plugin-opt=-pass-through=-lgcc] ==> ignore
    arg [-plugin-opt=-pass-through=-lquadmath] ==> ignore
    arg [-plugin-opt=-pass-through=-lm] ==> ignore
    arg [-plugin-opt=-pass-through=-lgcc_s] ==> ignore
    arg [-plugin-opt=-pass-through=-lgcc] ==> ignore
    arg [-plugin-opt=-pass-through=-lc] ==> ignore
    arg [-plugin-opt=-pass-through=-lgcc_s] ==> ignore
    arg [-plugin-opt=-pass-through=-lgcc] ==> ignore
    arg [--build-id] ==> ignore
    arg [--eh-frame-hdr] ==> ignore
    arg [-m] ==> ignore
    arg [elf_x86_64] ==> ignore
    arg [--hash-style=gnu] ==> ignore
    arg [--as-needed] ==> ignore
    arg [-dynamic-linker] ==> ignore
    arg [/lib64/ld-linux-x86-64.so.2] ==> ignore
    arg [-pie] ==> ignore
    arg [-znow] ==> ignore
    arg [-zrelro] ==> ignore
    arg [-o] ==> ignore
    arg [cmTC_20512] ==> ignore
    arg [/usr/lib/gcc/x86_64-linux-gnu/11/../../../x86_64-linux-gnu/Scrt1.o] ==> obj [/usr/lib/gcc/x86_64-linux-gnu/11/../../../x86_64-linux-gnu/Scrt1.o]
    arg [/usr/lib/gcc/x86_64-linux-gnu/11/../../../x86_64-linux-gnu/crti.o] ==> obj [/usr/lib/gcc/x86_64-linux-gnu/11/../../../x86_64-linux-gnu/crti.o]
    arg [/usr/lib/gcc/x86_64-linux-gnu/11/crtbeginS.o] ==> obj [/usr/lib/gcc/x86_64-linux-gnu/11/crtbeginS.o]
    arg [-L/usr/lib/gcc/x86_64-linux-gnu/11] ==> dir [/usr/lib/gcc/x86_64-linux-gnu/11]
    arg [-L/usr/lib/gcc/x86_64-linux-gnu/11/../../../x86_64-linux-gnu] ==> dir [/usr/lib/gcc/x86_64-linux-gnu/11/../../../x86_64-linux-gnu]
    arg [-L/usr/lib/gcc/x86_64-linux-gnu/11/../../../../lib] ==> dir [/usr/lib/gcc/x86_64-linux-gnu/11/../../../../lib]
    arg [-L/lib/x86_64-linux-gnu] ==> dir [/lib/x86_64-linux-gnu]
    arg [-L/lib/../lib] ==> dir [/lib/../lib]
    arg [-L/usr/lib/x86_64-linux-gnu] ==> dir [/usr/lib/x86_64-linux-gnu]
    arg [-L/usr/lib/../lib] ==> dir [/usr/lib/../lib]
    arg [-L/usr/lib/gcc/x86_64-linux-gnu/11/../../..] ==> dir [/usr/lib/gcc/x86_64-linux-gnu/11/../../..]
    arg [CMakeFiles/cmTC_20512.dir/CMakeFortranCompilerABI.F90.o] ==> ignore
    arg [-lgfortran] ==> lib [gfortran]
    arg [-lm] ==> lib [m]
    arg [-lgcc_s] ==> lib [gcc_s]
    arg [-lgcc] ==> lib [gcc]
    arg [-lquadmath] ==> lib [quadmath]
    arg [-lm] ==> lib [m]
    arg [-lgcc_s] ==> lib [gcc_s]
    arg [-lgcc] ==> lib [gcc]
    arg [-lc] ==> lib [c]
    arg [-lgcc_s] ==> lib [gcc_s]
    arg [-lgcc] ==> lib [gcc]
    arg [/usr/lib/gcc/x86_64-linux-gnu/11/crtendS.o] ==> obj [/usr/lib/gcc/x86_64-linux-gnu/11/crtendS.o]
    arg [/usr/lib/gcc/x86_64-linux-gnu/11/../../../x86_64-linux-gnu/crtn.o] ==> obj [/usr/lib/gcc/x86_64-linux-gnu/11/../../../x86_64-linux-gnu/crtn.o]
  collapse obj [/usr/lib/gcc/x86_64-linux-gnu/11/../../../x86_64-linux-gnu/Scrt1.o] ==> [/usr/lib/x86_64-linux-gnu/Scrt1.o]
  collapse obj [/usr/lib/gcc/x86_64-linux-gnu/11/../../../x86_64-linux-gnu/crti.o] ==> [/usr/lib/x86_64-linux-gnu/crti.o]
  collapse obj [/usr/lib/gcc/x86_64-linux-gnu/11/../../../x86_64-linux-gnu/crtn.o] ==> [/usr/lib/x86_64-linux-gnu/crtn.o]
  collapse library dir [/usr/lib/gcc/x86_64-linux-gnu/11] ==> [/usr/lib/gcc/x86_64-linux-gnu/11]
  collapse library dir [/usr/lib/gcc/x86_64-linux-gnu/11/../../../x86_64-linux-gnu] ==> [/usr/lib/x86_64-linux-gnu]
  collapse library dir [/usr/lib/gcc/x86_64-linux-gnu/11/../../../../lib] ==> [/usr/lib]
  collapse library dir [/lib/x86_64-linux-gnu] ==> [/lib/x86_64-linux-gnu]
  collapse library dir [/lib/../lib] ==> [/lib]
  collapse library dir [/usr/lib/x86_64-linux-gnu] ==> [/usr/lib/x86_64-linux-gnu]
  collapse library dir [/usr/lib/../lib] ==> [/usr/lib]
  collapse library dir [/usr/lib/gcc/x86_64-linux-gnu/11/../../..] ==> [/usr/lib]
  implicit libs: [gfortran;m;gcc_s;gcc;quadmath;m;gcc_s;gcc;c;gcc_s;gcc]
  implicit objs: [/usr/lib/x86_64-linux-gnu/Scrt1.o;/usr/lib/x86_64-linux-gnu/crti.o;/usr/lib/gcc/x86_64-linux-gnu/11/crtbeginS.o;/usr/lib/gcc/x86_64-linux-gnu/11/crtendS.o;/usr/lib/x86_64-linux-gnu/crtn.o]
  implicit dirs: [/usr/lib/gcc/x86_64-linux-gnu/11;/usr/lib/x86_64-linux-gnu;/usr/lib;/lib/x86_64-linux-gnu;/lib]
  implicit fwks: []


Performing C++ SOURCE FILE Test SUPERLU_HAS_GLOBAL_MEM_USAGE_T succeeded with the following output:
Change Dir: /home/czz/nvblox_ws/build/nvblox/nvblox/eigen/src/ext_eigen-build/CMakeFiles/CMakeTmp

Run Build Command(s):/usr/bin/gmake -f Makefile cmTC_5a3be/fast && gmake[3]: 进入目录“/home/czz/nvblox_ws/build/nvblox/nvblox/eigen/src/ext_eigen-build/CMakeFiles/CMakeTmp”
/usr/bin/gmake  -f CMakeFiles/cmTC_5a3be.dir/build.make CMakeFiles/cmTC_5a3be.dir/build
gmake[4]: 进入目录“/home/czz/nvblox_ws/build/nvblox/nvblox/eigen/src/ext_eigen-build/CMakeFiles/CMakeTmp”
Building CXX object CMakeFiles/cmTC_5a3be.dir/src.cxx.o
/usr/bin/c++ -DSUPERLU_HAS_GLOBAL_MEM_USAGE_T -I/usr/include/superlu -std=c++03 -pedantic -Wall -Wextra -Wundef -Wcast-align -Wchar-subscripts -Wnon-virtual-dtor -Wunused-local-typedefs -Wpointer-arith -Wwrite-strings -Wformat-security -Wlogical-op -Wenum-conversion -Wdouble-promotion -Wshadow -Wno-psabi -Wno-variadic-macros -Wno-long-long -fno-check-new -fno-common -fstrict-aliasing -ansi  -o CMakeFiles/cmTC_5a3be.dir/src.cxx.o -c /home/czz/nvblox_ws/build/nvblox/nvblox/eigen/src/ext_eigen-build/CMakeFiles/CMakeTmp/src.cxx
/home/czz/nvblox_ws/build/nvblox/nvblox/eigen/src/ext_eigen-build/CMakeFiles/CMakeTmp/src.cxx: In function ‘int main()’:
/home/czz/nvblox_ws/build/nvblox/nvblox/eigen/src/ext_eigen-build/CMakeFiles/CMakeTmp/src.cxx:6:15: warning: unused variable ‘mem’ [-Wunused-variable]
    6 |   mem_usage_t mem;
      |               ^~~
Linking CXX executable cmTC_5a3be
/usr/bin/cmake -E cmake_link_script CMakeFiles/cmTC_5a3be.dir/link.txt --verbose=1
/usr/bin/c++  -std=c++03 -pedantic -Wall -Wextra -Wundef -Wcast-align -Wchar-subscripts -Wnon-virtual-dtor -Wunused-local-typedefs -Wpointer-arith -Wwrite-strings -Wformat-security -Wlogical-op -Wenum-conversion -Wdouble-promotion -Wshadow -Wno-psabi -Wno-variadic-macros -Wno-long-long -fno-check-new -fno-common -fstrict-aliasing -ansi  CMakeFiles/cmTC_5a3be.dir/src.cxx.o -o cmTC_5a3be 
gmake[4]: 离开目录“/home/czz/nvblox_ws/build/nvblox/nvblox/eigen/src/ext_eigen-build/CMakeFiles/CMakeTmp”
gmake[3]: 离开目录“/home/czz/nvblox_ws/build/nvblox/nvblox/eigen/src/ext_eigen-build/CMakeFiles/CMakeTmp”


Source file was:

typedef int int_t;
#include <supermatrix.h>
#include <slu_util.h>
int main() {
  mem_usage_t mem;
  return 0;
}
Performing C++ SOURCE FILE Test SUPERLU_HAS_CLEAN_ENUMS succeeded with the following output:
Change Dir: /home/czz/nvblox_ws/build/nvblox/nvblox/eigen/src/ext_eigen-build/CMakeFiles/CMakeTmp

Run Build Command(s):/usr/bin/gmake -f Makefile cmTC_f0430/fast && gmake[3]: 进入目录“/home/czz/nvblox_ws/build/nvblox/nvblox/eigen/src/ext_eigen-build/CMakeFiles/CMakeTmp”
/usr/bin/gmake  -f CMakeFiles/cmTC_f0430.dir/build.make CMakeFiles/cmTC_f0430.dir/build
gmake[4]: 进入目录“/home/czz/nvblox_ws/build/nvblox/nvblox/eigen/src/ext_eigen-build/CMakeFiles/CMakeTmp”
Building CXX object CMakeFiles/cmTC_f0430.dir/src.cxx.o
/usr/bin/c++ -DSUPERLU_HAS_CLEAN_ENUMS -I/usr/include/superlu -std=c++03 -pedantic -Wall -Wextra -Wundef -Wcast-align -Wchar-subscripts -Wnon-virtual-dtor -Wunused-local-typedefs -Wpointer-arith -Wwrite-strings -Wformat-security -Wlogical-op -Wenum-conversion -Wdouble-promotion -Wshadow -Wno-psabi -Wno-variadic-macros -Wno-long-long -fno-check-new -fno-common -fstrict-aliasing -ansi  -o CMakeFiles/cmTC_f0430.dir/src.cxx.o -c /home/czz/nvblox_ws/build/nvblox/nvblox/eigen/src/ext_eigen-build/CMakeFiles/CMakeTmp/src.cxx
Linking CXX executable cmTC_f0430
/usr/bin/cmake -E cmake_link_script CMakeFiles/cmTC_f0430.dir/link.txt --verbose=1
/usr/bin/c++  -std=c++03 -pedantic -Wall -Wextra -Wundef -Wcast-align -Wchar-subscripts -Wnon-virtual-dtor -Wunused-local-typedefs -Wpointer-arith -Wwrite-strings -Wformat-security -Wlogical-op -Wenum-conversion -Wdouble-promotion -Wshadow -Wno-psabi -Wno-variadic-macros -Wno-long-long -fno-check-new -fno-common -fstrict-aliasing -ansi  CMakeFiles/cmTC_f0430.dir/src.cxx.o -o cmTC_f0430 
gmake[4]: 离开目录“/home/czz/nvblox_ws/build/nvblox/nvblox/eigen/src/ext_eigen-build/CMakeFiles/CMakeTmp”
gmake[3]: 离开目录“/home/czz/nvblox_ws/build/nvblox/nvblox/eigen/src/ext_eigen-build/CMakeFiles/CMakeTmp”


Source file was:

typedef int int_t;
#include <supermatrix.h>
#include <superlu_enum_consts.h>
int main() {
  return SLU_SINGLE;
}
Performing C++ SOURCE FILE Test SUPERLU_HAS_GLOBALLU_T succeeded with the following output:
Change Dir: /home/czz/nvblox_ws/build/nvblox/nvblox/eigen/src/ext_eigen-build/CMakeFiles/CMakeTmp

Run Build Command(s):/usr/bin/gmake -f Makefile cmTC_37ef8/fast && gmake[3]: 进入目录“/home/czz/nvblox_ws/build/nvblox/nvblox/eigen/src/ext_eigen-build/CMakeFiles/CMakeTmp”
/usr/bin/gmake  -f CMakeFiles/cmTC_37ef8.dir/build.make CMakeFiles/cmTC_37ef8.dir/build
gmake[4]: 进入目录“/home/czz/nvblox_ws/build/nvblox/nvblox/eigen/src/ext_eigen-build/CMakeFiles/CMakeTmp”
Building CXX object CMakeFiles/cmTC_37ef8.dir/src.cxx.o
/usr/bin/c++ -DSUPERLU_HAS_GLOBALLU_T -I/usr/include/superlu -std=c++03 -pedantic -Wall -Wextra -Wundef -Wcast-align -Wchar-subscripts -Wnon-virtual-dtor -Wunused-local-typedefs -Wpointer-arith -Wwrite-strings -Wformat-security -Wlogical-op -Wenum-conversion -Wdouble-promotion -Wshadow -Wno-psabi -Wno-variadic-macros -Wno-long-long -fno-check-new -fno-common -fstrict-aliasing -ansi  -o CMakeFiles/cmTC_37ef8.dir/src.cxx.o -c /home/czz/nvblox_ws/build/nvblox/nvblox/eigen/src/ext_eigen-build/CMakeFiles/CMakeTmp/src.cxx
/home/czz/nvblox_ws/build/nvblox/nvblox/eigen/src/ext_eigen-build/CMakeFiles/CMakeTmp/src.cxx: In function ‘int main()’:
/home/czz/nvblox_ws/build/nvblox/nvblox/eigen/src/ext_eigen-build/CMakeFiles/CMakeTmp/src.cxx:7:14: warning: unused variable ‘glu’ [-Wunused-variable]
    7 |   GlobalLU_t glu;
      |              ^~~
Linking CXX executable cmTC_37ef8
/usr/bin/cmake -E cmake_link_script CMakeFiles/cmTC_37ef8.dir/link.txt --verbose=1
/usr/bin/c++  -std=c++03 -pedantic -Wall -Wextra -Wundef -Wcast-align -Wchar-subscripts -Wnon-virtual-dtor -Wunused-local-typedefs -Wpointer-arith -Wwrite-strings -Wformat-security -Wlogical-op -Wenum-conversion -Wdouble-promotion -Wshadow -Wno-psabi -Wno-variadic-macros -Wno-long-long -fno-check-new -fno-common -fstrict-aliasing -ansi  CMakeFiles/cmTC_37ef8.dir/src.cxx.o -o cmTC_37ef8 
gmake[4]: 离开目录“/home/czz/nvblox_ws/build/nvblox/nvblox/eigen/src/ext_eigen-build/CMakeFiles/CMakeTmp”
gmake[3]: 离开目录“/home/czz/nvblox_ws/build/nvblox/nvblox/eigen/src/ext_eigen-build/CMakeFiles/CMakeTmp”


Source file was:

typedef int int_t;
#include <supermatrix.h>
#include <slu_util.h>
int main(void)
{
  GlobalLU_t glu;
  return 0;
}
Determining if the include file pthread.h exists passed with the following output:
Change Dir: /home/czz/nvblox_ws/build/nvblox/nvblox/eigen/src/ext_eigen-build/CMakeFiles/CMakeTmp

Run Build Command(s):/usr/bin/gmake -f Makefile cmTC_4894a/fast && gmake[3]: 进入目录“/home/czz/nvblox_ws/build/nvblox/nvblox/eigen/src/ext_eigen-build/CMakeFiles/CMakeTmp”
/usr/bin/gmake  -f CMakeFiles/cmTC_4894a.dir/build.make CMakeFiles/cmTC_4894a.dir/build
gmake[4]: 进入目录“/home/czz/nvblox_ws/build/nvblox/nvblox/eigen/src/ext_eigen-build/CMakeFiles/CMakeTmp”
Building C object CMakeFiles/cmTC_4894a.dir/CheckIncludeFile.c.o
/usr/bin/cc    -o CMakeFiles/cmTC_4894a.dir/CheckIncludeFile.c.o -c /home/czz/nvblox_ws/build/nvblox/nvblox/eigen/src/ext_eigen-build/CMakeFiles/CMakeTmp/CheckIncludeFile.c
Linking C executable cmTC_4894a
/usr/bin/cmake -E cmake_link_script CMakeFiles/cmTC_4894a.dir/link.txt --verbose=1
/usr/bin/cc CMakeFiles/cmTC_4894a.dir/CheckIncludeFile.c.o -o cmTC_4894a 
gmake[4]: 离开目录“/home/czz/nvblox_ws/build/nvblox/nvblox/eigen/src/ext_eigen-build/CMakeFiles/CMakeTmp”
gmake[3]: 离开目录“/home/czz/nvblox_ws/build/nvblox/nvblox/eigen/src/ext_eigen-build/CMakeFiles/CMakeTmp”



Performing C SOURCE FILE Test CMAKE_HAVE_LIBC_PTHREAD succeeded with the following output:
Change Dir: /home/czz/nvblox_ws/build/nvblox/nvblox/eigen/src/ext_eigen-build/CMakeFiles/CMakeTmp

Run Build Command(s):/usr/bin/gmake -f Makefile cmTC_8a476/fast && gmake[3]: 进入目录“/home/czz/nvblox_ws/build/nvblox/nvblox/eigen/src/ext_eigen-build/CMakeFiles/CMakeTmp”
/usr/bin/gmake  -f CMakeFiles/cmTC_8a476.dir/build.make CMakeFiles/cmTC_8a476.dir/build
gmake[4]: 进入目录“/home/czz/nvblox_ws/build/nvblox/nvblox/eigen/src/ext_eigen-build/CMakeFiles/CMakeTmp”
Building C object CMakeFiles/cmTC_8a476.dir/src.c.o
/usr/bin/cc -DCMAKE_HAVE_LIBC_PTHREAD   -o CMakeFiles/cmTC_8a476.dir/src.c.o -c /home/czz/nvblox_ws/build/nvblox/nvblox/eigen/src/ext_eigen-build/CMakeFiles/CMakeTmp/src.c
Linking C executable cmTC_8a476
/usr/bin/cmake -E cmake_link_script CMakeFiles/cmTC_8a476.dir/link.txt --verbose=1
/usr/bin/cc CMakeFiles/cmTC_8a476.dir/src.c.o -o cmTC_8a476 
gmake[4]: 离开目录“/home/czz/nvblox_ws/build/nvblox/nvblox/eigen/src/ext_eigen-build/CMakeFiles/CMakeTmp”
gmake[3]: 离开目录“/home/czz/nvblox_ws/build/nvblox/nvblox/eigen/src/ext_eigen-build/CMakeFiles/CMakeTmp”


Source file was:
#include <pthread.h>

static void* test_func(void* data)
{
  return data;
}

int main(void)
{
  pthread_t thread;
  pthread_create(&thread, NULL, test_func, NULL);
  pthread_detach(thread);
  pthread_cancel(thread);
  pthread_join(thread, NULL);
  pthread_atfork(NULL, NULL, NULL);
  pthread_exit(NULL);

  return 0;
}

Performing C SOURCE FILE Test HAVE_HWLOC_PARENT_MEMBER succeeded with the following output:
Change Dir: /home/czz/nvblox_ws/build/nvblox/nvblox/eigen/src/ext_eigen-build/CMakeFiles/CMakeTmp

Run Build Command(s):/usr/bin/gmake -f Makefile cmTC_6d836/fast && gmake[3]: 进入目录“/home/czz/nvblox_ws/build/nvblox/nvblox/eigen/src/ext_eigen-build/CMakeFiles/CMakeTmp”
/usr/bin/gmake  -f CMakeFiles/cmTC_6d836.dir/build.make CMakeFiles/cmTC_6d836.dir/build
gmake[4]: 进入目录“/home/czz/nvblox_ws/build/nvblox/nvblox/eigen/src/ext_eigen-build/CMakeFiles/CMakeTmp”
Building C object CMakeFiles/cmTC_6d836.dir/src.c.o
/usr/bin/cc -DHAVE_HWLOC_PARENT_MEMBER   -o CMakeFiles/cmTC_6d836.dir/src.c.o -c /home/czz/nvblox_ws/build/nvblox/nvblox/eigen/src/ext_eigen-build/CMakeFiles/CMakeTmp/src.c
Linking C executable cmTC_6d836
/usr/bin/cmake -E cmake_link_script CMakeFiles/cmTC_6d836.dir/link.txt --verbose=1
/usr/bin/cc CMakeFiles/cmTC_6d836.dir/src.c.o -o cmTC_6d836 
gmake[4]: 离开目录“/home/czz/nvblox_ws/build/nvblox/nvblox/eigen/src/ext_eigen-build/CMakeFiles/CMakeTmp”
gmake[3]: 离开目录“/home/czz/nvblox_ws/build/nvblox/nvblox/eigen/src/ext_eigen-build/CMakeFiles/CMakeTmp”


Source file was:

#include <hwloc.h>

int main()
{
  (void)sizeof(((struct hwloc_obj *)0)->parent);
  return 0;
}

Performing C SOURCE FILE Test HAVE_HWLOC_CACHE_ATTR succeeded with the following output:
Change Dir: /home/czz/nvblox_ws/build/nvblox/nvblox/eigen/src/ext_eigen-build/CMakeFiles/CMakeTmp

Run Build Command(s):/usr/bin/gmake -f Makefile cmTC_995dd/fast && gmake[3]: 进入目录“/home/czz/nvblox_ws/build/nvblox/nvblox/eigen/src/ext_eigen-build/CMakeFiles/CMakeTmp”
/usr/bin/gmake  -f CMakeFiles/cmTC_995dd.dir/build.make CMakeFiles/cmTC_995dd.dir/build
gmake[4]: 进入目录“/home/czz/nvblox_ws/build/nvblox/nvblox/eigen/src/ext_eigen-build/CMakeFiles/CMakeTmp”
Building C object CMakeFiles/cmTC_995dd.dir/src.c.o
/usr/bin/cc -DHAVE_HWLOC_CACHE_ATTR   -o CMakeFiles/cmTC_995dd.dir/src.c.o -c /home/czz/nvblox_ws/build/nvblox/nvblox/eigen/src/ext_eigen-build/CMakeFiles/CMakeTmp/src.c
Linking C executable cmTC_995dd
/usr/bin/cmake -E cmake_link_script CMakeFiles/cmTC_995dd.dir/link.txt --verbose=1
/usr/bin/cc CMakeFiles/cmTC_995dd.dir/src.c.o -o cmTC_995dd 
gmake[4]: 离开目录“/home/czz/nvblox_ws/build/nvblox/nvblox/eigen/src/ext_eigen-build/CMakeFiles/CMakeTmp”
gmake[3]: 离开目录“/home/czz/nvblox_ws/build/nvblox/nvblox/eigen/src/ext_eigen-build/CMakeFiles/CMakeTmp”


Source file was:

#include <hwloc.h>

int main()
{
  (void)sizeof(((struct hwloc_cache_attr_s *)0)->size);
  return 0;
}

Performing C SOURCE FILE Test HAVE_HWLOC_OBJ_PU succeeded with the following output:
Change Dir: /home/czz/nvblox_ws/build/nvblox/nvblox/eigen/src/ext_eigen-build/CMakeFiles/CMakeTmp

Run Build Command(s):/usr/bin/gmake -f Makefile cmTC_2b289/fast && gmake[3]: 进入目录“/home/czz/nvblox_ws/build/nvblox/nvblox/eigen/src/ext_eigen-build/CMakeFiles/CMakeTmp”
/usr/bin/gmake  -f CMakeFiles/cmTC_2b289.dir/build.make CMakeFiles/cmTC_2b289.dir/build
gmake[4]: 进入目录“/home/czz/nvblox_ws/build/nvblox/nvblox/eigen/src/ext_eigen-build/CMakeFiles/CMakeTmp”
Building C object CMakeFiles/cmTC_2b289.dir/src.c.o
/usr/bin/cc -DHAVE_HWLOC_OBJ_PU   -o CMakeFiles/cmTC_2b289.dir/src.c.o -c /home/czz/nvblox_ws/build/nvblox/nvblox/eigen/src/ext_eigen-build/CMakeFiles/CMakeTmp/src.c
Linking C executable cmTC_2b289
/usr/bin/cmake -E cmake_link_script CMakeFiles/cmTC_2b289.dir/link.txt --verbose=1
/usr/bin/cc CMakeFiles/cmTC_2b289.dir/src.c.o -o cmTC_2b289 
gmake[4]: 离开目录“/home/czz/nvblox_ws/build/nvblox/nvblox/eigen/src/ext_eigen-build/CMakeFiles/CMakeTmp”
gmake[3]: 离开目录“/home/czz/nvblox_ws/build/nvblox/nvblox/eigen/src/ext_eigen-build/CMakeFiles/CMakeTmp”


Source file was:
#include <hwloc.h>
	    int main(void) { hwloc_obj_t o; o->type = HWLOC_OBJ_PU; return 0;}
Determining if the function hwloc_bitmap_free exists in the hwloc passed with the following output:
Change Dir: /home/czz/nvblox_ws/build/nvblox/nvblox/eigen/src/ext_eigen-build/CMakeFiles/CMakeTmp

Run Build Command(s):/usr/bin/gmake -f Makefile cmTC_3583f/fast && gmake[3]: 进入目录“/home/czz/nvblox_ws/build/nvblox/nvblox/eigen/src/ext_eigen-build/CMakeFiles/CMakeTmp”
/usr/bin/gmake  -f CMakeFiles/cmTC_3583f.dir/build.make CMakeFiles/cmTC_3583f.dir/build
gmake[4]: 进入目录“/home/czz/nvblox_ws/build/nvblox/nvblox/eigen/src/ext_eigen-build/CMakeFiles/CMakeTmp”
Building C object CMakeFiles/cmTC_3583f.dir/CheckFunctionExists.c.o
/usr/bin/cc   -DCHECK_FUNCTION_EXISTS=hwloc_bitmap_free -o CMakeFiles/cmTC_3583f.dir/CheckFunctionExists.c.o -c /usr/share/cmake-3.22/Modules/CheckFunctionExists.c
Linking C executable cmTC_3583f
/usr/bin/cmake -E cmake_link_script CMakeFiles/cmTC_3583f.dir/link.txt --verbose=1
/usr/bin/cc  -DCHECK_FUNCTION_EXISTS=hwloc_bitmap_free CMakeFiles/cmTC_3583f.dir/CheckFunctionExists.c.o -o cmTC_3583f  -lhwloc 
gmake[4]: 离开目录“/home/czz/nvblox_ws/build/nvblox/nvblox/eigen/src/ext_eigen-build/CMakeFiles/CMakeTmp”
gmake[3]: 离开目录“/home/czz/nvblox_ws/build/nvblox/nvblox/eigen/src/ext_eigen-build/CMakeFiles/CMakeTmp”



Determining if the Fortran dgemm exists passed with the following output:
Change Dir: /home/czz/nvblox_ws/build/nvblox/nvblox/eigen/src/ext_eigen-build/CMakeFiles/CMakeTmp

Run Build Command(s):/usr/bin/gmake -f Makefile cmTC_ff1be/fast && gmake[3]: 进入目录“/home/czz/nvblox_ws/build/nvblox/nvblox/eigen/src/ext_eigen-build/CMakeFiles/CMakeTmp”
/usr/bin/gmake  -f CMakeFiles/cmTC_ff1be.dir/build.make CMakeFiles/cmTC_ff1be.dir/build
gmake[4]: 进入目录“/home/czz/nvblox_ws/build/nvblox/nvblox/eigen/src/ext_eigen-build/CMakeFiles/CMakeTmp”
Building Fortran object CMakeFiles/cmTC_ff1be.dir/testFortranCompiler.f.o
/usr/bin/f95    -c /home/czz/nvblox_ws/build/nvblox/nvblox/eigen/src/ext_eigen-build/CMakeFiles/CMakeTmp/testFortranCompiler.f -o CMakeFiles/cmTC_ff1be.dir/testFortranCompiler.f.o
Linking Fortran executable cmTC_ff1be
/usr/bin/cmake -E cmake_link_script CMakeFiles/cmTC_ff1be.dir/link.txt --verbose=1
/usr/bin/f95 CMakeFiles/cmTC_ff1be.dir/testFortranCompiler.f.o -o cmTC_ff1be  /usr/lib/x86_64-linux-gnu/libf77blas.so /usr/lib/x86_64-linux-gnu/libatlas.so 
gmake[4]: 离开目录“/home/czz/nvblox_ws/build/nvblox/nvblox/eigen/src/ext_eigen-build/CMakeFiles/CMakeTmp”
gmake[3]: 离开目录“/home/czz/nvblox_ws/build/nvblox/nvblox/eigen/src/ext_eigen-build/CMakeFiles/CMakeTmp”



Performing C++ SOURCE FILE Test COMPILER_SUPPORT_FASTMATH succeeded with the following output:
Change Dir: /home/czz/nvblox_ws/build/nvblox/nvblox/eigen/src/ext_eigen-build/CMakeFiles/CMakeTmp

Run Build Command(s):/usr/bin/gmake -f Makefile cmTC_d3a8c/fast && gmake[3]: Entering directory '/home/czz/nvblox_ws/build/nvblox/nvblox/eigen/src/ext_eigen-build/CMakeFiles/CMakeTmp'
/usr/bin/gmake  -f CMakeFiles/cmTC_d3a8c.dir/build.make CMakeFiles/cmTC_d3a8c.dir/build
gmake[4]: Entering directory '/home/czz/nvblox_ws/build/nvblox/nvblox/eigen/src/ext_eigen-build/CMakeFiles/CMakeTmp'
Building CXX object CMakeFiles/cmTC_d3a8c.dir/src.cxx.o
/usr/bin/c++ -DCOMPILER_SUPPORT_FASTMATH  -std=c++03 -pedantic -Wall -Wextra -Wundef -Wcast-align -Wchar-subscripts -Wnon-virtual-dtor -Wunused-local-typedefs -Wpointer-arith -Wwrite-strings -Wformat-security -Wlogical-op -Wenum-conversion -Wdouble-promotion -Wshadow -Wno-psabi -Wno-variadic-macros -Wno-long-long -fno-check-new -fno-common -fstrict-aliasing -ansi -fopenmp   -ffast-math -o CMakeFiles/cmTC_d3a8c.dir/src.cxx.o -c /home/czz/nvblox_ws/build/nvblox/nvblox/eigen/src/ext_eigen-build/CMakeFiles/CMakeTmp/src.cxx
Linking CXX executable cmTC_d3a8c
/usr/bin/cmake -E cmake_link_script CMakeFiles/cmTC_d3a8c.dir/link.txt --verbose=1
/usr/bin/c++  -std=c++03 -pedantic -Wall -Wextra -Wundef -Wcast-align -Wchar-subscripts -Wnon-virtual-dtor -Wunused-local-typedefs -Wpointer-arith -Wwrite-strings -Wformat-security -Wlogical-op -Wenum-conversion -Wdouble-promotion -Wshadow -Wno-psabi -Wno-variadic-macros -Wno-long-long -fno-check-new -fno-common -fstrict-aliasing -ansi -fopenmp CMakeFiles/cmTC_d3a8c.dir/src.cxx.o -o cmTC_d3a8c 
gmake[4]: Leaving directory '/home/czz/nvblox_ws/build/nvblox/nvblox/eigen/src/ext_eigen-build/CMakeFiles/CMakeTmp'
gmake[3]: Leaving directory '/home/czz/nvblox_ws/build/nvblox/nvblox/eigen/src/ext_eigen-build/CMakeFiles/CMakeTmp'


Source file was:
int main() { return 0; }
