-- TORCH_CUDA_ARCH_LIST: 8.9
-- Building without pre-C++11 ABI support (PyTorch wrapper disabled)
-- Found CUDAToolkit: /usr/local/cuda/include (found version "12.6.20") 
-- Downloading 3rdparty dependencies
-- Downloading GFLAGS
-- Looking for C++ include unistd.h
-- Looking for C++ include unistd.h - found
-- Looking for C++ include stdint.h
-- Looking for C++ include stdint.h - found
-- Looking for C++ include inttypes.h
-- Looking for C++ include inttypes.h - found
-- Looking for C++ include sys/types.h
-- Looking for C++ include sys/types.h - found
-- Looking for C++ include sys/stat.h
-- Looking for C++ include sys/stat.h - found
-- Looking for C++ include fnmatch.h
-- Looking for C++ include fnmatch.h - found
-- Looking for C++ include stddef.h
-- Looking for C++ include stddef.h - found
-- Check size of uint32_t
-- Check size of uint32_t - done
-- Looking for strtoll
-- Looking for strtoll - found
-- Check size of pthread_rwlock_t
-- Check size of pthread_rwlock_t - done
-- Downloading SQLITE
-- Downloading Eigen
-- Downloading STDGPU
-- Configuring with CMake 3.22.1
-- Could NOT find ClangFormat: Found unsuitable version "14.0.0-1ubuntu1.1", but required is exact version "10" (found /usr/bin/clang-format)
-- Found thrust: /usr/local/cuda/include (found suitable version "2.5.0", minimum required is "1.9.9") 
-- Found CUDAToolkit: /usr/local/cuda/include (found suitable version "12.6.20", minimum required is "11.0") 
-- 
-- ************************ stdgpu Configuration Summary *************************
-- 
-- General:
--   Version                                   :   1.3.0
--   System                                    :   Linux
--   Build type                                :   Release
-- 
-- Build:
--   STDGPU_BACKEND                            :   STDGPU_BACKEND_CUDA
--   STDGPU_BUILD_SHARED_LIBS                  :   OFF
--   STDGPU_SETUP_COMPILER_FLAGS               :   OFF
--   STDGPU_COMPILE_WARNING_AS_ERROR           :   OFF
--   STDGPU_ANALYZE_WITH_CLANG_TIDY            :   OFF
--   STDGPU_ANALYZE_WITH_CPPCHECK              :   OFF
-- 
-- Configuration:
--   STDGPU_ENABLE_CONTRACT_CHECKS             :   OFF
--   STDGPU_USE_32_BIT_INDEX                   :   ON
-- 
-- Examples:
--   STDGPU_BUILD_EXAMPLES                     :   OFF
-- 
-- Benchmarks:
--   STDGPU_BUILD_BENCHMARKS                   :   OFF
-- 
-- Tests:
--   STDGPU_BUILD_TESTS                        :   OFF
--   STDGPU_BUILD_TEST_COVERAGE                :   OFF
-- 
-- Documentation:
--   STDGPU_BUILD_DOCUMENTATION                :   OFF
-- 
-- *******************************************************************************
-- 
-- Downloading GLOG
-- Found GTest: /usr/lib/x86_64-linux-gnu/cmake/GTest/GTestConfig.cmake (found version "1.11.0")  
-- Found Unwind: /usr/include/x86_64-linux-gnu (found version "1.3.2") 
-- Looking for C++ include dlfcn.h
-- Looking for C++ include dlfcn.h - found
-- Looking for C++ include execinfo.h
-- Looking for C++ include execinfo.h - found
-- Looking for C++ include glob.h
-- Looking for C++ include glob.h - found
-- Looking for C++ include memory.h
-- Looking for C++ include memory.h - found
-- Looking for C++ include pwd.h
-- Looking for C++ include pwd.h - found
-- Looking for C++ include strings.h
-- Looking for C++ include strings.h - found
-- Looking for C++ include sys/syscall.h
-- Looking for C++ include sys/syscall.h - found
-- Looking for C++ include sys/time.h
-- Looking for C++ include sys/time.h - found
-- Looking for C++ include sys/utsname.h
-- Looking for C++ include sys/utsname.h - found
-- Looking for C++ include sys/wait.h
-- Looking for C++ include sys/wait.h - found
-- Looking for C++ include syscall.h
-- Looking for C++ include syscall.h - found
-- Looking for C++ include syslog.h
-- Looking for C++ include syslog.h - found
-- Looking for C++ include ucontext.h
-- Looking for C++ include ucontext.h - found
-- Looking for C++ include ext/hash_map
-- Looking for C++ include ext/hash_map - found
-- Looking for C++ include ext/hash_set
-- Looking for C++ include ext/hash_set - found
-- Looking for C++ include ext/slist
-- Looking for C++ include ext/slist - found
-- Looking for C++ include tr1/unordered_map
-- Looking for C++ include tr1/unordered_map - found
-- Looking for C++ include tr1/unordered_set
-- Looking for C++ include tr1/unordered_set - found
-- Looking for C++ include unordered_map
-- Looking for C++ include unordered_map - found
-- Looking for C++ include unordered_set
-- Looking for C++ include unordered_set - found
-- Check size of unsigned __int16
-- Check size of unsigned __int16 - failed
-- Check size of u_int16_t
-- Check size of u_int16_t - done
-- Check size of uint16_t
-- Check size of uint16_t - done
-- Looking for dladdr
-- Looking for dladdr - found
-- Looking for fcntl
-- Looking for fcntl - found
-- Looking for pread
-- Looking for pread - found
-- Looking for pwrite
-- Looking for pwrite - found
-- Looking for sigaction
-- Looking for sigaction - found
-- Looking for sigaltstack
-- Looking for sigaltstack - found
-- Performing Test HAVE_NO_DEPRECATED
-- Performing Test HAVE_NO_DEPRECATED - Success
-- Performing Test HAVE_NO_UNNAMED_TYPE_TEMPLATE_ARGS
-- Performing Test HAVE_NO_UNNAMED_TYPE_TEMPLATE_ARGS - Failed
-- Looking for snprintf
-- Looking for snprintf - not found
-- Looking for UnDecorateSymbolName in dbghelp
-- Looking for UnDecorateSymbolName in dbghelp - not found
-- Performing Test HAVE___ATTRIBUTE__
-- Performing Test HAVE___ATTRIBUTE__ - Success
-- Performing Test HAVE___ATTRIBUTE__VISIBILITY_DEFAULT
-- Performing Test HAVE___ATTRIBUTE__VISIBILITY_DEFAULT - Success
-- Performing Test HAVE___ATTRIBUTE__VISIBILITY_HIDDEN
-- Performing Test HAVE___ATTRIBUTE__VISIBILITY_HIDDEN - Success
-- Performing Test HAVE___BUILTIN_EXPECT
-- Performing Test HAVE___BUILTIN_EXPECT - Success
-- Performing Test HAVE___SYNC_VAL_COMPARE_AND_SWAP
-- Performing Test HAVE___SYNC_VAL_COMPARE_AND_SWAP - Success
-- Performing Test HAVE___DECLSPEC
-- Performing Test HAVE___DECLSPEC - Failed
-- Performing Test STL_NO_NAMESPACE
-- Performing Test STL_NO_NAMESPACE - Failed
-- Performing Test STL_STD_NAMESPACE
-- Performing Test STL_STD_NAMESPACE - Success
-- Performing Test HAVE_USING_OPERATOR
-- Performing Test HAVE_USING_OPERATOR - Success
-- Performing Test HAVE_NAMESPACES
-- Performing Test HAVE_NAMESPACES - Success
-- Performing Test HAVE_GCC_TLS
-- Performing Test HAVE_GCC_TLS - Success
-- Performing Test HAVE_MSVC_TLS
-- Performing Test HAVE_MSVC_TLS - Failed
-- Performing Test HAVE_CXX11_TLS
-- Performing Test HAVE_CXX11_TLS - Success
-- Performing Test HAVE_ALIGNED_STORAGE
-- Performing Test HAVE_ALIGNED_STORAGE - Success
-- Performing Test HAVE_CXX11_ATOMIC
-- Performing Test HAVE_CXX11_ATOMIC - Success
-- Performing Test HAVE_CXX11_NULLPTR_T
-- Performing Test HAVE_CXX11_NULLPTR_T - Success
-- Performing Test HAVE_LOCALTIME_R
-- Performing Test HAVE_LOCALTIME_R - Success
-- Performing Test COMPILER_HAS_HIDDEN_VISIBILITY
-- Performing Test COMPILER_HAS_HIDDEN_VISIBILITY - Success
-- Performing Test COMPILER_HAS_HIDDEN_INLINE_VISIBILITY
-- Performing Test COMPILER_HAS_HIDDEN_INLINE_VISIBILITY - Success
-- Performing Test COMPILER_HAS_DEPRECATED_ATTR
-- Performing Test COMPILER_HAS_DEPRECATED_ATTR - Success
-- Downloading GTEST
-- Downloading benchmark
-- Failed to find LLVM FileCheck
-- Found Git: /usr/bin/git (found version "2.34.1") 
-- Google Benchmark version: v1.9.0, normalized to 1.9.0
-- Looking for shm_open in rt
-- Looking for shm_open in rt - found
-- Performing Test HAVE_CXX_FLAG_WALL
-- Performing Test HAVE_CXX_FLAG_WALL - Success
-- Performing Test HAVE_CXX_FLAG_WEXTRA
-- Performing Test HAVE_CXX_FLAG_WEXTRA - Success
-- Performing Test HAVE_CXX_FLAG_WSHADOW
-- Performing Test HAVE_CXX_FLAG_WSHADOW - Success
-- Performing Test HAVE_CXX_FLAG_WFLOAT_EQUAL
-- Performing Test HAVE_CXX_FLAG_WFLOAT_EQUAL - Success
-- Performing Test HAVE_CXX_FLAG_WOLD_STYLE_CAST
-- Performing Test HAVE_CXX_FLAG_WOLD_STYLE_CAST - Success
-- Performing Test HAVE_CXX_FLAG_WCONVERSION
-- Performing Test HAVE_CXX_FLAG_WCONVERSION - Success
-- Performing Test HAVE_CXX_FLAG_WSUGGEST_OVERRIDE
-- Performing Test HAVE_CXX_FLAG_WSUGGEST_OVERRIDE - Success
-- Performing Test HAVE_CXX_FLAG_PEDANTIC
-- Performing Test HAVE_CXX_FLAG_PEDANTIC - Success
-- Performing Test HAVE_CXX_FLAG_PEDANTIC_ERRORS
-- Performing Test HAVE_CXX_FLAG_PEDANTIC_ERRORS - Success
-- Performing Test HAVE_CXX_FLAG_WSHORTEN_64_TO_32
-- Performing Test HAVE_CXX_FLAG_WSHORTEN_64_TO_32 - Failed
-- Performing Test HAVE_CXX_FLAG_FSTRICT_ALIASING
-- Performing Test HAVE_CXX_FLAG_FSTRICT_ALIASING - Success
-- Performing Test HAVE_CXX_FLAG_WNO_DEPRECATED_DECLARATIONS
-- Performing Test HAVE_CXX_FLAG_WNO_DEPRECATED_DECLARATIONS - Success
-- Performing Test HAVE_CXX_FLAG_WSTRICT_ALIASING
-- Performing Test HAVE_CXX_FLAG_WSTRICT_ALIASING - Success
-- Performing Test HAVE_CXX_FLAG_WD654
-- Performing Test HAVE_CXX_FLAG_WD654 - Failed
-- Performing Test HAVE_CXX_FLAG_WTHREAD_SAFETY
-- Performing Test HAVE_CXX_FLAG_WTHREAD_SAFETY - Failed
-- Performing Test HAVE_CXX_FLAG_COVERAGE
-- Performing Test HAVE_CXX_FLAG_COVERAGE - Success
-- Compiling and running to test HAVE_STD_REGEX
-- Performing Test HAVE_STD_REGEX -- success
-- Compiling and running to test HAVE_GNU_POSIX_REGEX
-- Performing Test HAVE_GNU_POSIX_REGEX -- failed to compile
-- Compiling and running to test HAVE_POSIX_REGEX
-- Performing Test HAVE_POSIX_REGEX -- success
-- Compiling and running to test HAVE_STEADY_CLOCK
-- Performing Test HAVE_STEADY_CLOCK -- success
-- Compiling and running to test HAVE_PTHREAD_AFFINITY
-- Performing Test HAVE_PTHREAD_AFFINITY -- success
-- Adding nvblox static library: nvblox_gpu_hash
-- Adding nvblox shared library: nvblox_lib
-- Adding nvblox executable library: sphere_benchmark
-- Adding nvblox shared library: nvblox_datasets
-- Adding nvblox executable library: fuse_3dmatch
-- Adding nvblox executable library: fuse_replica
-- Adding nvblox executable library: fuse_redwood
-- Adding nvblox executable library: fuse_cusfm
-- Adding nvblox executable library: fuse_lidarply
-- Adding nvblox executable library: esdf_query
-- Adding nvblox executable library: load_map_and_mesh
-- Installing: /home/czz/nvblox_ws/build/nvblox/nvblox/tests/data
-- Installing: /home/czz/nvblox_ws/build/nvblox/nvblox/tests/data/3dmatch
-- Installing: /home/czz/nvblox_ws/build/nvblox/nvblox/tests/data/3dmatch/camera-intrinsics.txt
-- Installing: /home/czz/nvblox_ws/build/nvblox/nvblox/tests/data/3dmatch/seq-01
-- Installing: /home/czz/nvblox_ws/build/nvblox/nvblox/tests/data/3dmatch/seq-01/frame-000422.pose.txt
-- Installing: /home/czz/nvblox_ws/build/nvblox/nvblox/tests/data/3dmatch/seq-01/frame-000116.depth.png
-- Installing: /home/czz/nvblox_ws/build/nvblox/nvblox/tests/data/3dmatch/seq-01/frame-000116.color.png
-- Installing: /home/czz/nvblox_ws/build/nvblox/nvblox/tests/data/3dmatch/seq-01/frame-000422.color.png
-- Installing: /home/czz/nvblox_ws/build/nvblox/nvblox/tests/data/3dmatch/seq-01/frame-000002.pose.txt
-- Installing: /home/czz/nvblox_ws/build/nvblox/nvblox/tests/data/3dmatch/seq-01/frame-000001.depth.png
-- Installing: /home/czz/nvblox_ws/build/nvblox/nvblox/tests/data/3dmatch/seq-01/frame-000116.pose.txt
-- Installing: /home/czz/nvblox_ws/build/nvblox/nvblox/tests/data/3dmatch/seq-01/frame-000002.color.png
-- Installing: /home/czz/nvblox_ws/build/nvblox/nvblox/tests/data/3dmatch/seq-01/frame-000000.color.png
-- Installing: /home/czz/nvblox_ws/build/nvblox/nvblox/tests/data/3dmatch/seq-01/frame-000001.pose.txt
-- Installing: /home/czz/nvblox_ws/build/nvblox/nvblox/tests/data/3dmatch/seq-01/frame-000001.color.png
-- Installing: /home/czz/nvblox_ws/build/nvblox/nvblox/tests/data/3dmatch/seq-01/frame-000002.depth.png
-- Installing: /home/czz/nvblox_ws/build/nvblox/nvblox/tests/data/3dmatch/seq-01/frame-000000.depth.png
-- Installing: /home/czz/nvblox_ws/build/nvblox/nvblox/tests/data/3dmatch/seq-01/frame-000422.depth.png
-- Installing: /home/czz/nvblox_ws/build/nvblox/nvblox/tests/data/3dmatch/seq-01/frame-000000.pose.txt
-- Installing: /home/czz/nvblox_ws/build/nvblox/nvblox/tests/data/lidarply
-- Installing: /home/czz/nvblox_ws/build/nvblox/nvblox/tests/data/lidarply/lidar-intrinsics.txt
-- Installing: /home/czz/nvblox_ws/build/nvblox/nvblox/tests/data/lidarply/seq-01
-- Installing: /home/czz/nvblox_ws/build/nvblox/nvblox/tests/data/lidarply/seq-01/frame-000001.timestamp.txt
-- Installing: /home/czz/nvblox_ws/build/nvblox/nvblox/tests/data/lidarply/seq-01/frame-000001.pointcloud.ply
-- Installing: /home/czz/nvblox_ws/build/nvblox/nvblox/tests/data/lidarply/seq-01/frame-000002.pose.txt
-- Installing: /home/czz/nvblox_ws/build/nvblox/nvblox/tests/data/lidarply/seq-01/frame-000001.pose.txt
-- Installing: /home/czz/nvblox_ws/build/nvblox/nvblox/tests/data/lidarply/seq-01/frame-000000.pointcloud.ply
-- Installing: /home/czz/nvblox_ws/build/nvblox/nvblox/tests/data/lidarply/seq-01/frame-000002.timestamp.txt
-- Installing: /home/czz/nvblox_ws/build/nvblox/nvblox/tests/data/lidarply/seq-01/frame-000000.timestamp.txt
-- Installing: /home/czz/nvblox_ws/build/nvblox/nvblox/tests/data/lidarply/seq-01/frame-000000.pose.txt
-- Installing: /home/czz/nvblox_ws/build/nvblox/nvblox/tests/data/human_dataset
-- Installing: /home/czz/nvblox_ws/build/nvblox/nvblox/tests/data/human_dataset/depth_image_2.png
-- Installing: /home/czz/nvblox_ws/build/nvblox/nvblox/tests/data/human_dataset/camera-intrinsics.txt
-- Installing: /home/czz/nvblox_ws/build/nvblox/nvblox/tests/data/human_dataset/depth_image_1.png
-- Installing: /home/czz/nvblox_ws/build/nvblox/nvblox/tests/data/replica
-- Installing: /home/czz/nvblox_ws/build/nvblox/nvblox/tests/data/replica/office0
-- Installing: /home/czz/nvblox_ws/build/nvblox/nvblox/tests/data/replica/office0/results
-- Installing: /home/czz/nvblox_ws/build/nvblox/nvblox/tests/data/replica/office0/results/frame000003.jpg
-- Installing: /home/czz/nvblox_ws/build/nvblox/nvblox/tests/data/replica/office0/results/frame000000.jpg
-- Installing: /home/czz/nvblox_ws/build/nvblox/nvblox/tests/data/replica/office0/results/depth000001.png
-- Installing: /home/czz/nvblox_ws/build/nvblox/nvblox/tests/data/replica/office0/results/depth000000.png
-- Installing: /home/czz/nvblox_ws/build/nvblox/nvblox/tests/data/replica/office0/results/depth000003.png
-- Installing: /home/czz/nvblox_ws/build/nvblox/nvblox/tests/data/replica/office0/results/depth000002.png
-- Installing: /home/czz/nvblox_ws/build/nvblox/nvblox/tests/data/replica/office0/results/frame000001.jpg
-- Installing: /home/czz/nvblox_ws/build/nvblox/nvblox/tests/data/replica/office0/results/frame000002.jpg
-- Installing: /home/czz/nvblox_ws/build/nvblox/nvblox/tests/data/replica/office0/traj.txt
-- Installing: /home/czz/nvblox_ws/build/nvblox/nvblox/tests/data/replica/office0_mesh.ply
-- Installing: /home/czz/nvblox_ws/build/nvblox/nvblox/tests/data/replica/cam_params.json
-- Installing: /home/czz/nvblox_ws/build/nvblox/nvblox/tests/data/orbbec
-- Installing: /home/czz/nvblox_ws/build/nvblox/nvblox/tests/data/orbbec/camera-intrinsics.txt
-- Installing: /home/czz/nvblox_ws/build/nvblox/nvblox/tests/data/orbbec/seq-01
-- Installing: /home/czz/nvblox_ws/build/nvblox/nvblox/tests/data/orbbec/seq-01/frame-000000.depth.png
-- Installing: /home/czz/nvblox_ws/build/nvblox/nvblox/tests/data/dynamic_mask
-- Installing: /home/czz/nvblox_ws/build/nvblox/nvblox/tests/data/dynamic_mask/mask_21.png
-- Adding nvblox static library: nvblox_test_utils
-- Adding nvblox executable library: test_3d_interpolation
-- Adding nvblox executable library: test_3dmatch
-- Adding nvblox executable library: test_blox
-- Adding nvblox executable library: test_shape_clearer
-- Adding nvblox executable library: test_bounding_spheres
-- Adding nvblox executable library: test_mask_preprocessor
-- Adding nvblox executable library: test_mask_from_detections
-- Adding nvblox executable library: test_cake
-- Adding nvblox executable library: test_color_image
-- Adding nvblox executable library: test_color_integrator
-- Adding nvblox executable library: test_feature_integrator
-- Adding nvblox executable library: test_cuda_stream
-- Adding nvblox executable library: test_mono_image
-- Adding nvblox executable library: test_depth_image
-- Adding nvblox executable library: test_dynamics
-- Adding nvblox executable library: test_for_memory_leaks
-- Adding nvblox executable library: test_freespace_integrator
-- Adding nvblox executable library: test_frustum
-- Adding nvblox executable library: test_gpu_layer_view
-- Adding nvblox executable library: test_image_io
-- Adding nvblox executable library: test_image_masker
-- Adding nvblox executable library: test_image_projector
-- Adding nvblox executable library: test_indexing
-- Adding nvblox executable library: test_interpolation_2d
-- Adding nvblox executable library: test_layer
-- Adding nvblox executable library: test_lidar
-- Adding nvblox executable library: test_lidarply
-- Adding nvblox executable library: test_lidar_integration
-- Adding nvblox executable library: test_mapper
-- Adding nvblox executable library: test_mesh_appearance
-- Adding nvblox executable library: test_mesh
-- Adding nvblox executable library: test_mesh_serializer
-- Adding nvblox executable library: test_ply_io
-- Adding nvblox executable library: test_nvtx_ranges
-- Adding nvblox executable library: test_occupancy_decay
-- Adding nvblox executable library: test_occupancy_integrator
-- Adding nvblox executable library: test_orbbec
-- Adding nvblox executable library: test_pointcloud
-- Adding nvblox executable library: test_ray_caster
-- Adding nvblox executable library: test_scene
-- Adding nvblox executable library: test_serialization
-- Adding nvblox executable library: test_sphere_tracing
-- Adding nvblox executable library: test_time
-- Adding nvblox executable library: test_timing
-- Adding nvblox executable library: test_traits
-- Adding nvblox executable library: test_tsdf_decay
-- Adding nvblox executable library: test_tsdf_error
-- Adding nvblox executable library: test_tsdf_integrator
-- Adding nvblox executable library: test_tsdf_integrator_cuda_components
-- Adding nvblox executable library: test_unified_3d_grid
-- Adding nvblox executable library: test_unified_ptr
-- Adding nvblox executable library: test_unified_vector
-- Adding nvblox executable library: test_weighting_function
-- Adding nvblox executable library: test_workspace_bounds
-- Adding nvblox executable library: test_rates
-- Adding nvblox executable library: test_layer_streamer
-- Adding nvblox executable library: test_npp_image_operations
-- Adding nvblox executable library: test_depth_image_preprocessing
-- Adding nvblox executable library: test_layer_serializer_gpu
-- Adding nvblox executable library: test_image_cache
-- Adding nvblox executable library: test_params
-- Adding nvblox executable library: test_block_memory_pool
-- Adding nvblox executable library: test_delays
-- Adding nvblox executable library: test_image_view
-- Adding nvblox executable library: test_bitmask
-- Adding nvblox executable library: test_blocks_to_update_tracker
-- Adding nvblox executable library: test_nvblox_h
-- Adding nvblox executable library: test_ransac_plane_fitter_cpu
-- Adding nvblox executable library: test_ransac_plane_fitter
-- Adding nvblox executable library: test_layer_cake_streamer
-- Adding nvblox executable library: test_replica
-- Adding nvblox executable library: test_checks
-- Adding nvblox executable library: test_type_indexed_store
-- Adding nvblox executable library: regression_test_query_after_clear
-- Adding nvblox executable library: test_camera
-- Adding nvblox executable library: test_layer_to_3d_grid
-- Adding nvblox executable library: test_gpu_hash_interface
-- Adding nvblox executable library: test_masked_image_view
-- Adding nvblox executable library: test_esdf_integrator_slicing
-- Adding nvblox executable library: test_plane
-- Adding nvblox executable library: test_device_function_utils
-- Adding nvblox executable library: test_zero_crossings_extractor
-- Adding nvblox executable library: test_error_check
-- Adding nvblox executable library: test_array
-- Adding nvblox executable library: test_lidar_motion_compensation
-- Adding nvblox executable library: test_esdf_integrator
-- Adding nvblox executable library: test_fuser
-- Adding nvblox executable library: test_mapper_block_allocation
-- Adding nvblox executable library: test_multi_mapper
-- Adding nvblox executable library: run_memcpy_on_default_cuda_stream
-- Adding nvblox executable library: nvblox_benchmark
-- Adding nvblox executable library: nvblox_benchmark_camera
-- Adding nvblox executable library: test_bench
-- Configuring done
-- Generating done
-- Build files have been written to: /home/czz/nvblox_ws/build/nvblox
[  1%] [34m[1mCopying find modules...[0m
[  1%] [32mBuilding CXX object _deps/ext_gflags-build/CMakeFiles/gflags_static.dir/src/gflags.cc.o[0m
[  1%] [32mBuilding CXX object _deps/ext_stdgpu-build/src/stdgpu/CMakeFiles/stdgpu.dir/impl/device.cpp.o[0m
[  1%] [32mBuilding CXX object _deps/ext_benchmark-build/src/CMakeFiles/benchmark.dir/benchmark_api_internal.cc.o[0m
[  2%] [32mBuilding CXX object _deps/ext_benchmark-build/src/CMakeFiles/benchmark.dir/benchmark_name.cc.o[0m
[  2%] [32mBuilding CXX object _deps/ext_gflags-build/CMakeFiles/gflags_static.dir/src/gflags_reporting.cc.o[0m
[  2%] [32mBuilding CXX object _deps/ext_stdgpu-build/src/stdgpu/CMakeFiles/stdgpu.dir/cuda/impl/device.cpp.o[0m
[  3%] [32mBuilding CXX object _deps/ext_stdgpu-build/src/stdgpu/CMakeFiles/stdgpu.dir/cuda/impl/memory.cpp.o[0m
[  3%] [32mBuilding CXX object _deps/ext_stdgpu-build/src/stdgpu/CMakeFiles/stdgpu.dir/impl/memory.cpp.o[0m
[  3%] [32mBuilding CXX object _deps/ext_benchmark-build/src/CMakeFiles/benchmark.dir/benchmark.cc.o[0m
[  4%] [32mBuilding CXX object _deps/ext_benchmark-build/src/CMakeFiles/benchmark.dir/benchmark_register.cc.o[0m
[  4%] [32mBuilding CXX object _deps/ext_stdgpu-build/src/stdgpu/CMakeFiles/stdgpu.dir/impl/iterator.cpp.o[0m
[  4%] [32mBuilding CXX object _deps/ext_benchmark-build/src/CMakeFiles/benchmark.dir/check.cc.o[0m
[  4%] [32mBuilding CXX object _deps/ext_benchmark-build/src/CMakeFiles/benchmark.dir/colorprint.cc.o[0m
[  4%] [32mBuilding CXX object _deps/ext_benchmark-build/src/CMakeFiles/benchmark.dir/benchmark_runner.cc.o[0m
[  4%] [32mBuilding CXX object _deps/ext_gtest-build/googletest/CMakeFiles/gtest.dir/src/gtest-all.cc.o[0m
[  4%] [32mBuilding CXX object _deps/ext_gflags-build/CMakeFiles/gflags_static.dir/src/gflags_completions.cc.o[0m
[  4%] [32mBuilding CXX object _deps/ext_gflags-build/CMakeFiles/gflags_nothreads_static.dir/src/gflags.cc.o[0m
[  5%] [32mBuilding C object nvblox/CMakeFiles/sqlite3.dir/__/_deps/ext_sqlite3-src/sqlite3.c.o[0m
[  5%] [34m[1mCreating directories for 'ext_eigen'[0m
[  6%] [32mBuilding CXX object _deps/ext_gflags-build/CMakeFiles/gflags_nothreads_static.dir/src/gflags_reporting.cc.o[0m
[  6%] [32mBuilding CXX object _deps/ext_glog-build/CMakeFiles/glog.dir/src/demangle.cc.o[0m
[  7%] [34m[1mPerforming download step (download, verify and extract) for 'ext_eigen'[0m
-- Downloading...
   dst='/home/czz/nvblox_ws/build/nvblox/nvblox/eigen/src/eigen-3.4.0.tar.gz'
   timeout='none'
   inactivity timeout='none'
-- Using src='https://gitlab.com/libeigen/eigen/-/archive/3.4.0/eigen-3.4.0.tar.gz'
[  7%] [32mBuilding CXX object _deps/ext_gflags-build/CMakeFiles/gflags_nothreads_static.dir/src/gflags_completions.cc.o[0m
[  7%] [32mBuilding CXX object _deps/ext_glog-build/CMakeFiles/glog.dir/src/logging.cc.o[0m
[  7%] [32mBuilding CXX object _deps/ext_glog-build/CMakeFiles/glog.dir/src/raw_logging.cc.o[0m
[  8%] [32mBuilding CXX object _deps/ext_benchmark-build/src/CMakeFiles/benchmark.dir/commandlineflags.cc.o[0m
[  8%] [32mBuilding CXX object _deps/ext_benchmark-build/src/CMakeFiles/benchmark.dir/complexity.cc.o[0m
[  8%] [32mBuilding CXX object _deps/ext_benchmark-build/src/CMakeFiles/benchmark.dir/console_reporter.cc.o[0m
[  9%] [32mBuilding CXX object _deps/ext_glog-build/CMakeFiles/glog.dir/src/symbolize.cc.o[0m
[  9%] [32mBuilding CXX object _deps/ext_benchmark-build/src/CMakeFiles/benchmark.dir/counter.cc.o[0m
[  9%] [32mBuilding CXX object _deps/ext_glog-build/CMakeFiles/glog.dir/src/utilities.cc.o[0m
[  9%] [32mBuilding CXX object _deps/ext_glog-build/CMakeFiles/glog.dir/src/vlog_is_on.cc.o[0m
[  9%] [32mBuilding CXX object _deps/ext_glog-build/CMakeFiles/glog.dir/src/signalhandler.cc.o[0m
[ 10%] [32mBuilding CXX object _deps/ext_benchmark-build/src/CMakeFiles/benchmark.dir/csv_reporter.cc.o[0m
[ 11%] [32m[1mLinking CXX static library ../../bin/libstdgpu.a[0m
[ 11%] [32mBuilding CXX object _deps/ext_benchmark-build/src/CMakeFiles/benchmark.dir/json_reporter.cc.o[0m
[ 11%] Built target stdgpu
[ 11%] [32mBuilding CXX object _deps/ext_benchmark-build/src/CMakeFiles/benchmark.dir/perf_counters.cc.o[0m
[ 11%] [32mBuilding CXX object _deps/ext_benchmark-build/src/CMakeFiles/benchmark.dir/reporter.cc.o[0m
[ 12%] [32mBuilding CXX object _deps/ext_benchmark-build/src/CMakeFiles/benchmark.dir/statistics.cc.o[0m
[ 12%] [32mBuilding CXX object _deps/ext_benchmark-build/src/CMakeFiles/benchmark.dir/string_util.cc.o[0m
[ 12%] [32mBuilding CXX object _deps/ext_benchmark-build/src/CMakeFiles/benchmark.dir/sysinfo.cc.o[0m
[ 12%] [32mBuilding CXX object _deps/ext_benchmark-build/src/CMakeFiles/benchmark.dir/timers.cc.o[0m
-- Downloading... done
-- extracting...
     src='/home/czz/nvblox_ws/build/nvblox/nvblox/eigen/src/eigen-3.4.0.tar.gz'
     dst='/home/czz/nvblox_ws/build/nvblox/nvblox/eigen/src/ext_eigen'
-- extracting... [tar xfz]
-- extracting... [analysis]
-- extracting... [rename]
-- extracting... [clean up]
-- extracting... done
[ 12%] [34m[1mNo update step for 'ext_eigen'[0m
[ 13%] [34m[1mNo patch step for 'ext_eigen'[0m
[ 13%] [34m[1mPerforming configure step for 'ext_eigen'[0m
-- The C compiler identification is GNU 11.4.0
-- The CXX compiler identification is GNU 11.4.0
-- Detecting C compiler ABI info
-- Detecting C compiler ABI info - done
-- Check for working C compiler: /usr/bin/cc - skipped
-- Detecting C compile features
-- Detecting C compile features - done
-- Detecting CXX compiler ABI info
-- Detecting CXX compiler ABI info - done
-- Check for working CXX compiler: /usr/bin/c++ - skipped
-- Detecting CXX compile features
-- Detecting CXX compile features - done
-- Performing Test EIGEN_COMPILER_SUPPORT_CPP11
-- Performing Test EIGEN_COMPILER_SUPPORT_CPP11 - Success
-- Performing Test COMPILER_SUPPORT_std=cpp03
-- Performing Test COMPILER_SUPPORT_std=cpp03 - Success
-- Performing Test standard_math_library_linked_to_automatically
[ 14%] [32m[1mLinking CXX static library libglog.a[0m
-- Performing Test standard_math_library_linked_to_automatically - Success
-- Standard libraries to link to explicitly: none
-- Performing Test COMPILER_SUPPORT_WERROR
[ 14%] Built target glog
-- Performing Test COMPILER_SUPPORT_WERROR - Success
-- Performing Test COMPILER_SUPPORT_pedantic
-- Performing Test COMPILER_SUPPORT_pedantic - Success
-- Performing Test COMPILER_SUPPORT_Wall
-- Performing Test COMPILER_SUPPORT_Wall - Success
-- Performing Test COMPILER_SUPPORT_Wextra
[ 14%] [32m[1mLinking CXX static library libgflags.a[0m
-- Performing Test COMPILER_SUPPORT_Wextra - Success
-- Performing Test COMPILER_SUPPORT_Wundef
[ 14%] Built target gflags_static
[ 14%] [32m[1mLinking CXX static library libgflags_nothreads.a[0m
[ 14%] [32mBuilding CXX object _deps/ext_gflags-build/test/CMakeFiles/gflags_unittest_main.dir/gflags_unittest_main.cc.o[0m
[ 14%] [32mBuilding CXX object _deps/ext_gflags-build/test/CMakeFiles/gflags_unittest-main.dir/gflags_unittest-main.cc.o[0m
[ 15%] [32mBuilding CXX object _deps/ext_gflags-build/test/CMakeFiles/gflags_strip_flags_test.dir/gflags_strip_flags_test.cc.o[0m
[ 15%] [32mBuilding CXX object _deps/ext_gflags-build/test/CMakeFiles/gflags_declare_test.dir/gflags_declare_test.cc.o[0m
[ 15%] [32mBuilding CXX object _deps/ext_gflags-build/test/CMakeFiles/gflags_declare_test.dir/gflags_declare_flags.cc.o[0m
[ 15%] [32mBuilding CXX object _deps/ext_gflags-build/test/CMakeFiles/gflags_unittest.dir/gflags_unittest.cc.o[0m
[ 15%] Built target gflags_nothreads_static
-- Performing Test COMPILER_SUPPORT_Wundef - Success
-- Performing Test COMPILER_SUPPORT_Wcastalign
-- Performing Test COMPILER_SUPPORT_Wcastalign - Success
-- Performing Test COMPILER_SUPPORT_Wcharsubscripts
-- Performing Test COMPILER_SUPPORT_Wcharsubscripts - Success
-- Performing Test COMPILER_SUPPORT_Wnonvirtualdtor
[ 16%] [32m[1mLinking CXX executable ../bin/gflags_strip_flags_test[0m
-- Performing Test COMPILER_SUPPORT_Wnonvirtualdtor - Success
-- Performing Test COMPILER_SUPPORT_Wunusedlocaltypedefs
[ 16%] [32m[1mLinking CXX executable ../bin/gflags_declare_test[0m
[ 16%] Built target gflags_strip_flags_test
-- Performing Test COMPILER_SUPPORT_Wunusedlocaltypedefs - Success
-- Performing Test COMPILER_SUPPORT_Wpointerarith
[ 16%] Built target gflags_declare_test
-- Performing Test COMPILER_SUPPORT_Wpointerarith - Success
-- Performing Test COMPILER_SUPPORT_Wwritestrings
-- Performing Test COMPILER_SUPPORT_Wwritestrings - Success
-- Performing Test COMPILER_SUPPORT_Wformatsecurity
-- Performing Test COMPILER_SUPPORT_Wformatsecurity - Success
-- Performing Test COMPILER_SUPPORT_Wshorten64to32
-- Performing Test COMPILER_SUPPORT_Wshorten64to32 - Failed
-- Performing Test COMPILER_SUPPORT_Wlogicalop
-- Performing Test COMPILER_SUPPORT_Wlogicalop - Success
-- Performing Test COMPILER_SUPPORT_Wenumconversion
-- Performing Test COMPILER_SUPPORT_Wenumconversion - Success
-- Performing Test COMPILER_SUPPORT_Wcpp11extensions
-- Performing Test COMPILER_SUPPORT_Wcpp11extensions - Failed
-- Performing Test COMPILER_SUPPORT_Wdoublepromotion
[ 17%] [32m[1mLinking CXX static library libbenchmark.a[0m
-- Performing Test COMPILER_SUPPORT_Wdoublepromotion - Success
-- Performing Test COMPILER_SUPPORT_Wshadow
[ 17%] Built target benchmark
-- Performing Test COMPILER_SUPPORT_Wshadow - Success
-- Performing Test COMPILER_SUPPORT_Wnopsabi
[ 17%] [32mBuilding CXX object _deps/ext_benchmark-build/src/CMakeFiles/benchmark_main.dir/benchmark_main.cc.o[0m
-- Performing Test COMPILER_SUPPORT_Wnopsabi - Success
-- Performing Test COMPILER_SUPPORT_Wnovariadicmacros
-- Performing Test COMPILER_SUPPORT_Wnovariadicmacros - Success
-- Performing Test COMPILER_SUPPORT_Wnolonglong
[ 17%] [32m[1mLinking CXX static library libbenchmark_main.a[0m
-- Performing Test COMPILER_SUPPORT_Wnolonglong - Success
-- Performing Test COMPILER_SUPPORT_fnochecknew
[ 17%] Built target benchmark_main
-- Performing Test COMPILER_SUPPORT_fnochecknew - Success
-- Performing Test COMPILER_SUPPORT_fnocommon
-- Performing Test COMPILER_SUPPORT_fnocommon - Success
-- Performing Test COMPILER_SUPPORT_fstrictaliasing
-- Performing Test COMPILER_SUPPORT_fstrictaliasing - Success
-- Performing Test COMPILER_SUPPORT_wd981
[ 18%] [32m[1mLinking CXX executable ../bin/gflags_unittest-main[0m
-- Performing Test COMPILER_SUPPORT_wd981 - Failed
-- Performing Test COMPILER_SUPPORT_wd2304
-- Performing Test COMPILER_SUPPORT_wd2304 - Failed
-- Performing Test COMPILER_SUPPORT_STRICTANSI
-- Performing Test COMPILER_SUPPORT_STRICTANSI - Failed
-- Performing Test COMPILER_SUPPORT_Qunusedarguments
[ 18%] Built target gflags_unittest-main
-- Performing Test COMPILER_SUPPORT_Qunusedarguments - Failed
-- Performing Test COMPILER_SUPPORT_ansi
[ 18%] [32m[1mLinking CXX executable ../bin/gflags_unittest_main[0m
-- Performing Test COMPILER_SUPPORT_ansi - Success
-- Performing Test COMPILER_SUPPORT_OPENMP
[ 18%] Built target gflags_unittest_main
-- Performing Test COMPILER_SUPPORT_OPENMP - Success
-- Found unsuitable Qt version "5.15.3" from /usr/bin/qmake
-- Looking for a Fortran compiler
[ 18%] [32m[1mLinking CXX executable ../bin/gflags_unittest[0m
[ 18%] Built target gflags_unittest
-- Looking for a Fortran compiler - /usr/bin/f95
-- The Fortran compiler identification is GNU 11.4.0
-- Detecting Fortran compiler ABI info
-- Detecting Fortran compiler ABI info - done
-- Check for working Fortran compiler: /usr/bin/f95 - skipped
-- Found CHOLMOD: /usr/include/suitesparse  
-- Found UMFPACK: /usr/include/suitesparse  
-- Found KLU: /usr/include/suitesparse  
-- Performing Test SUPERLU_HAS_GLOBAL_MEM_USAGE_T
-- Performing Test SUPERLU_HAS_GLOBAL_MEM_USAGE_T - Success
-- Performing Test SUPERLU_HAS_CLEAN_ENUMS
-- Performing Test SUPERLU_HAS_CLEAN_ENUMS - Success
-- Performing Test SUPERLU_HAS_GLOBALLU_T
-- Performing Test SUPERLU_HAS_GLOBALLU_T - Success
-- Found SuperLU: /usr/include/superlu (found suitable version "5.0", minimum required is "4.0") 
-- Checking for one of the modules 'hwloc'
-- Performing Test HAVE_HWLOC_PARENT_MEMBER
-- Performing Test HAVE_HWLOC_PARENT_MEMBER - Success
-- Performing Test HAVE_HWLOC_CACHE_ATTR
-- Performing Test HAVE_HWLOC_CACHE_ATTR - Success
-- Performing Test HAVE_HWLOC_OBJ_PU
-- Performing Test HAVE_HWLOC_OBJ_PU - Success
-- Looking for hwloc_bitmap_free in hwloc
-- Looking for hwloc_bitmap_free in hwloc - found
-- Looking for Fortran dgemm
-- Looking for Fortran dgemm - found
-- Performing Test SCOTCH_Num_4
-- Performing Test SCOTCH_Num_4 - Failed
-- Performing Test SCOTCH_Num_8
-- Performing Test SCOTCH_Num_8 - Failed
-- A version of Pastix has been found but pastix_nompi.h does not exist in the include directory. Because Eigen tests require a version without MPI, we disable the Pastix backend.
-- Found SPQR: /usr/include/suitesparse  
-- Found unsuitable Qt version "5.15.3" from /usr/bin/qmake
-- Performing Test COMPILER_SUPPORT_FASTMATH
-- Performing Test COMPILER_SUPPORT_FASTMATH - Success
-- Found Boost: /usr/lib/x86_64-linux-gnu/cmake/Boost-1.74.0/BoostConfig.cmake (found suitable version "1.74.0", minimum required is "1.53.0")  
-- Found Threads: TRUE  
-- Could NOT find GoogleHash (missing: GOOGLEHASH_INCLUDES GOOGLEHASH_COMPILE) 
-- Could NOT find Adolc (missing: ADOLC_INCLUDES ADOLC_LIBRARIES) 
-- Could NOT find MPFR (missing: MPFR_INCLUDES MPFR_LIBRARIES MPFR_VERSION_OK) (Required is at least version "1.0.0")
-- Found PkgConfig: /usr/bin/pkg-config (found version "0.29.2") 
-- Could NOT find FFTW (missing: FFTW_INCLUDES FFTW_LIBRARIES) 
-- Found CUDA: /usr/local/cuda (found suitable version "12.6", minimum required is "7.0") 
-- Found unsuitable Qt version "5.15.3" from /usr/bin/qmake
-- Qt4 not found, so disabling the mandelbrot and opengl demos
-- A version of Pastix has been found but pastix_nompi.h does not exist in the include directory. Because Eigen tests require a version without MPI, we disable the Pastix backend.
-- ************************************************************
-- ***    Eigen's unit tests configuration summary          ***
-- ************************************************************
-- 
-- Build type:        Release
-- Build site:        czz-Legion-Y7000P-IRH8
-- Build string:      linux-6.8.0-106-generic-_-11.4.0-sse2-64bit
-- Enabled backends:  CHOLMOD,  UMFPACK,  KLU,  SuperLU,  SPQR,  Boost.Multiprecision, 
-- Disabled backends: PaStiX,  METIS,  Qt4 support,  GoogleHash,  Adolc,  MPFR C++,  fftw,  OpenGL, 
-- Default order:     Column-major
-- Maximal matrix/vector size: 320
-- SSE2:              Using architecture defaults
-- SSE3:              Using architecture defaults
-- SSSE3:             Using architecture defaults
-- SSE4.1:            Using architecture defaults
-- SSE4.2:            Using architecture defaults
-- AVX:               Using architecture defaults
-- AVX2:              Using architecture defaults
-- FMA:               Using architecture defaults
-- AVX512:            Using architecture defaults
-- AVX512DQ:          Using architecture defaults
-- Altivec:           Using architecture defaults
-- VSX:               Using architecture defaults
-- MIPS MSA:          Using architecture defaults
-- ARM NEON:          Using architecture defaults
-- ARMv8 NEON:        Using architecture defaults
-- S390X ZVECTOR:     Using architecture defaults
-- C++11:             OFF
-- SYCL:              OFF
-- CUDA:              OFF
-- HIP:               OFF
-- 
CXX:               /usr/bin/c++
 CXX_VERSION:       c++ (Ubuntu 11.4.0-1ubuntu1~22.04.3) 11.4.0
 CXX_FLAGS:          -std=c++03 -pedantic -Wall -Wextra -Wundef -Wcast-align -Wchar-subscripts -Wnon-virtual-dtor -Wunused-local-typedefs -Wpointer-arith -Wwrite-strings -Wformat-security -Wlogical-op -Wenum-conversion -Wdouble-promotion -Wshadow -Wno-psabi -Wno-variadic-macros -Wno-long-long -fno-check-new -fno-common -fstrict-aliasing -ansi
 Sparse lib flags:   ;/usr/lib/x86_64-linux-gnu/libcholmod.so;/usr/lib/x86_64-linux-gnu/libamd.so;/usr/lib/x86_64-linux-gnu/libcolamd.so;/usr/lib/x86_64-linux-gnu/libcamd.so;/usr/lib/x86_64-linux-gnu/libccolamd.so;eigen_blas;eigen_lapack;/usr/lib/x86_64-linux-gnu/libumfpack.so;/usr/lib/x86_64-linux-gnu/libcolamd.so;/usr/lib/x86_64-linux-gnu/libamd.so;/usr/lib/x86_64-linux-gnu/libcholmod.so;eigen_blas;/usr/lib/x86_64-linux-gnu/libklu.so;/usr/lib/x86_64-linux-gnu/libcolamd.so;/usr/lib/x86_64-linux-gnu/libamd.so;/usr/lib/x86_64-linux-gnu/libbtf.so;eigen_blas;/usr/lib/x86_64-linux-gnu/libsuperlu.so;eigen_blas;/usr/lib/x86_64-linux-gnu/libspqr.so;/usr/lib/x86_64-linux-gnu/libcholmod.so;/usr/lib/x86_64-linux-gnu/libcholmod.so;/usr/lib/x86_64-linux-gnu/libamd.so;/usr/lib/x86_64-linux-gnu/libcolamd.so;/usr/lib/x86_64-linux-gnu/libcamd.so;/usr/lib/x86_64-linux-gnu/libccolamd.so;eigen_lapack;eigen_blas

-- ************************************************************
-- 
-- Configured Eigen 3.4.0
-- 
-- Available targets (use: make TARGET):
-- ---------+--------------------------------------------------------------
-- Target   |   Description
-- ---------+--------------------------------------------------------------
-- install  | Install Eigen. Headers will be installed to:
--          |     <CMAKE_INSTALL_PREFIX>/<INCLUDE_INSTALL_DIR>
--          |   Using the following values:
--          |     CMAKE_INSTALL_PREFIX: /home/czz/nvblox_ws/build/nvblox/nvblox/eigen
--          |     INCLUDE_INSTALL_DIR:  include/eigen3
--          |   Change the install location of Eigen headers using:
--          |     cmake . -DCMAKE_INSTALL_PREFIX=yourprefix
--          |   Or:
--          |     cmake . -DINCLUDE_INSTALL_DIR=yourdir
-- doc      | Generate the API documentation, requires Doxygen & LaTeX
-- check    | Build and run the unit-tests. Read this page:
--          |   http://eigen.tuxfamily.org/index.php?title=Tests
-- blas     | Build BLAS library (not the same thing as Eigen)
-- uninstall| Remove files installed by the install target
-- ---------+--------------------------------------------------------------
-- 
-- Configuring done
[ 18%] [32m[1mLinking CXX static library ../../../lib/libgtest.a[0m
[ 18%] Built target gtest
[ 18%] [32mBuilding CXX object _deps/ext_gtest-build/googletest/CMakeFiles/gtest_main.dir/src/gtest_main.cc.o[0m
[ 18%] [32mBuilding CXX object _deps/ext_gtest-build/googlemock/CMakeFiles/gmock.dir/src/gmock-all.cc.o[0m
-- Generating done
-- Build files have been written to: /home/czz/nvblox_ws/build/nvblox/nvblox/eigen/src/ext_eigen-build
[ 18%] [34m[1mPerforming build step for 'ext_eigen'[0m
[ 18%] [34m[1mPerforming install step for 'ext_eigen'[0m
[ 19%] [32m[1mLinking CXX static library ../../../lib/libgtest_main.a[0m
[ 19%] Built target gtest_main
[36mInstall the project...[0m
-- Install configuration: "Release"
-- Installing: /home/czz/nvblox_ws/build/nvblox/nvblox/eigen/include/eigen3/signature_of_eigen3_matrix_library
-- Installing: /home/czz/nvblox_ws/build/nvblox/nvblox/eigen/share/pkgconfig/eigen3.pc
-- Installing: /home/czz/nvblox_ws/build/nvblox/nvblox/eigen/include/eigen3/Eigen
-- Installing: /home/czz/nvblox_ws/build/nvblox/nvblox/eigen/include/eigen3/Eigen/Jacobi
-- Installing: /home/czz/nvblox_ws/build/nvblox/nvblox/eigen/include/eigen3/Eigen/SparseCore
-- Installing: /home/czz/nvblox_ws/build/nvblox/nvblox/eigen/include/eigen3/Eigen/MetisSupport
-- Installing: /home/czz/nvblox_ws/build/nvblox/nvblox/eigen/include/eigen3/Eigen/UmfPackSupport
-- Installing: /home/czz/nvblox_ws/build/nvblox/nvblox/eigen/include/eigen3/Eigen/Eigenvalues
-- Installing: /home/czz/nvblox_ws/build/nvblox/nvblox/eigen/include/eigen3/Eigen/SparseLU
-- Installing: /home/czz/nvblox_ws/build/nvblox/nvblox/eigen/include/eigen3/Eigen/Dense
-- Installing: /home/czz/nvblox_ws/build/nvblox/nvblox/eigen/include/eigen3/Eigen/PardisoSupport
-- Installing: /home/czz/nvblox_ws/build/nvblox/nvblox/eigen/include/eigen3/Eigen/OrderingMethods
-- Installing: /home/czz/nvblox_ws/build/nvblox/nvblox/eigen/include/eigen3/Eigen/SparseCholesky
-- Installing: /home/czz/nvblox_ws/build/nvblox/nvblox/eigen/include/eigen3/Eigen/LU
-- Installing: /home/czz/nvblox_ws/build/nvblox/nvblox/eigen/include/eigen3/Eigen/QR
-- Installing: /home/czz/nvblox_ws/build/nvblox/nvblox/eigen/include/eigen3/Eigen/SparseQR
-- Installing: /home/czz/nvblox_ws/build/nvblox/nvblox/eigen/include/eigen3/Eigen/StdList
-- Installing: /home/czz/nvblox_ws/build/nvblox/nvblox/eigen/include/eigen3/Eigen/SuperLUSupport
-- Installing: /home/czz/nvblox_ws/build/nvblox/nvblox/eigen/include/eigen3/Eigen/CholmodSupport
-- Installing: /home/czz/nvblox_ws/build/nvblox/nvblox/eigen/include/eigen3/Eigen/Core
-- Installing: /home/czz/nvblox_ws/build/nvblox/nvblox/eigen/include/eigen3/Eigen/StdVector
-- Installing: /home/czz/nvblox_ws/build/nvblox/nvblox/eigen/include/eigen3/Eigen/KLUSupport
-- Installing: /home/czz/nvblox_ws/build/nvblox/nvblox/eigen/include/eigen3/Eigen/Eigen
-- Installing: /home/czz/nvblox_ws/build/nvblox/nvblox/eigen/include/eigen3/Eigen/Geometry
-- Installing: /home/czz/nvblox_ws/build/nvblox/nvblox/eigen/include/eigen3/Eigen/SVD
-- Installing: /home/czz/nvblox_ws/build/nvblox/nvblox/eigen/include/eigen3/Eigen/SPQRSupport
-- Installing: /home/czz/nvblox_ws/build/nvblox/nvblox/eigen/include/eigen3/Eigen/StdDeque
-- Installing: /home/czz/nvblox_ws/build/nvblox/nvblox/eigen/include/eigen3/Eigen/IterativeLinearSolvers
-- Installing: /home/czz/nvblox_ws/build/nvblox/nvblox/eigen/include/eigen3/Eigen/QtAlignedMalloc
-- Installing: /home/czz/nvblox_ws/build/nvblox/nvblox/eigen/include/eigen3/Eigen/Householder
-- Installing: /home/czz/nvblox_ws/build/nvblox/nvblox/eigen/include/eigen3/Eigen/Sparse
-- Installing: /home/czz/nvblox_ws/build/nvblox/nvblox/eigen/include/eigen3/Eigen/Cholesky
-- Installing: /home/czz/nvblox_ws/build/nvblox/nvblox/eigen/include/eigen3/Eigen/src
-- Installing: /home/czz/nvblox_ws/build/nvblox/nvblox/eigen/include/eigen3/Eigen/src/Jacobi
-- Installing: /home/czz/nvblox_ws/build/nvblox/nvblox/eigen/include/eigen3/Eigen/src/Jacobi/Jacobi.h
-- Installing: /home/czz/nvblox_ws/build/nvblox/nvblox/eigen/include/eigen3/Eigen/src/SparseCore
-- Installing: /home/czz/nvblox_ws/build/nvblox/nvblox/eigen/include/eigen3/Eigen/src/SparseCore/SparseCompressedBase.h
-- Installing: /home/czz/nvblox_ws/build/nvblox/nvblox/eigen/include/eigen3/Eigen/src/SparseCore/SparseSelfAdjointView.h
-- Installing: /home/czz/nvblox_ws/build/nvblox/nvblox/eigen/include/eigen3/Eigen/src/SparseCore/SparseTriangularView.h
-- Installing: /home/czz/nvblox_ws/build/nvblox/nvblox/eigen/include/eigen3/Eigen/src/SparseCore/SparseBlock.h
-- Installing: /home/czz/nvblox_ws/build/nvblox/nvblox/eigen/include/eigen3/Eigen/src/SparseCore/MappedSparseMatrix.h
-- Installing: /home/czz/nvblox_ws/build/nvblox/nvblox/eigen/include/eigen3/Eigen/src/SparseCore/SparseDot.h
-- Installing: /home/czz/nvblox_ws/build/nvblox/nvblox/eigen/include/eigen3/Eigen/src/SparseCore/SparseCwiseBinaryOp.h
-- Installing: /home/czz/nvblox_ws/build/nvblox/nvblox/eigen/include/eigen3/Eigen/src/SparseCore/SparseColEtree.h
-- Installing: /home/czz/nvblox_ws/build/nvblox/nvblox/eigen/include/eigen3/Eigen/src/SparseCore/CompressedStorage.h
-- Installing: /home/czz/nvblox_ws/build/nvblox/nvblox/eigen/include/eigen3/Eigen/src/SparseCore/SparseView.h
-- Installing: /home/czz/nvblox_ws/build/nvblox/nvblox/eigen/include/eigen3/Eigen/src/SparseCore/SparseCwiseUnaryOp.h
-- Installing: /home/czz/nvblox_ws/build/nvblox/nvblox/eigen/include/eigen3/Eigen/src/SparseCore/SparseRef.h
-- Installing: /home/czz/nvblox_ws/build/nvblox/nvblox/eigen/include/eigen3/Eigen/src/SparseCore/SparseSparseProductWithPruning.h
-- Installing: /home/czz/nvblox_ws/build/nvblox/nvblox/eigen/include/eigen3/Eigen/src/SparseCore/SparseTranspose.h
-- Installing: /home/czz/nvblox_ws/build/nvblox/nvblox/eigen/include/eigen3/Eigen/src/SparseCore/SparseAssign.h
-- Installing: /home/czz/nvblox_ws/build/nvblox/nvblox/eigen/include/eigen3/Eigen/src/SparseCore/SparseMatrix.h
-- Installing: /home/czz/nvblox_ws/build/nvblox/nvblox/eigen/include/eigen3/Eigen/src/SparseCore/AmbiVector.h
-- Installing: /home/czz/nvblox_ws/build/nvblox/nvblox/eigen/include/eigen3/Eigen/src/SparseCore/ConservativeSparseSparseProduct.h
-- Installing: /home/czz/nvblox_ws/build/nvblox/nvblox/eigen/include/eigen3/Eigen/src/SparseCore/SparseVector.h
-- Installing: /home/czz/nvblox_ws/build/nvblox/nvblox/eigen/include/eigen3/Eigen/src/SparseCore/SparseUtil.h
-- Installing: /home/czz/nvblox_ws/build/nvblox/nvblox/eigen/include/eigen3/Eigen/src/SparseCore/SparseDenseProduct.h
-- Installing: /home/czz/nvblox_ws/build/nvblox/nvblox/eigen/include/eigen3/Eigen/src/SparseCore/SparseDiagonalProduct.h
-- Installing: /home/czz/nvblox_ws/build/nvblox/nvblox/eigen/include/eigen3/Eigen/src/SparseCore/SparseProduct.h
-- Installing: /home/czz/nvblox_ws/build/nvblox/nvblox/eigen/include/eigen3/Eigen/src/SparseCore/TriangularSolver.h
-- Installing: /home/czz/nvblox_ws/build/nvblox/nvblox/eigen/include/eigen3/Eigen/src/SparseCore/SparseMatrixBase.h
-- Installing: /home/czz/nvblox_ws/build/nvblox/nvblox/eigen/include/eigen3/Eigen/src/SparseCore/SparseRedux.h
-- Installing: /home/czz/nvblox_ws/build/nvblox/nvblox/eigen/include/eigen3/Eigen/src/SparseCore/SparseFuzzy.h
-- Installing: /home/czz/nvblox_ws/build/nvblox/nvblox/eigen/include/eigen3/Eigen/src/SparseCore/SparseSolverBase.h
-- Installing: /home/czz/nvblox_ws/build/nvblox/nvblox/eigen/include/eigen3/Eigen/src/SparseCore/SparseMap.h
-- Installing: /home/czz/nvblox_ws/build/nvblox/nvblox/eigen/include/eigen3/Eigen/src/SparseCore/SparsePermutation.h
-- Installing: /home/czz/nvblox_ws/build/nvblox/nvblox/eigen/include/eigen3/Eigen/src/MetisSupport
-- Installing: /home/czz/nvblox_ws/build/nvblox/nvblox/eigen/include/eigen3/Eigen/src/MetisSupport/MetisSupport.h
-- Installing: /home/czz/nvblox_ws/build/nvblox/nvblox/eigen/include/eigen3/Eigen/src/UmfPackSupport
-- Installing: /home/czz/nvblox_ws/build/nvblox/nvblox/eigen/include/eigen3/Eigen/src/UmfPackSupport/UmfPackSupport.h
-- Installing: /home/czz/nvblox_ws/build/nvblox/nvblox/eigen/include/eigen3/Eigen/src/misc
-- Installing: /home/czz/nvblox_ws/build/nvblox/nvblox/eigen/include/eigen3/Eigen/src/misc/Kernel.h
-- Installing: /home/czz/nvblox_ws/build/nvblox/nvblox/eigen/include/eigen3/Eigen/src/misc/lapacke.h
-- Installing: /home/czz/nvblox_ws/build/nvblox/nvblox/eigen/include/eigen3/Eigen/src/misc/blas.h
-- Installing: /home/czz/nvblox_ws/build/nvblox/nvblox/eigen/include/eigen3/Eigen/src/misc/Image.h
-- Installing: /home/czz/nvblox_ws/build/nvblox/nvblox/eigen/include/eigen3/Eigen/src/misc/lapack.h
-- Installing: /home/czz/nvblox_ws/build/nvblox/nvblox/eigen/include/eigen3/Eigen/src/misc/lapacke_mangling.h
-- Installing: /home/czz/nvblox_ws/build/nvblox/nvblox/eigen/include/eigen3/Eigen/src/misc/RealSvd2x2.h
-- Installing: /home/czz/nvblox_ws/build/nvblox/nvblox/eigen/include/eigen3/Eigen/src/Eigenvalues
-- Installing: /home/czz/nvblox_ws/build/nvblox/nvblox/eigen/include/eigen3/Eigen/src/Eigenvalues/SelfAdjointEigenSolver.h
-- Installing: /home/czz/nvblox_ws/build/nvblox/nvblox/eigen/include/eigen3/Eigen/src/Eigenvalues/EigenSolver.h
-- Installing: /home/czz/nvblox_ws/build/nvblox/nvblox/eigen/include/eigen3/Eigen/src/Eigenvalues/GeneralizedSelfAdjointEigenSolver.h
-- Installing: /home/czz/nvblox_ws/build/nvblox/nvblox/eigen/include/eigen3/Eigen/src/Eigenvalues/HessenbergDecomposition.h
-- Installing: /home/czz/nvblox_ws/build/nvblox/nvblox/eigen/include/eigen3/Eigen/src/Eigenvalues/MatrixBaseEigenvalues.h
-- Installing: /home/czz/nvblox_ws/build/nvblox/nvblox/eigen/include/eigen3/Eigen/src/Eigenvalues/RealQZ.h
-- Installing: /home/czz/nvblox_ws/build/nvblox/nvblox/eigen/include/eigen3/Eigen/src/Eigenvalues/ComplexSchur_LAPACKE.h
-- Installing: /home/czz/nvblox_ws/build/nvblox/nvblox/eigen/include/eigen3/Eigen/src/Eigenvalues/RealSchur_LAPACKE.h
-- Installing: /home/czz/nvblox_ws/build/nvblox/nvblox/eigen/include/eigen3/Eigen/src/Eigenvalues/ComplexSchur.h
-- Installing: /home/czz/nvblox_ws/build/nvblox/nvblox/eigen/include/eigen3/Eigen/src/Eigenvalues/RealSchur.h
-- Installing: /home/czz/nvblox_ws/build/nvblox/nvblox/eigen/include/eigen3/Eigen/src/Eigenvalues/SelfAdjointEigenSolver_LAPACKE.h
-- Installing: /home/czz/nvblox_ws/build/nvblox/nvblox/eigen/include/eigen3/Eigen/src/Eigenvalues/ComplexEigenSolver.h
-- Installing: /home/czz/nvblox_ws/build/nvblox/nvblox/eigen/include/eigen3/Eigen/src/Eigenvalues/GeneralizedEigenSolver.h
-- Installing: /home/czz/nvblox_ws/build/nvblox/nvblox/eigen/include/eigen3/Eigen/src/Eigenvalues/Tridiagonalization.h
-- Installing: /home/czz/nvblox_ws/build/nvblox/nvblox/eigen/include/eigen3/Eigen/src/SparseLU
-- Installing: /home/czz/nvblox_ws/build/nvblox/nvblox/eigen/include/eigen3/Eigen/src/SparseLU/SparseLU_column_dfs.h
-- Installing: /home/czz/nvblox_ws/build/nvblox/nvblox/eigen/include/eigen3/Eigen/src/SparseLU/SparseLU_Memory.h
-- Installing: /home/czz/nvblox_ws/build/nvblox/nvblox/eigen/include/eigen3/Eigen/src/SparseLU/SparseLU_SupernodalMatrix.h
-- Installing: /home/czz/nvblox_ws/build/nvblox/nvblox/eigen/include/eigen3/Eigen/src/SparseLU/SparseLU_pruneL.h
-- Installing: /home/czz/nvblox_ws/build/nvblox/nvblox/eigen/include/eigen3/Eigen/src/SparseLU/SparseLU_heap_relax_snode.h
-- Installing: /home/czz/nvblox_ws/build/nvblox/nvblox/eigen/include/eigen3/Eigen/src/SparseLU/SparseLU_Utils.h
-- Installing: /home/czz/nvblox_ws/build/nvblox/nvblox/eigen/include/eigen3/Eigen/src/SparseLU/SparseLU_pivotL.h
-- Installing: /home/czz/nvblox_ws/build/nvblox/nvblox/eigen/include/eigen3/Eigen/src/SparseLU/SparseLU.h
-- Installing: /home/czz/nvblox_ws/build/nvblox/nvblox/eigen/include/eigen3/Eigen/src/SparseLU/SparseLU_panel_dfs.h
-- Installing: /home/czz/nvblox_ws/build/nvblox/nvblox/eigen/include/eigen3/Eigen/src/SparseLU/SparseLU_gemm_kernel.h
-- Installing: /home/czz/nvblox_ws/build/nvblox/nvblox/eigen/include/eigen3/Eigen/src/SparseLU/SparseLU_column_bmod.h
-- Installing: /home/czz/nvblox_ws/build/nvblox/nvblox/eigen/include/eigen3/Eigen/src/SparseLU/SparseLU_panel_bmod.h
-- Installing: /home/czz/nvblox_ws/build/nvblox/nvblox/eigen/include/eigen3/Eigen/src/SparseLU/SparseLUImpl.h
-- Installing: /home/czz/nvblox_ws/build/nvblox/nvblox/eigen/include/eigen3/Eigen/src/SparseLU/SparseLU_Structs.h
-- Installing: /home/czz/nvblox_ws/build/nvblox/nvblox/eigen/include/eigen3/Eigen/src/SparseLU/SparseLU_copy_to_ucol.h
-- Installing: /home/czz/nvblox_ws/build/nvblox/nvblox/eigen/include/eigen3/Eigen/src/SparseLU/SparseLU_relax_snode.h
-- Installing: /home/czz/nvblox_ws/build/nvblox/nvblox/eigen/include/eigen3/Eigen/src/SparseLU/SparseLU_kernel_bmod.h
-- Installing: /home/czz/nvblox_ws/build/nvblox/nvblox/eigen/include/eigen3/Eigen/src/PardisoSupport
-- Installing: /home/czz/nvblox_ws/build/nvblox/nvblox/eigen/include/eigen3/Eigen/src/PardisoSupport/PardisoSupport.h
-- Installing: /home/czz/nvblox_ws/build/nvblox/nvblox/eigen/include/eigen3/Eigen/src/OrderingMethods
-- Installing: /home/czz/nvblox_ws/build/nvblox/nvblox/eigen/include/eigen3/Eigen/src/OrderingMethods/Eigen_Colamd.h
-- Installing: /home/czz/nvblox_ws/build/nvblox/nvblox/eigen/include/eigen3/Eigen/src/OrderingMethods/Ordering.h
-- Installing: /home/czz/nvblox_ws/build/nvblox/nvblox/eigen/include/eigen3/Eigen/src/OrderingMethods/Amd.h
-- Installing: /home/czz/nvblox_ws/build/nvblox/nvblox/eigen/include/eigen3/Eigen/src/SparseCholesky
-- Installing: /home/czz/nvblox_ws/build/nvblox/nvblox/eigen/include/eigen3/Eigen/src/SparseCholesky/SimplicialCholesky.h
-- Installing: /home/czz/nvblox_ws/build/nvblox/nvblox/eigen/include/eigen3/Eigen/src/SparseCholesky/SimplicialCholesky_impl.h
-- Installing: /home/czz/nvblox_ws/build/nvblox/nvblox/eigen/include/eigen3/Eigen/src/LU
-- Installing: /home/czz/nvblox_ws/build/nvblox/nvblox/eigen/include/eigen3/Eigen/src/LU/Determinant.h
-- Installing: /home/czz/nvblox_ws/build/nvblox/nvblox/eigen/include/eigen3/Eigen/src/LU/FullPivLU.h
-- Installing: /home/czz/nvblox_ws/build/nvblox/nvblox/eigen/include/eigen3/Eigen/src/LU/PartialPivLU_LAPACKE.h
-- Installing: /home/czz/nvblox_ws/build/nvblox/nvblox/eigen/include/eigen3/Eigen/src/LU/InverseImpl.h
-- Installing: /home/czz/nvblox_ws/build/nvblox/nvblox/eigen/include/eigen3/Eigen/src/LU/arch
-- Installing: /home/czz/nvblox_ws/build/nvblox/nvblox/eigen/include/eigen3/Eigen/src/LU/arch/InverseSize4.h
-- Installing: /home/czz/nvblox_ws/build/nvblox/nvblox/eigen/include/eigen3/Eigen/src/LU/PartialPivLU.h
-- Installing: /home/czz/nvblox_ws/build/nvblox/nvblox/eigen/include/eigen3/Eigen/src/QR
-- Installing: /home/czz/nvblox_ws/build/nvblox/nvblox/eigen/include/eigen3/Eigen/src/QR/ColPivHouseholderQR_LAPACKE.h
-- Installing: /home/czz/nvblox_ws/build/nvblox/nvblox/eigen/include/eigen3/Eigen/src/QR/HouseholderQR_LAPACKE.h
-- Installing: /home/czz/nvblox_ws/build/nvblox/nvblox/eigen/include/eigen3/Eigen/src/QR/HouseholderQR.h
-- Installing: /home/czz/nvblox_ws/build/nvblox/nvblox/eigen/include/eigen3/Eigen/src/QR/FullPivHouseholderQR.h
-- Installing: /home/czz/nvblox_ws/build/nvblox/nvblox/eigen/include/eigen3/Eigen/src/QR/CompleteOrthogonalDecomposition.h
-- Installing: /home/czz/nvblox_ws/build/nvblox/nvblox/eigen/include/eigen3/Eigen/src/QR/ColPivHouseholderQR.h
-- Installing: /home/czz/nvblox_ws/build/nvblox/nvblox/eigen/include/eigen3/Eigen/src/SparseQR
-- Installing: /home/czz/nvblox_ws/build/nvblox/nvblox/eigen/include/eigen3/Eigen/src/SparseQR/SparseQR.h
-- Installing: /home/czz/nvblox_ws/build/nvblox/nvblox/eigen/include/eigen3/Eigen/src/plugins
-- Installing: /home/czz/nvblox_ws/build/nvblox/nvblox/eigen/include/eigen3/Eigen/src/plugins/ArrayCwiseUnaryOps.h
-- Installing: /home/czz/nvblox_ws/build/nvblox/nvblox/eigen/include/eigen3/Eigen/src/plugins/MatrixCwiseUnaryOps.h
-- Installing: /home/czz/nvblox_ws/build/nvblox/nvblox/eigen/include/eigen3/Eigen/src/plugins/MatrixCwiseBinaryOps.h
-- Installing: /home/czz/nvblox_ws/build/nvblox/nvblox/eigen/include/eigen3/Eigen/src/plugins/ArrayCwiseBinaryOps.h
-- Installing: /home/czz/nvblox_ws/build/nvblox/nvblox/eigen/include/eigen3/Eigen/src/plugins/CommonCwiseBinaryOps.h
-- Installing: /home/czz/nvblox_ws/build/nvblox/nvblox/eigen/include/eigen3/Eigen/src/plugins/ReshapedMethods.h
-- Installing: /home/czz/nvblox_ws/build/nvblox/nvblox/eigen/include/eigen3/Eigen/src/plugins/BlockMethods.h
-- Installing: /home/czz/nvblox_ws/build/nvblox/nvblox/eigen/include/eigen3/Eigen/src/plugins/IndexedViewMethods.h
-- Installing: /home/czz/nvblox_ws/build/nvblox/nvblox/eigen/include/eigen3/Eigen/src/plugins/CommonCwiseUnaryOps.h
-- Installing: /home/czz/nvblox_ws/build/nvblox/nvblox/eigen/include/eigen3/Eigen/src/SuperLUSupport
-- Installing: /home/czz/nvblox_ws/build/nvblox/nvblox/eigen/include/eigen3/Eigen/src/SuperLUSupport/SuperLUSupport.h
-- Installing: /home/czz/nvblox_ws/build/nvblox/nvblox/eigen/include/eigen3/Eigen/src/CholmodSupport
-- Installing: /home/czz/nvblox_ws/build/nvblox/nvblox/eigen/include/eigen3/Eigen/src/CholmodSupport/CholmodSupport.h
-- Installing: /home/czz/nvblox_ws/build/nvblox/nvblox/eigen/include/eigen3/Eigen/src/Core
-- Installing: /home/czz/nvblox_ws/build/nvblox/nvblox/eigen/include/eigen3/Eigen/src/Core/Assign.h
-- Installing: /home/czz/nvblox_ws/build/nvblox/nvblox/eigen/include/eigen3/Eigen/src/Core/DenseStorage.h
-- Installing: /home/czz/nvblox_ws/build/nvblox/nvblox/eigen/include/eigen3/Eigen/src/Core/BandMatrix.h
-- Installing: /home/czz/nvblox_ws/build/nvblox/nvblox/eigen/include/eigen3/Eigen/src/Core/ForceAlignedAccess.h
-- Installing: /home/czz/nvblox_ws/build/nvblox/nvblox/eigen/include/eigen3/Eigen/src/Core/SelfCwiseBinaryOp.h
-- Installing: /home/czz/nvblox_ws/build/nvblox/nvblox/eigen/include/eigen3/Eigen/src/Core/ReturnByValue.h
-- Installing: /home/czz/nvblox_ws/build/nvblox/nvblox/eigen/include/eigen3/Eigen/src/Core/products
-- Installing: /home/czz/nvblox_ws/build/nvblox/nvblox/eigen/include/eigen3/Eigen/src/Core/products/SelfadjointMatrixVector.h
-- Installing: /home/czz/nvblox_ws/build/nvblox/nvblox/eigen/include/eigen3/Eigen/src/Core/products/GeneralMatrixVector_BLAS.h
-- Installing: /home/czz/nvblox_ws/build/nvblox/nvblox/eigen/include/eigen3/Eigen/src/Core/products/SelfadjointMatrixVector_BLAS.h
-- Installing: /home/czz/nvblox_ws/build/nvblox/nvblox/eigen/include/eigen3/Eigen/src/Core/products/GeneralBlockPanelKernel.h
-- Installing: /home/czz/nvblox_ws/build/nvblox/nvblox/eigen/include/eigen3/Eigen/src/Core/products/TriangularSolverMatrix_BLAS.h
-- Installing: /home/czz/nvblox_ws/build/nvblox/nvblox/eigen/include/eigen3/Eigen/src/Core/products/SelfadjointMatrixMatrix.h
-- Installing: /home/czz/nvblox_ws/build/nvblox/nvblox/eigen/include/eigen3/Eigen/src/Core/products/Parallelizer.h
-- Installing: /home/czz/nvblox_ws/build/nvblox/nvblox/eigen/include/eigen3/Eigen/src/Core/products/SelfadjointMatrixMatrix_BLAS.h
-- Installing: /home/czz/nvblox_ws/build/nvblox/nvblox/eigen/include/eigen3/Eigen/src/Core/products/SelfadjointProduct.h
-- Installing: /home/czz/nvblox_ws/build/nvblox/nvblox/eigen/include/eigen3/Eigen/src/Core/products/GeneralMatrixMatrix.h
-- Installing: /home/czz/nvblox_ws/build/nvblox/nvblox/eigen/include/eigen3/Eigen/src/Core/products/GeneralMatrixMatrixTriangular_BLAS.h
-- Installing: /home/czz/nvblox_ws/build/nvblox/nvblox/eigen/include/eigen3/Eigen/src/Core/products/TriangularMatrixMatrix.h
-- Installing: /home/czz/nvblox_ws/build/nvblox/nvblox/eigen/include/eigen3/Eigen/src/Core/products/GeneralMatrixMatrix_BLAS.h
-- Installing: /home/czz/nvblox_ws/build/nvblox/nvblox/eigen/include/eigen3/Eigen/src/Core/products/TriangularMatrixVector_BLAS.h
-- Installing: /home/czz/nvblox_ws/build/nvblox/nvblox/eigen/include/eigen3/Eigen/src/Core/products/GeneralMatrixVector.h
-- Installing: /home/czz/nvblox_ws/build/nvblox/nvblox/eigen/include/eigen3/Eigen/src/Core/products/TriangularSolverVector.h
-- Installing: /home/czz/nvblox_ws/build/nvblox/nvblox/eigen/include/eigen3/Eigen/src/Core/products/TriangularSolverMatrix.h
-- Installing: /home/czz/nvblox_ws/build/nvblox/nvblox/eigen/include/eigen3/Eigen/src/Core/products/TriangularMatrixVector.h
-- Installing: /home/czz/nvblox_ws/build/nvblox/nvblox/eigen/include/eigen3/Eigen/src/Core/products/GeneralMatrixMatrixTriangular.h
-- Installing: /home/czz/nvblox_ws/build/nvblox/nvblox/eigen/include/eigen3/Eigen/src/Core/products/TriangularMatrixMatrix_BLAS.h
-- Installing: /home/czz/nvblox_ws/build/nvblox/nvblox/eigen/include/eigen3/Eigen/src/Core/products/SelfadjointRank2Update.h
-- Installing: /home/czz/nvblox_ws/build/nvblox/nvblox/eigen/include/eigen3/Eigen/src/Core/DenseBase.h
-- Installing: /home/czz/nvblox_ws/build/nvblox/nvblox/eigen/include/eigen3/Eigen/src/Core/Diagonal.h
-- Installing: /home/czz/nvblox_ws/build/nvblox/nvblox/eigen/include/eigen3/Eigen/src/Core/SolverBase.h
-- Installing: /home/czz/nvblox_ws/build/nvblox/nvblox/eigen/include/eigen3/Eigen/src/Core/ArithmeticSequence.h
-- Installing: /home/czz/nvblox_ws/build/nvblox/nvblox/eigen/include/eigen3/Eigen/src/Core/VectorBlock.h
-- Installing: /home/czz/nvblox_ws/build/nvblox/nvblox/eigen/include/eigen3/Eigen/src/Core/PlainObjectBase.h
-- Installing: /home/czz/nvblox_ws/build/nvblox/nvblox/eigen/include/eigen3/Eigen/src/Core/ArrayWrapper.h
-- Installing: /home/czz/nvblox_ws/build/nvblox/nvblox/eigen/include/eigen3/Eigen/src/Core/SelfAdjointView.h
-- Installing: /home/czz/nvblox_ws/build/nvblox/nvblox/eigen/include/eigen3/Eigen/src/Core/Product.h
-- Installing: /home/czz/nvblox_ws/build/nvblox/nvblox/eigen/include/eigen3/Eigen/src/Core/EigenBase.h
-- Installing: /home/czz/nvblox_ws/build/nvblox/nvblox/eigen/include/eigen3/Eigen/src/Core/DenseCoeffsBase.h
-- Installing: /home/czz/nvblox_ws/build/nvblox/nvblox/eigen/include/eigen3/Eigen/src/Core/Matrix.h
-- Installing: /home/czz/nvblox_ws/build/nvblox/nvblox/eigen/include/eigen3/Eigen/src/Core/Array.h
-- Installing: /home/czz/nvblox_ws/build/nvblox/nvblox/eigen/include/eigen3/Eigen/src/Core/Assign_MKL.h
-- Installing: /home/czz/nvblox_ws/build/nvblox/nvblox/eigen/include/eigen3/Eigen/src/Core/TriangularMatrix.h
-- Installing: /home/czz/nvblox_ws/build/nvblox/nvblox/eigen/include/eigen3/Eigen/src/Core/Ref.h
-- Installing: /home/czz/nvblox_ws/build/nvblox/nvblox/eigen/include/eigen3/Eigen/src/Core/functors
-- Installing: /home/czz/nvblox_ws/build/nvblox/nvblox/eigen/include/eigen3/Eigen/src/Core/functors/AssignmentFunctors.h
-- Installing: /home/czz/nvblox_ws/build/nvblox/nvblox/eigen/include/eigen3/Eigen/src/Core/functors/StlFunctors.h
-- Installing: /home/czz/nvblox_ws/build/nvblox/nvblox/eigen/include/eigen3/Eigen/src/Core/functors/TernaryFunctors.h
-- Installing: /home/czz/nvblox_ws/build/nvblox/nvblox/eigen/include/eigen3/Eigen/src/Core/functors/NullaryFunctors.h
-- Installing: /home/czz/nvblox_ws/build/nvblox/nvblox/eigen/include/eigen3/Eigen/src/Core/functors/UnaryFunctors.h
-- Installing: /home/czz/nvblox_ws/build/nvblox/nvblox/eigen/include/eigen3/Eigen/src/Core/functors/BinaryFunctors.h
-- Installing: /home/czz/nvblox_ws/build/nvblox/nvblox/eigen/include/eigen3/Eigen/src/Core/CwiseUnaryOp.h
-- Installing: /home/czz/nvblox_ws/build/nvblox/nvblox/eigen/include/eigen3/Eigen/src/Core/BooleanRedux.h
-- Installing: /home/czz/nvblox_ws/build/nvblox/nvblox/eigen/include/eigen3/Eigen/src/Core/Transpose.h
-- Installing: /home/czz/nvblox_ws/build/nvblox/nvblox/eigen/include/eigen3/Eigen/src/Core/Random.h
-- Installing: /home/czz/nvblox_ws/build/nvblox/nvblox/eigen/include/eigen3/Eigen/src/Core/CoreIterators.h
-- Installing: /home/czz/nvblox_ws/build/nvblox/nvblox/eigen/include/eigen3/Eigen/src/Core/CommaInitializer.h
-- Installing: /home/czz/nvblox_ws/build/nvblox/nvblox/eigen/include/eigen3/Eigen/src/Core/Redux.h
-- Installing: /home/czz/nvblox_ws/build/nvblox/nvblox/eigen/include/eigen3/Eigen/src/Core/Solve.h
-- Installing: /home/czz/nvblox_ws/build/nvblox/nvblox/eigen/include/eigen3/Eigen/src/Core/PermutationMatrix.h
-- Installing: /home/czz/nvblox_ws/build/nvblox/nvblox/eigen/include/eigen3/Eigen/src/Core/MathFunctionsImpl.h
-- Installing: /home/czz/nvblox_ws/build/nvblox/nvblox/eigen/include/eigen3/Eigen/src/Core/Map.h
-- Installing: /home/czz/nvblox_ws/build/nvblox/nvblox/eigen/include/eigen3/Eigen/src/Core/MatrixBase.h
-- Installing: /home/czz/nvblox_ws/build/nvblox/nvblox/eigen/include/eigen3/Eigen/src/Core/NumTraits.h
-- Installing: /home/czz/nvblox_ws/build/nvblox/nvblox/eigen/include/eigen3/Eigen/src/Core/IndexedView.h
-- Installing: /home/czz/nvblox_ws/build/nvblox/nvblox/eigen/include/eigen3/Eigen/src/Core/Stride.h
-- Installing: /home/czz/nvblox_ws/build/nvblox/nvblox/eigen/include/eigen3/Eigen/src/Core/util
-- Installing: /home/czz/nvblox_ws/build/nvblox/nvblox/eigen/include/eigen3/Eigen/src/Core/util/ReshapedHelper.h
-- Installing: /home/czz/nvblox_ws/build/nvblox/nvblox/eigen/include/eigen3/Eigen/src/Core/util/BlasUtil.h
-- Installing: /home/czz/nvblox_ws/build/nvblox/nvblox/eigen/include/eigen3/Eigen/src/Core/util/ReenableStupidWarnings.h
-- Installing: /home/czz/nvblox_ws/build/nvblox/nvblox/eigen/include/eigen3/Eigen/src/Core/util/ForwardDeclarations.h
-- Installing: /home/czz/nvblox_ws/build/nvblox/nvblox/eigen/include/eigen3/Eigen/src/Core/util/Memory.h
-- Installing: /home/czz/nvblox_ws/build/nvblox/nvblox/eigen/include/eigen3/Eigen/src/Core/util/ConfigureVectorization.h
-- Installing: /home/czz/nvblox_ws/build/nvblox/nvblox/eigen/include/eigen3/Eigen/src/Core/util/Meta.h
-- Installing: /home/czz/nvblox_ws/build/nvblox/nvblox/eigen/include/eigen3/Eigen/src/Core/util/Constants.h
-- Installing: /home/czz/nvblox_ws/build/nvblox/nvblox/eigen/include/eigen3/Eigen/src/Core/util/IndexedViewHelper.h
-- Installing: /home/czz/nvblox_ws/build/nvblox/nvblox/eigen/include/eigen3/Eigen/src/Core/util/NonMPL2.h
-- Installing: /home/czz/nvblox_ws/build/nvblox/nvblox/eigen/include/eigen3/Eigen/src/Core/util/XprHelper.h
-- Installing: /home/czz/nvblox_ws/build/nvblox/nvblox/eigen/include/eigen3/Eigen/src/Core/util/MKL_support.h
-- Installing: /home/czz/nvblox_ws/build/nvblox/nvblox/eigen/include/eigen3/Eigen/src/Core/util/IntegralConstant.h
-- Installing: /home/czz/nvblox_ws/build/nvblox/nvblox/eigen/include/eigen3/Eigen/src/Core/util/SymbolicIndex.h
-- Installing: /home/czz/nvblox_ws/build/nvblox/nvblox/eigen/include/eigen3/Eigen/src/Core/util/StaticAssert.h
-- Installing: /home/czz/nvblox_ws/build/nvblox/nvblox/eigen/include/eigen3/Eigen/src/Core/util/DisableStupidWarnings.h
-- Installing: /home/czz/nvblox_ws/build/nvblox/nvblox/eigen/include/eigen3/Eigen/src/Core/util/Macros.h
-- Installing: /home/czz/nvblox_ws/build/nvblox/nvblox/eigen/include/eigen3/Eigen/src/Core/PartialReduxEvaluator.h
-- Installing: /home/czz/nvblox_ws/build/nvblox/nvblox/eigen/include/eigen3/Eigen/src/Core/IO.h
-- Installing: /home/czz/nvblox_ws/build/nvblox/nvblox/eigen/include/eigen3/Eigen/src/Core/arch
-- Installing: /home/czz/nvblox_ws/build/nvblox/nvblox/eigen/include/eigen3/Eigen/src/Core/arch/Default
-- Installing: /home/czz/nvblox_ws/build/nvblox/nvblox/eigen/include/eigen3/Eigen/src/Core/arch/Default/Half.h
-- Installing: /home/czz/nvblox_ws/build/nvblox/nvblox/eigen/include/eigen3/Eigen/src/Core/arch/Default/BFloat16.h
-- Installing: /home/czz/nvblox_ws/build/nvblox/nvblox/eigen/include/eigen3/Eigen/src/Core/arch/Default/Settings.h
-- Installing: /home/czz/nvblox_ws/build/nvblox/nvblox/eigen/include/eigen3/Eigen/src/Core/arch/Default/ConjHelper.h
-- Installing: /home/czz/nvblox_ws/build/nvblox/nvblox/eigen/include/eigen3/Eigen/src/Core/arch/Default/GenericPacketMathFunctionsFwd.h
-- Installing: /home/czz/nvblox_ws/build/nvblox/nvblox/eigen/include/eigen3/Eigen/src/Core/arch/Default/GenericPacketMathFunctions.h
-- Installing: /home/czz/nvblox_ws/build/nvblox/nvblox/eigen/include/eigen3/Eigen/src/Core/arch/Default/TypeCasting.h
-- Installing: /home/czz/nvblox_ws/build/nvblox/nvblox/eigen/include/eigen3/Eigen/src/Core/arch/SVE
-- Installing: /home/czz/nvblox_ws/build/nvblox/nvblox/eigen/include/eigen3/Eigen/src/Core/arch/SVE/PacketMath.h
-- Installing: /home/czz/nvblox_ws/build/nvblox/nvblox/eigen/include/eigen3/Eigen/src/Core/arch/SVE/MathFunctions.h
-- Installing: /home/czz/nvblox_ws/build/nvblox/nvblox/eigen/include/eigen3/Eigen/src/Core/arch/SVE/TypeCasting.h
-- Installing: /home/czz/nvblox_ws/build/nvblox/nvblox/eigen/include/eigen3/Eigen/src/Core/arch/ZVector
-- Installing: /home/czz/nvblox_ws/build/nvblox/nvblox/eigen/include/eigen3/Eigen/src/Core/arch/ZVector/Complex.h
-- Installing: /home/czz/nvblox_ws/build/nvblox/nvblox/eigen/include/eigen3/Eigen/src/Core/arch/ZVector/PacketMath.h
-- Installing: /home/czz/nvblox_ws/build/nvblox/nvblox/eigen/include/eigen3/Eigen/src/Core/arch/ZVector/MathFunctions.h
-- Installing: /home/czz/nvblox_ws/build/nvblox/nvblox/eigen/include/eigen3/Eigen/src/Core/arch/AVX
-- Installing: /home/czz/nvblox_ws/build/nvblox/nvblox/eigen/include/eigen3/Eigen/src/Core/arch/AVX/Complex.h
-- Installing: /home/czz/nvblox_ws/build/nvblox/nvblox/eigen/include/eigen3/Eigen/src/Core/arch/AVX/PacketMath.h
-- Installing: /home/czz/nvblox_ws/build/nvblox/nvblox/eigen/include/eigen3/Eigen/src/Core/arch/AVX/MathFunctions.h
-- Installing: /home/czz/nvblox_ws/build/nvblox/nvblox/eigen/include/eigen3/Eigen/src/Core/arch/AVX/TypeCasting.h
-- Installing: /home/czz/nvblox_ws/build/nvblox/nvblox/eigen/include/eigen3/Eigen/src/Core/arch/CUDA
-- Installing: /home/czz/nvblox_ws/build/nvblox/nvblox/eigen/include/eigen3/Eigen/src/Core/arch/CUDA/Complex.h
-- Installing: /home/czz/nvblox_ws/build/nvblox/nvblox/eigen/include/eigen3/Eigen/src/Core/arch/NEON
-- Installing: /home/czz/nvblox_ws/build/nvblox/nvblox/eigen/include/eigen3/Eigen/src/Core/arch/NEON/GeneralBlockPanelKernel.h
-- Installing: /home/czz/nvblox_ws/build/nvblox/nvblox/eigen/include/eigen3/Eigen/src/Core/arch/NEON/Complex.h
-- Installing: /home/czz/nvblox_ws/build/nvblox/nvblox/eigen/include/eigen3/Eigen/src/Core/arch/NEON/PacketMath.h
-- Installing: /home/czz/nvblox_ws/build/nvblox/nvblox/eigen/include/eigen3/Eigen/src/Core/arch/NEON/MathFunctions.h
-- Installing: /home/czz/nvblox_ws/build/nvblox/nvblox/eigen/include/eigen3/Eigen/src/Core/arch/NEON/TypeCasting.h
-- Installing: /home/czz/nvblox_ws/build/nvblox/nvblox/eigen/include/eigen3/Eigen/src/Core/arch/MSA
-- Installing: /home/czz/nvblox_ws/build/nvblox/nvblox/eigen/include/eigen3/Eigen/src/Core/arch/MSA/Complex.h
-- Installing: /home/czz/nvblox_ws/build/nvblox/nvblox/eigen/include/eigen3/Eigen/src/Core/arch/MSA/PacketMath.h
-- Installing: /home/czz/nvblox_ws/build/nvblox/nvblox/eigen/include/eigen3/Eigen/src/Core/arch/MSA/MathFunctions.h
-- Installing: /home/czz/nvblox_ws/build/nvblox/nvblox/eigen/include/eigen3/Eigen/src/Core/arch/GPU
-- Installing: /home/czz/nvblox_ws/build/nvblox/nvblox/eigen/include/eigen3/Eigen/src/Core/arch/GPU/PacketMath.h
-- Installing: /home/czz/nvblox_ws/build/nvblox/nvblox/eigen/include/eigen3/Eigen/src/Core/arch/GPU/MathFunctions.h
-- Installing: /home/czz/nvblox_ws/build/nvblox/nvblox/eigen/include/eigen3/Eigen/src/Core/arch/GPU/TypeCasting.h
-- Installing: /home/czz/nvblox_ws/build/nvblox/nvblox/eigen/include/eigen3/Eigen/src/Core/arch/SSE
-- Installing: /home/czz/nvblox_ws/build/nvblox/nvblox/eigen/include/eigen3/Eigen/src/Core/arch/SSE/Complex.h
-- Installing: /home/czz/nvblox_ws/build/nvblox/nvblox/eigen/include/eigen3/Eigen/src/Core/arch/SSE/PacketMath.h
-- Installing: /home/czz/nvblox_ws/build/nvblox/nvblox/eigen/include/eigen3/Eigen/src/Core/arch/SSE/MathFunctions.h
-- Installing: /home/czz/nvblox_ws/build/nvblox/nvblox/eigen/include/eigen3/Eigen/src/Core/arch/SSE/TypeCasting.h
-- Installing: /home/czz/nvblox_ws/build/nvblox/nvblox/eigen/include/eigen3/Eigen/src/Core/arch/AltiVec
-- Installing: /home/czz/nvblox_ws/build/nvblox/nvblox/eigen/include/eigen3/Eigen/src/Core/arch/AltiVec/Complex.h
-- Installing: /home/czz/nvblox_ws/build/nvblox/nvblox/eigen/include/eigen3/Eigen/src/Core/arch/AltiVec/MatrixProduct.h
-- Installing: /home/czz/nvblox_ws/build/nvblox/nvblox/eigen/include/eigen3/Eigen/src/Core/arch/AltiVec/PacketMath.h
-- Installing: /home/czz/nvblox_ws/build/nvblox/nvblox/eigen/include/eigen3/Eigen/src/Core/arch/AltiVec/MatrixProductCommon.h
-- Installing: /home/czz/nvblox_ws/build/nvblox/nvblox/eigen/include/eigen3/Eigen/src/Core/arch/AltiVec/MatrixProductMMA.h
-- Installing: /home/czz/nvblox_ws/build/nvblox/nvblox/eigen/include/eigen3/Eigen/src/Core/arch/AltiVec/MathFunctions.h
-- Installing: /home/czz/nvblox_ws/build/nvblox/nvblox/eigen/include/eigen3/Eigen/src/Core/arch/HIP
-- Installing: /home/czz/nvblox_ws/build/nvblox/nvblox/eigen/include/eigen3/Eigen/src/Core/arch/HIP/hcc
-- Installing: /home/czz/nvblox_ws/build/nvblox/nvblox/eigen/include/eigen3/Eigen/src/Core/arch/HIP/hcc/math_constants.h
-- Installing: /home/czz/nvblox_ws/build/nvblox/nvblox/eigen/include/eigen3/Eigen/src/Core/arch/SYCL
-- Installing: /home/czz/nvblox_ws/build/nvblox/nvblox/eigen/include/eigen3/Eigen/src/Core/arch/SYCL/SyclMemoryModel.h
-- Installing: /home/czz/nvblox_ws/build/nvblox/nvblox/eigen/include/eigen3/Eigen/src/Core/arch/SYCL/PacketMath.h
-- Installing: /home/czz/nvblox_ws/build/nvblox/nvblox/eigen/include/eigen3/Eigen/src/Core/arch/SYCL/InteropHeaders.h
-- Installing: /home/czz/nvblox_ws/build/nvblox/nvblox/eigen/include/eigen3/Eigen/src/Core/arch/SYCL/MathFunctions.h
-- Installing: /home/czz/nvblox_ws/build/nvblox/nvblox/eigen/include/eigen3/Eigen/src/Core/arch/SYCL/TypeCasting.h
-- Installing: /home/czz/nvblox_ws/build/nvblox/nvblox/eigen/include/eigen3/Eigen/src/Core/arch/AVX512
-- Installing: /home/czz/nvblox_ws/build/nvblox/nvblox/eigen/include/eigen3/Eigen/src/Core/arch/AVX512/Complex.h
-- Installing: /home/czz/nvblox_ws/build/nvblox/nvblox/eigen/include/eigen3/Eigen/src/Core/arch/AVX512/PacketMath.h
-- Installing: /home/czz/nvblox_ws/build/nvblox/nvblox/eigen/include/eigen3/Eigen/src/Core/arch/AVX512/MathFunctions.h
-- Installing: /home/czz/nvblox_ws/build/nvblox/nvblox/eigen/include/eigen3/Eigen/src/Core/arch/AVX512/TypeCasting.h
-- Installing: /home/czz/nvblox_ws/build/nvblox/nvblox/eigen/include/eigen3/Eigen/src/Core/ArrayBase.h
-- Installing: /home/czz/nvblox_ws/build/nvblox/nvblox/eigen/include/eigen3/Eigen/src/Core/NoAlias.h
-- Installing: /home/czz/nvblox_ws/build/nvblox/nvblox/eigen/include/eigen3/Eigen/src/Core/Block.h
-- Installing: /home/czz/nvblox_ws/build/nvblox/nvblox/eigen/include/eigen3/Eigen/src/Core/MapBase.h
-- Installing: /home/czz/nvblox_ws/build/nvblox/nvblox/eigen/include/eigen3/Eigen/src/Core/Dot.h
-- Installing: /home/czz/nvblox_ws/build/nvblox/nvblox/eigen/include/eigen3/Eigen/src/Core/CwiseUnaryView.h
-- Installing: /home/czz/nvblox_ws/build/nvblox/nvblox/eigen/include/eigen3/Eigen/src/Core/NestByValue.h
-- Installing: /home/czz/nvblox_ws/build/nvblox/nvblox/eigen/include/eigen3/Eigen/src/Core/AssignEvaluator.h
-- Installing: /home/czz/nvblox_ws/build/nvblox/nvblox/eigen/include/eigen3/Eigen/src/Core/Visitor.h
-- Installing: /home/czz/nvblox_ws/build/nvblox/nvblox/eigen/include/eigen3/Eigen/src/Core/DiagonalProduct.h
-- Installing: /home/czz/nvblox_ws/build/nvblox/nvblox/eigen/include/eigen3/Eigen/src/Core/Replicate.h
-- Installing: /home/czz/nvblox_ws/build/nvblox/nvblox/eigen/include/eigen3/Eigen/src/Core/DiagonalMatrix.h
-- Installing: /home/czz/nvblox_ws/build/nvblox/nvblox/eigen/include/eigen3/Eigen/src/Core/Reverse.h
-- Installing: /home/czz/nvblox_ws/build/nvblox/nvblox/eigen/include/eigen3/Eigen/src/Core/CwiseBinaryOp.h
-- Installing: /home/czz/nvblox_ws/build/nvblox/nvblox/eigen/include/eigen3/Eigen/src/Core/ConditionEstimator.h
-- Installing: /home/czz/nvblox_ws/build/nvblox/nvblox/eigen/include/eigen3/Eigen/src/Core/VectorwiseOp.h
-- Installing: /home/czz/nvblox_ws/build/nvblox/nvblox/eigen/include/eigen3/Eigen/src/Core/MathFunctions.h
-- Installing: /home/czz/nvblox_ws/build/nvblox/nvblox/eigen/include/eigen3/Eigen/src/Core/CwiseNullaryOp.h
-- Installing: /home/czz/nvblox_ws/build/nvblox/nvblox/eigen/include/eigen3/Eigen/src/Core/CoreEvaluators.h
-- Installing: /home/czz/nvblox_ws/build/nvblox/nvblox/eigen/include/eigen3/Eigen/src/Core/Inverse.h
-- Installing: /home/czz/nvblox_ws/build/nvblox/nvblox/eigen/include/eigen3/Eigen/src/Core/Swap.h
-- Installing: /home/czz/nvblox_ws/build/nvblox/nvblox/eigen/include/eigen3/Eigen/src/Core/SolveTriangular.h
-- Installing: /home/czz/nvblox_ws/build/nvblox/nvblox/eigen/include/eigen3/Eigen/src/Core/Select.h
-- Installing: /home/czz/nvblox_ws/build/nvblox/nvblox/eigen/include/eigen3/Eigen/src/Core/Transpositions.h
-- Installing: /home/czz/nvblox_ws/build/nvblox/nvblox/eigen/include/eigen3/Eigen/src/Core/ProductEvaluators.h
-- Installing: /home/czz/nvblox_ws/build/nvblox/nvblox/eigen/include/eigen3/Eigen/src/Core/Reshaped.h
-- Installing: /home/czz/nvblox_ws/build/nvblox/nvblox/eigen/include/eigen3/Eigen/src/Core/GlobalFunctions.h
-- Installing: /home/czz/nvblox_ws/build/nvblox/nvblox/eigen/include/eigen3/Eigen/src/Core/StableNorm.h
-- Installing: /home/czz/nvblox_ws/build/nvblox/nvblox/eigen/include/eigen3/Eigen/src/Core/StlIterators.h
-- Installing: /home/czz/nvblox_ws/build/nvblox/nvblox/eigen/include/eigen3/Eigen/src/Core/CwiseTernaryOp.h
-- Installing: /home/czz/nvblox_ws/build/nvblox/nvblox/eigen/include/eigen3/Eigen/src/Core/GenericPacketMath.h
-- Installing: /home/czz/nvblox_ws/build/nvblox/nvblox/eigen/include/eigen3/Eigen/src/Core/GeneralProduct.h
-- Installing: /home/czz/nvblox_ws/build/nvblox/nvblox/eigen/include/eigen3/Eigen/src/Core/Fuzzy.h
-- Installing: /home/czz/nvblox_ws/build/nvblox/nvblox/eigen/include/eigen3/Eigen/src/KLUSupport
-- Installing: /home/czz/nvblox_ws/build/nvblox/nvblox/eigen/include/eigen3/Eigen/src/KLUSupport/KLUSupport.h
-- Installing: /home/czz/nvblox_ws/build/nvblox/nvblox/eigen/include/eigen3/Eigen/src/Geometry
-- Installing: /home/czz/nvblox_ws/build/nvblox/nvblox/eigen/include/eigen3/Eigen/src/Geometry/ParametrizedLine.h
-- Installing: /home/czz/nvblox_ws/build/nvblox/nvblox/eigen/include/eigen3/Eigen/src/Geometry/Umeyama.h
-- Installing: /home/czz/nvblox_ws/build/nvblox/nvblox/eigen/include/eigen3/Eigen/src/Geometry/AlignedBox.h
-- Installing: /home/czz/nvblox_ws/build/nvblox/nvblox/eigen/include/eigen3/Eigen/src/Geometry/RotationBase.h
-- Installing: /home/czz/nvblox_ws/build/nvblox/nvblox/eigen/include/eigen3/Eigen/src/Geometry/Scaling.h
-- Installing: /home/czz/nvblox_ws/build/nvblox/nvblox/eigen/include/eigen3/Eigen/src/Geometry/Homogeneous.h
-- Installing: /home/czz/nvblox_ws/build/nvblox/nvblox/eigen/include/eigen3/Eigen/src/Geometry/Quaternion.h
-- Installing: /home/czz/nvblox_ws/build/nvblox/nvblox/eigen/include/eigen3/Eigen/src/Geometry/Rotation2D.h
-- Installing: /home/czz/nvblox_ws/build/nvblox/nvblox/eigen/include/eigen3/Eigen/src/Geometry/Hyperplane.h
-- Installing: /home/czz/nvblox_ws/build/nvblox/nvblox/eigen/include/eigen3/Eigen/src/Geometry/arch
-- Installing: /home/czz/nvblox_ws/build/nvblox/nvblox/eigen/include/eigen3/Eigen/src/Geometry/arch/Geometry_SIMD.h
-- Installing: /home/czz/nvblox_ws/build/nvblox/nvblox/eigen/include/eigen3/Eigen/src/Geometry/AngleAxis.h
-- Installing: /home/czz/nvblox_ws/build/nvblox/nvblox/eigen/include/eigen3/Eigen/src/Geometry/OrthoMethods.h
-- Installing: /home/czz/nvblox_ws/build/nvblox/nvblox/eigen/include/eigen3/Eigen/src/Geometry/Translation.h
-- Installing: /home/czz/nvblox_ws/build/nvblox/nvblox/eigen/include/eigen3/Eigen/src/Geometry/EulerAngles.h
-- Installing: /home/czz/nvblox_ws/build/nvblox/nvblox/eigen/include/eigen3/Eigen/src/Geometry/Transform.h
-- Installing: /home/czz/nvblox_ws/build/nvblox/nvblox/eigen/include/eigen3/Eigen/src/SVD
-- Installing: /home/czz/nvblox_ws/build/nvblox/nvblox/eigen/include/eigen3/Eigen/src/SVD/BDCSVD.h
-- Installing: /home/czz/nvblox_ws/build/nvblox/nvblox/eigen/include/eigen3/Eigen/src/SVD/UpperBidiagonalization.h
-- Installing: /home/czz/nvblox_ws/build/nvblox/nvblox/eigen/include/eigen3/Eigen/src/SVD/SVDBase.h
-- Installing: /home/czz/nvblox_ws/build/nvblox/nvblox/eigen/include/eigen3/Eigen/src/SVD/JacobiSVD_LAPACKE.h
-- Installing: /home/czz/nvblox_ws/build/nvblox/nvblox/eigen/include/eigen3/Eigen/src/SVD/JacobiSVD.h
-- Installing: /home/czz/nvblox_ws/build/nvblox/nvblox/eigen/include/eigen3/Eigen/src/StlSupport
-- Installing: /home/czz/nvblox_ws/build/nvblox/nvblox/eigen/include/eigen3/Eigen/src/StlSupport/StdList.h
-- Installing: /home/czz/nvblox_ws/build/nvblox/nvblox/eigen/include/eigen3/Eigen/src/StlSupport/StdDeque.h
-- Installing: /home/czz/nvblox_ws/build/nvblox/nvblox/eigen/include/eigen3/Eigen/src/StlSupport/StdVector.h
-- Installing: /home/czz/nvblox_ws/build/nvblox/nvblox/eigen/include/eigen3/Eigen/src/StlSupport/details.h
-- Installing: /home/czz/nvblox_ws/build/nvblox/nvblox/eigen/include/eigen3/Eigen/src/SPQRSupport
-- Installing: /home/czz/nvblox_ws/build/nvblox/nvblox/eigen/include/eigen3/Eigen/src/SPQRSupport/SuiteSparseQRSupport.h
-- Installing: /home/czz/nvblox_ws/build/nvblox/nvblox/eigen/include/eigen3/Eigen/src/IterativeLinearSolvers
-- Installing: /home/czz/nvblox_ws/build/nvblox/nvblox/eigen/include/eigen3/Eigen/src/IterativeLinearSolvers/BiCGSTAB.h
-- Installing: /home/czz/nvblox_ws/build/nvblox/nvblox/eigen/include/eigen3/Eigen/src/IterativeLinearSolvers/ConjugateGradient.h
-- Installing: /home/czz/nvblox_ws/build/nvblox/nvblox/eigen/include/eigen3/Eigen/src/IterativeLinearSolvers/SolveWithGuess.h
-- Installing: /home/czz/nvblox_ws/build/nvblox/nvblox/eigen/include/eigen3/Eigen/src/IterativeLinearSolvers/BasicPreconditioners.h
-- Installing: /home/czz/nvblox_ws/build/nvblox/nvblox/eigen/include/eigen3/Eigen/src/IterativeLinearSolvers/IterativeSolverBase.h
-- Installing: /home/czz/nvblox_ws/build/nvblox/nvblox/eigen/include/eigen3/Eigen/src/IterativeLinearSolvers/IncompleteCholesky.h
-- Installing: /home/czz/nvblox_ws/build/nvblox/nvblox/eigen/include/eigen3/Eigen/src/IterativeLinearSolvers/LeastSquareConjugateGradient.h
-- Installing: /home/czz/nvblox_ws/build/nvblox/nvblox/eigen/include/eigen3/Eigen/src/IterativeLinearSolvers/IncompleteLUT.h
-- Installing: /home/czz/nvblox_ws/build/nvblox/nvblox/eigen/include/eigen3/Eigen/src/Householder
-- Installing: /home/czz/nvblox_ws/build/nvblox/nvblox/eigen/include/eigen3/Eigen/src/Householder/Householder.h
-- Installing: /home/czz/nvblox_ws/build/nvblox/nvblox/eigen/include/eigen3/Eigen/src/Householder/HouseholderSequence.h
-- Installing: /home/czz/nvblox_ws/build/nvblox/nvblox/eigen/include/eigen3/Eigen/src/Householder/BlockHouseholder.h
-- Installing: /home/czz/nvblox_ws/build/nvblox/nvblox/eigen/include/eigen3/Eigen/src/Cholesky
-- Installing: /home/czz/nvblox_ws/build/nvblox/nvblox/eigen/include/eigen3/Eigen/src/Cholesky/LLT_LAPACKE.h
-- Installing: /home/czz/nvblox_ws/build/nvblox/nvblox/eigen/include/eigen3/Eigen/src/Cholesky/LLT.h
-- Installing: /home/czz/nvblox_ws/build/nvblox/nvblox/eigen/include/eigen3/Eigen/src/Cholesky/LDLT.h
-- Installing: /home/czz/nvblox_ws/build/nvblox/nvblox/eigen/include/eigen3/Eigen/src/PaStiXSupport
-- Installing: /home/czz/nvblox_ws/build/nvblox/nvblox/eigen/include/eigen3/Eigen/src/PaStiXSupport/PaStiXSupport.h
-- Installing: /home/czz/nvblox_ws/build/nvblox/nvblox/eigen/include/eigen3/Eigen/PaStiXSupport
-- Installing: /home/czz/nvblox_ws/build/nvblox/nvblox/eigen/share/eigen3/cmake/Eigen3Targets.cmake
-- Installing: /home/czz/nvblox_ws/build/nvblox/nvblox/eigen/share/eigen3/cmake/UseEigen3.cmake
-- Installing: /home/czz/nvblox_ws/build/nvblox/nvblox/eigen/share/eigen3/cmake/Eigen3Config.cmake
-- Installing: /home/czz/nvblox_ws/build/nvblox/nvblox/eigen/share/eigen3/cmake/Eigen3ConfigVersion.cmake
-- Installing: /home/czz/nvblox_ws/build/nvblox/nvblox/eigen/include/eigen3/unsupported/Eigen/AdolcForward
-- Installing: /home/czz/nvblox_ws/build/nvblox/nvblox/eigen/include/eigen3/unsupported/Eigen/AlignedVector3
-- Installing: /home/czz/nvblox_ws/build/nvblox/nvblox/eigen/include/eigen3/unsupported/Eigen/ArpackSupport
-- Installing: /home/czz/nvblox_ws/build/nvblox/nvblox/eigen/include/eigen3/unsupported/Eigen/AutoDiff
-- Installing: /home/czz/nvblox_ws/build/nvblox/nvblox/eigen/include/eigen3/unsupported/Eigen/BVH
-- Installing: /home/czz/nvblox_ws/build/nvblox/nvblox/eigen/include/eigen3/unsupported/Eigen/EulerAngles
-- Installing: /home/czz/nvblox_ws/build/nvblox/nvblox/eigen/include/eigen3/unsupported/Eigen/FFT
-- Installing: /home/czz/nvblox_ws/build/nvblox/nvblox/eigen/include/eigen3/unsupported/Eigen/IterativeSolvers
-- Installing: /home/czz/nvblox_ws/build/nvblox/nvblox/eigen/include/eigen3/unsupported/Eigen/KroneckerProduct
-- Installing: /home/czz/nvblox_ws/build/nvblox/nvblox/eigen/include/eigen3/unsupported/Eigen/LevenbergMarquardt
-- Installing: /home/czz/nvblox_ws/build/nvblox/nvblox/eigen/include/eigen3/unsupported/Eigen/MatrixFunctions
-- Installing: /home/czz/nvblox_ws/build/nvblox/nvblox/eigen/include/eigen3/unsupported/Eigen/MoreVectorization
-- Installing: /home/czz/nvblox_ws/build/nvblox/nvblox/eigen/include/eigen3/unsupported/Eigen/MPRealSupport
-- Installing: /home/czz/nvblox_ws/build/nvblox/nvblox/eigen/include/eigen3/unsupported/Eigen/NonLinearOptimization
-- Installing: /home/czz/nvblox_ws/build/nvblox/nvblox/eigen/include/eigen3/unsupported/Eigen/NumericalDiff
-- Installing: /home/czz/nvblox_ws/build/nvblox/nvblox/eigen/include/eigen3/unsupported/Eigen/OpenGLSupport
-- Installing: /home/czz/nvblox_ws/build/nvblox/nvblox/eigen/include/eigen3/unsupported/Eigen/Polynomials
-- Installing: /home/czz/nvblox_ws/build/nvblox/nvblox/eigen/include/eigen3/unsupported/Eigen/Skyline
-- Installing: /home/czz/nvblox_ws/build/nvblox/nvblox/eigen/include/eigen3/unsupported/Eigen/SparseExtra
-- Installing: /home/czz/nvblox_ws/build/nvblox/nvblox/eigen/include/eigen3/unsupported/Eigen/SpecialFunctions
-- Installing: /home/czz/nvblox_ws/build/nvblox/nvblox/eigen/include/eigen3/unsupported/Eigen/Splines
-- Installing: /home/czz/nvblox_ws/build/nvblox/nvblox/eigen/include/eigen3/unsupported/Eigen/src
-- Installing: /home/czz/nvblox_ws/build/nvblox/nvblox/eigen/include/eigen3/unsupported/Eigen/src/MoreVectorization
-- Installing: /home/czz/nvblox_ws/build/nvblox/nvblox/eigen/include/eigen3/unsupported/Eigen/src/MoreVectorization/MathFunctions.h
-- Installing: /home/czz/nvblox_ws/build/nvblox/nvblox/eigen/include/eigen3/unsupported/Eigen/src/NonLinearOptimization
-- Installing: /home/czz/nvblox_ws/build/nvblox/nvblox/eigen/include/eigen3/unsupported/Eigen/src/NonLinearOptimization/fdjac1.h
-- Installing: /home/czz/nvblox_ws/build/nvblox/nvblox/eigen/include/eigen3/unsupported/Eigen/src/NonLinearOptimization/covar.h
-- Installing: /home/czz/nvblox_ws/build/nvblox/nvblox/eigen/include/eigen3/unsupported/Eigen/src/NonLinearOptimization/qrsolv.h
-- Installing: /home/czz/nvblox_ws/build/nvblox/nvblox/eigen/include/eigen3/unsupported/Eigen/src/NonLinearOptimization/r1mpyq.h
-- Installing: /home/czz/nvblox_ws/build/nvblox/nvblox/eigen/include/eigen3/unsupported/Eigen/src/NonLinearOptimization/LevenbergMarquardt.h
-- Installing: /home/czz/nvblox_ws/build/nvblox/nvblox/eigen/include/eigen3/unsupported/Eigen/src/NonLinearOptimization/rwupdt.h
-- Installing: /home/czz/nvblox_ws/build/nvblox/nvblox/eigen/include/eigen3/unsupported/Eigen/src/NonLinearOptimization/chkder.h
-- Installing: /home/czz/nvblox_ws/build/nvblox/nvblox/eigen/include/eigen3/unsupported/Eigen/src/NonLinearOptimization/HybridNonLinearSolver.h
-- Installing: /home/czz/nvblox_ws/build/nvblox/nvblox/eigen/include/eigen3/unsupported/Eigen/src/NonLinearOptimization/dogleg.h
-- Installing: /home/czz/nvblox_ws/build/nvblox/nvblox/eigen/include/eigen3/unsupported/Eigen/src/NonLinearOptimization/lmpar.h
-- Installing: /home/czz/nvblox_ws/build/nvblox/nvblox/eigen/include/eigen3/unsupported/Eigen/src/NonLinearOptimization/r1updt.h
-- Installing: /home/czz/nvblox_ws/build/nvblox/nvblox/eigen/include/eigen3/unsupported/Eigen/src/Skyline
-- Installing: /home/czz/nvblox_ws/build/nvblox/nvblox/eigen/include/eigen3/unsupported/Eigen/src/Skyline/SkylineUtil.h
-- Installing: /home/czz/nvblox_ws/build/nvblox/nvblox/eigen/include/eigen3/unsupported/Eigen/src/Skyline/SkylineStorage.h
-- Installing: /home/czz/nvblox_ws/build/nvblox/nvblox/eigen/include/eigen3/unsupported/Eigen/src/Skyline/SkylineProduct.h
-- Installing: /home/czz/nvblox_ws/build/nvblox/nvblox/eigen/include/eigen3/unsupported/Eigen/src/Skyline/SkylineMatrix.h
-- Installing: /home/czz/nvblox_ws/build/nvblox/nvblox/eigen/include/eigen3/unsupported/Eigen/src/Skyline/SkylineMatrixBase.h
-- Installing: /home/czz/nvblox_ws/build/nvblox/nvblox/eigen/include/eigen3/unsupported/Eigen/src/Skyline/SkylineInplaceLU.h
-- Installing: /home/czz/nvblox_ws/build/nvblox/nvblox/eigen/include/eigen3/unsupported/Eigen/src/Eigenvalues
-- Installing: /home/czz/nvblox_ws/build/nvblox/nvblox/eigen/include/eigen3/unsupported/Eigen/src/Eigenvalues/ArpackSelfAdjointEigenSolver.h
-- Installing: /home/czz/nvblox_ws/build/nvblox/nvblox/eigen/include/eigen3/unsupported/Eigen/src/AutoDiff
-- Installing: /home/czz/nvblox_ws/build/nvblox/nvblox/eigen/include/eigen3/unsupported/Eigen/src/AutoDiff/AutoDiffVector.h
-- Installing: /home/czz/nvblox_ws/build/nvblox/nvblox/eigen/include/eigen3/unsupported/Eigen/src/AutoDiff/AutoDiffScalar.h
-- Installing: /home/czz/nvblox_ws/build/nvblox/nvblox/eigen/include/eigen3/unsupported/Eigen/src/AutoDiff/AutoDiffJacobian.h
-- Installing: /home/czz/nvblox_ws/build/nvblox/nvblox/eigen/include/eigen3/unsupported/Eigen/src/BVH
-- Installing: /home/czz/nvblox_ws/build/nvblox/nvblox/eigen/include/eigen3/unsupported/Eigen/src/BVH/KdBVH.h
-- Installing: /home/czz/nvblox_ws/build/nvblox/nvblox/eigen/include/eigen3/unsupported/Eigen/src/BVH/BVAlgorithms.h
-- Installing: /home/czz/nvblox_ws/build/nvblox/nvblox/eigen/include/eigen3/unsupported/Eigen/src/EulerAngles
-- Installing: /home/czz/nvblox_ws/build/nvblox/nvblox/eigen/include/eigen3/unsupported/Eigen/src/EulerAngles/EulerSystem.h
-- Installing: /home/czz/nvblox_ws/build/nvblox/nvblox/eigen/include/eigen3/unsupported/Eigen/src/EulerAngles/EulerAngles.h
-- Installing: /home/czz/nvblox_ws/build/nvblox/nvblox/eigen/include/eigen3/unsupported/Eigen/src/Polynomials
-- Installing: /home/czz/nvblox_ws/build/nvblox/nvblox/eigen/include/eigen3/unsupported/Eigen/src/Polynomials/Companion.h
-- Installing: /home/czz/nvblox_ws/build/nvblox/nvblox/eigen/include/eigen3/unsupported/Eigen/src/Polynomials/PolynomialUtils.h
-- Installing: /home/czz/nvblox_ws/build/nvblox/nvblox/eigen/include/eigen3/unsupported/Eigen/src/Polynomials/PolynomialSolver.h
-- Installing: /home/czz/nvblox_ws/build/nvblox/nvblox/eigen/include/eigen3/unsupported/Eigen/src/Splines
-- Installing: /home/czz/nvblox_ws/build/nvblox/nvblox/eigen/include/eigen3/unsupported/Eigen/src/Splines/SplineFwd.h
-- Installing: /home/czz/nvblox_ws/build/nvblox/nvblox/eigen/include/eigen3/unsupported/Eigen/src/Splines/Spline.h
-- Installing: /home/czz/nvblox_ws/build/nvblox/nvblox/eigen/include/eigen3/unsupported/Eigen/src/Splines/SplineFitting.h
-- Installing: /home/czz/nvblox_ws/build/nvblox/nvblox/eigen/include/eigen3/unsupported/Eigen/src/NumericalDiff
-- Installing: /home/czz/nvblox_ws/build/nvblox/nvblox/eigen/include/eigen3/unsupported/Eigen/src/NumericalDiff/NumericalDiff.h
-- Installing: /home/czz/nvblox_ws/build/nvblox/nvblox/eigen/include/eigen3/unsupported/Eigen/src/SpecialFunctions
-- Installing: /home/czz/nvblox_ws/build/nvblox/nvblox/eigen/include/eigen3/unsupported/Eigen/src/SpecialFunctions/BesselFunctionsPacketMath.h
-- Installing: /home/czz/nvblox_ws/build/nvblox/nvblox/eigen/include/eigen3/unsupported/Eigen/src/SpecialFunctions/SpecialFunctionsFunctors.h
-- Installing: /home/czz/nvblox_ws/build/nvblox/nvblox/eigen/include/eigen3/unsupported/Eigen/src/SpecialFunctions/SpecialFunctionsHalf.h
-- Installing: /home/czz/nvblox_ws/build/nvblox/nvblox/eigen/include/eigen3/unsupported/Eigen/src/SpecialFunctions/BesselFunctionsFunctors.h
-- Installing: /home/czz/nvblox_ws/build/nvblox/nvblox/eigen/include/eigen3/unsupported/Eigen/src/SpecialFunctions/BesselFunctionsBFloat16.h
-- Installing: /home/czz/nvblox_ws/build/nvblox/nvblox/eigen/include/eigen3/unsupported/Eigen/src/SpecialFunctions/SpecialFunctionsPacketMath.h
-- Installing: /home/czz/nvblox_ws/build/nvblox/nvblox/eigen/include/eigen3/unsupported/Eigen/src/SpecialFunctions/arch
-- Installing: /home/czz/nvblox_ws/build/nvblox/nvblox/eigen/include/eigen3/unsupported/Eigen/src/SpecialFunctions/arch/AVX
-- Installing: /home/czz/nvblox_ws/build/nvblox/nvblox/eigen/include/eigen3/unsupported/Eigen/src/SpecialFunctions/arch/AVX/SpecialFunctions.h
-- Installing: /home/czz/nvblox_ws/build/nvblox/nvblox/eigen/include/eigen3/unsupported/Eigen/src/SpecialFunctions/arch/AVX/BesselFunctions.h
-- Installing: /home/czz/nvblox_ws/build/nvblox/nvblox/eigen/include/eigen3/unsupported/Eigen/src/SpecialFunctions/arch/NEON
-- Installing: /home/czz/nvblox_ws/build/nvblox/nvblox/eigen/include/eigen3/unsupported/Eigen/src/SpecialFunctions/arch/NEON/SpecialFunctions.h
-- Installing: /home/czz/nvblox_ws/build/nvblox/nvblox/eigen/include/eigen3/unsupported/Eigen/src/SpecialFunctions/arch/NEON/BesselFunctions.h
-- Installing: /home/czz/nvblox_ws/build/nvblox/nvblox/eigen/include/eigen3/unsupported/Eigen/src/SpecialFunctions/arch/GPU
-- Installing: /home/czz/nvblox_ws/build/nvblox/nvblox/eigen/include/eigen3/unsupported/Eigen/src/SpecialFunctions/arch/GPU/SpecialFunctions.h
-- Installing: /home/czz/nvblox_ws/build/nvblox/nvblox/eigen/include/eigen3/unsupported/Eigen/src/SpecialFunctions/arch/AVX512
-- Installing: /home/czz/nvblox_ws/build/nvblox/nvblox/eigen/include/eigen3/unsupported/Eigen/src/SpecialFunctions/arch/AVX512/SpecialFunctions.h
-- Installing: /home/czz/nvblox_ws/build/nvblox/nvblox/eigen/include/eigen3/unsupported/Eigen/src/SpecialFunctions/arch/AVX512/BesselFunctions.h
-- Installing: /home/czz/nvblox_ws/build/nvblox/nvblox/eigen/include/eigen3/unsupported/Eigen/src/SpecialFunctions/BesselFunctionsArrayAPI.h
-- Installing: /home/czz/nvblox_ws/build/nvblox/nvblox/eigen/include/eigen3/unsupported/Eigen/src/SpecialFunctions/HipVectorCompatibility.h
-- Installing: /home/czz/nvblox_ws/build/nvblox/nvblox/eigen/include/eigen3/unsupported/Eigen/src/SpecialFunctions/SpecialFunctionsArrayAPI.h
-- Installing: /home/czz/nvblox_ws/build/nvblox/nvblox/eigen/include/eigen3/unsupported/Eigen/src/SpecialFunctions/SpecialFunctionsImpl.h
-- Installing: /home/czz/nvblox_ws/build/nvblox/nvblox/eigen/include/eigen3/unsupported/Eigen/src/SpecialFunctions/SpecialFunctionsBFloat16.h
-- Installing: /home/czz/nvblox_ws/build/nvblox/nvblox/eigen/include/eigen3/unsupported/Eigen/src/SpecialFunctions/BesselFunctionsImpl.h
-- Installing: /home/czz/nvblox_ws/build/nvblox/nvblox/eigen/include/eigen3/unsupported/Eigen/src/SpecialFunctions/BesselFunctionsHalf.h
-- Installing: /home/czz/nvblox_ws/build/nvblox/nvblox/eigen/include/eigen3/unsupported/Eigen/src/MatrixFunctions
-- Installing: /home/czz/nvblox_ws/build/nvblox/nvblox/eigen/include/eigen3/unsupported/Eigen/src/MatrixFunctions/MatrixFunction.h
-- Installing: /home/czz/nvblox_ws/build/nvblox/nvblox/eigen/include/eigen3/unsupported/Eigen/src/MatrixFunctions/StemFunction.h
-- Installing: /home/czz/nvblox_ws/build/nvblox/nvblox/eigen/include/eigen3/unsupported/Eigen/src/MatrixFunctions/MatrixLogarithm.h
-- Installing: /home/czz/nvblox_ws/build/nvblox/nvblox/eigen/include/eigen3/unsupported/Eigen/src/MatrixFunctions/MatrixPower.h
-- Installing: /home/czz/nvblox_ws/build/nvblox/nvblox/eigen/include/eigen3/unsupported/Eigen/src/MatrixFunctions/MatrixSquareRoot.h
-- Installing: /home/czz/nvblox_ws/build/nvblox/nvblox/eigen/include/eigen3/unsupported/Eigen/src/MatrixFunctions/MatrixExponential.h
-- Installing: /home/czz/nvblox_ws/build/nvblox/nvblox/eigen/include/eigen3/unsupported/Eigen/src/LevenbergMarquardt
-- Installing: /home/czz/nvblox_ws/build/nvblox/nvblox/eigen/include/eigen3/unsupported/Eigen/src/LevenbergMarquardt/LevenbergMarquardt.h
-- Installing: /home/czz/nvblox_ws/build/nvblox/nvblox/eigen/include/eigen3/unsupported/Eigen/src/LevenbergMarquardt/LMpar.h
-- Installing: /home/czz/nvblox_ws/build/nvblox/nvblox/eigen/include/eigen3/unsupported/Eigen/src/LevenbergMarquardt/LMqrsolv.h
-- Installing: /home/czz/nvblox_ws/build/nvblox/nvblox/eigen/include/eigen3/unsupported/Eigen/src/LevenbergMarquardt/LMcovar.h
-- Installing: /home/czz/nvblox_ws/build/nvblox/nvblox/eigen/include/eigen3/unsupported/Eigen/src/LevenbergMarquardt/LMonestep.h
-- Installing: /home/czz/nvblox_ws/build/nvblox/nvblox/eigen/include/eigen3/unsupported/Eigen/src/IterativeSolvers
-- Installing: /home/czz/nvblox_ws/build/nvblox/nvblox/eigen/include/eigen3/unsupported/Eigen/src/IterativeSolvers/DGMRES.h
-- Installing: /home/czz/nvblox_ws/build/nvblox/nvblox/eigen/include/eigen3/unsupported/Eigen/src/IterativeSolvers/Scaling.h
-- Installing: /home/czz/nvblox_ws/build/nvblox/nvblox/eigen/include/eigen3/unsupported/Eigen/src/IterativeSolvers/IDRS.h
-- Installing: /home/czz/nvblox_ws/build/nvblox/nvblox/eigen/include/eigen3/unsupported/Eigen/src/IterativeSolvers/ConstrainedConjGrad.h
-- Installing: /home/czz/nvblox_ws/build/nvblox/nvblox/eigen/include/eigen3/unsupported/Eigen/src/IterativeSolvers/IncompleteLU.h
-- Installing: /home/czz/nvblox_ws/build/nvblox/nvblox/eigen/include/eigen3/unsupported/Eigen/src/IterativeSolvers/MINRES.h
-- Installing: /home/czz/nvblox_ws/build/nvblox/nvblox/eigen/include/eigen3/unsupported/Eigen/src/IterativeSolvers/GMRES.h
-- Installing: /home/czz/nvblox_ws/build/nvblox/nvblox/eigen/include/eigen3/unsupported/Eigen/src/IterativeSolvers/IterationController.h
-- Installing: /home/czz/nvblox_ws/build/nvblox/nvblox/eigen/include/eigen3/unsupported/Eigen/src/FFT
-- Installing: /home/czz/nvblox_ws/build/nvblox/nvblox/eigen/include/eigen3/unsupported/Eigen/src/FFT/ei_fftw_impl.h
-- Installing: /home/czz/nvblox_ws/build/nvblox/nvblox/eigen/include/eigen3/unsupported/Eigen/src/FFT/ei_kissfft_impl.h
-- Installing: /home/czz/nvblox_ws/build/nvblox/nvblox/eigen/include/eigen3/unsupported/Eigen/src/KroneckerProduct
-- Installing: /home/czz/nvblox_ws/build/nvblox/nvblox/eigen/include/eigen3/unsupported/Eigen/src/KroneckerProduct/KroneckerTensorProduct.h
-- Installing: /home/czz/nvblox_ws/build/nvblox/nvblox/eigen/include/eigen3/unsupported/Eigen/src/SparseExtra
-- Installing: /home/czz/nvblox_ws/build/nvblox/nvblox/eigen/include/eigen3/unsupported/Eigen/src/SparseExtra/DynamicSparseMatrix.h
-- Installing: /home/czz/nvblox_ws/build/nvblox/nvblox/eigen/include/eigen3/unsupported/Eigen/src/SparseExtra/MarketIO.h
-- Installing: /home/czz/nvblox_ws/build/nvblox/nvblox/eigen/include/eigen3/unsupported/Eigen/src/SparseExtra/RandomSetter.h
-- Installing: /home/czz/nvblox_ws/build/nvblox/nvblox/eigen/include/eigen3/unsupported/Eigen/src/SparseExtra/BlockSparseMatrix.h
-- Installing: /home/czz/nvblox_ws/build/nvblox/nvblox/eigen/include/eigen3/unsupported/Eigen/src/SparseExtra/BlockOfDynamicSparseMatrix.h
-- Installing: /home/czz/nvblox_ws/build/nvblox/nvblox/eigen/include/eigen3/unsupported/Eigen/src/SparseExtra/MatrixMarketIterator.h
-- Installing: /home/czz/nvblox_ws/build/nvblox/nvblox/eigen/include/eigen3/unsupported/Eigen/CXX11/Tensor
-- Installing: /home/czz/nvblox_ws/build/nvblox/nvblox/eigen/include/eigen3/unsupported/Eigen/CXX11/TensorSymmetry
-- Installing: /home/czz/nvblox_ws/build/nvblox/nvblox/eigen/include/eigen3/unsupported/Eigen/CXX11/ThreadPool
-- Installing: /home/czz/nvblox_ws/build/nvblox/nvblox/eigen/include/eigen3/unsupported/Eigen/CXX11/src
-- Installing: /home/czz/nvblox_ws/build/nvblox/nvblox/eigen/include/eigen3/unsupported/Eigen/CXX11/src/ThreadPool
-- Installing: /home/czz/nvblox_ws/build/nvblox/nvblox/eigen/include/eigen3/unsupported/Eigen/CXX11/src/ThreadPool/ThreadCancel.h
-- Installing: /home/czz/nvblox_ws/build/nvblox/nvblox/eigen/include/eigen3/unsupported/Eigen/CXX11/src/ThreadPool/ThreadYield.h
-- Installing: /home/czz/nvblox_ws/build/nvblox/nvblox/eigen/include/eigen3/unsupported/Eigen/CXX11/src/ThreadPool/Barrier.h
-- Installing: /home/czz/nvblox_ws/build/nvblox/nvblox/eigen/include/eigen3/unsupported/Eigen/CXX11/src/ThreadPool/ThreadEnvironment.h
-- Installing: /home/czz/nvblox_ws/build/nvblox/nvblox/eigen/include/eigen3/unsupported/Eigen/CXX11/src/ThreadPool/ThreadLocal.h
-- Installing: /home/czz/nvblox_ws/build/nvblox/nvblox/eigen/include/eigen3/unsupported/Eigen/CXX11/src/ThreadPool/ThreadPoolInterface.h
-- Installing: /home/czz/nvblox_ws/build/nvblox/nvblox/eigen/include/eigen3/unsupported/Eigen/CXX11/src/ThreadPool/NonBlockingThreadPool.h
-- Installing: /home/czz/nvblox_ws/build/nvblox/nvblox/eigen/include/eigen3/unsupported/Eigen/CXX11/src/ThreadPool/RunQueue.h
-- Installing: /home/czz/nvblox_ws/build/nvblox/nvblox/eigen/include/eigen3/unsupported/Eigen/CXX11/src/ThreadPool/EventCount.h
-- Installing: /home/czz/nvblox_ws/build/nvblox/nvblox/eigen/include/eigen3/unsupported/Eigen/CXX11/src/util
-- Installing: /home/czz/nvblox_ws/build/nvblox/nvblox/eigen/include/eigen3/unsupported/Eigen/CXX11/src/util/EmulateArray.h
-- Installing: /home/czz/nvblox_ws/build/nvblox/nvblox/eigen/include/eigen3/unsupported/Eigen/CXX11/src/util/CXX11Workarounds.h
-- Installing: /home/czz/nvblox_ws/build/nvblox/nvblox/eigen/include/eigen3/unsupported/Eigen/CXX11/src/util/CXX11Meta.h
-- Installing: /home/czz/nvblox_ws/build/nvblox/nvblox/eigen/include/eigen3/unsupported/Eigen/CXX11/src/util/MaxSizeVector.h
-- Installing: /home/czz/nvblox_ws/build/nvblox/nvblox/eigen/include/eigen3/unsupported/Eigen/CXX11/src/TensorSymmetry
-- Installing: /home/czz/nvblox_ws/build/nvblox/nvblox/eigen/include/eigen3/unsupported/Eigen/CXX11/src/TensorSymmetry/Symmetry.h
-- Installing: /home/czz/nvblox_ws/build/nvblox/nvblox/eigen/include/eigen3/unsupported/Eigen/CXX11/src/TensorSymmetry/StaticSymmetry.h
-- Installing: /home/czz/nvblox_ws/build/nvblox/nvblox/eigen/include/eigen3/unsupported/Eigen/CXX11/src/TensorSymmetry/util
-- Installing: /home/czz/nvblox_ws/build/nvblox/nvblox/eigen/include/eigen3/unsupported/Eigen/CXX11/src/TensorSymmetry/util/TemplateGroupTheory.h
-- Installing: /home/czz/nvblox_ws/build/nvblox/nvblox/eigen/include/eigen3/unsupported/Eigen/CXX11/src/TensorSymmetry/DynamicSymmetry.h
-- Installing: /home/czz/nvblox_ws/build/nvblox/nvblox/eigen/include/eigen3/unsupported/Eigen/CXX11/src/Tensor
-- Installing: /home/czz/nvblox_ws/build/nvblox/nvblox/eigen/include/eigen3/unsupported/Eigen/CXX11/src/Tensor/TensorReductionCuda.h
-- Installing: /home/czz/nvblox_ws/build/nvblox/nvblox/eigen/include/eigen3/unsupported/Eigen/CXX11/src/Tensor/TensorConcatenation.h
-- Installing: /home/czz/nvblox_ws/build/nvblox/nvblox/eigen/include/eigen3/unsupported/Eigen/CXX11/src/Tensor/TensorCostModel.h
-- Installing: /home/czz/nvblox_ws/build/nvblox/nvblox/eigen/include/eigen3/unsupported/Eigen/CXX11/src/Tensor/TensorDimensions.h
-- Installing: /home/czz/nvblox_ws/build/nvblox/nvblox/eigen/include/eigen3/unsupported/Eigen/CXX11/src/Tensor/TensorScan.h
-- Installing: /home/czz/nvblox_ws/build/nvblox/nvblox/eigen/include/eigen3/unsupported/Eigen/CXX11/src/Tensor/TensorCustomOp.h
-- Installing: /home/czz/nvblox_ws/build/nvblox/nvblox/eigen/include/eigen3/unsupported/Eigen/CXX11/src/Tensor/TensorForwardDeclarations.h
-- Installing: /home/czz/nvblox_ws/build/nvblox/nvblox/eigen/include/eigen3/unsupported/Eigen/CXX11/src/Tensor/TensorGenerator.h
-- Installing: /home/czz/nvblox_ws/build/nvblox/nvblox/eigen/include/eigen3/unsupported/Eigen/CXX11/src/Tensor/TensorContractionSycl.h
-- Installing: /home/czz/nvblox_ws/build/nvblox/nvblox/eigen/include/eigen3/unsupported/Eigen/CXX11/src/Tensor/TensorRef.h
-- Installing: /home/czz/nvblox_ws/build/nvblox/nvblox/eigen/include/eigen3/unsupported/Eigen/CXX11/src/Tensor/TensorGlobalFunctions.h
-- Installing: /home/czz/nvblox_ws/build/nvblox/nvblox/eigen/include/eigen3/unsupported/Eigen/CXX11/src/Tensor/TensorMeta.h
-- Installing: /home/czz/nvblox_ws/build/nvblox/nvblox/eigen/include/eigen3/unsupported/Eigen/CXX11/src/Tensor/TensorReductionSycl.h
-- Installing: /home/czz/nvblox_ws/build/nvblox/nvblox/eigen/include/eigen3/unsupported/Eigen/CXX11/src/Tensor/TensorEvaluator.h
-- Installing: /home/czz/nvblox_ws/build/nvblox/nvblox/eigen/include/eigen3/unsupported/Eigen/CXX11/src/Tensor/TensorDeviceCuda.h
-- Installing: /home/czz/nvblox_ws/build/nvblox/nvblox/eigen/include/eigen3/unsupported/Eigen/CXX11/src/Tensor/TensorIndexList.h
-- Installing: /home/czz/nvblox_ws/build/nvblox/nvblox/eigen/include/eigen3/unsupported/Eigen/CXX11/src/Tensor/TensorMap.h
-- Installing: /home/czz/nvblox_ws/build/nvblox/nvblox/eigen/include/eigen3/unsupported/Eigen/CXX11/src/Tensor/TensorDeviceSycl.h
-- Installing: /home/czz/nvblox_ws/build/nvblox/nvblox/eigen/include/eigen3/unsupported/Eigen/CXX11/src/Tensor/TensorBroadcasting.h
-- Installing: /home/czz/nvblox_ws/build/nvblox/nvblox/eigen/include/eigen3/unsupported/Eigen/CXX11/src/Tensor/TensorIntDiv.h
-- Installing: /home/czz/nvblox_ws/build/nvblox/nvblox/eigen/include/eigen3/unsupported/Eigen/CXX11/src/Tensor/TensorReduction.h
-- Installing: /home/czz/nvblox_ws/build/nvblox/nvblox/eigen/include/eigen3/unsupported/Eigen/CXX11/src/Tensor/TensorLayoutSwap.h
-- Installing: /home/czz/nvblox_ws/build/nvblox/nvblox/eigen/include/eigen3/unsupported/Eigen/CXX11/src/Tensor/TensorVolumePatch.h
-- Installing: /home/czz/nvblox_ws/build/nvblox/nvblox/eigen/include/eigen3/unsupported/Eigen/CXX11/src/Tensor/TensorExecutor.h
-- Installing: /home/czz/nvblox_ws/build/nvblox/nvblox/eigen/include/eigen3/unsupported/Eigen/CXX11/src/Tensor/TensorArgMax.h
-- Installing: /home/czz/nvblox_ws/build/nvblox/nvblox/eigen/include/eigen3/unsupported/Eigen/CXX11/src/Tensor/TensorContractionCuda.h
-- Installing: /home/czz/nvblox_ws/build/nvblox/nvblox/eigen/include/eigen3/unsupported/Eigen/CXX11/src/Tensor/TensorContractionMapper.h
-- Installing: /home/czz/nvblox_ws/build/nvblox/nvblox/eigen/include/eigen3/unsupported/Eigen/CXX11/src/Tensor/TensorImagePatch.h
-- Installing: /home/czz/nvblox_ws/build/nvblox/nvblox/eigen/include/eigen3/unsupported/Eigen/CXX11/src/Tensor/TensorContraction.h
-- Installing: /home/czz/nvblox_ws/build/nvblox/nvblox/eigen/include/eigen3/unsupported/Eigen/CXX11/src/Tensor/TensorStriding.h
-- Installing: /home/czz/nvblox_ws/build/nvblox/nvblox/eigen/include/eigen3/unsupported/Eigen/CXX11/src/Tensor/TensorReverse.h
-- Installing: /home/czz/nvblox_ws/build/nvblox/nvblox/eigen/include/eigen3/unsupported/Eigen/CXX11/src/Tensor/TensorDeviceDefault.h
-- Installing: /home/czz/nvblox_ws/build/nvblox/nvblox/eigen/include/eigen3/unsupported/Eigen/CXX11/src/Tensor/TensorUInt128.h
-- Installing: /home/czz/nvblox_ws/build/nvblox/nvblox/eigen/include/eigen3/unsupported/Eigen/CXX11/src/Tensor/TensorTrace.h
-- Installing: /home/czz/nvblox_ws/build/nvblox/nvblox/eigen/include/eigen3/unsupported/Eigen/CXX11/src/Tensor/TensorBase.h
-- Installing: /home/czz/nvblox_ws/build/nvblox/nvblox/eigen/include/eigen3/unsupported/Eigen/CXX11/src/Tensor/TensorEvalTo.h
-- Installing: /home/czz/nvblox_ws/build/nvblox/nvblox/eigen/include/eigen3/unsupported/Eigen/CXX11/src/Tensor/TensorContractionThreadPool.h
-- Installing: /home/czz/nvblox_ws/build/nvblox/nvblox/eigen/include/eigen3/unsupported/Eigen/CXX11/src/Tensor/TensorPadding.h
-- Installing: /home/czz/nvblox_ws/build/nvblox/nvblox/eigen/include/eigen3/unsupported/Eigen/CXX11/src/Tensor/TensorDevice.h
-- Installing: /home/czz/nvblox_ws/build/nvblox/nvblox/eigen/include/eigen3/unsupported/Eigen/CXX11/src/Tensor/Tensor.h
-- Installing: /home/czz/nvblox_ws/build/nvblox/nvblox/eigen/include/eigen3/unsupported/Eigen/CXX11/src/Tensor/TensorForcedEval.h
-- Installing: /home/czz/nvblox_ws/build/nvblox/nvblox/eigen/include/eigen3/unsupported/Eigen/CXX11/src/Tensor/TensorDimensionList.h
-- Installing: /home/czz/nvblox_ws/build/nvblox/nvblox/eigen/include/eigen3/unsupported/Eigen/CXX11/src/Tensor/TensorShuffling.h
-- Installing: /home/czz/nvblox_ws/build/nvblox/nvblox/eigen/include/eigen3/unsupported/Eigen/CXX11/src/Tensor/TensorConvolutionSycl.h
-- Installing: /home/czz/nvblox_ws/build/nvblox/nvblox/eigen/include/eigen3/unsupported/Eigen/CXX11/src/Tensor/TensorStorage.h
-- Installing: /home/czz/nvblox_ws/build/nvblox/nvblox/eigen/include/eigen3/unsupported/Eigen/CXX11/src/Tensor/TensorDeviceGpu.h
-- Installing: /home/czz/nvblox_ws/build/nvblox/nvblox/eigen/include/eigen3/unsupported/Eigen/CXX11/src/Tensor/TensorChipping.h
-- Installing: /home/czz/nvblox_ws/build/nvblox/nvblox/eigen/include/eigen3/unsupported/Eigen/CXX11/src/Tensor/TensorMorphing.h
-- Installing: /home/czz/nvblox_ws/build/nvblox/nvblox/eigen/include/eigen3/unsupported/Eigen/CXX11/src/Tensor/TensorGpuHipCudaDefines.h
-- Installing: /home/czz/nvblox_ws/build/nvblox/nvblox/eigen/include/eigen3/unsupported/Eigen/CXX11/src/Tensor/TensorInitializer.h
-- Installing: /home/czz/nvblox_ws/build/nvblox/nvblox/eigen/include/eigen3/unsupported/Eigen/CXX11/src/Tensor/TensorBlock.h
-- Installing: /home/czz/nvblox_ws/build/nvblox/nvblox/eigen/include/eigen3/unsupported/Eigen/CXX11/src/Tensor/TensorRandom.h
-- Installing: /home/czz/nvblox_ws/build/nvblox/nvblox/eigen/include/eigen3/unsupported/Eigen/CXX11/src/Tensor/TensorTraits.h
-- Installing: /home/czz/nvblox_ws/build/nvblox/nvblox/eigen/include/eigen3/unsupported/Eigen/CXX11/src/Tensor/TensorDeviceThreadPool.h
-- Installing: /home/czz/nvblox_ws/build/nvblox/nvblox/eigen/include/eigen3/unsupported/Eigen/CXX11/src/Tensor/TensorInflation.h
-- Installing: /home/czz/nvblox_ws/build/nvblox/nvblox/eigen/include/eigen3/unsupported/Eigen/CXX11/src/Tensor/TensorFunctors.h
-- Installing: /home/czz/nvblox_ws/build/nvblox/nvblox/eigen/include/eigen3/unsupported/Eigen/CXX11/src/Tensor/TensorFixedSize.h
-- Installing: /home/czz/nvblox_ws/build/nvblox/nvblox/eigen/include/eigen3/unsupported/Eigen/CXX11/src/Tensor/TensorAssign.h
-- Installing: /home/czz/nvblox_ws/build/nvblox/nvblox/eigen/include/eigen3/unsupported/Eigen/CXX11/src/Tensor/TensorConvolution.h
-- Installing: /home/czz/nvblox_ws/build/nvblox/nvblox/eigen/include/eigen3/unsupported/Eigen/CXX11/src/Tensor/TensorFFT.h
-- Installing: /home/czz/nvblox_ws/build/nvblox/nvblox/eigen/include/eigen3/unsupported/Eigen/CXX11/src/Tensor/TensorPatch.h
-- Installing: /home/czz/nvblox_ws/build/nvblox/nvblox/eigen/include/eigen3/unsupported/Eigen/CXX11/src/Tensor/TensorExpr.h
-- Installing: /home/czz/nvblox_ws/build/nvblox/nvblox/eigen/include/eigen3/unsupported/Eigen/CXX11/src/Tensor/TensorScanSycl.h
-- Installing: /home/czz/nvblox_ws/build/nvblox/nvblox/eigen/include/eigen3/unsupported/Eigen/CXX11/src/Tensor/TensorReductionGpu.h
-- Installing: /home/czz/nvblox_ws/build/nvblox/nvblox/eigen/include/eigen3/unsupported/Eigen/CXX11/src/Tensor/TensorGpuHipCudaUndefines.h
-- Installing: /home/czz/nvblox_ws/build/nvblox/nvblox/eigen/include/eigen3/unsupported/Eigen/CXX11/src/Tensor/TensorContractionBlocking.h
-- Installing: /home/czz/nvblox_ws/build/nvblox/nvblox/eigen/include/eigen3/unsupported/Eigen/CXX11/src/Tensor/TensorIO.h
-- Installing: /home/czz/nvblox_ws/build/nvblox/nvblox/eigen/include/eigen3/unsupported/Eigen/CXX11/src/Tensor/TensorConversion.h
-- Installing: /home/czz/nvblox_ws/build/nvblox/nvblox/eigen/include/eigen3/unsupported/Eigen/CXX11/src/Tensor/TensorMacros.h
-- Installing: /home/czz/nvblox_ws/build/nvblox/nvblox/eigen/include/eigen3/unsupported/Eigen/CXX11/src/Tensor/TensorContractionGpu.h
[ 19%] [34m[1mCompleted 'ext_eigen'[0m
[ 19%] Built target ext_eigen
[ 19%] [32mBuilding CUDA object nvblox/CMakeFiles/nvblox_gpu_hash.dir/src/core/error_check.cu.o[0m
[ 19%] [32mBuilding CUDA object nvblox/CMakeFiles/nvblox_gpu_hash.dir/src/gpu_hash/feature_layer_specialization.cu.o[0m
[ 19%] [32mBuilding CUDA object nvblox/CMakeFiles/nvblox_gpu_hash.dir/src/gpu_hash/occupancy_layer_specialization.cu.o[0m
[ 20%] [32mBuilding CUDA object nvblox/CMakeFiles/nvblox_gpu_hash.dir/src/gpu_hash/color_layer_specialization.cu.o[0m
[ 20%] [32mBuilding CXX object nvblox/CMakeFiles/nvblox_gpu_hash.dir/src/utils/timing.cpp.o[0m
[ 20%] [32mBuilding CXX object nvblox/CMakeFiles/nvblox_gpu_hash.dir/src/utils/nvtx_ranges.cpp.o[0m
[ 21%] [32mBuilding CUDA object nvblox/CMakeFiles/nvblox_gpu_hash.dir/src/gpu_hash/tsdf_layer_specialization.cu.o[0m
[ 21%] [32mBuilding CUDA object nvblox/CMakeFiles/nvblox_gpu_hash.dir/src/gpu_hash/freespace_layer_specialization.cu.o[0m
[ 21%] [32mBuilding CUDA object nvblox/CMakeFiles/nvblox_gpu_hash.dir/src/gpu_hash/esdf_layer_specialization.cu.o[0m
[ 21%] [32mBuilding CUDA object nvblox/CMakeFiles/nvblox_gpu_hash.dir/src/gpu_hash/mesh_layer_specialization.cu.o[0m
[ 21%] [32m[1mLinking CXX static library ../../../lib/libgmock.a[0m
[ 21%] Built target gmock
[ 21%] [32mBuilding CXX object _deps/ext_gtest-build/googlemock/CMakeFiles/gmock_main.dir/src/gmock_main.cc.o[0m
[ 22%] [32m[1mLinking CXX static library ../../../lib/libgmock_main.a[0m
[ 22%] Built target gmock_main
[ 22%] [32m[1mLinking C static library libsqlite3.a[0m
[ 22%] Built target sqlite3
[ 22%] [32m[1mLinking CXX static library libnvblox_gpu_hash.a[0m
[ 22%] Built target nvblox_gpu_hash
[ 22%] [32mBuilding CXX object nvblox/CMakeFiles/nvblox_lib.dir/src/core/parameter_tree.cpp.o[0m
[ 23%] [32mBuilding CXX object nvblox/CMakeFiles/nvblox_lib.dir/src/core/cuda_stream.cpp.o[0m
[ 23%] [32mBuilding CUDA object nvblox/CMakeFiles/nvblox_lib.dir/src/core/warmup.cu.o[0m
[ 23%] [32mBuilding CUDA object nvblox/CMakeFiles/nvblox_lib.dir/src/experimental/ground_plane/ransac_plane_fitter.cu.o[0m
[ 24%] [32mBuilding CXX object nvblox/CMakeFiles/nvblox_lib.dir/src/experimental/ground_plane/ground_plane_estimator.cpp.o[0m
[ 24%] [32mBuilding CXX object nvblox/CMakeFiles/nvblox_lib.dir/src/map/blocks_to_update_tracker.cpp.o[0m
[ 24%] [32mBuilding CUDA object nvblox/CMakeFiles/nvblox_lib.dir/src/core/error_check.cu.o[0m
[ 24%] [32mBuilding CXX object nvblox/CMakeFiles/nvblox_lib.dir/src/sensors/camera.cpp.o[0m
[ 24%] [32mBuilding CUDA object nvblox/CMakeFiles/nvblox_lib.dir/src/map/layer.cu.o[0m
[ 24%] [32mBuilding CUDA object nvblox/CMakeFiles/nvblox_lib.dir/src/experimental/ground_plane/tsdf_zero_crossings_extractor.cu.o[0m
[ 24%] [32mBuilding CXX object nvblox/CMakeFiles/nvblox_lib.dir/src/experimental/ground_plane/ransac_plane_fitter_cpu.cpp.o[0m
[ 25%] [32mBuilding CUDA object nvblox/CMakeFiles/nvblox_lib.dir/src/sensors/pointcloud.cu.o[0m
[ 26%] [32mBuilding CUDA object nvblox/CMakeFiles/nvblox_lib.dir/src/dynamics/dynamics_detection.cu.o[0m
[ 26%] [32mBuilding CUDA object nvblox/CMakeFiles/nvblox_lib.dir/src/sensors/image.cu.o[0m
[ 26%] [32mBuilding CUDA object nvblox/CMakeFiles/nvblox_lib.dir/src/map/blox.cu.o[0m
[ 26%] [32mBuilding CXX object nvblox/CMakeFiles/nvblox_lib.dir/src/sensors/color.cpp.o[0m
[ 27%] [32mBuilding CXX object nvblox/CMakeFiles/nvblox_lib.dir/src/sensors/mask_preprocessor.cpp.o[0m
[ 27%] [32mBuilding CXX object nvblox/CMakeFiles/nvblox_lib.dir/src/sensors/npp_image_operations.cpp.o[0m
[ 27%] [32mBuilding CUDA object nvblox/CMakeFiles/nvblox_lib.dir/src/sensors/pointcloud_to_depth_conversion.cu.o[0m
[ 28%] [32mBuilding CXX object nvblox/CMakeFiles/nvblox_lib.dir/src/sensors/depth_preprocessing.cpp.o[0m
[ 28%] [32mBuilding CXX object nvblox/CMakeFiles/nvblox_lib.dir/src/geometry/bounding_boxes.cpp.o[0m
[ 28%] [32mBuilding CXX object nvblox/CMakeFiles/nvblox_lib.dir/src/geometry/bounding_shape.cpp.o[0m
[ 28%] [32mBuilding CXX object nvblox/CMakeFiles/nvblox_lib.dir/src/geometry/bounding_spheres.cpp.o[0m
[ 29%] [32mBuilding CXX object nvblox/CMakeFiles/nvblox_lib.dir/src/geometry/workspace_bounds.cpp.o[0m
[ 29%] [32mBuilding CXX object nvblox/CMakeFiles/nvblox_lib.dir/src/geometry/transforms.cpp.o[0m
[ 29%] [32mBuilding CXX object nvblox/CMakeFiles/nvblox_lib.dir/src/mapper/mapper.cpp.o[0m
[ 29%] [32mBuilding CXX object nvblox/CMakeFiles/nvblox_lib.dir/src/mapper/multi_mapper.cpp.o[0m
[ 30%] [32mBuilding CUDA object nvblox/CMakeFiles/nvblox_lib.dir/src/integrators/shape_clearer.cu.o[0m
[ 30%] [32mBuilding CUDA object nvblox/CMakeFiles/nvblox_lib.dir/src/integrators/view_calculator.cu.o[0m
[ 30%] [32mBuilding CUDA object nvblox/CMakeFiles/nvblox_lib.dir/src/integrators/occupancy_decay_integrator.cu.o[0m
[ 30%] [32mBuilding CUDA object nvblox/CMakeFiles/nvblox_lib.dir/src/integrators/tsdf_decay_integrator.cu.o[0m
[ 31%] [32mBuilding CUDA object nvblox/CMakeFiles/nvblox_lib.dir/src/integrators/projective_occupancy_integrator.cu.o[0m
[ 31%] [32mBuilding CUDA object nvblox/CMakeFiles/nvblox_lib.dir/src/integrators/projective_tsdf_integrator.cu.o[0m
[ 31%] [32mBuilding CUDA object nvblox/CMakeFiles/nvblox_lib.dir/src/integrators/projective_appearance_integrator.cu.o[0m
[ 31%] [32mBuilding CUDA object nvblox/CMakeFiles/nvblox_lib.dir/src/integrators/freespace_integrator.cu.o[0m
[ 32%] [32mBuilding CUDA object nvblox/CMakeFiles/nvblox_lib.dir/src/integrators/esdf_integrator.cu.o[0m
[ 32%] [32mBuilding CUDA object nvblox/CMakeFiles/nvblox_lib.dir/src/integrators/esdf_slicer.cu.o[0m
[ 32%] [32mBuilding CXX object nvblox/CMakeFiles/nvblox_lib.dir/src/integrators/occupancy_conversions.cpp.o[0m
[ 32%] [32mBuilding CUDA object nvblox/CMakeFiles/nvblox_lib.dir/src/integrators/instantiations/camera_inst.cu.o[0m
[ 33%] [32mBuilding CUDA object nvblox/CMakeFiles/nvblox_lib.dir/src/integrators/instantiations/lidar_inst.cu.o[0m
[ 33%] [32mBuilding CUDA object nvblox/CMakeFiles/nvblox_lib.dir/src/rays/sphere_tracer.cu.o[0m
[ 33%] [32mBuilding CXX object nvblox/CMakeFiles/nvblox_lib.dir/src/interpolation/interpolation_3d.cpp.o[0m
[ 33%] [32mBuilding CXX object nvblox/CMakeFiles/nvblox_lib.dir/src/io/mesh_io.cpp.o[0m
[ 34%] [32mBuilding CXX object nvblox/CMakeFiles/nvblox_lib.dir/src/io/ply_writer.cpp.o[0m
[ 34%] [32mBuilding CXX object nvblox/CMakeFiles/nvblox_lib.dir/src/io/ply_parser.cpp.o[0m
[ 34%] [32mBuilding CXX object nvblox/CMakeFiles/nvblox_lib.dir/src/io/layer_cake_io.cpp.o[0m
[ 35%] [32mBuilding CXX object nvblox/CMakeFiles/nvblox_lib.dir/src/io/pointcloud_io.cpp.o[0m
[ 35%] [32mBuilding CXX object nvblox/CMakeFiles/nvblox_lib.dir/src/io/image_io.cpp.o[0m
[ 35%] [32mBuilding CXX object nvblox/CMakeFiles/nvblox_lib.dir/src/map_saving/serializer.cpp.o[0m
[ 35%] [32mBuilding CXX object nvblox/CMakeFiles/nvblox_lib.dir/src/map_saving/sqlite_database.cpp.o[0m
[ 36%] [32mBuilding CXX object nvblox/CMakeFiles/nvblox_lib.dir/src/map_saving/layer_type_register.cpp.o[0m
[ 36%] [32mBuilding CUDA object nvblox/CMakeFiles/nvblox_lib.dir/src/mesh/mesh_block.cu.o[0m
[ 36%] [32mBuilding CUDA object nvblox/CMakeFiles/nvblox_lib.dir/src/mesh/mesh_integrator_appearance.cu.o[0m
[ 36%] [32mBuilding CUDA object nvblox/CMakeFiles/nvblox_lib.dir/src/mesh/mesh_integrator.cu.o[0m
[ 37%] [32mBuilding CXX object nvblox/CMakeFiles/nvblox_lib.dir/src/primitives/primitives.cpp.o[0m
[ 37%] [32mBuilding CXX object nvblox/CMakeFiles/nvblox_lib.dir/src/primitives/scene.cpp.o[0m
[ 37%] [32mBuilding CXX object nvblox/CMakeFiles/nvblox_lib.dir/src/utils/nvtx_ranges.cpp.o[0m
[ 37%] [32mBuilding CXX object nvblox/CMakeFiles/nvblox_lib.dir/src/utils/timing.cpp.o[0m
[ 38%] [32mBuilding CXX object nvblox/CMakeFiles/nvblox_lib.dir/src/utils/rates.cpp.o[0m
[ 38%] [32mBuilding CXX object nvblox/CMakeFiles/nvblox_lib.dir/src/utils/nvblox_art.cpp.o[0m
[ 38%] [32mBuilding CXX object nvblox/CMakeFiles/nvblox_lib.dir/src/utils/delays.cpp.o[0m
[ 38%] [32mBuilding CUDA object nvblox/CMakeFiles/nvblox_lib.dir/src/serialization/mesh_serializer_gpu.cu.o[0m
[ 39%] [32mBuilding CUDA object nvblox/CMakeFiles/nvblox_lib.dir/src/serialization/serialization_gpu.cu.o[0m
[ 39%] [32mBuilding CUDA object nvblox/CMakeFiles/nvblox_lib.dir/src/semantics/image_masker.cu.o[0m
[ 39%] [32mBuilding CUDA object nvblox/CMakeFiles/nvblox_lib.dir/src/semantics/image_projector.cu.o[0m
[ 39%] [32mBuilding CUDA object nvblox/CMakeFiles/nvblox_lib.dir/src/semantics/mask_from_detections.cu.o[0m
[ 40%] [32m[1mLinking CXX shared library libnvblox_lib.so[0m
[ 40%] Built target nvblox_lib
[ 41%] [32mBuilding CXX object nvblox/executables/CMakeFiles/nvblox_datasets.dir/src/datasets/redwood.cpp.o[0m
[ 41%] [32mBuilding CUDA object nvblox/examples/CMakeFiles/esdf_query.dir/src/esdf_query.cu.o[0m
[ 41%] [32mBuilding CXX object nvblox/executables/CMakeFiles/nvblox_datasets.dir/src/datasets/lidarply_writer.cpp.o[0m
[ 41%] [32mBuilding CXX object nvblox/executables/CMakeFiles/nvblox_datasets.dir/src/datasets/replica.cpp.o[0m
[ 41%] [32mBuilding CXX object nvblox/executables/CMakeFiles/nvblox_datasets.dir/src/datasets/cusfm_data.cpp.o[0m
[ 41%] [32mBuilding CXX object nvblox/executables/CMakeFiles/nvblox_datasets.dir/src/datasets/image_loader.cpp.o[0m
[ 41%] [32mBuilding CXX object nvblox/executables/CMakeFiles/nvblox_datasets.dir/src/datasets/3dmatch.cpp.o[0m
[ 42%] [32mBuilding CXX object nvblox/CMakeFiles/sphere_benchmark.dir/src/benchmarks/sphere_benchmark.cpp.o[0m
[ 42%] [32mBuilding CXX object nvblox/tests/CMakeFiles/run_memcpy_on_default_cuda_stream.dir/run_memcpy_on_default_cuda_stream.cpp.o[0m
[ 43%] [32mBuilding CXX object nvblox/executables/CMakeFiles/nvblox_datasets.dir/src/datasets/lidarply_loader.cpp.o[0m
[ 43%] [32mBuilding CXX object nvblox/examples/CMakeFiles/load_map_and_mesh.dir/src/load_map_and_mesh.cpp.o[0m
[ 43%] [32mBuilding CXX object nvblox/executables/CMakeFiles/nvblox_datasets.dir/src/fuser.cpp.o[0m
[ 43%] [32m[1mLinking CXX executable run_memcpy_on_default_cuda_stream[0m
[ 43%] Built target run_memcpy_on_default_cuda_stream
[ 43%] [32m[1mLinking CXX executable sphere_benchmark[0m
[ 43%] Built target sphere_benchmark
[ 43%] [32m[1mLinking CXX executable load_map_and_mesh[0m
[ 43%] Built target load_map_and_mesh
[ 44%] [32m[1mLinking CXX executable esdf_query[0m
[ 44%] Built target esdf_query
[ 45%] [32m[1mLinking CXX shared library libnvblox_datasets.so[0m
[ 45%] Built target nvblox_datasets
[ 45%] [32mBuilding CXX object nvblox/executables/CMakeFiles/fuse_replica.dir/src/fuse_replica.cpp.o[0m
[ 45%] [32mBuilding CXX object nvblox/executables/CMakeFiles/fuse_3dmatch.dir/src/fuse_3dmatch.cpp.o[0m
[ 45%] [32mBuilding CXX object nvblox/executables/CMakeFiles/fuse_lidarply.dir/src/fuse_lidarply.cpp.o[0m
[ 45%] [32mBuilding CXX object nvblox/experiments/CMakeFiles/test_bench.dir/src/test_bench.cpp.o[0m
[ 45%] [32mBuilding CUDA object nvblox/tests/CMakeFiles/nvblox_test_utils.dir/lib/cuda/boolean_layer_specialization.cu.o[0m
[ 46%] [32mBuilding CXX object nvblox/executables/CMakeFiles/fuse_redwood.dir/src/fuse_redwood.cpp.o[0m
[ 46%] [32mBuilding CUDA object nvblox/tests/CMakeFiles/nvblox_test_utils.dir/lib/cuda/initialization_test_layer_specialization.cu.o[0m
[ 47%] [32mBuilding CUDA object nvblox/tests/CMakeFiles/nvblox_test_utils.dir/lib/cuda/gpu_image_routines.cu.o[0m
[ 47%] [32mBuilding CUDA object nvblox/tests/CMakeFiles/nvblox_test_utils.dir/lib/cuda/increment_kernel.cu.o[0m
[ 47%] [32mBuilding CUDA object nvblox/tests/CMakeFiles/nvblox_test_utils.dir/lib/cuda/gpu_layer_utils.cu.o[0m
[ 48%] [32mBuilding CXX object nvblox/executables/CMakeFiles/fuse_cusfm.dir/src/fuse_cusfm.cpp.o[0m
[ 48%] [32mBuilding CUDA object nvblox/tests/CMakeFiles/nvblox_test_utils.dir/lib/cuda/index_layer_specialization.cu.o[0m
[ 48%] [32mBuilding CUDA object nvblox/tests/CMakeFiles/nvblox_test_utils.dir/lib/cuda/blox_utils.cu.o[0m
[ 48%] [32mBuilding CUDA object nvblox/tests/CMakeFiles/nvblox_test_utils.dir/lib/cuda/gpu_indexing.cu.o[0m
[ 49%] [32mBuilding CUDA object nvblox/tests/CMakeFiles/nvblox_test_utils.dir/lib/cuda/float_layer_specialization.cu.o[0m
[ 49%] [32mBuilding CUDA object nvblox/tests/CMakeFiles/nvblox_test_utils.dir/lib/cuda/interpolation_2d_gpu.cu.o[0m
[ 50%] [32mBuilding CUDA object nvblox/tests/CMakeFiles/nvblox_test_utils.dir/lib/cuda/layer.cu.o[0m
[ 50%] [32mBuilding CUDA object nvblox/tests/CMakeFiles/nvblox_test_utils.dir/lib/cuda/test_utils_cuda.cu.o[0m
[ 50%] [32mBuilding CUDA object nvblox/tests/CMakeFiles/nvblox_test_utils.dir/lib/cuda/projective_tsdf_integrator_cuda_components.cu.o[0m
[ 50%] [32mBuilding CUDA object nvblox/tests/CMakeFiles/nvblox_test_utils.dir/lib/cuda/mesh_utils.cu.o[0m
[ 50%] [32m[1mLinking CXX executable fuse_lidarply[0m
[ 50%] [32m[1mLinking CXX executable fuse_redwood[0m
[ 50%] Built target fuse_lidarply
[ 51%] [32m[1mLinking CXX executable fuse_3dmatch[0m
[ 51%] [32mBuilding CUDA object nvblox/tests/CMakeFiles/nvblox_test_utils.dir/lib/cuda/weighting_utils.cu.o[0m
[ 51%] Built target fuse_redwood
[ 51%] [32mBuilding CUDA object nvblox/tests/CMakeFiles/nvblox_test_utils.dir/lib/cuda/test_layer.cu.o[0m
[ 51%] [32m[1mLinking CXX executable fuse_replica[0m
[ 52%] [32m[1mLinking CXX executable test_bench[0m
[ 52%] Built target fuse_3dmatch
[ 52%] [32mBuilding CUDA object nvblox/tests/CMakeFiles/nvblox_test_utils.dir/lib/custom_camera_sensor_inst.cu.o[0m
[ 52%] Built target fuse_replica
[ 52%] [32mBuilding CXX object nvblox/tests/CMakeFiles/nvblox_test_utils.dir/lib/projective_tsdf_integrator_cpu.cpp.o[0m
[ 52%] [32m[1mLinking CXX executable fuse_cusfm[0m
[ 52%] Built target test_bench
[ 53%] [32mBuilding CXX object nvblox/tests/CMakeFiles/nvblox_test_utils.dir/lib/tsdf_zero_crossings_extractor_cpu.cpp.o[0m
[ 53%] [32mBuilding CXX object nvblox/tests/CMakeFiles/nvblox_test_utils.dir/lib/utils.cpp.o[0m
[ 53%] [32mBuilding CXX object nvblox/tests/CMakeFiles/nvblox_test_utils.dir/lib/esdf_integrator_cpu.cpp.o[0m
[ 53%] Built target fuse_cusfm
[ 53%] [32mBuilding CXX object nvblox/tests/CMakeFiles/nvblox_test_utils.dir/lib/integrator_utils.cpp.o[0m
[ 54%] [32mBuilding CXX object nvblox/tests/CMakeFiles/nvblox_test_utils.dir/lib/ransac_plane_fitter_utils.cpp.o[0m
[ 54%] [32m[1mLinking CXX static library libnvblox_test_utils.a[0m
[ 54%] Built target nvblox_test_utils
[ 54%] [32mBuilding CXX object nvblox/tests/CMakeFiles/test_3d_interpolation.dir/test_3d_interpolation.cpp.o[0m
[ 54%] [32mBuilding CXX object nvblox/tests/CMakeFiles/test_mask_preprocessor.dir/test_mask_preprocessor.cpp.o[0m
[ 54%] [32mBuilding CXX object nvblox/tests/CMakeFiles/test_shape_clearer.dir/test_shape_clearer.cpp.o[0m
[ 54%] [32mBuilding CXX object nvblox/tests/CMakeFiles/test_3dmatch.dir/test_3dmatch.cpp.o[0m
[ 54%] [32mBuilding CXX object nvblox/tests/CMakeFiles/test_bounding_spheres.dir/test_bounding_spheres.cpp.o[0m
[ 54%] [32mBuilding CXX object nvblox/tests/CMakeFiles/test_cake.dir/test_cake.cpp.o[0m
[ 54%] [32mBuilding CXX object nvblox/tests/CMakeFiles/test_blox.dir/test_blox.cpp.o[0m
[ 54%] [32mBuilding CXX object nvblox/tests/CMakeFiles/test_color_image.dir/test_color_image.cpp.o[0m
[ 55%] [32mBuilding CXX object nvblox/tests/CMakeFiles/test_mono_image.dir/test_mono_image.cpp.o[0m
[ 55%] [32mBuilding CXX object nvblox/tests/CMakeFiles/test_for_memory_leaks.dir/test_for_memory_leaks.cpp.o[0m
[ 56%] [32mBuilding CXX object nvblox/tests/CMakeFiles/test_mask_from_detections.dir/test_mask_from_detections.cpp.o[0m
[ 56%] [32mBuilding CXX object nvblox/tests/CMakeFiles/test_color_integrator.dir/test_color_integrator.cpp.o[0m
[ 56%] [32mBuilding CXX object nvblox/tests/CMakeFiles/test_cuda_stream.dir/test_cuda_stream.cpp.o[0m
[ 57%] [32mBuilding CXX object nvblox/tests/CMakeFiles/test_feature_integrator.dir/test_feature_integrator.cpp.o[0m
[ 59%] [32mBuilding CXX object nvblox/tests/CMakeFiles/test_gpu_layer_view.dir/test_gpu_layer_view.cpp.o[0m
[ 59%] [32mBuilding CXX object nvblox/tests/CMakeFiles/test_dynamics.dir/test_dynamics.cpp.o[0m
[ 59%] [32mBuilding CXX object nvblox/tests/CMakeFiles/test_depth_image.dir/test_depth_image.cpp.o[0m
[ 60%] [32mBuilding CXX object nvblox/tests/CMakeFiles/test_freespace_integrator.dir/test_freespace_integrator.cpp.o[0m
[ 60%] [32mBuilding CXX object nvblox/tests/CMakeFiles/test_image_io.dir/test_image_io.cpp.o[0m
[ 60%] [32mBuilding CXX object nvblox/tests/CMakeFiles/test_frustum.dir/test_frustum.cpp.o[0m
[ 60%] [32m[1mLinking CXX executable test_bounding_spheres[0m
[ 60%] Built target test_bounding_spheres
[ 60%] [32m[1mLinking CXX executable test_mono_image[0m
[ 60%] [32mBuilding CXX object nvblox/tests/CMakeFiles/test_image_masker.dir/test_image_masker.cpp.o[0m
[ 60%] Built target test_mono_image
[ 60%] [32mBuilding CXX object nvblox/tests/CMakeFiles/test_image_projector.dir/test_image_projector.cpp.o[0m
[ 60%] [32m[1mLinking CXX executable test_cuda_stream[0m
[ 60%] Built target test_cuda_stream
[ 60%] [32mBuilding CXX object nvblox/tests/CMakeFiles/test_indexing.dir/test_indexing.cpp.o[0m
[ 60%] [32m[1mLinking CXX executable test_mask_from_detections[0m
[ 60%] Built target test_mask_from_detections
[ 60%] [32mBuilding CXX object nvblox/tests/CMakeFiles/test_interpolation_2d.dir/test_interpolation_2d.cpp.o[0m
[ 60%] [32m[1mLinking CXX executable test_mask_preprocessor[0m
[ 60%] Built target test_mask_preprocessor
[ 60%] [32mBuilding CXX object nvblox/tests/CMakeFiles/test_layer.dir/test_layer.cpp.o[0m
[ 60%] [32m[1mLinking CXX executable test_depth_image[0m
[ 60%] Built target test_depth_image
[ 60%] [32mBuilding CXX object nvblox/tests/CMakeFiles/test_lidar.dir/test_lidar.cpp.o[0m
[ 61%] [32m[1mLinking CXX executable test_blox[0m
[ 61%] Built target test_blox
[ 61%] [32mBuilding CXX object nvblox/tests/CMakeFiles/test_lidarply.dir/test_lidarply.cpp.o[0m
[ 61%] [32m[1mLinking CXX executable test_image_io[0m
[ 61%] Built target test_image_io
[ 61%] [32mBuilding CXX object nvblox/tests/CMakeFiles/test_lidar_integration.dir/test_lidar_integration.cpp.o[0m
[ 61%] [32m[1mLinking CXX executable test_gpu_layer_view[0m
[ 61%] [32m[1mLinking CXX executable test_3d_interpolation[0m
[ 61%] Built target test_gpu_layer_view
[ 61%] Built target test_3d_interpolation
[ 62%] [32mBuilding CXX object nvblox/tests/CMakeFiles/test_mapper.dir/test_mapper.cpp.o[0m
[ 63%] [32mBuilding CXX object nvblox/tests/CMakeFiles/test_mesh_appearance.dir/test_mesh_appearance.cpp.o[0m
[ 63%] [32m[1mLinking CXX executable test_indexing[0m
[ 63%] Built target test_indexing
[ 63%] [32mBuilding CXX object nvblox/tests/CMakeFiles/test_mesh.dir/test_mesh.cpp.o[0m
[ 64%] [32m[1mLinking CXX executable test_cake[0m
[ 64%] [32m[1mLinking CXX executable test_feature_integrator[0m
[ 65%] [32m[1mLinking CXX executable test_3dmatch[0m
[ 65%] Built target test_cake
[ 65%] [32m[1mLinking CXX executable test_color_image[0m
[ 65%] [32mBuilding CXX object nvblox/tests/CMakeFiles/test_mesh_serializer.dir/test_mesh_serializer.cpp.o[0m
[ 65%] Built target test_3dmatch
[ 65%] Built target test_color_image
[ 65%] Built target test_feature_integrator
[ 65%] [32m[1mLinking CXX executable test_for_memory_leaks[0m
[ 65%] [32mBuilding CXX object nvblox/tests/CMakeFiles/test_ply_io.dir/test_ply_io.cpp.o[0m
[ 66%] [32mBuilding CXX object nvblox/tests/CMakeFiles/test_nvtx_ranges.dir/test_nvtx_ranges.cpp.o[0m
[ 66%] [32mBuilding CXX object nvblox/tests/CMakeFiles/test_occupancy_decay.dir/test_occupancy_decay.cpp.o[0m
[ 66%] Built target test_for_memory_leaks
[ 66%] [32mBuilding CXX object nvblox/tests/CMakeFiles/test_occupancy_integrator.dir/test_occupancy_integrator.cpp.o[0m
[ 67%] [32m[1mLinking CXX executable test_interpolation_2d[0m
[ 67%] Built target test_interpolation_2d
[ 67%] [32mBuilding CXX object nvblox/tests/CMakeFiles/test_orbbec.dir/test_orbbec.cpp.o[0m
[ 68%] [32m[1mLinking CXX executable test_image_masker[0m
[ 68%] Built target test_image_masker
[ 68%] [32mBuilding CXX object nvblox/tests/CMakeFiles/test_pointcloud.dir/test_pointcloud.cpp.o[0m
[ 69%] [32m[1mLinking CXX executable test_shape_clearer[0m
[ 69%] [32m[1mLinking CXX executable test_freespace_integrator[0m
[ 70%] [32m[1mLinking CXX executable test_color_integrator[0m
[ 70%] Built target test_shape_clearer
[ 70%] Built target test_freespace_integrator
[ 70%] [32mBuilding CXX object nvblox/tests/CMakeFiles/test_ray_caster.dir/test_ray_caster.cpp.o[0m
[ 70%] [32mBuilding CXX object nvblox/tests/CMakeFiles/test_scene.dir/test_scene.cpp.o[0m
[ 70%] [32m[1mLinking CXX executable test_dynamics[0m
[ 70%] Built target test_color_integrator
[ 70%] [32mBuilding CXX object nvblox/tests/CMakeFiles/test_serialization.dir/test_serialization.cpp.o[0m
[ 70%] Built target test_dynamics
[ 70%] [32mBuilding CXX object nvblox/tests/CMakeFiles/test_sphere_tracing.dir/test_sphere_tracing.cpp.o[0m
[ 70%] [32m[1mLinking CXX executable test_image_projector[0m
[ 70%] Built target test_image_projector
[ 71%] [32mBuilding CXX object nvblox/tests/CMakeFiles/test_time.dir/test_time.cpp.o[0m
[ 71%] [32m[1mLinking CXX executable test_nvtx_ranges[0m
[ 72%] [32m[1mLinking CXX executable test_lidar[0m
[ 72%] Built target test_nvtx_ranges
[ 72%] [32mBuilding CXX object nvblox/tests/CMakeFiles/test_timing.dir/test_timing.cpp.o[0m
[ 72%] Built target test_lidar
[ 73%] [32mBuilding CXX object nvblox/tests/CMakeFiles/test_traits.dir/test_traits.cpp.o[0m
[ 73%] [32m[1mLinking CXX executable test_time[0m
[ 73%] Built target test_time
[ 73%] [32mBuilding CXX object nvblox/tests/CMakeFiles/test_tsdf_decay.dir/test_tsdf_decay.cpp.o[0m
[ 73%] [32m[1mLinking CXX executable test_frustum[0m
[ 73%] Built target test_frustum
[ 74%] [32mBuilding CXX object nvblox/tests/CMakeFiles/test_tsdf_error.dir/test_tsdf_error.cpp.o[0m
[ 75%] [32m[1mLinking CXX executable test_pointcloud[0m
[ 75%] Built target test_pointcloud
[ 75%] [32mBuilding CXX object nvblox/tests/CMakeFiles/test_tsdf_integrator.dir/test_tsdf_integrator.cpp.o[0m
[ 75%] [32m[1mLinking CXX executable test_lidarply[0m
[ 75%] Built target test_lidarply
[ 76%] [32mBuilding CXX object nvblox/tests/CMakeFiles/test_tsdf_integrator_cuda_components.dir/test_tsdf_integrator_cuda_components.cpp.o[0m
[ 77%] [32m[1mLinking CXX executable test_ray_caster[0m
[ 77%] [32m[1mLinking CXX executable test_timing[0m
[ 77%] Built target test_timing
[ 77%] Built target test_ray_caster
[ 77%] [32mBuilding CXX object nvblox/tests/CMakeFiles/test_unified_ptr.dir/test_unified_ptr.cpp.o[0m
[ 78%] [32mBuilding CXX object nvblox/tests/CMakeFiles/test_unified_3d_grid.dir/test_unified_3d_grid.cpp.o[0m
[ 78%] [32m[1mLinking CXX executable test_lidar_integration[0m
[ 78%] [32m[1mLinking CXX executable test_ply_io[0m
[ 78%] Built target test_lidar_integration
[ 79%] [32m[1mLinking CXX executable test_occupancy_decay[0m
[ 80%] [32mBuilding CXX object nvblox/tests/CMakeFiles/test_unified_vector.dir/test_unified_vector.cpp.o[0m
[ 80%] Built target test_ply_io
[ 80%] [32mBuilding CXX object nvblox/tests/CMakeFiles/test_weighting_function.dir/test_weighting_function.cpp.o[0m
[ 80%] Built target test_occupancy_decay
[ 80%] [32m[1mLinking CXX executable test_mesh_serializer[0m
[ 81%] [32mBuilding CXX object nvblox/tests/CMakeFiles/test_workspace_bounds.dir/test_workspace_bounds.cpp.o[0m
[ 81%] [32m[1mLinking CXX executable test_layer[0m
[ 81%] [32m[1mLinking CXX executable test_traits[0m
[ 81%] Built target test_mesh_serializer
[ 81%] [32mBuilding CXX object nvblox/tests/CMakeFiles/test_rates.dir/test_rates.cpp.o[0m
[ 81%] Built target test_traits
[ 81%] [32mBuilding CXX object nvblox/tests/CMakeFiles/test_layer_streamer.dir/test_layer_streamer.cpp.o[0m
[ 81%] Built target test_layer
[ 82%] [32mBuilding CXX object nvblox/tests/CMakeFiles/test_npp_image_operations.dir/test_npp_image_operations.cpp.o[0m
[ 82%] [32m[1mLinking CXX executable test_mesh_appearance[0m
[ 82%] Built target test_mesh_appearance
[ 83%] [32m[1mLinking CXX executable test_orbbec[0m
[ 84%] [32mBuilding CXX object nvblox/tests/CMakeFiles/test_depth_image_preprocessing.dir/test_depth_image_preprocessing.cpp.o[0m
[ 84%] Built target test_orbbec
[ 84%] [32mBuilding CXX object nvblox/tests/CMakeFiles/test_layer_serializer_gpu.dir/test_layer_serializer_gpu.cpp.o[0m
[ 84%] [32m[1mLinking CXX executable test_serialization[0m
[ 84%] [32m[1mLinking CXX executable test_unified_3d_grid[0m
[ 84%] [32m[1mLinking CXX executable test_weighting_function[0m
[ 84%] Built target test_serialization
[ 84%] [32mBuilding CXX object nvblox/tests/CMakeFiles/test_image_cache.dir/test_image_cache.cpp.o[0m
[ 84%] Built target test_unified_3d_grid
[ 84%] [32m[1mLinking CXX executable test_rates[0m
[ 84%] [32mBuilding CXX object nvblox/tests/CMakeFiles/test_params.dir/test_params.cpp.o[0m
[ 84%] Built target test_weighting_function
[ 84%] [32mBuilding CXX object nvblox/tests/CMakeFiles/test_block_memory_pool.dir/test_block_memory_pool.cpp.o[0m
[ 84%] Built target test_rates
[ 84%] [32m[1mLinking CXX executable test_mesh[0m
[ 85%] [32mBuilding CXX object nvblox/tests/CMakeFiles/test_delays.dir/test_delays.cpp.o[0m
[ 85%] Built target test_mesh
[ 85%] [32mBuilding CXX object nvblox/tests/CMakeFiles/test_image_view.dir/test_image_view.cpp.o[0m
[ 85%] [32m[1mLinking CXX executable test_mapper[0m
[ 85%] [32m[1mLinking CXX executable test_params[0m
[ 85%] [32m[1mLinking CXX executable test_unified_vector[0m
[ 85%] Built target test_params
[ 85%] Built target test_unified_vector
[ 85%] [32mBuilding CXX object nvblox/tests/CMakeFiles/test_bitmask.dir/test_bitmask.cpp.o[0m
[ 85%] Built target test_mapper
[ 85%] [32mBuilding CXX object nvblox/tests/CMakeFiles/test_blocks_to_update_tracker.dir/test_blocks_to_update_tracker.cpp.o[0m
[ 85%] [32mBuilding CXX object nvblox/tests/CMakeFiles/test_nvblox_h.dir/test_nvblox_h.cpp.o[0m
[ 85%] [32m[1mLinking CXX executable test_unified_ptr[0m
[ 85%] Built target test_unified_ptr
[ 85%] [32mBuilding CXX object nvblox/tests/CMakeFiles/test_ransac_plane_fitter_cpu.dir/test_ransac_plane_fitter_cpu.cpp.o[0m
[ 85%] [32m[1mLinking CXX executable test_occupancy_integrator[0m
[ 85%] [32m[1mLinking CXX executable test_delays[0m
[ 86%] [32m[1mLinking CXX executable test_image_cache[0m
[ 86%] [32m[1mLinking CXX executable test_sphere_tracing[0m
[ 86%] Built target test_occupancy_integrator
[ 86%] Built target test_image_cache
[ 86%] Built target test_delays
[ 86%] [32mBuilding CXX object nvblox/tests/CMakeFiles/test_layer_cake_streamer.dir/test_layer_cake_streamer.cpp.o[0m
[ 86%] [32mBuilding CXX object nvblox/tests/CMakeFiles/test_ransac_plane_fitter.dir/test_ransac_plane_fitter.cpp.o[0m
[ 86%] [32m[1mLinking CXX executable test_bitmask[0m
[ 86%] [32mBuilding CXX object nvblox/tests/CMakeFiles/test_replica.dir/test_replica.cpp.o[0m
[ 86%] Built target test_sphere_tracing
[ 86%] [32mBuilding CXX object nvblox/tests/CMakeFiles/test_checks.dir/test_checks.cpp.o[0m
[ 86%] Built target test_bitmask
[ 86%] [32mBuilding CXX object nvblox/tests/CMakeFiles/test_type_indexed_store.dir/test_type_indexed_store.cpp.o[0m
[ 86%] [32m[1mLinking CXX executable test_tsdf_error[0m
[ 86%] Built target test_tsdf_error
[ 86%] [32mBuilding CUDA object nvblox/tests/CMakeFiles/regression_test_query_after_clear.dir/regression_test_query_after_clear.cu.o[0m
[ 86%] [32m[1mLinking CXX executable test_tsdf_integrator_cuda_components[0m
[ 87%] [32m[1mLinking CXX executable test_image_view[0m
[ 87%] Built target test_tsdf_integrator_cuda_components
[ 87%] [32mBuilding CUDA object nvblox/tests/CMakeFiles/test_camera.dir/test_camera.cu.o[0m
[ 87%] Built target test_image_view
[ 87%] [32mBuilding CUDA object nvblox/tests/CMakeFiles/test_layer_to_3d_grid.dir/test_layer_to_3d_grid.cu.o[0m
[ 88%] [32m[1mLinking CXX executable test_block_memory_pool[0m
[ 88%] Built target test_block_memory_pool
[ 88%] [32mBuilding CUDA object nvblox/tests/CMakeFiles/test_gpu_hash_interface.dir/test_gpu_hash_interface.cu.o[0m
[ 89%] [32m[1mLinking CXX executable test_checks[0m
[ 89%] [32m[1mLinking CXX executable test_workspace_bounds[0m
[ 89%] Built target test_checks
[ 90%] [32mBuilding CUDA object nvblox/tests/CMakeFiles/test_masked_image_view.dir/test_masked_image_view.cu.o[0m
[ 90%] Built target test_workspace_bounds
[ 90%] [32mBuilding CUDA object nvblox/tests/CMakeFiles/test_esdf_integrator_slicing.dir/test_esdf_integrator_slicing.cu.o[0m
[ 90%] [32m[1mLinking CXX executable test_npp_image_operations[0m
[ 90%] Built target test_npp_image_operations
[ 90%] [32mBuilding CUDA object nvblox/tests/CMakeFiles/test_plane.dir/test_plane.cu.o[0m
[ 90%] [32m[1mLinking CXX executable test_layer_serializer_gpu[0m
[ 90%] [32m[1mLinking CXX executable test_depth_image_preprocessing[0m
[ 90%] [32m[1mLinking CXX executable test_blocks_to_update_tracker[0m
[ 90%] Built target test_layer_serializer_gpu
[ 90%] Built target test_blocks_to_update_tracker
[ 90%] Built target test_depth_image_preprocessing
[ 90%] [32mBuilding CUDA object nvblox/tests/CMakeFiles/test_device_function_utils.dir/test_device_function_utils.cu.o[0m
[ 90%] [32mBuilding CUDA object nvblox/tests/CMakeFiles/test_zero_crossings_extractor.dir/test_zero_crossings_extractor.cu.o[0m
[ 90%] [32mBuilding CUDA object nvblox/tests/CMakeFiles/test_error_check.dir/test_error_check.cu.o[0m
[ 90%] [32m[1mLinking CXX executable test_tsdf_decay[0m
[ 90%] Built target test_tsdf_decay
[ 90%] [32mBuilding CUDA object nvblox/tests/CMakeFiles/test_array.dir/test_array.cu.o[0m
[ 90%] [32m[1mLinking CXX executable test_type_indexed_store[0m
[ 91%] [32m[1mLinking CXX executable test_layer_cake_streamer[0m
[ 91%] Built target test_type_indexed_store
[ 92%] [32mBuilding CUDA object nvblox/tests/CMakeFiles/test_lidar_motion_compensation.dir/test_lidar_motion_compensation.cu.o[0m
[ 92%] [32m[1mLinking CXX executable test_nvblox_h[0m
[ 92%] Built target test_layer_cake_streamer
[ 92%] Built target test_nvblox_h
[ 93%] [32mBuilding CXX object nvblox/tests/CMakeFiles/test_esdf_integrator.dir/test_esdf_integrator.cpp.o[0m
[ 94%] [32m[1mLinking CXX executable test_scene[0m
[ 95%] [32mBuilding CXX object nvblox/tests/CMakeFiles/test_fuser.dir/test_fuser.cpp.o[0m
[ 96%] [32m[1mLinking CXX executable test_layer_streamer[0m
[ 96%] Built target test_scene
[ 96%] [32mBuilding CXX object nvblox/tests/CMakeFiles/test_mapper_block_allocation.dir/test_mapper_block_allocation.cpp.o[0m
[ 96%] Built target test_layer_streamer
[ 96%] [32mBuilding CXX object nvblox/tests/CMakeFiles/test_multi_mapper.dir/test_multi_mapper.cpp.o[0m
[ 96%] [32m[1mLinking CXX executable test_ransac_plane_fitter[0m
[ 97%] [32m[1mLinking CXX executable test_ransac_plane_fitter_cpu[0m
[ 97%] Built target test_ransac_plane_fitter
[ 97%] [32mBuilding CXX object nvblox/tests/CMakeFiles/nvblox_benchmark.dir/benchmark.cpp.o[0m
[ 97%] Built target test_ransac_plane_fitter_cpu
[ 97%] [32mBuilding CXX object nvblox/tests/CMakeFiles/nvblox_benchmark_camera.dir/benchmark_camera.cpp.o[0m
[ 97%] [32m[1mLinking CXX executable test_replica[0m
[ 97%] Built target test_replica
[ 97%] [32m[1mLinking CXX executable test_tsdf_integrator[0m
[ 97%] Built target test_tsdf_integrator
[ 97%] [32m[1mLinking CXX executable nvblox_benchmark_camera[0m
[ 97%] Built target nvblox_benchmark_camera
[ 97%] [32m[1mLinking CXX executable test_device_function_utils[0m
[ 97%] [32m[1mLinking CXX executable test_masked_image_view[0m
[ 97%] Built target test_device_function_utils
[ 97%] Built target test_masked_image_view
[ 97%] [32m[1mLinking CXX executable test_fuser[0m
[ 97%] Built target test_fuser
[ 97%] [32m[1mLinking CXX executable test_error_check[0m
[ 97%] Built target test_error_check
[ 97%] [32m[1mLinking CXX executable test_array[0m
[ 97%] Built target test_array
[ 98%] [32m[1mLinking CXX executable nvblox_benchmark[0m
[ 98%] Built target nvblox_benchmark
[ 99%] [32m[1mLinking CXX executable test_plane[0m
[ 99%] Built target test_plane
[ 99%] [32m[1mLinking CXX executable test_multi_mapper[0m
[ 99%] Built target test_multi_mapper
[ 99%] [32m[1mLinking CXX executable test_esdf_integrator[0m
[ 99%] Built target test_esdf_integrator
[ 99%] [32m[1mLinking CXX executable regression_test_query_after_clear[0m
[ 99%] [32m[1mLinking CXX executable test_mapper_block_allocation[0m
[ 99%] Built target regression_test_query_after_clear
[ 99%] Built target test_mapper_block_allocation
[ 99%] [32m[1mLinking CXX executable test_gpu_hash_interface[0m
[ 99%] Built target test_gpu_hash_interface
[ 99%] [32m[1mLinking CXX executable test_layer_to_3d_grid[0m
[ 99%] Built target test_layer_to_3d_grid
[ 99%] [32m[1mLinking CXX executable test_esdf_integrator_slicing[0m
[ 99%] Built target test_esdf_integrator_slicing
[ 99%] [32m[1mLinking CXX executable test_camera[0m
[ 99%] Built target test_camera
[100%] [32m[1mLinking CXX executable test_zero_crossings_extractor[0m
[100%] Built target test_zero_crossings_extractor
[100%] [32m[1mLinking CXX executable test_lidar_motion_compensation[0m
[100%] Built target test_lidar_motion_compensation
-- Install configuration: "Release"
-- Installing: /home/czz/nvblox_ws/install/nvblox/lib/libgflags.a
-- Installing: /home/czz/nvblox_ws/install/nvblox/lib/libgflags_nothreads.a
-- Installing: /home/czz/nvblox_ws/install/nvblox/include/gflags/gflags.h
-- Installing: /home/czz/nvblox_ws/install/nvblox/include/gflags/gflags_declare.h
-- Installing: /home/czz/nvblox_ws/install/nvblox/include/gflags/gflags_completions.h
-- Installing: /home/czz/nvblox_ws/install/nvblox/include/gflags/gflags_gflags.h
-- Installing: /home/czz/nvblox_ws/install/nvblox/lib/cmake/gflags/gflags-config.cmake
-- Installing: /home/czz/nvblox_ws/install/nvblox/lib/cmake/gflags/gflags-config-version.cmake
-- Installing: /home/czz/nvblox_ws/install/nvblox/lib/cmake/gflags/gflags-targets.cmake
-- Installing: /home/czz/nvblox_ws/install/nvblox/lib/cmake/gflags/gflags-targets-release.cmake
-- Installing: /home/czz/nvblox_ws/install/nvblox/bin/gflags_completions.sh
-- Installing: /home/czz/nvblox_ws/install/nvblox/lib/pkgconfig/gflags.pc
-- Installing: /home/czz/.cmake/packages/gflags/18bec54d6fadf45dbbedffa8b8610988
-- Installing: /home/czz/nvblox_ws/install/nvblox/lib/libstdgpu.a
-- Up-to-date: /home/czz/nvblox_ws/install/nvblox/include
-- Installing: /home/czz/nvblox_ws/install/nvblox/include/stdgpu
-- Installing: /home/czz/nvblox_ws/install/nvblox/include/stdgpu/compiler.h
-- Installing: /home/czz/nvblox_ws/install/nvblox/include/stdgpu/unordered_map.cuh
-- Installing: /home/czz/nvblox_ws/install/nvblox/include/stdgpu/execution.h
-- Installing: /home/czz/nvblox_ws/install/nvblox/include/stdgpu/stack.cuh
-- Installing: /home/czz/nvblox_ws/install/nvblox/include/stdgpu/hip
-- Installing: /home/czz/nvblox_ws/install/nvblox/include/stdgpu/hip/device.h
-- Installing: /home/czz/nvblox_ws/install/nvblox/include/stdgpu/hip/platform.h
-- Installing: /home/czz/nvblox_ws/install/nvblox/include/stdgpu/hip/atomic.h
-- Installing: /home/czz/nvblox_ws/install/nvblox/include/stdgpu/hip/platform_check.h
-- Installing: /home/czz/nvblox_ws/install/nvblox/include/stdgpu/hip/impl
-- Installing: /home/czz/nvblox_ws/install/nvblox/include/stdgpu/hip/impl/error.h
-- Installing: /home/czz/nvblox_ws/install/nvblox/include/stdgpu/hip/impl/atomic_detail.h
-- Installing: /home/czz/nvblox_ws/install/nvblox/include/stdgpu/hip/memory.h
-- Installing: /home/czz/nvblox_ws/install/nvblox/include/stdgpu/utility.h
-- Installing: /home/czz/nvblox_ws/install/nvblox/include/stdgpu/device.h
-- Installing: /home/czz/nvblox_ws/install/nvblox/include/stdgpu/bit.h
-- Installing: /home/czz/nvblox_ws/install/nvblox/include/stdgpu/atomic.cuh
-- Installing: /home/czz/nvblox_ws/install/nvblox/include/stdgpu/platform.h
-- Installing: /home/czz/nvblox_ws/install/nvblox/include/stdgpu/bitset.cuh
-- Installing: /home/czz/nvblox_ws/install/nvblox/include/stdgpu/cstddef.h
-- Installing: /home/czz/nvblox_ws/install/nvblox/include/stdgpu/numeric.h
-- Installing: /home/czz/nvblox_ws/install/nvblox/include/stdgpu/mutex.cuh
-- Installing: /home/czz/nvblox_ws/install/nvblox/include/stdgpu/queue.cuh
-- Installing: /home/czz/nvblox_ws/install/nvblox/include/stdgpu/type_traits.h
-- Installing: /home/czz/nvblox_ws/install/nvblox/include/stdgpu/cuda
-- Installing: /home/czz/nvblox_ws/install/nvblox/include/stdgpu/cuda/device.h
-- Installing: /home/czz/nvblox_ws/install/nvblox/include/stdgpu/cuda/atomic.cuh
-- Installing: /home/czz/nvblox_ws/install/nvblox/include/stdgpu/cuda/platform.h
-- Installing: /home/czz/nvblox_ws/install/nvblox/include/stdgpu/cuda/platform_check.h
-- Installing: /home/czz/nvblox_ws/install/nvblox/include/stdgpu/cuda/impl
-- Installing: /home/czz/nvblox_ws/install/nvblox/include/stdgpu/cuda/impl/atomic_detail.cuh
-- Installing: /home/czz/nvblox_ws/install/nvblox/include/stdgpu/cuda/impl/error.h
-- Installing: /home/czz/nvblox_ws/install/nvblox/include/stdgpu/cuda/memory.h
-- Installing: /home/czz/nvblox_ws/install/nvblox/include/stdgpu/contract.h
-- Installing: /home/czz/nvblox_ws/install/nvblox/include/stdgpu/openmp
-- Installing: /home/czz/nvblox_ws/install/nvblox/include/stdgpu/openmp/device.h
-- Installing: /home/czz/nvblox_ws/install/nvblox/include/stdgpu/openmp/platform.h
-- Installing: /home/czz/nvblox_ws/install/nvblox/include/stdgpu/openmp/atomic.h
-- Installing: /home/czz/nvblox_ws/install/nvblox/include/stdgpu/openmp/platform_check.h
-- Installing: /home/czz/nvblox_ws/install/nvblox/include/stdgpu/openmp/impl
-- Installing: /home/czz/nvblox_ws/install/nvblox/include/stdgpu/openmp/impl/atomic_detail.h
-- Installing: /home/czz/nvblox_ws/install/nvblox/include/stdgpu/openmp/memory.h
-- Installing: /home/czz/nvblox_ws/install/nvblox/include/stdgpu/ranges.h
-- Installing: /home/czz/nvblox_ws/install/nvblox/include/stdgpu/deque.cuh
-- Installing: /home/czz/nvblox_ws/install/nvblox/include/stdgpu/iterator.h
-- Installing: /home/czz/nvblox_ws/install/nvblox/include/stdgpu/functional.h
-- Installing: /home/czz/nvblox_ws/install/nvblox/include/stdgpu/algorithm.h
-- Installing: /home/czz/nvblox_ws/install/nvblox/include/stdgpu/unordered_set.cuh
-- Installing: /home/czz/nvblox_ws/install/nvblox/include/stdgpu/vector.cuh
-- Installing: /home/czz/nvblox_ws/install/nvblox/include/stdgpu/limits.h
-- Installing: /home/czz/nvblox_ws/install/nvblox/include/stdgpu/impl
-- Installing: /home/czz/nvblox_ws/install/nvblox/include/stdgpu/impl/ranges_detail.h
-- Installing: /home/czz/nvblox_ws/install/nvblox/include/stdgpu/impl/vector_detail.cuh
-- Installing: /home/czz/nvblox_ws/install/nvblox/include/stdgpu/impl/bit_detail.h
-- Installing: /home/czz/nvblox_ws/install/nvblox/include/stdgpu/impl/limits_detail.h
-- Installing: /home/czz/nvblox_ws/install/nvblox/include/stdgpu/impl/functional_detail.h
-- Installing: /home/czz/nvblox_ws/install/nvblox/include/stdgpu/impl/atomic_detail.cuh
-- Installing: /home/czz/nvblox_ws/install/nvblox/include/stdgpu/impl/deque_detail.cuh
-- Installing: /home/czz/nvblox_ws/install/nvblox/include/stdgpu/impl/utility_detail.h
-- Installing: /home/czz/nvblox_ws/install/nvblox/include/stdgpu/impl/bitset_detail.cuh
-- Installing: /home/czz/nvblox_ws/install/nvblox/include/stdgpu/impl/type_traits_detail.h
-- Installing: /home/czz/nvblox_ws/install/nvblox/include/stdgpu/impl/iterator_detail.h
-- Installing: /home/czz/nvblox_ws/install/nvblox/include/stdgpu/impl/mutex_detail.cuh
-- Installing: /home/czz/nvblox_ws/install/nvblox/include/stdgpu/impl/preprocessor.h
-- Installing: /home/czz/nvblox_ws/install/nvblox/include/stdgpu/impl/platform_check.h
-- Installing: /home/czz/nvblox_ws/install/nvblox/include/stdgpu/impl/memory_detail.h
-- Installing: /home/czz/nvblox_ws/install/nvblox/include/stdgpu/impl/queue_detail.cuh
-- Installing: /home/czz/nvblox_ws/install/nvblox/include/stdgpu/impl/algorithm_detail.h
-- Installing: /home/czz/nvblox_ws/install/nvblox/include/stdgpu/impl/unordered_map_detail.cuh
-- Installing: /home/czz/nvblox_ws/install/nvblox/include/stdgpu/impl/numeric_detail.h
-- Installing: /home/czz/nvblox_ws/install/nvblox/include/stdgpu/impl/stack_detail.cuh
-- Installing: /home/czz/nvblox_ws/install/nvblox/include/stdgpu/impl/unordered_base.cuh
-- Installing: /home/czz/nvblox_ws/install/nvblox/include/stdgpu/impl/unordered_set_detail.cuh
-- Installing: /home/czz/nvblox_ws/install/nvblox/include/stdgpu/impl/unordered_base_detail.cuh
-- Installing: /home/czz/nvblox_ws/install/nvblox/include/stdgpu/memory.h
-- Up-to-date: /home/czz/nvblox_ws/install/nvblox/include
-- Up-to-date: /home/czz/nvblox_ws/install/nvblox/include/stdgpu
-- Installing: /home/czz/nvblox_ws/install/nvblox/include/stdgpu/config.h
-- Installing: /home/czz/nvblox_ws/install/nvblox/lib/cmake/stdgpu/stdgpu-dependencies.cmake
-- Installing: /home/czz/nvblox_ws/install/nvblox/lib/cmake/stdgpu/Findthrust.cmake
-- Installing: /home/czz/nvblox_ws/install/nvblox/lib/cmake/stdgpu/cuda/determine_thrust_paths.cmake
-- Installing: /home/czz/nvblox_ws/install/nvblox/lib/cmake/stdgpu/stdgpu-targets.cmake
-- Installing: /home/czz/nvblox_ws/install/nvblox/lib/cmake/stdgpu/stdgpu-targets-release.cmake
-- Installing: /home/czz/nvblox_ws/install/nvblox/lib/cmake/stdgpu/stdgpu-config.cmake
-- Installing: /home/czz/nvblox_ws/install/nvblox/lib/cmake/stdgpu/stdgpu-config-version.cmake
-- Installing: /home/czz/nvblox_ws/install/nvblox/lib/libglog.a
-- Installing: /home/czz/nvblox_ws/install/nvblox/include/glog/export.h
-- Installing: /home/czz/nvblox_ws/install/nvblox/include/glog/logging.h
-- Installing: /home/czz/nvblox_ws/install/nvblox/include/glog/raw_logging.h
-- Installing: /home/czz/nvblox_ws/install/nvblox/include/glog/stl_logging.h
-- Installing: /home/czz/nvblox_ws/install/nvblox/include/glog/vlog_is_on.h
-- Installing: /home/czz/nvblox_ws/install/nvblox/include/glog/log_severity.h
-- Installing: /home/czz/nvblox_ws/install/nvblox/lib/pkgconfig/libglog.pc
-- Installing: /home/czz/nvblox_ws/install/nvblox/lib/cmake/glog/glog-modules.cmake
-- Installing: /home/czz/nvblox_ws/install/nvblox/lib/cmake/glog/glog-config.cmake
-- Installing: /home/czz/nvblox_ws/install/nvblox/lib/cmake/glog/glog-config-version.cmake
-- Installing: /home/czz/nvblox_ws/install/nvblox/share/glog/cmake
-- Installing: /home/czz/nvblox_ws/install/nvblox/share/glog/cmake/FindUnwind.cmake
-- Installing: /home/czz/nvblox_ws/install/nvblox/lib/cmake/glog/glog-targets.cmake
-- Installing: /home/czz/nvblox_ws/install/nvblox/lib/cmake/glog/glog-targets-release.cmake
-- Up-to-date: /home/czz/nvblox_ws/install/nvblox/include
-- Installing: /home/czz/nvblox_ws/install/nvblox/include/gmock
-- Installing: /home/czz/nvblox_ws/install/nvblox/include/gmock/gmock-cardinalities.h
-- Installing: /home/czz/nvblox_ws/install/nvblox/include/gmock/internal
-- Installing: /home/czz/nvblox_ws/install/nvblox/include/gmock/internal/custom
-- Installing: /home/czz/nvblox_ws/install/nvblox/include/gmock/internal/custom/gmock-port.h
-- Installing: /home/czz/nvblox_ws/install/nvblox/include/gmock/internal/custom/gmock-matchers.h
-- Installing: /home/czz/nvblox_ws/install/nvblox/include/gmock/internal/custom/README.md
-- Installing: /home/czz/nvblox_ws/install/nvblox/include/gmock/internal/custom/gmock-generated-actions.h
-- Installing: /home/czz/nvblox_ws/install/nvblox/include/gmock/internal/gmock-port.h
-- Installing: /home/czz/nvblox_ws/install/nvblox/include/gmock/internal/gmock-internal-utils.h
-- Installing: /home/czz/nvblox_ws/install/nvblox/include/gmock/internal/gmock-pp.h
-- Installing: /home/czz/nvblox_ws/install/nvblox/include/gmock/gmock-spec-builders.h
-- Installing: /home/czz/nvblox_ws/install/nvblox/include/gmock/gmock-more-matchers.h
-- Installing: /home/czz/nvblox_ws/install/nvblox/include/gmock/gmock-actions.h
-- Installing: /home/czz/nvblox_ws/install/nvblox/include/gmock/gmock.h
-- Installing: /home/czz/nvblox_ws/install/nvblox/include/gmock/gmock-matchers.h
-- Installing: /home/czz/nvblox_ws/install/nvblox/include/gmock/gmock-nice-strict.h
-- Installing: /home/czz/nvblox_ws/install/nvblox/include/gmock/gmock-more-actions.h
-- Installing: /home/czz/nvblox_ws/install/nvblox/include/gmock/gmock-function-mocker.h
-- Installing: /home/czz/nvblox_ws/install/nvblox/lib/libgmock.a
-- Installing: /home/czz/nvblox_ws/install/nvblox/lib/libgmock_main.a
-- Installing: /home/czz/nvblox_ws/install/nvblox/lib/pkgconfig/gmock.pc
-- Installing: /home/czz/nvblox_ws/install/nvblox/lib/pkgconfig/gmock_main.pc
-- Installing: /home/czz/nvblox_ws/install/nvblox/lib/cmake/GTest/GTestTargets.cmake
-- Installing: /home/czz/nvblox_ws/install/nvblox/lib/cmake/GTest/GTestTargets-release.cmake
-- Installing: /home/czz/nvblox_ws/install/nvblox/lib/cmake/GTest/GTestConfigVersion.cmake
-- Installing: /home/czz/nvblox_ws/install/nvblox/lib/cmake/GTest/GTestConfig.cmake
-- Up-to-date: /home/czz/nvblox_ws/install/nvblox/include
-- Installing: /home/czz/nvblox_ws/install/nvblox/include/gtest
-- Installing: /home/czz/nvblox_ws/install/nvblox/include/gtest/gtest_prod.h
-- Installing: /home/czz/nvblox_ws/install/nvblox/include/gtest/gtest-message.h
-- Installing: /home/czz/nvblox_ws/install/nvblox/include/gtest/gtest-typed-test.h
-- Installing: /home/czz/nvblox_ws/install/nvblox/include/gtest/gtest-param-test.h
-- Installing: /home/czz/nvblox_ws/install/nvblox/include/gtest/gtest-printers.h
-- Installing: /home/czz/nvblox_ws/install/nvblox/include/gtest/gtest-assertion-result.h
-- Installing: /home/czz/nvblox_ws/install/nvblox/include/gtest/gtest.h
-- Installing: /home/czz/nvblox_ws/install/nvblox/include/gtest/gtest-test-part.h
-- Installing: /home/czz/nvblox_ws/install/nvblox/include/gtest/internal
-- Installing: /home/czz/nvblox_ws/install/nvblox/include/gtest/internal/gtest-port-arch.h
-- Installing: /home/czz/nvblox_ws/install/nvblox/include/gtest/internal/custom
-- Installing: /home/czz/nvblox_ws/install/nvblox/include/gtest/internal/custom/gtest-printers.h
-- Installing: /home/czz/nvblox_ws/install/nvblox/include/gtest/internal/custom/gtest.h
-- Installing: /home/czz/nvblox_ws/install/nvblox/include/gtest/internal/custom/gtest-port.h
-- Installing: /home/czz/nvblox_ws/install/nvblox/include/gtest/internal/custom/README.md
-- Installing: /home/czz/nvblox_ws/install/nvblox/include/gtest/internal/gtest-internal.h
-- Installing: /home/czz/nvblox_ws/install/nvblox/include/gtest/internal/gtest-death-test-internal.h
-- Installing: /home/czz/nvblox_ws/install/nvblox/include/gtest/internal/gtest-type-util.h
-- Installing: /home/czz/nvblox_ws/install/nvblox/include/gtest/internal/gtest-param-util.h
-- Installing: /home/czz/nvblox_ws/install/nvblox/include/gtest/internal/gtest-port.h
-- Installing: /home/czz/nvblox_ws/install/nvblox/include/gtest/internal/gtest-filepath.h
-- Installing: /home/czz/nvblox_ws/install/nvblox/include/gtest/internal/gtest-string.h
-- Installing: /home/czz/nvblox_ws/install/nvblox/include/gtest/gtest-death-test.h
-- Installing: /home/czz/nvblox_ws/install/nvblox/include/gtest/gtest-matchers.h
-- Installing: /home/czz/nvblox_ws/install/nvblox/include/gtest/gtest-spi.h
-- Installing: /home/czz/nvblox_ws/install/nvblox/include/gtest/gtest_pred_impl.h
-- Installing: /home/czz/nvblox_ws/install/nvblox/lib/libgtest.a
-- Installing: /home/czz/nvblox_ws/install/nvblox/lib/libgtest_main.a
-- Installing: /home/czz/nvblox_ws/install/nvblox/lib/pkgconfig/gtest.pc
-- Installing: /home/czz/nvblox_ws/install/nvblox/lib/pkgconfig/gtest_main.pc
-- Installing: /home/czz/nvblox_ws/install/nvblox/lib/libbenchmark.a
-- Installing: /home/czz/nvblox_ws/install/nvblox/lib/libbenchmark_main.a
-- Installing: /home/czz/nvblox_ws/install/nvblox/include/benchmark
-- Installing: /home/czz/nvblox_ws/install/nvblox/include/benchmark/benchmark.h
-- Installing: /home/czz/nvblox_ws/install/nvblox/include/benchmark/export.h
-- Installing: /home/czz/nvblox_ws/install/nvblox/lib/cmake/benchmark/benchmarkConfig.cmake
-- Installing: /home/czz/nvblox_ws/install/nvblox/lib/cmake/benchmark/benchmarkConfigVersion.cmake
-- Installing: /home/czz/nvblox_ws/install/nvblox/lib/pkgconfig/benchmark.pc
-- Installing: /home/czz/nvblox_ws/install/nvblox/lib/pkgconfig/benchmark_main.pc
-- Installing: /home/czz/nvblox_ws/install/nvblox/lib/cmake/benchmark/benchmarkTargets.cmake
-- Installing: /home/czz/nvblox_ws/install/nvblox/lib/cmake/benchmark/benchmarkTargets-release.cmake
-- Installing: /home/czz/nvblox_ws/install/nvblox/share/doc/benchmark
-- Installing: /home/czz/nvblox_ws/install/nvblox/share/doc/benchmark/tools.md
-- Installing: /home/czz/nvblox_ws/install/nvblox/share/doc/benchmark/_config.yml
-- Installing: /home/czz/nvblox_ws/install/nvblox/share/doc/benchmark/index.md
-- Installing: /home/czz/nvblox_ws/install/nvblox/share/doc/benchmark/releasing.md
-- Installing: /home/czz/nvblox_ws/install/nvblox/share/doc/benchmark/random_interleaving.md
-- Installing: /home/czz/nvblox_ws/install/nvblox/share/doc/benchmark/user_guide.md
-- Installing: /home/czz/nvblox_ws/install/nvblox/share/doc/benchmark/reducing_variance.md
-- Installing: /home/czz/nvblox_ws/install/nvblox/share/doc/benchmark/AssemblyTests.md
-- Installing: /home/czz/nvblox_ws/install/nvblox/share/doc/benchmark/python_bindings.md
-- Installing: /home/czz/nvblox_ws/install/nvblox/share/doc/benchmark/platform_specific_build_instructions.md
-- Installing: /home/czz/nvblox_ws/install/nvblox/share/doc/benchmark/assets
-- Installing: /home/czz/nvblox_ws/install/nvblox/share/doc/benchmark/assets/images
-- Installing: /home/czz/nvblox_ws/install/nvblox/share/doc/benchmark/assets/images/icon_black.png
-- Installing: /home/czz/nvblox_ws/install/nvblox/share/doc/benchmark/assets/images/icon_black.xcf
-- Installing: /home/czz/nvblox_ws/install/nvblox/share/doc/benchmark/assets/images/icon.png
-- Installing: /home/czz/nvblox_ws/install/nvblox/share/doc/benchmark/assets/images/icon.xcf
-- Installing: /home/czz/nvblox_ws/install/nvblox/share/doc/benchmark/perf_counters.md
-- Installing: /home/czz/nvblox_ws/install/nvblox/share/doc/benchmark/dependencies.md
-- Installing: /home/czz/nvblox_ws/install/nvblox/lib/libnvblox_lib.so
-- Set runtime path of "/home/czz/nvblox_ws/install/nvblox/lib/libnvblox_lib.so" to ""
-- Installing: /home/czz/nvblox_ws/install/nvblox/lib/libnvblox_datasets.so
-- Set runtime path of "/home/czz/nvblox_ws/install/nvblox/lib/libnvblox_datasets.so" to ""
-- Installing: /home/czz/nvblox_ws/install/nvblox/bin/nvblox/fuse_3dmatch
-- Set runtime path of "/home/czz/nvblox_ws/install/nvblox/bin/nvblox/fuse_3dmatch" to ""
-- Installing: /home/czz/nvblox_ws/install/nvblox/bin/nvblox/fuse_replica
-- Set runtime path of "/home/czz/nvblox_ws/install/nvblox/bin/nvblox/fuse_replica" to ""
-- Up-to-date: /home/czz/nvblox_ws/install/nvblox/include
-- Installing: /home/czz/nvblox_ws/install/nvblox/include/nvblox
-- Installing: /home/czz/nvblox_ws/install/nvblox/include/nvblox/core
-- Installing: /home/czz/nvblox_ws/install/nvblox/include/nvblox/core/hash.h
-- Installing: /home/czz/nvblox_ws/install/nvblox/include/nvblox/core/traits.h
-- Installing: /home/czz/nvblox_ws/install/nvblox/include/nvblox/core/types.h
-- Installing: /home/czz/nvblox_ws/install/nvblox/include/nvblox/core/bitmask.h
-- Installing: /home/czz/nvblox_ws/install/nvblox/include/nvblox/core/time.h
-- Installing: /home/czz/nvblox_ws/install/nvblox/include/nvblox/core/unified_vector.h
-- Installing: /home/czz/nvblox_ws/install/nvblox/include/nvblox/core/variadic_template_tools.h
-- Installing: /home/czz/nvblox_ws/install/nvblox/include/nvblox/core/log_odds.h
-- Installing: /home/czz/nvblox_ws/install/nvblox/include/nvblox/core/color.h
-- Installing: /home/czz/nvblox_ws/install/nvblox/include/nvblox/core/internal
-- Installing: /home/czz/nvblox_ws/install/nvblox/include/nvblox/core/internal/cuda
-- Installing: /home/czz/nvblox_ws/install/nvblox/include/nvblox/core/internal/cuda/device_function_utils.cuh
-- Installing: /home/czz/nvblox_ws/install/nvblox/include/nvblox/core/internal/cuda/atomic_float.cuh
-- Installing: /home/czz/nvblox_ws/install/nvblox/include/nvblox/core/internal/cuda/impl
-- Installing: /home/czz/nvblox_ws/install/nvblox/include/nvblox/core/internal/cuda/impl/device_function_utils_impl.cuh
-- Installing: /home/czz/nvblox_ws/install/nvblox/include/nvblox/core/internal/cuda/impl/atomic_float_impl.cuh
-- Installing: /home/czz/nvblox_ws/install/nvblox/include/nvblox/core/internal/error_check.h
-- Installing: /home/czz/nvblox_ws/install/nvblox/include/nvblox/core/internal/warmup_cuda.h
-- Installing: /home/czz/nvblox_ws/install/nvblox/include/nvblox/core/internal/impl
-- Installing: /home/czz/nvblox_ws/install/nvblox/include/nvblox/core/internal/impl/bitmask_impl.h
-- Installing: /home/czz/nvblox_ws/install/nvblox/include/nvblox/core/internal/impl/unified_vector_impl.h
-- Installing: /home/czz/nvblox_ws/install/nvblox/include/nvblox/core/internal/impl/indexing_impl.h
-- Installing: /home/czz/nvblox_ws/install/nvblox/include/nvblox/core/internal/impl/unified_ptr_impl.h
-- Installing: /home/czz/nvblox_ws/install/nvblox/include/nvblox/core/internal/impl/variadic_template_tools_impl.h
-- Installing: /home/czz/nvblox_ws/install/nvblox/include/nvblox/core/unified_ptr.h
-- Installing: /home/czz/nvblox_ws/install/nvblox/include/nvblox/core/parameter_tree.h
-- Installing: /home/czz/nvblox_ws/install/nvblox/include/nvblox/core/iterator.h
-- Installing: /home/czz/nvblox_ws/install/nvblox/include/nvblox/core/cuda_stream.h
-- Installing: /home/czz/nvblox_ws/install/nvblox/include/nvblox/core/indexing.h
-- Installing: /home/czz/nvblox_ws/install/nvblox/include/nvblox/core/array.h
-- Installing: /home/czz/nvblox_ws/install/nvblox/include/nvblox/core/cuda.h
-- Installing: /home/czz/nvblox_ws/install/nvblox/include/nvblox/core/feature_array.h
-- Installing: /home/czz/nvblox_ws/install/nvblox/include/nvblox/interpolation
-- Installing: /home/czz/nvblox_ws/install/nvblox/include/nvblox/interpolation/interpolation_2d.h
-- Installing: /home/czz/nvblox_ws/install/nvblox/include/nvblox/interpolation/interpolation_3d.h
-- Installing: /home/czz/nvblox_ws/install/nvblox/include/nvblox/interpolation/internal
-- Installing: /home/czz/nvblox_ws/install/nvblox/include/nvblox/interpolation/internal/impl
-- Installing: /home/czz/nvblox_ws/install/nvblox/include/nvblox/interpolation/internal/impl/interpolation_3d_impl.h
-- Installing: /home/czz/nvblox_ws/install/nvblox/include/nvblox/interpolation/internal/impl/interpolation_2d_impl.h
-- Installing: /home/czz/nvblox_ws/install/nvblox/include/nvblox/map_saving
-- Installing: /home/czz/nvblox_ws/install/nvblox/include/nvblox/map_saving/internal
-- Installing: /home/czz/nvblox_ws/install/nvblox/include/nvblox/map_saving/internal/block_serialization.h
-- Installing: /home/czz/nvblox_ws/install/nvblox/include/nvblox/map_saving/internal/layer_type_register.h
-- Installing: /home/czz/nvblox_ws/install/nvblox/include/nvblox/map_saving/internal/common_types.h
-- Installing: /home/czz/nvblox_ws/install/nvblox/include/nvblox/map_saving/internal/sqlite_database.h
-- Installing: /home/czz/nvblox_ws/install/nvblox/include/nvblox/map_saving/internal/serializer.h
-- Installing: /home/czz/nvblox_ws/install/nvblox/include/nvblox/map_saving/internal/layer_serialization.h
-- Installing: /home/czz/nvblox_ws/install/nvblox/include/nvblox/map_saving/internal/impl
-- Installing: /home/czz/nvblox_ws/install/nvblox/include/nvblox/map_saving/internal/impl/common_types_impl.h
-- Installing: /home/czz/nvblox_ws/install/nvblox/include/nvblox/map_saving/internal/impl/block_serialization_impl.h
-- Installing: /home/czz/nvblox_ws/install/nvblox/include/nvblox/map_saving/internal/impl/layer_serialization_impl.h
-- Installing: /home/czz/nvblox_ws/install/nvblox/include/nvblox/semantics
-- Installing: /home/czz/nvblox_ws/install/nvblox/include/nvblox/semantics/mask_from_detections.h
-- Installing: /home/czz/nvblox_ws/install/nvblox/include/nvblox/semantics/image_masker.h
-- Installing: /home/czz/nvblox_ws/install/nvblox/include/nvblox/semantics/internal
-- Installing: /home/czz/nvblox_ws/install/nvblox/include/nvblox/semantics/internal/cuda
-- Installing: /home/czz/nvblox_ws/install/nvblox/include/nvblox/semantics/internal/cuda/impl
-- Installing: /home/czz/nvblox_ws/install/nvblox/include/nvblox/semantics/internal/cuda/impl/image_projector_impl.cuh
-- Installing: /home/czz/nvblox_ws/install/nvblox/include/nvblox/semantics/image_projector.h
-- Installing: /home/czz/nvblox_ws/install/nvblox/include/nvblox/primitives
-- Installing: /home/czz/nvblox_ws/install/nvblox/include/nvblox/primitives/primitives.h
-- Installing: /home/czz/nvblox_ws/install/nvblox/include/nvblox/primitives/internal
-- Installing: /home/czz/nvblox_ws/install/nvblox/include/nvblox/primitives/internal/impl
-- Installing: /home/czz/nvblox_ws/install/nvblox/include/nvblox/primitives/internal/impl/scene_impl.h
-- Installing: /home/czz/nvblox_ws/install/nvblox/include/nvblox/primitives/scene.h
-- Installing: /home/czz/nvblox_ws/install/nvblox/include/nvblox/mesh
-- Installing: /home/czz/nvblox_ws/install/nvblox/include/nvblox/mesh/mesh.h
-- Installing: /home/czz/nvblox_ws/install/nvblox/include/nvblox/mesh/internal
-- Installing: /home/czz/nvblox_ws/install/nvblox/include/nvblox/mesh/internal/cuda
-- Installing: /home/czz/nvblox_ws/install/nvblox/include/nvblox/mesh/internal/cuda/marching_cubes.cuh
-- Installing: /home/czz/nvblox_ws/install/nvblox/include/nvblox/mesh/internal/marching_cubes.h
-- Installing: /home/czz/nvblox_ws/install/nvblox/include/nvblox/mesh/internal/impl
-- Installing: /home/czz/nvblox_ws/install/nvblox/include/nvblox/mesh/internal/impl/marching_cubes_impl.h
-- Installing: /home/czz/nvblox_ws/install/nvblox/include/nvblox/mesh/internal/impl/cuda
-- Installing: /home/czz/nvblox_ws/install/nvblox/include/nvblox/mesh/internal/impl/cuda/marching_cubes_impl.cuh
-- Installing: /home/czz/nvblox_ws/install/nvblox/include/nvblox/mesh/internal/impl/marching_cubes_table.h
-- Installing: /home/czz/nvblox_ws/install/nvblox/include/nvblox/mesh/mesh_block.h
-- Installing: /home/czz/nvblox_ws/install/nvblox/include/nvblox/mesh/mesh_integrator_params.h
-- Installing: /home/czz/nvblox_ws/install/nvblox/include/nvblox/mesh/mesh_integrator.h
-- Installing: /home/czz/nvblox_ws/install/nvblox/include/nvblox/gpu_hash
-- Installing: /home/czz/nvblox_ws/install/nvblox/include/nvblox/gpu_hash/internal
-- Installing: /home/czz/nvblox_ws/install/nvblox/include/nvblox/gpu_hash/internal/cuda
-- Installing: /home/czz/nvblox_ws/install/nvblox/include/nvblox/gpu_hash/internal/cuda/gpu_hash_interface.cuh
-- Installing: /home/czz/nvblox_ws/install/nvblox/include/nvblox/gpu_hash/internal/cuda/gpu_indexing.cuh
-- Installing: /home/czz/nvblox_ws/install/nvblox/include/nvblox/gpu_hash/internal/cuda/impl
-- Installing: /home/czz/nvblox_ws/install/nvblox/include/nvblox/gpu_hash/internal/cuda/impl/gpu_hash_interface_impl.cuh
-- Installing: /home/czz/nvblox_ws/install/nvblox/include/nvblox/gpu_hash/internal/cuda/impl/gpu_layer_view_impl.cuh
-- Installing: /home/czz/nvblox_ws/install/nvblox/include/nvblox/gpu_hash/gpu_layer_view.h
-- Installing: /home/czz/nvblox_ws/install/nvblox/include/nvblox/sensors
-- Installing: /home/czz/nvblox_ws/install/nvblox/include/nvblox/sensors/image.h
-- Installing: /home/czz/nvblox_ws/install/nvblox/include/nvblox/sensors/lidar.h
-- Installing: /home/czz/nvblox_ws/install/nvblox/include/nvblox/sensors/sensor.h
-- Installing: /home/czz/nvblox_ws/install/nvblox/include/nvblox/sensors/type_indexed_store.h
-- Installing: /home/czz/nvblox_ws/install/nvblox/include/nvblox/sensors/internal
-- Installing: /home/czz/nvblox_ws/install/nvblox/include/nvblox/sensors/internal/cuda
-- Installing: /home/czz/nvblox_ws/install/nvblox/include/nvblox/sensors/internal/cuda/impl
-- Installing: /home/czz/nvblox_ws/install/nvblox/include/nvblox/sensors/internal/cuda/impl/pointcloud_to_depth_conversion_impl.cuh
-- Installing: /home/czz/nvblox_ws/install/nvblox/include/nvblox/sensors/internal/image_cache.h
-- Installing: /home/czz/nvblox_ws/install/nvblox/include/nvblox/sensors/internal/impl
-- Installing: /home/czz/nvblox_ws/install/nvblox/include/nvblox/sensors/internal/impl/camera_impl.h
-- Installing: /home/czz/nvblox_ws/install/nvblox/include/nvblox/sensors/internal/impl/distortion_impl.h
-- Installing: /home/czz/nvblox_ws/install/nvblox/include/nvblox/sensors/internal/impl/image_cache_impl.h
-- Installing: /home/czz/nvblox_ws/install/nvblox/include/nvblox/sensors/internal/impl/image_impl.h
-- Installing: /home/czz/nvblox_ws/install/nvblox/include/nvblox/sensors/internal/impl/lidar_impl.h
-- Installing: /home/czz/nvblox_ws/install/nvblox/include/nvblox/sensors/internal/impl/image_cuda_impl.h
-- Installing: /home/czz/nvblox_ws/install/nvblox/include/nvblox/sensors/internal/impl/type_indexed_store_impl.h
-- Installing: /home/czz/nvblox_ws/install/nvblox/include/nvblox/sensors/camera.h
-- Installing: /home/czz/nvblox_ws/install/nvblox/include/nvblox/sensors/mask_preprocessor.h
-- Installing: /home/czz/nvblox_ws/install/nvblox/include/nvblox/sensors/depth_preprocessing.h
-- Installing: /home/czz/nvblox_ws/install/nvblox/include/nvblox/sensors/distortion.h
-- Installing: /home/czz/nvblox_ws/install/nvblox/include/nvblox/sensors/npp_image_operations.h
-- Installing: /home/czz/nvblox_ws/install/nvblox/include/nvblox/sensors/pointcloud_to_depth_conversion.h
-- Installing: /home/czz/nvblox_ws/install/nvblox/include/nvblox/sensors/pointcloud.h
-- Installing: /home/czz/nvblox_ws/install/nvblox/include/nvblox/integrators
-- Installing: /home/czz/nvblox_ws/install/nvblox/include/nvblox/integrators/weighting_function.h
-- Installing: /home/czz/nvblox_ws/install/nvblox/include/nvblox/integrators/esdf_integrator_params.h
-- Installing: /home/czz/nvblox_ws/install/nvblox/include/nvblox/integrators/projective_appearance_integrator.h
-- Installing: /home/czz/nvblox_ws/install/nvblox/include/nvblox/integrators/shape_clearer.h
-- Installing: /home/czz/nvblox_ws/install/nvblox/include/nvblox/integrators/occupancy_integrator_params.h
-- Installing: /home/czz/nvblox_ws/install/nvblox/include/nvblox/integrators/tsdf_decay_integrator.h
-- Installing: /home/czz/nvblox_ws/install/nvblox/include/nvblox/integrators/freespace_integrator.h
-- Installing: /home/czz/nvblox_ws/install/nvblox/include/nvblox/integrators/view_calculator.h
-- Installing: /home/czz/nvblox_ws/install/nvblox/include/nvblox/integrators/internal
-- Installing: /home/czz/nvblox_ws/install/nvblox/include/nvblox/integrators/internal/integrators_common.h
-- Installing: /home/czz/nvblox_ws/install/nvblox/include/nvblox/integrators/internal/decayer.h
-- Installing: /home/czz/nvblox_ws/install/nvblox/include/nvblox/integrators/internal/cuda
-- Installing: /home/czz/nvblox_ws/install/nvblox/include/nvblox/integrators/internal/cuda/projective_integrators_common.cuh
-- Installing: /home/czz/nvblox_ws/install/nvblox/include/nvblox/integrators/internal/cuda/esdf_integrator_slicing.cuh
-- Installing: /home/czz/nvblox_ws/install/nvblox/include/nvblox/integrators/internal/cuda/impl
-- Installing: /home/czz/nvblox_ws/install/nvblox/include/nvblox/integrators/internal/cuda/impl/projective_integrator_impl.cuh
-- Installing: /home/czz/nvblox_ws/install/nvblox/include/nvblox/integrators/internal/cuda/impl/decayer_impl.cuh
-- Installing: /home/czz/nvblox_ws/install/nvblox/include/nvblox/integrators/internal/cuda/impl/tsdf_decay_integrator_impl.cuh
-- Installing: /home/czz/nvblox_ws/install/nvblox/include/nvblox/integrators/internal/cuda/impl/occupancy_decay_integrator_impl.cuh
-- Installing: /home/czz/nvblox_ws/install/nvblox/include/nvblox/integrators/internal/cuda/impl/projective_occupancy_integrator_impl.cuh
-- Installing: /home/czz/nvblox_ws/install/nvblox/include/nvblox/integrators/internal/cuda/impl/view_calculator_impl.cuh
-- Installing: /home/czz/nvblox_ws/install/nvblox/include/nvblox/integrators/internal/cuda/impl/projective_integrators_common_impl.cuh
-- Installing: /home/czz/nvblox_ws/install/nvblox/include/nvblox/integrators/internal/cuda/impl/shape_clearer_impl.cuh
-- Installing: /home/czz/nvblox_ws/install/nvblox/include/nvblox/integrators/internal/cuda/impl/esdf_integrator_slicing_impl.cuh
-- Installing: /home/czz/nvblox_ws/install/nvblox/include/nvblox/integrators/internal/cuda/impl/projective_tsdf_integrator_impl.cuh
-- Installing: /home/czz/nvblox_ws/install/nvblox/include/nvblox/integrators/internal/cuda/impl/freespace_integrator_impl.cuh
-- Installing: /home/czz/nvblox_ws/install/nvblox/include/nvblox/integrators/internal/instantiate_sensor.cuh
-- Installing: /home/czz/nvblox_ws/install/nvblox/include/nvblox/integrators/internal/decay_integrator_base_params.h
-- Installing: /home/czz/nvblox_ws/install/nvblox/include/nvblox/integrators/internal/decay_integrator_base.h
-- Installing: /home/czz/nvblox_ws/install/nvblox/include/nvblox/integrators/internal/impl
-- Installing: /home/czz/nvblox_ws/install/nvblox/include/nvblox/integrators/internal/impl/weighting_function_impl.h
-- Installing: /home/czz/nvblox_ws/install/nvblox/include/nvblox/integrators/internal/impl/integrators_common_impl.h
-- Installing: /home/czz/nvblox_ws/install/nvblox/include/nvblox/integrators/internal/impl/decay_integrator_impl.h
-- Installing: /home/czz/nvblox_ws/install/nvblox/include/nvblox/integrators/internal/impl/projective_integrator_impl.h
-- Installing: /home/czz/nvblox_ws/install/nvblox/include/nvblox/integrators/internal/impl/view_calculator_impl.h
-- Installing: /home/czz/nvblox_ws/install/nvblox/include/nvblox/integrators/internal/projective_integrator.h
-- Installing: /home/czz/nvblox_ws/install/nvblox/include/nvblox/integrators/esdf_integrator.h
-- Installing: /home/czz/nvblox_ws/install/nvblox/include/nvblox/integrators/projective_occupancy_integrator.h
-- Installing: /home/czz/nvblox_ws/install/nvblox/include/nvblox/integrators/projective_tsdf_integrator.h
-- Installing: /home/czz/nvblox_ws/install/nvblox/include/nvblox/integrators/occupancy_decay_integrator.h
-- Installing: /home/czz/nvblox_ws/install/nvblox/include/nvblox/integrators/tsdf_decay_integrator_params.h
-- Installing: /home/czz/nvblox_ws/install/nvblox/include/nvblox/integrators/projective_integrator_params.h
-- Installing: /home/czz/nvblox_ws/install/nvblox/include/nvblox/integrators/occupancy_decay_integrator_params.h
-- Installing: /home/czz/nvblox_ws/install/nvblox/include/nvblox/integrators/esdf_slicer.h
-- Installing: /home/czz/nvblox_ws/install/nvblox/include/nvblox/integrators/depth_observation_space.h
-- Installing: /home/czz/nvblox_ws/install/nvblox/include/nvblox/integrators/occupancy_conversions.h
-- Installing: /home/czz/nvblox_ws/install/nvblox/include/nvblox/integrators/view_calculator_params.h
-- Installing: /home/czz/nvblox_ws/install/nvblox/include/nvblox/integrators/freespace_integrator_params.h
-- Installing: /home/czz/nvblox_ws/install/nvblox/include/nvblox/experimental
-- Installing: /home/czz/nvblox_ws/install/nvblox/include/nvblox/experimental/ground_plane
-- Installing: /home/czz/nvblox_ws/install/nvblox/include/nvblox/experimental/ground_plane/ransac_plane_fitter.h
-- Installing: /home/czz/nvblox_ws/install/nvblox/include/nvblox/experimental/ground_plane/tsdf_zero_crossings_extractor.h
-- Installing: /home/czz/nvblox_ws/install/nvblox/include/nvblox/experimental/ground_plane/ground_plane_estimator.h
-- Installing: /home/czz/nvblox_ws/install/nvblox/include/nvblox/experimental/ground_plane/ransac_plane_fitter_cpu.h
-- Installing: /home/czz/nvblox_ws/install/nvblox/include/nvblox/experimental/ground_plane/ground_plane_estimator_params.h
-- Installing: /home/czz/nvblox_ws/install/nvblox/include/nvblox/experimental/ground_plane/ransac_plane_fitter_params.h
-- Installing: /home/czz/nvblox_ws/install/nvblox/include/nvblox/map
-- Installing: /home/czz/nvblox_ws/install/nvblox/include/nvblox/map/blox.h
-- Installing: /home/czz/nvblox_ws/install/nvblox/include/nvblox/map/blocks_to_update_tracker.h
-- Installing: /home/czz/nvblox_ws/install/nvblox/include/nvblox/map/voxels.h
-- Installing: /home/czz/nvblox_ws/install/nvblox/include/nvblox/map/layer.h
-- Installing: /home/czz/nvblox_ws/install/nvblox/include/nvblox/map/internal
-- Installing: /home/czz/nvblox_ws/install/nvblox/include/nvblox/map/internal/cuda
-- Installing: /home/czz/nvblox_ws/install/nvblox/include/nvblox/map/internal/cuda/layer_to_3d_grid.cuh
-- Installing: /home/czz/nvblox_ws/install/nvblox/include/nvblox/map/internal/cuda/impl
-- Installing: /home/czz/nvblox_ws/install/nvblox/include/nvblox/map/internal/cuda/impl/layer_impl.cuh
-- Installing: /home/czz/nvblox_ws/install/nvblox/include/nvblox/map/internal/cuda/impl/layer_to_3d_grid_impl.cuh
-- Installing: /home/czz/nvblox_ws/install/nvblox/include/nvblox/map/internal/block_memory_pool.h
-- Installing: /home/czz/nvblox_ws/install/nvblox/include/nvblox/map/internal/block_memory_pool_params.h
-- Installing: /home/czz/nvblox_ws/install/nvblox/include/nvblox/map/internal/impl
-- Installing: /home/czz/nvblox_ws/install/nvblox/include/nvblox/map/internal/impl/layer_cake_impl.h
-- Installing: /home/czz/nvblox_ws/install/nvblox/include/nvblox/map/internal/impl/block_memory_pool_impl.h
-- Installing: /home/czz/nvblox_ws/install/nvblox/include/nvblox/map/internal/impl/blox_impl.h
-- Installing: /home/czz/nvblox_ws/install/nvblox/include/nvblox/map/internal/impl/accessors_impl.h
-- Installing: /home/czz/nvblox_ws/install/nvblox/include/nvblox/map/internal/impl/unified_3d_grid_impl.h
-- Installing: /home/czz/nvblox_ws/install/nvblox/include/nvblox/map/internal/impl/layer_impl.h
-- Installing: /home/czz/nvblox_ws/install/nvblox/include/nvblox/map/common_names.h
-- Installing: /home/czz/nvblox_ws/install/nvblox/include/nvblox/map/unified_3d_grid.h
-- Installing: /home/czz/nvblox_ws/install/nvblox/include/nvblox/map/layer_cake.h
-- Installing: /home/czz/nvblox_ws/install/nvblox/include/nvblox/map/accessors.h
-- Installing: /home/czz/nvblox_ws/install/nvblox/include/nvblox/map/voxel_iterator.h
-- Installing: /home/czz/nvblox_ws/install/nvblox/include/nvblox/dynamics
-- Installing: /home/czz/nvblox_ws/install/nvblox/include/nvblox/dynamics/dynamics_detection.h
-- Installing: /home/czz/nvblox_ws/install/nvblox/include/nvblox/dynamics/internal
-- Installing: /home/czz/nvblox_ws/install/nvblox/include/nvblox/dynamics/internal/cuda
-- Installing: /home/czz/nvblox_ws/install/nvblox/include/nvblox/dynamics/internal/cuda/impl
-- Installing: /home/czz/nvblox_ws/install/nvblox/include/nvblox/dynamics/internal/cuda/impl/dynamics_detection_impl.cuh
-- Installing: /home/czz/nvblox_ws/install/nvblox/include/nvblox/serialization
-- Installing: /home/czz/nvblox_ws/install/nvblox/include/nvblox/serialization/layer_cake_streamer.h
-- Installing: /home/czz/nvblox_ws/install/nvblox/include/nvblox/serialization/layer_streamer.h
-- Installing: /home/czz/nvblox_ws/install/nvblox/include/nvblox/serialization/internal
-- Installing: /home/czz/nvblox_ws/install/nvblox/include/nvblox/serialization/internal/serialization_gpu.h
-- Installing: /home/czz/nvblox_ws/install/nvblox/include/nvblox/serialization/internal/layer_streamer_traits.h
-- Installing: /home/czz/nvblox_ws/install/nvblox/include/nvblox/serialization/internal/impl
-- Installing: /home/czz/nvblox_ws/install/nvblox/include/nvblox/serialization/internal/impl/layer_cake_streamer_impl.h
-- Installing: /home/czz/nvblox_ws/install/nvblox/include/nvblox/serialization/internal/impl/layer_streamer_impl.h
-- Installing: /home/czz/nvblox_ws/install/nvblox/include/nvblox/serialization/internal/impl/layer_serializer_gpu_impl.h
-- Installing: /home/czz/nvblox_ws/install/nvblox/include/nvblox/serialization/mesh_serializer_gpu.h
-- Installing: /home/czz/nvblox_ws/install/nvblox/include/nvblox/serialization/layer_serializer_gpu.h
-- Installing: /home/czz/nvblox_ws/install/nvblox/include/nvblox/nvblox.h
-- Installing: /home/czz/nvblox_ws/install/nvblox/include/nvblox/mapper
-- Installing: /home/czz/nvblox_ws/install/nvblox/include/nvblox/mapper/mapper.h
-- Installing: /home/czz/nvblox_ws/install/nvblox/include/nvblox/mapper/multi_mapper_params.h
-- Installing: /home/czz/nvblox_ws/install/nvblox/include/nvblox/mapper/multi_mapper.h
-- Installing: /home/czz/nvblox_ws/install/nvblox/include/nvblox/mapper/internal
-- Installing: /home/czz/nvblox_ws/install/nvblox/include/nvblox/mapper/internal/mapper_common.h
-- Installing: /home/czz/nvblox_ws/install/nvblox/include/nvblox/mapper/internal/impl
-- Installing: /home/czz/nvblox_ws/install/nvblox/include/nvblox/mapper/internal/impl/mapper_impl.h
-- Installing: /home/czz/nvblox_ws/install/nvblox/include/nvblox/mapper/internal/impl/mapper_common_impl.h
-- Installing: /home/czz/nvblox_ws/install/nvblox/include/nvblox/mapper/internal/impl/multi_mapper_impl.h
-- Installing: /home/czz/nvblox_ws/install/nvblox/include/nvblox/mapper/mapper_params.h
-- Installing: /home/czz/nvblox_ws/install/nvblox/include/nvblox/io
-- Installing: /home/czz/nvblox_ws/install/nvblox/include/nvblox/io/ply_writer.h
-- Installing: /home/czz/nvblox_ws/install/nvblox/include/nvblox/io/csv.h
-- Installing: /home/czz/nvblox_ws/install/nvblox/include/nvblox/io/internal
-- Installing: /home/czz/nvblox_ws/install/nvblox/include/nvblox/io/internal/thirdparty
-- Installing: /home/czz/nvblox_ws/install/nvblox/include/nvblox/io/internal/thirdparty/stb_image.h
-- Installing: /home/czz/nvblox_ws/install/nvblox/include/nvblox/io/internal/thirdparty/stb_image_write.h
-- Installing: /home/czz/nvblox_ws/install/nvblox/include/nvblox/io/internal/impl
-- Installing: /home/czz/nvblox_ws/install/nvblox/include/nvblox/io/internal/impl/csv_impl.h
-- Installing: /home/czz/nvblox_ws/install/nvblox/include/nvblox/io/internal/impl/pointcloud_io_impl.h
-- Installing: /home/czz/nvblox_ws/install/nvblox/include/nvblox/io/pointcloud_io.h
-- Installing: /home/czz/nvblox_ws/install/nvblox/include/nvblox/io/image_io.h
-- Installing: /home/czz/nvblox_ws/install/nvblox/include/nvblox/io/layer_cake_io.h
-- Installing: /home/czz/nvblox_ws/install/nvblox/include/nvblox/io/mesh_io.h
-- Installing: /home/czz/nvblox_ws/install/nvblox/include/nvblox/io/ply_parser.h
-- Installing: /home/czz/nvblox_ws/install/nvblox/include/nvblox/rays
-- Installing: /home/czz/nvblox_ws/install/nvblox/include/nvblox/rays/sphere_tracer.h
-- Installing: /home/czz/nvblox_ws/install/nvblox/include/nvblox/rays/internal
-- Installing: /home/czz/nvblox_ws/install/nvblox/include/nvblox/rays/internal/impl
-- Installing: /home/czz/nvblox_ws/install/nvblox/include/nvblox/rays/internal/impl/ray_caster_impl.h
-- Installing: /home/czz/nvblox_ws/install/nvblox/include/nvblox/rays/ray_caster.h
-- Installing: /home/czz/nvblox_ws/install/nvblox/include/nvblox/utils
-- Installing: /home/czz/nvblox_ws/install/nvblox/include/nvblox/utils/nvblox_art.h
-- Installing: /home/czz/nvblox_ws/install/nvblox/include/nvblox/utils/delays.h
-- Installing: /home/czz/nvblox_ws/install/nvblox/include/nvblox/utils/rates.h
-- Installing: /home/czz/nvblox_ws/install/nvblox/include/nvblox/utils/params.h
-- Installing: /home/czz/nvblox_ws/install/nvblox/include/nvblox/utils/internal
-- Installing: /home/czz/nvblox_ws/install/nvblox/include/nvblox/utils/internal/impl
-- Installing: /home/czz/nvblox_ws/install/nvblox/include/nvblox/utils/internal/impl/rates_impl.h
-- Installing: /home/czz/nvblox_ws/install/nvblox/include/nvblox/utils/nvtx_ranges.h
-- Installing: /home/czz/nvblox_ws/install/nvblox/include/nvblox/utils/cuda_kernel_utils.h
-- Installing: /home/czz/nvblox_ws/install/nvblox/include/nvblox/utils/timing.h
-- Installing: /home/czz/nvblox_ws/install/nvblox/include/nvblox/geometry
-- Installing: /home/czz/nvblox_ws/install/nvblox/include/nvblox/geometry/bounding_boxes.h
-- Installing: /home/czz/nvblox_ws/install/nvblox/include/nvblox/geometry/internal
-- Installing: /home/czz/nvblox_ws/install/nvblox/include/nvblox/geometry/internal/impl
-- Installing: /home/czz/nvblox_ws/install/nvblox/include/nvblox/geometry/internal/impl/plane_impl.h
-- Installing: /home/czz/nvblox_ws/install/nvblox/include/nvblox/geometry/internal/impl/bounding_boxes_impl.h
-- Installing: /home/czz/nvblox_ws/install/nvblox/include/nvblox/geometry/plane.h
-- Installing: /home/czz/nvblox_ws/install/nvblox/include/nvblox/geometry/bounding_spheres.h
-- Installing: /home/czz/nvblox_ws/install/nvblox/include/nvblox/geometry/bounding_shape.h
-- Installing: /home/czz/nvblox_ws/install/nvblox/include/nvblox/geometry/workspace_bounds.h
-- Installing: /home/czz/nvblox_ws/install/nvblox/include/nvblox/geometry/transforms.h
-- Up-to-date: /home/czz/nvblox_ws/install/nvblox/include
-- Up-to-date: /home/czz/nvblox_ws/install/nvblox/include/nvblox
-- Installing: /home/czz/nvblox_ws/install/nvblox/include/nvblox/executables
-- Installing: /home/czz/nvblox_ws/install/nvblox/include/nvblox/executables/fuser.h
-- Installing: /home/czz/nvblox_ws/install/nvblox/include/nvblox/gflags_param_loading
-- Installing: /home/czz/nvblox_ws/install/nvblox/include/nvblox/gflags_param_loading/fuser_params_from_gflags.h
-- Installing: /home/czz/nvblox_ws/install/nvblox/include/nvblox/gflags_param_loading/mapper_params_from_gflags.h
-- Installing: /home/czz/nvblox_ws/install/nvblox/include/nvblox/datasets
-- Installing: /home/czz/nvblox_ws/install/nvblox/include/nvblox/datasets/redwood.h
-- Installing: /home/czz/nvblox_ws/install/nvblox/include/nvblox/datasets/replica.h
-- Installing: /home/czz/nvblox_ws/install/nvblox/include/nvblox/datasets/data_loader_interface.h
-- Installing: /home/czz/nvblox_ws/install/nvblox/include/nvblox/datasets/dataset_types.h
-- Installing: /home/czz/nvblox_ws/install/nvblox/include/nvblox/datasets/lidarply_loader.h
-- Installing: /home/czz/nvblox_ws/install/nvblox/include/nvblox/datasets/cusfm_data.h
-- Installing: /home/czz/nvblox_ws/install/nvblox/include/nvblox/datasets/image_loader.h
-- Installing: /home/czz/nvblox_ws/install/nvblox/include/nvblox/datasets/lidarply_writer.h
-- Installing: /home/czz/nvblox_ws/install/nvblox/include/nvblox/datasets/3dmatch.h
-- Installing: /home/czz/nvblox_ws/install/nvblox/include/nvblox/datasets/impl
-- Installing: /home/czz/nvblox_ws/install/nvblox/include/nvblox/datasets/impl/image_loader_impl.h
-- Installing: /home/czz/nvblox_ws/install/nvblox/include/eigen3
-- Installing: /home/czz/nvblox_ws/install/nvblox/include/eigen3/signature_of_eigen3_matrix_library
-- Installing: /home/czz/nvblox_ws/install/nvblox/include/eigen3/Eigen
-- Installing: /home/czz/nvblox_ws/install/nvblox/include/eigen3/Eigen/Jacobi
-- Installing: /home/czz/nvblox_ws/install/nvblox/include/eigen3/Eigen/SparseCore
-- Installing: /home/czz/nvblox_ws/install/nvblox/include/eigen3/Eigen/MetisSupport
-- Installing: /home/czz/nvblox_ws/install/nvblox/include/eigen3/Eigen/UmfPackSupport
-- Installing: /home/czz/nvblox_ws/install/nvblox/include/eigen3/Eigen/Eigenvalues
-- Installing: /home/czz/nvblox_ws/install/nvblox/include/eigen3/Eigen/SparseLU
-- Installing: /home/czz/nvblox_ws/install/nvblox/include/eigen3/Eigen/Dense
-- Installing: /home/czz/nvblox_ws/install/nvblox/include/eigen3/Eigen/PardisoSupport
-- Installing: /home/czz/nvblox_ws/install/nvblox/include/eigen3/Eigen/OrderingMethods
-- Installing: /home/czz/nvblox_ws/install/nvblox/include/eigen3/Eigen/SparseCholesky
-- Installing: /home/czz/nvblox_ws/install/nvblox/include/eigen3/Eigen/LU
-- Installing: /home/czz/nvblox_ws/install/nvblox/include/eigen3/Eigen/QR
-- Installing: /home/czz/nvblox_ws/install/nvblox/include/eigen3/Eigen/SparseQR
-- Installing: /home/czz/nvblox_ws/install/nvblox/include/eigen3/Eigen/StdList
-- Installing: /home/czz/nvblox_ws/install/nvblox/include/eigen3/Eigen/SuperLUSupport
-- Installing: /home/czz/nvblox_ws/install/nvblox/include/eigen3/Eigen/CholmodSupport
-- Installing: /home/czz/nvblox_ws/install/nvblox/include/eigen3/Eigen/Core
-- Installing: /home/czz/nvblox_ws/install/nvblox/include/eigen3/Eigen/StdVector
-- Installing: /home/czz/nvblox_ws/install/nvblox/include/eigen3/Eigen/KLUSupport
-- Installing: /home/czz/nvblox_ws/install/nvblox/include/eigen3/Eigen/Eigen
-- Installing: /home/czz/nvblox_ws/install/nvblox/include/eigen3/Eigen/Geometry
-- Installing: /home/czz/nvblox_ws/install/nvblox/include/eigen3/Eigen/SVD
-- Installing: /home/czz/nvblox_ws/install/nvblox/include/eigen3/Eigen/SPQRSupport
-- Installing: /home/czz/nvblox_ws/install/nvblox/include/eigen3/Eigen/StdDeque
-- Installing: /home/czz/nvblox_ws/install/nvblox/include/eigen3/Eigen/IterativeLinearSolvers
-- Installing: /home/czz/nvblox_ws/install/nvblox/include/eigen3/Eigen/QtAlignedMalloc
-- Installing: /home/czz/nvblox_ws/install/nvblox/include/eigen3/Eigen/Householder
-- Installing: /home/czz/nvblox_ws/install/nvblox/include/eigen3/Eigen/Sparse
-- Installing: /home/czz/nvblox_ws/install/nvblox/include/eigen3/Eigen/Cholesky
-- Installing: /home/czz/nvblox_ws/install/nvblox/include/eigen3/Eigen/src
-- Installing: /home/czz/nvblox_ws/install/nvblox/include/eigen3/Eigen/src/Jacobi
-- Installing: /home/czz/nvblox_ws/install/nvblox/include/eigen3/Eigen/src/Jacobi/Jacobi.h
-- Installing: /home/czz/nvblox_ws/install/nvblox/include/eigen3/Eigen/src/SparseCore
-- Installing: /home/czz/nvblox_ws/install/nvblox/include/eigen3/Eigen/src/SparseCore/SparseCompressedBase.h
-- Installing: /home/czz/nvblox_ws/install/nvblox/include/eigen3/Eigen/src/SparseCore/SparseSelfAdjointView.h
-- Installing: /home/czz/nvblox_ws/install/nvblox/include/eigen3/Eigen/src/SparseCore/SparseTriangularView.h
-- Installing: /home/czz/nvblox_ws/install/nvblox/include/eigen3/Eigen/src/SparseCore/SparseBlock.h
-- Installing: /home/czz/nvblox_ws/install/nvblox/include/eigen3/Eigen/src/SparseCore/MappedSparseMatrix.h
-- Installing: /home/czz/nvblox_ws/install/nvblox/include/eigen3/Eigen/src/SparseCore/SparseDot.h
-- Installing: /home/czz/nvblox_ws/install/nvblox/include/eigen3/Eigen/src/SparseCore/SparseCwiseBinaryOp.h
-- Installing: /home/czz/nvblox_ws/install/nvblox/include/eigen3/Eigen/src/SparseCore/SparseColEtree.h
-- Installing: /home/czz/nvblox_ws/install/nvblox/include/eigen3/Eigen/src/SparseCore/CompressedStorage.h
-- Installing: /home/czz/nvblox_ws/install/nvblox/include/eigen3/Eigen/src/SparseCore/SparseView.h
-- Installing: /home/czz/nvblox_ws/install/nvblox/include/eigen3/Eigen/src/SparseCore/SparseCwiseUnaryOp.h
-- Installing: /home/czz/nvblox_ws/install/nvblox/include/eigen3/Eigen/src/SparseCore/SparseRef.h
-- Installing: /home/czz/nvblox_ws/install/nvblox/include/eigen3/Eigen/src/SparseCore/SparseSparseProductWithPruning.h
-- Installing: /home/czz/nvblox_ws/install/nvblox/include/eigen3/Eigen/src/SparseCore/SparseTranspose.h
-- Installing: /home/czz/nvblox_ws/install/nvblox/include/eigen3/Eigen/src/SparseCore/SparseAssign.h
-- Installing: /home/czz/nvblox_ws/install/nvblox/include/eigen3/Eigen/src/SparseCore/SparseMatrix.h
-- Installing: /home/czz/nvblox_ws/install/nvblox/include/eigen3/Eigen/src/SparseCore/AmbiVector.h
-- Installing: /home/czz/nvblox_ws/install/nvblox/include/eigen3/Eigen/src/SparseCore/ConservativeSparseSparseProduct.h
-- Installing: /home/czz/nvblox_ws/install/nvblox/include/eigen3/Eigen/src/SparseCore/SparseVector.h
-- Installing: /home/czz/nvblox_ws/install/nvblox/include/eigen3/Eigen/src/SparseCore/SparseUtil.h
-- Installing: /home/czz/nvblox_ws/install/nvblox/include/eigen3/Eigen/src/SparseCore/SparseDenseProduct.h
-- Installing: /home/czz/nvblox_ws/install/nvblox/include/eigen3/Eigen/src/SparseCore/SparseDiagonalProduct.h
-- Installing: /home/czz/nvblox_ws/install/nvblox/include/eigen3/Eigen/src/SparseCore/SparseProduct.h
-- Installing: /home/czz/nvblox_ws/install/nvblox/include/eigen3/Eigen/src/SparseCore/TriangularSolver.h
-- Installing: /home/czz/nvblox_ws/install/nvblox/include/eigen3/Eigen/src/SparseCore/SparseMatrixBase.h
-- Installing: /home/czz/nvblox_ws/install/nvblox/include/eigen3/Eigen/src/SparseCore/SparseRedux.h
-- Installing: /home/czz/nvblox_ws/install/nvblox/include/eigen3/Eigen/src/SparseCore/SparseFuzzy.h
-- Installing: /home/czz/nvblox_ws/install/nvblox/include/eigen3/Eigen/src/SparseCore/SparseSolverBase.h
-- Installing: /home/czz/nvblox_ws/install/nvblox/include/eigen3/Eigen/src/SparseCore/SparseMap.h
-- Installing: /home/czz/nvblox_ws/install/nvblox/include/eigen3/Eigen/src/SparseCore/SparsePermutation.h
-- Installing: /home/czz/nvblox_ws/install/nvblox/include/eigen3/Eigen/src/MetisSupport
-- Installing: /home/czz/nvblox_ws/install/nvblox/include/eigen3/Eigen/src/MetisSupport/MetisSupport.h
-- Installing: /home/czz/nvblox_ws/install/nvblox/include/eigen3/Eigen/src/UmfPackSupport
-- Installing: /home/czz/nvblox_ws/install/nvblox/include/eigen3/Eigen/src/UmfPackSupport/UmfPackSupport.h
-- Installing: /home/czz/nvblox_ws/install/nvblox/include/eigen3/Eigen/src/misc
-- Installing: /home/czz/nvblox_ws/install/nvblox/include/eigen3/Eigen/src/misc/Kernel.h
-- Installing: /home/czz/nvblox_ws/install/nvblox/include/eigen3/Eigen/src/misc/lapacke.h
-- Installing: /home/czz/nvblox_ws/install/nvblox/include/eigen3/Eigen/src/misc/blas.h
-- Installing: /home/czz/nvblox_ws/install/nvblox/include/eigen3/Eigen/src/misc/Image.h
-- Installing: /home/czz/nvblox_ws/install/nvblox/include/eigen3/Eigen/src/misc/lapack.h
-- Installing: /home/czz/nvblox_ws/install/nvblox/include/eigen3/Eigen/src/misc/lapacke_mangling.h
-- Installing: /home/czz/nvblox_ws/install/nvblox/include/eigen3/Eigen/src/misc/RealSvd2x2.h
-- Installing: /home/czz/nvblox_ws/install/nvblox/include/eigen3/Eigen/src/Eigenvalues
-- Installing: /home/czz/nvblox_ws/install/nvblox/include/eigen3/Eigen/src/Eigenvalues/SelfAdjointEigenSolver.h
-- Installing: /home/czz/nvblox_ws/install/nvblox/include/eigen3/Eigen/src/Eigenvalues/EigenSolver.h
-- Installing: /home/czz/nvblox_ws/install/nvblox/include/eigen3/Eigen/src/Eigenvalues/GeneralizedSelfAdjointEigenSolver.h
-- Installing: /home/czz/nvblox_ws/install/nvblox/include/eigen3/Eigen/src/Eigenvalues/HessenbergDecomposition.h
-- Installing: /home/czz/nvblox_ws/install/nvblox/include/eigen3/Eigen/src/Eigenvalues/MatrixBaseEigenvalues.h
-- Installing: /home/czz/nvblox_ws/install/nvblox/include/eigen3/Eigen/src/Eigenvalues/RealQZ.h
-- Installing: /home/czz/nvblox_ws/install/nvblox/include/eigen3/Eigen/src/Eigenvalues/ComplexSchur_LAPACKE.h
-- Installing: /home/czz/nvblox_ws/install/nvblox/include/eigen3/Eigen/src/Eigenvalues/RealSchur_LAPACKE.h
-- Installing: /home/czz/nvblox_ws/install/nvblox/include/eigen3/Eigen/src/Eigenvalues/ComplexSchur.h
-- Installing: /home/czz/nvblox_ws/install/nvblox/include/eigen3/Eigen/src/Eigenvalues/RealSchur.h
-- Installing: /home/czz/nvblox_ws/install/nvblox/include/eigen3/Eigen/src/Eigenvalues/SelfAdjointEigenSolver_LAPACKE.h
-- Installing: /home/czz/nvblox_ws/install/nvblox/include/eigen3/Eigen/src/Eigenvalues/ComplexEigenSolver.h
-- Installing: /home/czz/nvblox_ws/install/nvblox/include/eigen3/Eigen/src/Eigenvalues/GeneralizedEigenSolver.h
-- Installing: /home/czz/nvblox_ws/install/nvblox/include/eigen3/Eigen/src/Eigenvalues/Tridiagonalization.h
-- Installing: /home/czz/nvblox_ws/install/nvblox/include/eigen3/Eigen/src/SparseLU
-- Installing: /home/czz/nvblox_ws/install/nvblox/include/eigen3/Eigen/src/SparseLU/SparseLU_column_dfs.h
-- Installing: /home/czz/nvblox_ws/install/nvblox/include/eigen3/Eigen/src/SparseLU/SparseLU_Memory.h
-- Installing: /home/czz/nvblox_ws/install/nvblox/include/eigen3/Eigen/src/SparseLU/SparseLU_SupernodalMatrix.h
-- Installing: /home/czz/nvblox_ws/install/nvblox/include/eigen3/Eigen/src/SparseLU/SparseLU_pruneL.h
-- Installing: /home/czz/nvblox_ws/install/nvblox/include/eigen3/Eigen/src/SparseLU/SparseLU_heap_relax_snode.h
-- Installing: /home/czz/nvblox_ws/install/nvblox/include/eigen3/Eigen/src/SparseLU/SparseLU_Utils.h
-- Installing: /home/czz/nvblox_ws/install/nvblox/include/eigen3/Eigen/src/SparseLU/SparseLU_pivotL.h
-- Installing: /home/czz/nvblox_ws/install/nvblox/include/eigen3/Eigen/src/SparseLU/SparseLU.h
-- Installing: /home/czz/nvblox_ws/install/nvblox/include/eigen3/Eigen/src/SparseLU/SparseLU_panel_dfs.h
-- Installing: /home/czz/nvblox_ws/install/nvblox/include/eigen3/Eigen/src/SparseLU/SparseLU_gemm_kernel.h
-- Installing: /home/czz/nvblox_ws/install/nvblox/include/eigen3/Eigen/src/SparseLU/SparseLU_column_bmod.h
-- Installing: /home/czz/nvblox_ws/install/nvblox/include/eigen3/Eigen/src/SparseLU/SparseLU_panel_bmod.h
-- Installing: /home/czz/nvblox_ws/install/nvblox/include/eigen3/Eigen/src/SparseLU/SparseLUImpl.h
-- Installing: /home/czz/nvblox_ws/install/nvblox/include/eigen3/Eigen/src/SparseLU/SparseLU_Structs.h
-- Installing: /home/czz/nvblox_ws/install/nvblox/include/eigen3/Eigen/src/SparseLU/SparseLU_copy_to_ucol.h
-- Installing: /home/czz/nvblox_ws/install/nvblox/include/eigen3/Eigen/src/SparseLU/SparseLU_relax_snode.h
-- Installing: /home/czz/nvblox_ws/install/nvblox/include/eigen3/Eigen/src/SparseLU/SparseLU_kernel_bmod.h
-- Installing: /home/czz/nvblox_ws/install/nvblox/include/eigen3/Eigen/src/PardisoSupport
-- Installing: /home/czz/nvblox_ws/install/nvblox/include/eigen3/Eigen/src/PardisoSupport/PardisoSupport.h
-- Installing: /home/czz/nvblox_ws/install/nvblox/include/eigen3/Eigen/src/OrderingMethods
-- Installing: /home/czz/nvblox_ws/install/nvblox/include/eigen3/Eigen/src/OrderingMethods/Eigen_Colamd.h
-- Installing: /home/czz/nvblox_ws/install/nvblox/include/eigen3/Eigen/src/OrderingMethods/Ordering.h
-- Installing: /home/czz/nvblox_ws/install/nvblox/include/eigen3/Eigen/src/OrderingMethods/Amd.h
-- Installing: /home/czz/nvblox_ws/install/nvblox/include/eigen3/Eigen/src/SparseCholesky
-- Installing: /home/czz/nvblox_ws/install/nvblox/include/eigen3/Eigen/src/SparseCholesky/SimplicialCholesky.h
-- Installing: /home/czz/nvblox_ws/install/nvblox/include/eigen3/Eigen/src/SparseCholesky/SimplicialCholesky_impl.h
-- Installing: /home/czz/nvblox_ws/install/nvblox/include/eigen3/Eigen/src/LU
-- Installing: /home/czz/nvblox_ws/install/nvblox/include/eigen3/Eigen/src/LU/Determinant.h
-- Installing: /home/czz/nvblox_ws/install/nvblox/include/eigen3/Eigen/src/LU/FullPivLU.h
-- Installing: /home/czz/nvblox_ws/install/nvblox/include/eigen3/Eigen/src/LU/PartialPivLU_LAPACKE.h
-- Installing: /home/czz/nvblox_ws/install/nvblox/include/eigen3/Eigen/src/LU/InverseImpl.h
-- Installing: /home/czz/nvblox_ws/install/nvblox/include/eigen3/Eigen/src/LU/arch
-- Installing: /home/czz/nvblox_ws/install/nvblox/include/eigen3/Eigen/src/LU/arch/InverseSize4.h
-- Installing: /home/czz/nvblox_ws/install/nvblox/include/eigen3/Eigen/src/LU/PartialPivLU.h
-- Installing: /home/czz/nvblox_ws/install/nvblox/include/eigen3/Eigen/src/QR
-- Installing: /home/czz/nvblox_ws/install/nvblox/include/eigen3/Eigen/src/QR/ColPivHouseholderQR_LAPACKE.h
-- Installing: /home/czz/nvblox_ws/install/nvblox/include/eigen3/Eigen/src/QR/HouseholderQR_LAPACKE.h
-- Installing: /home/czz/nvblox_ws/install/nvblox/include/eigen3/Eigen/src/QR/HouseholderQR.h
-- Installing: /home/czz/nvblox_ws/install/nvblox/include/eigen3/Eigen/src/QR/FullPivHouseholderQR.h
-- Installing: /home/czz/nvblox_ws/install/nvblox/include/eigen3/Eigen/src/QR/CompleteOrthogonalDecomposition.h
-- Installing: /home/czz/nvblox_ws/install/nvblox/include/eigen3/Eigen/src/QR/ColPivHouseholderQR.h
-- Installing: /home/czz/nvblox_ws/install/nvblox/include/eigen3/Eigen/src/SparseQR
-- Installing: /home/czz/nvblox_ws/install/nvblox/include/eigen3/Eigen/src/SparseQR/SparseQR.h
-- Installing: /home/czz/nvblox_ws/install/nvblox/include/eigen3/Eigen/src/plugins
-- Installing: /home/czz/nvblox_ws/install/nvblox/include/eigen3/Eigen/src/plugins/ArrayCwiseUnaryOps.h
-- Installing: /home/czz/nvblox_ws/install/nvblox/include/eigen3/Eigen/src/plugins/MatrixCwiseUnaryOps.h
-- Installing: /home/czz/nvblox_ws/install/nvblox/include/eigen3/Eigen/src/plugins/MatrixCwiseBinaryOps.h
-- Installing: /home/czz/nvblox_ws/install/nvblox/include/eigen3/Eigen/src/plugins/ArrayCwiseBinaryOps.h
-- Installing: /home/czz/nvblox_ws/install/nvblox/include/eigen3/Eigen/src/plugins/CommonCwiseBinaryOps.h
-- Installing: /home/czz/nvblox_ws/install/nvblox/include/eigen3/Eigen/src/plugins/ReshapedMethods.h
-- Installing: /home/czz/nvblox_ws/install/nvblox/include/eigen3/Eigen/src/plugins/BlockMethods.h
-- Installing: /home/czz/nvblox_ws/install/nvblox/include/eigen3/Eigen/src/plugins/IndexedViewMethods.h
-- Installing: /home/czz/nvblox_ws/install/nvblox/include/eigen3/Eigen/src/plugins/CommonCwiseUnaryOps.h
-- Installing: /home/czz/nvblox_ws/install/nvblox/include/eigen3/Eigen/src/SuperLUSupport
-- Installing: /home/czz/nvblox_ws/install/nvblox/include/eigen3/Eigen/src/SuperLUSupport/SuperLUSupport.h
-- Installing: /home/czz/nvblox_ws/install/nvblox/include/eigen3/Eigen/src/CholmodSupport
-- Installing: /home/czz/nvblox_ws/install/nvblox/include/eigen3/Eigen/src/CholmodSupport/CholmodSupport.h
-- Installing: /home/czz/nvblox_ws/install/nvblox/include/eigen3/Eigen/src/Core
-- Installing: /home/czz/nvblox_ws/install/nvblox/include/eigen3/Eigen/src/Core/Assign.h
-- Installing: /home/czz/nvblox_ws/install/nvblox/include/eigen3/Eigen/src/Core/DenseStorage.h
-- Installing: /home/czz/nvblox_ws/install/nvblox/include/eigen3/Eigen/src/Core/BandMatrix.h
-- Installing: /home/czz/nvblox_ws/install/nvblox/include/eigen3/Eigen/src/Core/ForceAlignedAccess.h
-- Installing: /home/czz/nvblox_ws/install/nvblox/include/eigen3/Eigen/src/Core/SelfCwiseBinaryOp.h
-- Installing: /home/czz/nvblox_ws/install/nvblox/include/eigen3/Eigen/src/Core/ReturnByValue.h
-- Installing: /home/czz/nvblox_ws/install/nvblox/include/eigen3/Eigen/src/Core/products
-- Installing: /home/czz/nvblox_ws/install/nvblox/include/eigen3/Eigen/src/Core/products/SelfadjointMatrixVector.h
-- Installing: /home/czz/nvblox_ws/install/nvblox/include/eigen3/Eigen/src/Core/products/GeneralMatrixVector_BLAS.h
-- Installing: /home/czz/nvblox_ws/install/nvblox/include/eigen3/Eigen/src/Core/products/SelfadjointMatrixVector_BLAS.h
-- Installing: /home/czz/nvblox_ws/install/nvblox/include/eigen3/Eigen/src/Core/products/GeneralBlockPanelKernel.h
-- Installing: /home/czz/nvblox_ws/install/nvblox/include/eigen3/Eigen/src/Core/products/TriangularSolverMatrix_BLAS.h
-- Installing: /home/czz/nvblox_ws/install/nvblox/include/eigen3/Eigen/src/Core/products/SelfadjointMatrixMatrix.h
-- Installing: /home/czz/nvblox_ws/install/nvblox/include/eigen3/Eigen/src/Core/products/Parallelizer.h
-- Installing: /home/czz/nvblox_ws/install/nvblox/include/eigen3/Eigen/src/Core/products/SelfadjointMatrixMatrix_BLAS.h
-- Installing: /home/czz/nvblox_ws/install/nvblox/include/eigen3/Eigen/src/Core/products/SelfadjointProduct.h
-- Installing: /home/czz/nvblox_ws/install/nvblox/include/eigen3/Eigen/src/Core/products/GeneralMatrixMatrix.h
-- Installing: /home/czz/nvblox_ws/install/nvblox/include/eigen3/Eigen/src/Core/products/GeneralMatrixMatrixTriangular_BLAS.h
-- Installing: /home/czz/nvblox_ws/install/nvblox/include/eigen3/Eigen/src/Core/products/TriangularMatrixMatrix.h
-- Installing: /home/czz/nvblox_ws/install/nvblox/include/eigen3/Eigen/src/Core/products/GeneralMatrixMatrix_BLAS.h
-- Installing: /home/czz/nvblox_ws/install/nvblox/include/eigen3/Eigen/src/Core/products/TriangularMatrixVector_BLAS.h
-- Installing: /home/czz/nvblox_ws/install/nvblox/include/eigen3/Eigen/src/Core/products/GeneralMatrixVector.h
-- Installing: /home/czz/nvblox_ws/install/nvblox/include/eigen3/Eigen/src/Core/products/TriangularSolverVector.h
-- Installing: /home/czz/nvblox_ws/install/nvblox/include/eigen3/Eigen/src/Core/products/TriangularSolverMatrix.h
-- Installing: /home/czz/nvblox_ws/install/nvblox/include/eigen3/Eigen/src/Core/products/TriangularMatrixVector.h
-- Installing: /home/czz/nvblox_ws/install/nvblox/include/eigen3/Eigen/src/Core/products/GeneralMatrixMatrixTriangular.h
-- Installing: /home/czz/nvblox_ws/install/nvblox/include/eigen3/Eigen/src/Core/products/TriangularMatrixMatrix_BLAS.h
-- Installing: /home/czz/nvblox_ws/install/nvblox/include/eigen3/Eigen/src/Core/products/SelfadjointRank2Update.h
-- Installing: /home/czz/nvblox_ws/install/nvblox/include/eigen3/Eigen/src/Core/DenseBase.h
-- Installing: /home/czz/nvblox_ws/install/nvblox/include/eigen3/Eigen/src/Core/Diagonal.h
-- Installing: /home/czz/nvblox_ws/install/nvblox/include/eigen3/Eigen/src/Core/SolverBase.h
-- Installing: /home/czz/nvblox_ws/install/nvblox/include/eigen3/Eigen/src/Core/ArithmeticSequence.h
-- Installing: /home/czz/nvblox_ws/install/nvblox/include/eigen3/Eigen/src/Core/VectorBlock.h
-- Installing: /home/czz/nvblox_ws/install/nvblox/include/eigen3/Eigen/src/Core/PlainObjectBase.h
-- Installing: /home/czz/nvblox_ws/install/nvblox/include/eigen3/Eigen/src/Core/ArrayWrapper.h
-- Installing: /home/czz/nvblox_ws/install/nvblox/include/eigen3/Eigen/src/Core/SelfAdjointView.h
-- Installing: /home/czz/nvblox_ws/install/nvblox/include/eigen3/Eigen/src/Core/Product.h
-- Installing: /home/czz/nvblox_ws/install/nvblox/include/eigen3/Eigen/src/Core/EigenBase.h
-- Installing: /home/czz/nvblox_ws/install/nvblox/include/eigen3/Eigen/src/Core/DenseCoeffsBase.h
-- Installing: /home/czz/nvblox_ws/install/nvblox/include/eigen3/Eigen/src/Core/Matrix.h
-- Installing: /home/czz/nvblox_ws/install/nvblox/include/eigen3/Eigen/src/Core/Array.h
-- Installing: /home/czz/nvblox_ws/install/nvblox/include/eigen3/Eigen/src/Core/Assign_MKL.h
-- Installing: /home/czz/nvblox_ws/install/nvblox/include/eigen3/Eigen/src/Core/TriangularMatrix.h
-- Installing: /home/czz/nvblox_ws/install/nvblox/include/eigen3/Eigen/src/Core/Ref.h
-- Installing: /home/czz/nvblox_ws/install/nvblox/include/eigen3/Eigen/src/Core/functors
-- Installing: /home/czz/nvblox_ws/install/nvblox/include/eigen3/Eigen/src/Core/functors/AssignmentFunctors.h
-- Installing: /home/czz/nvblox_ws/install/nvblox/include/eigen3/Eigen/src/Core/functors/StlFunctors.h
-- Installing: /home/czz/nvblox_ws/install/nvblox/include/eigen3/Eigen/src/Core/functors/TernaryFunctors.h
-- Installing: /home/czz/nvblox_ws/install/nvblox/include/eigen3/Eigen/src/Core/functors/NullaryFunctors.h
-- Installing: /home/czz/nvblox_ws/install/nvblox/include/eigen3/Eigen/src/Core/functors/UnaryFunctors.h
-- Installing: /home/czz/nvblox_ws/install/nvblox/include/eigen3/Eigen/src/Core/functors/BinaryFunctors.h
-- Installing: /home/czz/nvblox_ws/install/nvblox/include/eigen3/Eigen/src/Core/CwiseUnaryOp.h
-- Installing: /home/czz/nvblox_ws/install/nvblox/include/eigen3/Eigen/src/Core/BooleanRedux.h
-- Installing: /home/czz/nvblox_ws/install/nvblox/include/eigen3/Eigen/src/Core/Transpose.h
-- Installing: /home/czz/nvblox_ws/install/nvblox/include/eigen3/Eigen/src/Core/Random.h
-- Installing: /home/czz/nvblox_ws/install/nvblox/include/eigen3/Eigen/src/Core/CoreIterators.h
-- Installing: /home/czz/nvblox_ws/install/nvblox/include/eigen3/Eigen/src/Core/CommaInitializer.h
-- Installing: /home/czz/nvblox_ws/install/nvblox/include/eigen3/Eigen/src/Core/Redux.h
-- Installing: /home/czz/nvblox_ws/install/nvblox/include/eigen3/Eigen/src/Core/Solve.h
-- Installing: /home/czz/nvblox_ws/install/nvblox/include/eigen3/Eigen/src/Core/PermutationMatrix.h
-- Installing: /home/czz/nvblox_ws/install/nvblox/include/eigen3/Eigen/src/Core/MathFunctionsImpl.h
-- Installing: /home/czz/nvblox_ws/install/nvblox/include/eigen3/Eigen/src/Core/Map.h
-- Installing: /home/czz/nvblox_ws/install/nvblox/include/eigen3/Eigen/src/Core/MatrixBase.h
-- Installing: /home/czz/nvblox_ws/install/nvblox/include/eigen3/Eigen/src/Core/NumTraits.h
-- Installing: /home/czz/nvblox_ws/install/nvblox/include/eigen3/Eigen/src/Core/IndexedView.h
-- Installing: /home/czz/nvblox_ws/install/nvblox/include/eigen3/Eigen/src/Core/Stride.h
-- Installing: /home/czz/nvblox_ws/install/nvblox/include/eigen3/Eigen/src/Core/util
-- Installing: /home/czz/nvblox_ws/install/nvblox/include/eigen3/Eigen/src/Core/util/ReshapedHelper.h
-- Installing: /home/czz/nvblox_ws/install/nvblox/include/eigen3/Eigen/src/Core/util/BlasUtil.h
-- Installing: /home/czz/nvblox_ws/install/nvblox/include/eigen3/Eigen/src/Core/util/ReenableStupidWarnings.h
-- Installing: /home/czz/nvblox_ws/install/nvblox/include/eigen3/Eigen/src/Core/util/ForwardDeclarations.h
-- Installing: /home/czz/nvblox_ws/install/nvblox/include/eigen3/Eigen/src/Core/util/Memory.h
-- Installing: /home/czz/nvblox_ws/install/nvblox/include/eigen3/Eigen/src/Core/util/ConfigureVectorization.h
-- Installing: /home/czz/nvblox_ws/install/nvblox/include/eigen3/Eigen/src/Core/util/Meta.h
-- Installing: /home/czz/nvblox_ws/install/nvblox/include/eigen3/Eigen/src/Core/util/Constants.h
-- Installing: /home/czz/nvblox_ws/install/nvblox/include/eigen3/Eigen/src/Core/util/IndexedViewHelper.h
-- Installing: /home/czz/nvblox_ws/install/nvblox/include/eigen3/Eigen/src/Core/util/NonMPL2.h
-- Installing: /home/czz/nvblox_ws/install/nvblox/include/eigen3/Eigen/src/Core/util/XprHelper.h
-- Installing: /home/czz/nvblox_ws/install/nvblox/include/eigen3/Eigen/src/Core/util/MKL_support.h
-- Installing: /home/czz/nvblox_ws/install/nvblox/include/eigen3/Eigen/src/Core/util/IntegralConstant.h
-- Installing: /home/czz/nvblox_ws/install/nvblox/include/eigen3/Eigen/src/Core/util/SymbolicIndex.h
-- Installing: /home/czz/nvblox_ws/install/nvblox/include/eigen3/Eigen/src/Core/util/StaticAssert.h
-- Installing: /home/czz/nvblox_ws/install/nvblox/include/eigen3/Eigen/src/Core/util/DisableStupidWarnings.h
-- Installing: /home/czz/nvblox_ws/install/nvblox/include/eigen3/Eigen/src/Core/util/Macros.h
-- Installing: /home/czz/nvblox_ws/install/nvblox/include/eigen3/Eigen/src/Core/PartialReduxEvaluator.h
-- Installing: /home/czz/nvblox_ws/install/nvblox/include/eigen3/Eigen/src/Core/IO.h
-- Installing: /home/czz/nvblox_ws/install/nvblox/include/eigen3/Eigen/src/Core/arch
-- Installing: /home/czz/nvblox_ws/install/nvblox/include/eigen3/Eigen/src/Core/arch/Default
-- Installing: /home/czz/nvblox_ws/install/nvblox/include/eigen3/Eigen/src/Core/arch/Default/Half.h
-- Installing: /home/czz/nvblox_ws/install/nvblox/include/eigen3/Eigen/src/Core/arch/Default/BFloat16.h
-- Installing: /home/czz/nvblox_ws/install/nvblox/include/eigen3/Eigen/src/Core/arch/Default/Settings.h
-- Installing: /home/czz/nvblox_ws/install/nvblox/include/eigen3/Eigen/src/Core/arch/Default/ConjHelper.h
-- Installing: /home/czz/nvblox_ws/install/nvblox/include/eigen3/Eigen/src/Core/arch/Default/GenericPacketMathFunctionsFwd.h
-- Installing: /home/czz/nvblox_ws/install/nvblox/include/eigen3/Eigen/src/Core/arch/Default/GenericPacketMathFunctions.h
-- Installing: /home/czz/nvblox_ws/install/nvblox/include/eigen3/Eigen/src/Core/arch/Default/TypeCasting.h
-- Installing: /home/czz/nvblox_ws/install/nvblox/include/eigen3/Eigen/src/Core/arch/SVE
-- Installing: /home/czz/nvblox_ws/install/nvblox/include/eigen3/Eigen/src/Core/arch/SVE/PacketMath.h
-- Installing: /home/czz/nvblox_ws/install/nvblox/include/eigen3/Eigen/src/Core/arch/SVE/MathFunctions.h
-- Installing: /home/czz/nvblox_ws/install/nvblox/include/eigen3/Eigen/src/Core/arch/SVE/TypeCasting.h
-- Installing: /home/czz/nvblox_ws/install/nvblox/include/eigen3/Eigen/src/Core/arch/ZVector
-- Installing: /home/czz/nvblox_ws/install/nvblox/include/eigen3/Eigen/src/Core/arch/ZVector/Complex.h
-- Installing: /home/czz/nvblox_ws/install/nvblox/include/eigen3/Eigen/src/Core/arch/ZVector/PacketMath.h
-- Installing: /home/czz/nvblox_ws/install/nvblox/include/eigen3/Eigen/src/Core/arch/ZVector/MathFunctions.h
-- Installing: /home/czz/nvblox_ws/install/nvblox/include/eigen3/Eigen/src/Core/arch/AVX
-- Installing: /home/czz/nvblox_ws/install/nvblox/include/eigen3/Eigen/src/Core/arch/AVX/Complex.h
-- Installing: /home/czz/nvblox_ws/install/nvblox/include/eigen3/Eigen/src/Core/arch/AVX/PacketMath.h
-- Installing: /home/czz/nvblox_ws/install/nvblox/include/eigen3/Eigen/src/Core/arch/AVX/MathFunctions.h
-- Installing: /home/czz/nvblox_ws/install/nvblox/include/eigen3/Eigen/src/Core/arch/AVX/TypeCasting.h
-- Installing: /home/czz/nvblox_ws/install/nvblox/include/eigen3/Eigen/src/Core/arch/CUDA
-- Installing: /home/czz/nvblox_ws/install/nvblox/include/eigen3/Eigen/src/Core/arch/CUDA/Complex.h
-- Installing: /home/czz/nvblox_ws/install/nvblox/include/eigen3/Eigen/src/Core/arch/NEON
-- Installing: /home/czz/nvblox_ws/install/nvblox/include/eigen3/Eigen/src/Core/arch/NEON/GeneralBlockPanelKernel.h
-- Installing: /home/czz/nvblox_ws/install/nvblox/include/eigen3/Eigen/src/Core/arch/NEON/Complex.h
-- Installing: /home/czz/nvblox_ws/install/nvblox/include/eigen3/Eigen/src/Core/arch/NEON/PacketMath.h
-- Installing: /home/czz/nvblox_ws/install/nvblox/include/eigen3/Eigen/src/Core/arch/NEON/MathFunctions.h
-- Installing: /home/czz/nvblox_ws/install/nvblox/include/eigen3/Eigen/src/Core/arch/NEON/TypeCasting.h
-- Installing: /home/czz/nvblox_ws/install/nvblox/include/eigen3/Eigen/src/Core/arch/MSA
-- Installing: /home/czz/nvblox_ws/install/nvblox/include/eigen3/Eigen/src/Core/arch/MSA/Complex.h
-- Installing: /home/czz/nvblox_ws/install/nvblox/include/eigen3/Eigen/src/Core/arch/MSA/PacketMath.h
-- Installing: /home/czz/nvblox_ws/install/nvblox/include/eigen3/Eigen/src/Core/arch/MSA/MathFunctions.h
-- Installing: /home/czz/nvblox_ws/install/nvblox/include/eigen3/Eigen/src/Core/arch/GPU
-- Installing: /home/czz/nvblox_ws/install/nvblox/include/eigen3/Eigen/src/Core/arch/GPU/PacketMath.h
-- Installing: /home/czz/nvblox_ws/install/nvblox/include/eigen3/Eigen/src/Core/arch/GPU/MathFunctions.h
-- Installing: /home/czz/nvblox_ws/install/nvblox/include/eigen3/Eigen/src/Core/arch/GPU/TypeCasting.h
-- Installing: /home/czz/nvblox_ws/install/nvblox/include/eigen3/Eigen/src/Core/arch/SSE
-- Installing: /home/czz/nvblox_ws/install/nvblox/include/eigen3/Eigen/src/Core/arch/SSE/Complex.h
-- Installing: /home/czz/nvblox_ws/install/nvblox/include/eigen3/Eigen/src/Core/arch/SSE/PacketMath.h
-- Installing: /home/czz/nvblox_ws/install/nvblox/include/eigen3/Eigen/src/Core/arch/SSE/MathFunctions.h
-- Installing: /home/czz/nvblox_ws/install/nvblox/include/eigen3/Eigen/src/Core/arch/SSE/TypeCasting.h
-- Installing: /home/czz/nvblox_ws/install/nvblox/include/eigen3/Eigen/src/Core/arch/AltiVec
-- Installing: /home/czz/nvblox_ws/install/nvblox/include/eigen3/Eigen/src/Core/arch/AltiVec/Complex.h
-- Installing: /home/czz/nvblox_ws/install/nvblox/include/eigen3/Eigen/src/Core/arch/AltiVec/MatrixProduct.h
-- Installing: /home/czz/nvblox_ws/install/nvblox/include/eigen3/Eigen/src/Core/arch/AltiVec/PacketMath.h
-- Installing: /home/czz/nvblox_ws/install/nvblox/include/eigen3/Eigen/src/Core/arch/AltiVec/MatrixProductCommon.h
-- Installing: /home/czz/nvblox_ws/install/nvblox/include/eigen3/Eigen/src/Core/arch/AltiVec/MatrixProductMMA.h
-- Installing: /home/czz/nvblox_ws/install/nvblox/include/eigen3/Eigen/src/Core/arch/AltiVec/MathFunctions.h
-- Installing: /home/czz/nvblox_ws/install/nvblox/include/eigen3/Eigen/src/Core/arch/HIP
-- Installing: /home/czz/nvblox_ws/install/nvblox/include/eigen3/Eigen/src/Core/arch/HIP/hcc
-- Installing: /home/czz/nvblox_ws/install/nvblox/include/eigen3/Eigen/src/Core/arch/HIP/hcc/math_constants.h
-- Installing: /home/czz/nvblox_ws/install/nvblox/include/eigen3/Eigen/src/Core/arch/SYCL
-- Installing: /home/czz/nvblox_ws/install/nvblox/include/eigen3/Eigen/src/Core/arch/SYCL/SyclMemoryModel.h
-- Installing: /home/czz/nvblox_ws/install/nvblox/include/eigen3/Eigen/src/Core/arch/SYCL/PacketMath.h
-- Installing: /home/czz/nvblox_ws/install/nvblox/include/eigen3/Eigen/src/Core/arch/SYCL/InteropHeaders.h
-- Installing: /home/czz/nvblox_ws/install/nvblox/include/eigen3/Eigen/src/Core/arch/SYCL/MathFunctions.h
-- Installing: /home/czz/nvblox_ws/install/nvblox/include/eigen3/Eigen/src/Core/arch/SYCL/TypeCasting.h
-- Installing: /home/czz/nvblox_ws/install/nvblox/include/eigen3/Eigen/src/Core/arch/AVX512
-- Installing: /home/czz/nvblox_ws/install/nvblox/include/eigen3/Eigen/src/Core/arch/AVX512/Complex.h
-- Installing: /home/czz/nvblox_ws/install/nvblox/include/eigen3/Eigen/src/Core/arch/AVX512/PacketMath.h
-- Installing: /home/czz/nvblox_ws/install/nvblox/include/eigen3/Eigen/src/Core/arch/AVX512/MathFunctions.h
-- Installing: /home/czz/nvblox_ws/install/nvblox/include/eigen3/Eigen/src/Core/arch/AVX512/TypeCasting.h
-- Installing: /home/czz/nvblox_ws/install/nvblox/include/eigen3/Eigen/src/Core/ArrayBase.h
-- Installing: /home/czz/nvblox_ws/install/nvblox/include/eigen3/Eigen/src/Core/NoAlias.h
-- Installing: /home/czz/nvblox_ws/install/nvblox/include/eigen3/Eigen/src/Core/Block.h
-- Installing: /home/czz/nvblox_ws/install/nvblox/include/eigen3/Eigen/src/Core/MapBase.h
-- Installing: /home/czz/nvblox_ws/install/nvblox/include/eigen3/Eigen/src/Core/Dot.h
-- Installing: /home/czz/nvblox_ws/install/nvblox/include/eigen3/Eigen/src/Core/CwiseUnaryView.h
-- Installing: /home/czz/nvblox_ws/install/nvblox/include/eigen3/Eigen/src/Core/NestByValue.h
-- Installing: /home/czz/nvblox_ws/install/nvblox/include/eigen3/Eigen/src/Core/AssignEvaluator.h
-- Installing: /home/czz/nvblox_ws/install/nvblox/include/eigen3/Eigen/src/Core/Visitor.h
-- Installing: /home/czz/nvblox_ws/install/nvblox/include/eigen3/Eigen/src/Core/DiagonalProduct.h
-- Installing: /home/czz/nvblox_ws/install/nvblox/include/eigen3/Eigen/src/Core/Replicate.h
-- Installing: /home/czz/nvblox_ws/install/nvblox/include/eigen3/Eigen/src/Core/DiagonalMatrix.h
-- Installing: /home/czz/nvblox_ws/install/nvblox/include/eigen3/Eigen/src/Core/Reverse.h
-- Installing: /home/czz/nvblox_ws/install/nvblox/include/eigen3/Eigen/src/Core/CwiseBinaryOp.h
-- Installing: /home/czz/nvblox_ws/install/nvblox/include/eigen3/Eigen/src/Core/ConditionEstimator.h
-- Installing: /home/czz/nvblox_ws/install/nvblox/include/eigen3/Eigen/src/Core/VectorwiseOp.h
-- Installing: /home/czz/nvblox_ws/install/nvblox/include/eigen3/Eigen/src/Core/MathFunctions.h
-- Installing: /home/czz/nvblox_ws/install/nvblox/include/eigen3/Eigen/src/Core/CwiseNullaryOp.h
-- Installing: /home/czz/nvblox_ws/install/nvblox/include/eigen3/Eigen/src/Core/CoreEvaluators.h
-- Installing: /home/czz/nvblox_ws/install/nvblox/include/eigen3/Eigen/src/Core/Inverse.h
-- Installing: /home/czz/nvblox_ws/install/nvblox/include/eigen3/Eigen/src/Core/Swap.h
-- Installing: /home/czz/nvblox_ws/install/nvblox/include/eigen3/Eigen/src/Core/SolveTriangular.h
-- Installing: /home/czz/nvblox_ws/install/nvblox/include/eigen3/Eigen/src/Core/Select.h
-- Installing: /home/czz/nvblox_ws/install/nvblox/include/eigen3/Eigen/src/Core/Transpositions.h
-- Installing: /home/czz/nvblox_ws/install/nvblox/include/eigen3/Eigen/src/Core/ProductEvaluators.h
-- Installing: /home/czz/nvblox_ws/install/nvblox/include/eigen3/Eigen/src/Core/Reshaped.h
-- Installing: /home/czz/nvblox_ws/install/nvblox/include/eigen3/Eigen/src/Core/GlobalFunctions.h
-- Installing: /home/czz/nvblox_ws/install/nvblox/include/eigen3/Eigen/src/Core/StableNorm.h
-- Installing: /home/czz/nvblox_ws/install/nvblox/include/eigen3/Eigen/src/Core/StlIterators.h
-- Installing: /home/czz/nvblox_ws/install/nvblox/include/eigen3/Eigen/src/Core/CwiseTernaryOp.h
-- Installing: /home/czz/nvblox_ws/install/nvblox/include/eigen3/Eigen/src/Core/GenericPacketMath.h
-- Installing: /home/czz/nvblox_ws/install/nvblox/include/eigen3/Eigen/src/Core/GeneralProduct.h
-- Installing: /home/czz/nvblox_ws/install/nvblox/include/eigen3/Eigen/src/Core/Fuzzy.h
-- Installing: /home/czz/nvblox_ws/install/nvblox/include/eigen3/Eigen/src/KLUSupport
-- Installing: /home/czz/nvblox_ws/install/nvblox/include/eigen3/Eigen/src/KLUSupport/KLUSupport.h
-- Installing: /home/czz/nvblox_ws/install/nvblox/include/eigen3/Eigen/src/Geometry
-- Installing: /home/czz/nvblox_ws/install/nvblox/include/eigen3/Eigen/src/Geometry/ParametrizedLine.h
-- Installing: /home/czz/nvblox_ws/install/nvblox/include/eigen3/Eigen/src/Geometry/Umeyama.h
-- Installing: /home/czz/nvblox_ws/install/nvblox/include/eigen3/Eigen/src/Geometry/AlignedBox.h
-- Installing: /home/czz/nvblox_ws/install/nvblox/include/eigen3/Eigen/src/Geometry/RotationBase.h
-- Installing: /home/czz/nvblox_ws/install/nvblox/include/eigen3/Eigen/src/Geometry/Scaling.h
-- Installing: /home/czz/nvblox_ws/install/nvblox/include/eigen3/Eigen/src/Geometry/Homogeneous.h
-- Installing: /home/czz/nvblox_ws/install/nvblox/include/eigen3/Eigen/src/Geometry/Quaternion.h
-- Installing: /home/czz/nvblox_ws/install/nvblox/include/eigen3/Eigen/src/Geometry/Rotation2D.h
-- Installing: /home/czz/nvblox_ws/install/nvblox/include/eigen3/Eigen/src/Geometry/Hyperplane.h
-- Installing: /home/czz/nvblox_ws/install/nvblox/include/eigen3/Eigen/src/Geometry/arch
-- Installing: /home/czz/nvblox_ws/install/nvblox/include/eigen3/Eigen/src/Geometry/arch/Geometry_SIMD.h
-- Installing: /home/czz/nvblox_ws/install/nvblox/include/eigen3/Eigen/src/Geometry/AngleAxis.h
-- Installing: /home/czz/nvblox_ws/install/nvblox/include/eigen3/Eigen/src/Geometry/OrthoMethods.h
-- Installing: /home/czz/nvblox_ws/install/nvblox/include/eigen3/Eigen/src/Geometry/Translation.h
-- Installing: /home/czz/nvblox_ws/install/nvblox/include/eigen3/Eigen/src/Geometry/EulerAngles.h
-- Installing: /home/czz/nvblox_ws/install/nvblox/include/eigen3/Eigen/src/Geometry/Transform.h
-- Installing: /home/czz/nvblox_ws/install/nvblox/include/eigen3/Eigen/src/SVD
-- Installing: /home/czz/nvblox_ws/install/nvblox/include/eigen3/Eigen/src/SVD/BDCSVD.h
-- Installing: /home/czz/nvblox_ws/install/nvblox/include/eigen3/Eigen/src/SVD/UpperBidiagonalization.h
-- Installing: /home/czz/nvblox_ws/install/nvblox/include/eigen3/Eigen/src/SVD/SVDBase.h
-- Installing: /home/czz/nvblox_ws/install/nvblox/include/eigen3/Eigen/src/SVD/JacobiSVD_LAPACKE.h
-- Installing: /home/czz/nvblox_ws/install/nvblox/include/eigen3/Eigen/src/SVD/JacobiSVD.h
-- Installing: /home/czz/nvblox_ws/install/nvblox/include/eigen3/Eigen/src/StlSupport
-- Installing: /home/czz/nvblox_ws/install/nvblox/include/eigen3/Eigen/src/StlSupport/StdList.h
-- Installing: /home/czz/nvblox_ws/install/nvblox/include/eigen3/Eigen/src/StlSupport/StdDeque.h
-- Installing: /home/czz/nvblox_ws/install/nvblox/include/eigen3/Eigen/src/StlSupport/StdVector.h
-- Installing: /home/czz/nvblox_ws/install/nvblox/include/eigen3/Eigen/src/StlSupport/details.h
-- Installing: /home/czz/nvblox_ws/install/nvblox/include/eigen3/Eigen/src/SPQRSupport
-- Installing: /home/czz/nvblox_ws/install/nvblox/include/eigen3/Eigen/src/SPQRSupport/SuiteSparseQRSupport.h
-- Installing: /home/czz/nvblox_ws/install/nvblox/include/eigen3/Eigen/src/IterativeLinearSolvers
-- Installing: /home/czz/nvblox_ws/install/nvblox/include/eigen3/Eigen/src/IterativeLinearSolvers/BiCGSTAB.h
-- Installing: /home/czz/nvblox_ws/install/nvblox/include/eigen3/Eigen/src/IterativeLinearSolvers/ConjugateGradient.h
-- Installing: /home/czz/nvblox_ws/install/nvblox/include/eigen3/Eigen/src/IterativeLinearSolvers/SolveWithGuess.h
-- Installing: /home/czz/nvblox_ws/install/nvblox/include/eigen3/Eigen/src/IterativeLinearSolvers/BasicPreconditioners.h
-- Installing: /home/czz/nvblox_ws/install/nvblox/include/eigen3/Eigen/src/IterativeLinearSolvers/IterativeSolverBase.h
-- Installing: /home/czz/nvblox_ws/install/nvblox/include/eigen3/Eigen/src/IterativeLinearSolvers/IncompleteCholesky.h
-- Installing: /home/czz/nvblox_ws/install/nvblox/include/eigen3/Eigen/src/IterativeLinearSolvers/LeastSquareConjugateGradient.h
-- Installing: /home/czz/nvblox_ws/install/nvblox/include/eigen3/Eigen/src/IterativeLinearSolvers/IncompleteLUT.h
-- Installing: /home/czz/nvblox_ws/install/nvblox/include/eigen3/Eigen/src/Householder
-- Installing: /home/czz/nvblox_ws/install/nvblox/include/eigen3/Eigen/src/Householder/Householder.h
-- Installing: /home/czz/nvblox_ws/install/nvblox/include/eigen3/Eigen/src/Householder/HouseholderSequence.h
-- Installing: /home/czz/nvblox_ws/install/nvblox/include/eigen3/Eigen/src/Householder/BlockHouseholder.h
-- Installing: /home/czz/nvblox_ws/install/nvblox/include/eigen3/Eigen/src/Cholesky
-- Installing: /home/czz/nvblox_ws/install/nvblox/include/eigen3/Eigen/src/Cholesky/LLT_LAPACKE.h
-- Installing: /home/czz/nvblox_ws/install/nvblox/include/eigen3/Eigen/src/Cholesky/LLT.h
-- Installing: /home/czz/nvblox_ws/install/nvblox/include/eigen3/Eigen/src/Cholesky/LDLT.h
-- Installing: /home/czz/nvblox_ws/install/nvblox/include/eigen3/Eigen/src/PaStiXSupport
-- Installing: /home/czz/nvblox_ws/install/nvblox/include/eigen3/Eigen/src/PaStiXSupport/PaStiXSupport.h
-- Installing: /home/czz/nvblox_ws/install/nvblox/include/eigen3/Eigen/PaStiXSupport
-- Up-to-date: /home/czz/nvblox_ws/install/nvblox/include
-- Installing: /home/czz/nvblox_ws/install/nvblox/include/CMakeLists.txt
-- Up-to-date: /home/czz/nvblox_ws/install/nvblox/include/stdgpu
-- Up-to-date: /home/czz/nvblox_ws/install/nvblox/include/stdgpu/compiler.h
-- Up-to-date: /home/czz/nvblox_ws/install/nvblox/include/stdgpu/unordered_map.cuh
-- Up-to-date: /home/czz/nvblox_ws/install/nvblox/include/stdgpu/execution.h
-- Up-to-date: /home/czz/nvblox_ws/install/nvblox/include/stdgpu/stack.cuh
-- Up-to-date: /home/czz/nvblox_ws/install/nvblox/include/stdgpu/hip
-- Up-to-date: /home/czz/nvblox_ws/install/nvblox/include/stdgpu/hip/device.h
-- Up-to-date: /home/czz/nvblox_ws/install/nvblox/include/stdgpu/hip/platform.h
-- Up-to-date: /home/czz/nvblox_ws/install/nvblox/include/stdgpu/hip/atomic.h
-- Installing: /home/czz/nvblox_ws/install/nvblox/include/stdgpu/hip/CMakeLists.txt
-- Up-to-date: /home/czz/nvblox_ws/install/nvblox/include/stdgpu/hip/platform_check.h
-- Up-to-date: /home/czz/nvblox_ws/install/nvblox/include/stdgpu/hip/impl
-- Installing: /home/czz/nvblox_ws/install/nvblox/include/stdgpu/hip/impl/device.cpp
-- Up-to-date: /home/czz/nvblox_ws/install/nvblox/include/stdgpu/hip/impl/error.h
-- Installing: /home/czz/nvblox_ws/install/nvblox/include/stdgpu/hip/impl/memory.cpp
-- Up-to-date: /home/czz/nvblox_ws/install/nvblox/include/stdgpu/hip/impl/atomic_detail.h
-- Up-to-date: /home/czz/nvblox_ws/install/nvblox/include/stdgpu/hip/memory.h
-- Up-to-date: /home/czz/nvblox_ws/install/nvblox/include/stdgpu/utility.h
-- Up-to-date: /home/czz/nvblox_ws/install/nvblox/include/stdgpu/device.h
-- Up-to-date: /home/czz/nvblox_ws/install/nvblox/include/stdgpu/bit.h
-- Up-to-date: /home/czz/nvblox_ws/install/nvblox/include/stdgpu/atomic.cuh
-- Up-to-date: /home/czz/nvblox_ws/install/nvblox/include/stdgpu/platform.h
-- Up-to-date: /home/czz/nvblox_ws/install/nvblox/include/stdgpu/bitset.cuh
-- Up-to-date: /home/czz/nvblox_ws/install/nvblox/include/stdgpu/cstddef.h
-- Installing: /home/czz/nvblox_ws/install/nvblox/include/stdgpu/CMakeLists.txt
-- Up-to-date: /home/czz/nvblox_ws/install/nvblox/include/stdgpu/numeric.h
-- Up-to-date: /home/czz/nvblox_ws/install/nvblox/include/stdgpu/mutex.cuh
-- Installing: /home/czz/nvblox_ws/install/nvblox/include/stdgpu/config.h.in
-- Up-to-date: /home/czz/nvblox_ws/install/nvblox/include/stdgpu/queue.cuh
-- Up-to-date: /home/czz/nvblox_ws/install/nvblox/include/stdgpu/type_traits.h
-- Up-to-date: /home/czz/nvblox_ws/install/nvblox/include/stdgpu/cuda
-- Up-to-date: /home/czz/nvblox_ws/install/nvblox/include/stdgpu/cuda/device.h
-- Up-to-date: /home/czz/nvblox_ws/install/nvblox/include/stdgpu/cuda/atomic.cuh
-- Up-to-date: /home/czz/nvblox_ws/install/nvblox/include/stdgpu/cuda/platform.h
-- Installing: /home/czz/nvblox_ws/install/nvblox/include/stdgpu/cuda/CMakeLists.txt
-- Up-to-date: /home/czz/nvblox_ws/install/nvblox/include/stdgpu/cuda/platform_check.h
-- Up-to-date: /home/czz/nvblox_ws/install/nvblox/include/stdgpu/cuda/impl
-- Installing: /home/czz/nvblox_ws/install/nvblox/include/stdgpu/cuda/impl/device.cpp
-- Up-to-date: /home/czz/nvblox_ws/install/nvblox/include/stdgpu/cuda/impl/atomic_detail.cuh
-- Up-to-date: /home/czz/nvblox_ws/install/nvblox/include/stdgpu/cuda/impl/error.h
-- Installing: /home/czz/nvblox_ws/install/nvblox/include/stdgpu/cuda/impl/memory.cpp
-- Up-to-date: /home/czz/nvblox_ws/install/nvblox/include/stdgpu/cuda/memory.h
-- Up-to-date: /home/czz/nvblox_ws/install/nvblox/include/stdgpu/contract.h
-- Up-to-date: /home/czz/nvblox_ws/install/nvblox/include/stdgpu/openmp
-- Up-to-date: /home/czz/nvblox_ws/install/nvblox/include/stdgpu/openmp/device.h
-- Up-to-date: /home/czz/nvblox_ws/install/nvblox/include/stdgpu/openmp/platform.h
-- Up-to-date: /home/czz/nvblox_ws/install/nvblox/include/stdgpu/openmp/atomic.h
-- Installing: /home/czz/nvblox_ws/install/nvblox/include/stdgpu/openmp/CMakeLists.txt
-- Up-to-date: /home/czz/nvblox_ws/install/nvblox/include/stdgpu/openmp/platform_check.h
-- Up-to-date: /home/czz/nvblox_ws/install/nvblox/include/stdgpu/openmp/impl
-- Installing: /home/czz/nvblox_ws/install/nvblox/include/stdgpu/openmp/impl/device.cpp
-- Installing: /home/czz/nvblox_ws/install/nvblox/include/stdgpu/openmp/impl/memory.cpp
-- Up-to-date: /home/czz/nvblox_ws/install/nvblox/include/stdgpu/openmp/impl/atomic_detail.h
-- Up-to-date: /home/czz/nvblox_ws/install/nvblox/include/stdgpu/openmp/memory.h
-- Up-to-date: /home/czz/nvblox_ws/install/nvblox/include/stdgpu/ranges.h
-- Up-to-date: /home/czz/nvblox_ws/install/nvblox/include/stdgpu/deque.cuh
-- Up-to-date: /home/czz/nvblox_ws/install/nvblox/include/stdgpu/iterator.h
-- Up-to-date: /home/czz/nvblox_ws/install/nvblox/include/stdgpu/functional.h
-- Up-to-date: /home/czz/nvblox_ws/install/nvblox/include/stdgpu/algorithm.h
-- Up-to-date: /home/czz/nvblox_ws/install/nvblox/include/stdgpu/unordered_set.cuh
-- Up-to-date: /home/czz/nvblox_ws/install/nvblox/include/stdgpu/vector.cuh
-- Up-to-date: /home/czz/nvblox_ws/install/nvblox/include/stdgpu/limits.h
-- Up-to-date: /home/czz/nvblox_ws/install/nvblox/include/stdgpu/impl
-- Up-to-date: /home/czz/nvblox_ws/install/nvblox/include/stdgpu/impl/ranges_detail.h
-- Up-to-date: /home/czz/nvblox_ws/install/nvblox/include/stdgpu/impl/vector_detail.cuh
-- Up-to-date: /home/czz/nvblox_ws/install/nvblox/include/stdgpu/impl/bit_detail.h
-- Up-to-date: /home/czz/nvblox_ws/install/nvblox/include/stdgpu/impl/limits_detail.h
-- Installing: /home/czz/nvblox_ws/install/nvblox/include/stdgpu/impl/device.cpp
-- Up-to-date: /home/czz/nvblox_ws/install/nvblox/include/stdgpu/impl/functional_detail.h
-- Up-to-date: /home/czz/nvblox_ws/install/nvblox/include/stdgpu/impl/atomic_detail.cuh
-- Up-to-date: /home/czz/nvblox_ws/install/nvblox/include/stdgpu/impl/deque_detail.cuh
-- Up-to-date: /home/czz/nvblox_ws/install/nvblox/include/stdgpu/impl/utility_detail.h
-- Up-to-date: /home/czz/nvblox_ws/install/nvblox/include/stdgpu/impl/bitset_detail.cuh
-- Up-to-date: /home/czz/nvblox_ws/install/nvblox/include/stdgpu/impl/type_traits_detail.h
-- Installing: /home/czz/nvblox_ws/install/nvblox/include/stdgpu/impl/iterator.cpp
-- Up-to-date: /home/czz/nvblox_ws/install/nvblox/include/stdgpu/impl/iterator_detail.h
-- Up-to-date: /home/czz/nvblox_ws/install/nvblox/include/stdgpu/impl/mutex_detail.cuh
-- Up-to-date: /home/czz/nvblox_ws/install/nvblox/include/stdgpu/impl/preprocessor.h
-- Up-to-date: /home/czz/nvblox_ws/install/nvblox/include/stdgpu/impl/platform_check.h
-- Up-to-date: /home/czz/nvblox_ws/install/nvblox/include/stdgpu/impl/memory_detail.h
-- Installing: /home/czz/nvblox_ws/install/nvblox/include/stdgpu/impl/memory.cpp
-- Up-to-date: /home/czz/nvblox_ws/install/nvblox/include/stdgpu/impl/queue_detail.cuh
-- Up-to-date: /home/czz/nvblox_ws/install/nvblox/include/stdgpu/impl/algorithm_detail.h
-- Up-to-date: /home/czz/nvblox_ws/install/nvblox/include/stdgpu/impl/unordered_map_detail.cuh
-- Up-to-date: /home/czz/nvblox_ws/install/nvblox/include/stdgpu/impl/numeric_detail.h
-- Up-to-date: /home/czz/nvblox_ws/install/nvblox/include/stdgpu/impl/stack_detail.cuh
-- Up-to-date: /home/czz/nvblox_ws/install/nvblox/include/stdgpu/impl/unordered_base.cuh
-- Up-to-date: /home/czz/nvblox_ws/install/nvblox/include/stdgpu/impl/unordered_set_detail.cuh
-- Up-to-date: /home/czz/nvblox_ws/install/nvblox/include/stdgpu/impl/unordered_base_detail.cuh
-- Up-to-date: /home/czz/nvblox_ws/install/nvblox/include/stdgpu/memory.h
-- Installing: /home/czz/nvblox_ws/install/nvblox/share/nvblox/cmake/nvbloxConfig.cmake
-- Installing: /home/czz/nvblox_ws/install/nvblox/share/nvblox/cmake/nvbloxConfigVersion.cmake
-- Installing: /home/czz/nvblox_ws/install/nvblox/share/nvblox/cmake/nvbloxTargets.cmake
-- Installing: /home/czz/nvblox_ws/install/nvblox/share/nvblox/cmake/nvbloxTargets-release.cmake
