[0.007s] Invoking command in '/home/czz/nvblox_ws/build/nvblox': /usr/bin/cmake /home/czz/nvblox_ws/src/nvblox -DBUILD_PYTORCH_WRAPPER=OFF -DCMAKE_BUILD_TYPE=Release -DCMAKE_INSTALL_PREFIX=/home/czz/nvblox_ws/install/nvblox
[0.020s] -- TORCH_CUDA_ARCH_LIST: 8.9
[0.020s] -- Building without pre-C++11 ABI support (PyTorch wrapper disabled)
[0.021s] -- Found CUDAToolkit: /usr/local/cuda/include (found version "12.6.20") 
[0.038s] -- Downloading 3rdparty dependencies
[0.038s] -- Downloading GFLAGS
[2.161s] [33mCMake Warning (dev) at /home/czz/nvblox_ws/build/nvblox/_deps/ext_gflags-src/CMakeLists.txt:94 (project):
[2.161s]   Policy CMP0048 is not set: project() command manages VERSION variables.
[2.161s]   Run "cmake --help-policy CMP0048" for policy details.  Use the cmake_policy
[2.161s]   command to set the policy and suppress this warning.
[2.161s] 
[2.161s]   The following variable(s) would be set to empty:
[2.162s] 
[2.162s]     PROJECT_VERSION
[2.162s]     PROJECT_VERSION_MAJOR
[2.162s]     PROJECT_VERSION_MINOR
[2.162s]     PROJECT_VERSION_PATCH
[2.162s] This warning is for project developers.  Use -Wno-dev to suppress it.
[2.162s] [0m
[2.163s] -- Looking for C++ include unistd.h
[2.221s] -- Looking for C++ include unistd.h - found
[2.221s] -- Looking for C++ include stdint.h
[2.280s] -- Looking for C++ include stdint.h - found
[2.280s] -- Looking for C++ include inttypes.h
[2.339s] -- Looking for C++ include inttypes.h - found
[2.339s] -- Looking for C++ include sys/types.h
[2.396s] -- Looking for C++ include sys/types.h - found
[2.396s] -- Looking for C++ include sys/stat.h
[2.456s] -- Looking for C++ include sys/stat.h - found
[2.456s] -- Looking for C++ include fnmatch.h
[2.512s] -- Looking for C++ include fnmatch.h - found
[2.513s] -- Looking for C++ include stddef.h
[2.566s] -- Looking for C++ include stddef.h - found
[2.567s] -- Check size of uint32_t
[2.624s] -- Check size of uint32_t - done
[2.625s] -- Looking for strtoll
[2.687s] -- Looking for strtoll - found
[2.689s] -- Check size of pthread_rwlock_t
[2.742s] -- Check size of pthread_rwlock_t - done
[2.746s] -- Downloading SQLITE
[16.836s] -- Downloading Eigen
[16.843s] -- Downloading STDGPU
[20.599s] -- Configuring with CMake 3.22.1
[20.612s] -- Could NOT find ClangFormat: Found unsuitable version "14.0.0-1ubuntu1.1", but required is exact version "10" (found /usr/bin/clang-format)
[20.630s] -- Found thrust: /usr/local/cuda/include (found suitable version "2.5.0", minimum required is "1.9.9") 
[20.632s] -- Found CUDAToolkit: /usr/local/cuda/include (found suitable version "12.6.20", minimum required is "11.0") 
[20.643s] -- 
[20.643s] -- ************************ stdgpu Configuration Summary *************************
[20.643s] -- 
[20.643s] -- General:
[20.643s] --   Version                                   :   1.3.0
[20.643s] --   System                                    :   Linux
[20.643s] --   Build type                                :   Release
[20.643s] -- 
[20.643s] -- Build:
[20.643s] --   STDGPU_BACKEND                            :   STDGPU_BACKEND_CUDA
[20.643s] --   STDGPU_BUILD_SHARED_LIBS                  :   OFF
[20.643s] --   STDGPU_SETUP_COMPILER_FLAGS               :   OFF
[20.643s] --   STDGPU_COMPILE_WARNING_AS_ERROR           :   OFF
[20.643s] --   STDGPU_ANALYZE_WITH_CLANG_TIDY            :   OFF
[20.643s] --   STDGPU_ANALYZE_WITH_CPPCHECK              :   OFF
[20.643s] -- 
[20.643s] -- Configuration:
[20.643s] --   STDGPU_ENABLE_CONTRACT_CHECKS             :   OFF
[20.643s] --   STDGPU_USE_32_BIT_INDEX                   :   ON
[20.643s] -- 
[20.643s] -- Examples:
[20.643s] --   STDGPU_BUILD_EXAMPLES                     :   OFF
[20.643s] -- 
[20.643s] -- Benchmarks:
[20.643s] --   STDGPU_BUILD_BENCHMARKS                   :   OFF
[20.643s] -- 
[20.643s] -- Tests:
[20.643s] --   STDGPU_BUILD_TESTS                        :   OFF
[20.643s] --   STDGPU_BUILD_TEST_COVERAGE                :   OFF
[20.643s] -- 
[20.643s] -- Documentation:
[20.643s] --   STDGPU_BUILD_DOCUMENTATION                :   OFF
[20.643s] -- 
[20.643s] -- *******************************************************************************
[20.643s] -- 
[20.643s] -- Downloading GLOG
[22.795s] -- Found GTest: /usr/lib/x86_64-linux-gnu/cmake/GTest/GTestConfig.cmake (found version "1.11.0")  
[22.799s] -- Found Unwind: /usr/include/x86_64-linux-gnu (found version "1.3.2") 
[22.799s] -- Looking for C++ include dlfcn.h
[22.860s] -- Looking for C++ include dlfcn.h - found
[22.860s] -- Looking for C++ include execinfo.h
[22.922s] -- Looking for C++ include execinfo.h - found
[22.922s] -- Looking for C++ include glob.h
[22.985s] -- Looking for C++ include glob.h - found
[22.985s] -- Looking for C++ include memory.h
[23.052s] -- Looking for C++ include memory.h - found
[23.052s] -- Looking for C++ include pwd.h
[23.111s] -- Looking for C++ include pwd.h - found
[23.111s] -- Looking for C++ include strings.h
[23.181s] -- Looking for C++ include strings.h - found
[23.181s] -- Looking for C++ include sys/syscall.h
[23.248s] -- Looking for C++ include sys/syscall.h - found
[23.248s] -- Looking for C++ include sys/time.h
[23.316s] -- Looking for C++ include sys/time.h - found
[23.316s] -- Looking for C++ include sys/utsname.h
[23.381s] -- Looking for C++ include sys/utsname.h - found
[23.381s] -- Looking for C++ include sys/wait.h
[23.452s] -- Looking for C++ include sys/wait.h - found
[23.452s] -- Looking for C++ include syscall.h
[23.513s] -- Looking for C++ include syscall.h - found
[23.513s] -- Looking for C++ include syslog.h
[23.575s] -- Looking for C++ include syslog.h - found
[23.575s] -- Looking for C++ include ucontext.h
[23.636s] -- Looking for C++ include ucontext.h - found
[23.637s] -- Looking for C++ include ext/hash_map
[23.870s] -- Looking for C++ include ext/hash_map - found
[23.870s] -- Looking for C++ include ext/hash_set
[24.078s] -- Looking for C++ include ext/hash_set - found
[24.078s] -- Looking for C++ include ext/slist
[24.220s] -- Looking for C++ include ext/slist - found
[24.220s] -- Looking for C++ include tr1/unordered_map
[24.319s] -- Looking for C++ include tr1/unordered_map - found
[24.319s] -- Looking for C++ include tr1/unordered_set
[24.411s] -- Looking for C++ include tr1/unordered_set - found
[24.412s] -- Looking for C++ include unordered_map
[24.524s] -- Looking for C++ include unordered_map - found
[24.524s] -- Looking for C++ include unordered_set
[24.637s] -- Looking for C++ include unordered_set - found
[24.638s] -- Check size of unsigned __int16
[24.661s] -- Check size of unsigned __int16 - failed
[24.661s] -- Check size of u_int16_t
[24.718s] -- Check size of u_int16_t - done
[24.718s] -- Check size of uint16_t
[24.778s] -- Check size of uint16_t - done
[24.778s] -- Looking for dladdr
[24.833s] -- Looking for dladdr - found
[24.833s] -- Looking for fcntl
[24.891s] -- Looking for fcntl - found
[24.891s] -- Looking for pread
[24.944s] -- Looking for pread - found
[24.944s] -- Looking for pwrite
[25.001s] -- Looking for pwrite - found
[25.001s] -- Looking for sigaction
[25.055s] -- Looking for sigaction - found
[25.055s] -- Looking for sigaltstack
[25.109s] -- Looking for sigaltstack - found
[25.110s] -- Performing Test HAVE_NO_DEPRECATED
[25.169s] -- Performing Test HAVE_NO_DEPRECATED - Success
[25.169s] -- Performing Test HAVE_NO_UNNAMED_TYPE_TEMPLATE_ARGS
[25.193s] -- Performing Test HAVE_NO_UNNAMED_TYPE_TEMPLATE_ARGS - Failed
[25.194s] -- Looking for snprintf
[25.216s] -- Looking for snprintf - not found
[25.216s] -- Looking for UnDecorateSymbolName in dbghelp
[25.266s] -- Looking for UnDecorateSymbolName in dbghelp - not found
[25.266s] -- Performing Test HAVE___ATTRIBUTE__
[25.331s] -- Performing Test HAVE___ATTRIBUTE__ - Success
[25.331s] -- Performing Test HAVE___ATTRIBUTE__VISIBILITY_DEFAULT
[25.394s] -- Performing Test HAVE___ATTRIBUTE__VISIBILITY_DEFAULT - Success
[25.395s] -- Performing Test HAVE___ATTRIBUTE__VISIBILITY_HIDDEN
[25.464s] -- Performing Test HAVE___ATTRIBUTE__VISIBILITY_HIDDEN - Success
[25.464s] -- Performing Test HAVE___BUILTIN_EXPECT
[25.521s] -- Performing Test HAVE___BUILTIN_EXPECT - Success
[25.521s] -- Performing Test HAVE___SYNC_VAL_COMPARE_AND_SWAP
[25.578s] -- Performing Test HAVE___SYNC_VAL_COMPARE_AND_SWAP - Success
[25.578s] -- Performing Test HAVE___DECLSPEC
[25.600s] -- Performing Test HAVE___DECLSPEC - Failed
[25.600s] -- Performing Test STL_NO_NAMESPACE
[25.649s] -- Performing Test STL_NO_NAMESPACE - Failed
[25.649s] -- Performing Test STL_STD_NAMESPACE
[25.760s] -- Performing Test STL_STD_NAMESPACE - Success
[25.760s] -- Performing Test HAVE_USING_OPERATOR
[25.936s] -- Performing Test HAVE_USING_OPERATOR - Success
[25.936s] -- Performing Test HAVE_NAMESPACES
[25.994s] -- Performing Test HAVE_NAMESPACES - Success
[25.995s] -- Performing Test HAVE_GCC_TLS
[26.053s] -- Performing Test HAVE_GCC_TLS - Success
[26.053s] -- Performing Test HAVE_MSVC_TLS
[26.074s] -- Performing Test HAVE_MSVC_TLS - Failed
[26.074s] -- Performing Test HAVE_CXX11_TLS
[26.132s] -- Performing Test HAVE_CXX11_TLS - Success
[26.132s] -- Performing Test HAVE_ALIGNED_STORAGE
[26.193s] -- Performing Test HAVE_ALIGNED_STORAGE - Success
[26.193s] -- Performing Test HAVE_CXX11_ATOMIC
[26.267s] -- Performing Test HAVE_CXX11_ATOMIC - Success
[26.267s] -- Performing Test HAVE_CXX11_NULLPTR_T
[26.326s] -- Performing Test HAVE_CXX11_NULLPTR_T - Success
[27.115s] -- Performing Test HAVE_LOCALTIME_R
[27.182s] -- Performing Test HAVE_LOCALTIME_R - Success
[27.184s] -- Performing Test COMPILER_HAS_HIDDEN_VISIBILITY
[27.245s] -- Performing Test COMPILER_HAS_HIDDEN_VISIBILITY - Success
[27.245s] -- Performing Test COMPILER_HAS_HIDDEN_INLINE_VISIBILITY
[27.303s] -- Performing Test COMPILER_HAS_HIDDEN_INLINE_VISIBILITY - Success
[27.303s] -- Performing Test COMPILER_HAS_DEPRECATED_ATTR
[27.361s] -- Performing Test COMPILER_HAS_DEPRECATED_ATTR - Success
[27.362s] -- Downloading GTEST
[29.855s] -- Downloading benchmark
[32.121s] -- Failed to find LLVM FileCheck
[32.122s] -- Found Git: /usr/bin/git (found version "2.34.1") 
[32.125s] -- Google Benchmark version: v1.9.0, normalized to 1.9.0
[32.125s] -- Looking for shm_open in rt
[32.175s] -- Looking for shm_open in rt - found
[32.176s] -- Performing Test HAVE_CXX_FLAG_WALL
[32.230s] -- Performing Test HAVE_CXX_FLAG_WALL - Success
[32.230s] -- Performing Test HAVE_CXX_FLAG_WEXTRA
[32.287s] -- Performing Test HAVE_CXX_FLAG_WEXTRA - Success
[32.287s] -- Performing Test HAVE_CXX_FLAG_WSHADOW
[32.341s] -- Performing Test HAVE_CXX_FLAG_WSHADOW - Success
[32.341s] -- Performing Test HAVE_CXX_FLAG_WFLOAT_EQUAL
[32.396s] -- Performing Test HAVE_CXX_FLAG_WFLOAT_EQUAL - Success
[32.396s] -- Performing Test HAVE_CXX_FLAG_WOLD_STYLE_CAST
[32.446s] -- Performing Test HAVE_CXX_FLAG_WOLD_STYLE_CAST - Success
[32.446s] -- Performing Test HAVE_CXX_FLAG_WCONVERSION
[32.501s] -- Performing Test HAVE_CXX_FLAG_WCONVERSION - Success
[32.501s] -- Performing Test HAVE_CXX_FLAG_WSUGGEST_OVERRIDE
[32.556s] -- Performing Test HAVE_CXX_FLAG_WSUGGEST_OVERRIDE - Success
[32.557s] -- Performing Test HAVE_CXX_FLAG_PEDANTIC
[32.617s] -- Performing Test HAVE_CXX_FLAG_PEDANTIC - Success
[32.617s] -- Performing Test HAVE_CXX_FLAG_PEDANTIC_ERRORS
[32.674s] -- Performing Test HAVE_CXX_FLAG_PEDANTIC_ERRORS - Success
[32.674s] -- Performing Test HAVE_CXX_FLAG_WSHORTEN_64_TO_32
[32.699s] -- Performing Test HAVE_CXX_FLAG_WSHORTEN_64_TO_32 - Failed
[32.699s] -- Performing Test HAVE_CXX_FLAG_FSTRICT_ALIASING
[32.752s] -- Performing Test HAVE_CXX_FLAG_FSTRICT_ALIASING - Success
[32.753s] -- Performing Test HAVE_CXX_FLAG_WNO_DEPRECATED_DECLARATIONS
[32.806s] -- Performing Test HAVE_CXX_FLAG_WNO_DEPRECATED_DECLARATIONS - Success
[32.807s] -- Performing Test HAVE_CXX_FLAG_WSTRICT_ALIASING
[32.861s] -- Performing Test HAVE_CXX_FLAG_WSTRICT_ALIASING - Success
[32.862s] -- Performing Test HAVE_CXX_FLAG_WD654
[32.880s] -- Performing Test HAVE_CXX_FLAG_WD654 - Failed
[32.880s] -- Performing Test HAVE_CXX_FLAG_WTHREAD_SAFETY
[32.905s] -- Performing Test HAVE_CXX_FLAG_WTHREAD_SAFETY - Failed
[32.906s] -- Performing Test HAVE_CXX_FLAG_COVERAGE
[32.966s] -- Performing Test HAVE_CXX_FLAG_COVERAGE - Success
[32.966s] -- Compiling and running to test HAVE_STD_REGEX
[33.997s] -- Performing Test HAVE_STD_REGEX -- success
[33.997s] -- Compiling and running to test HAVE_GNU_POSIX_REGEX
[34.017s] -- Performing Test HAVE_GNU_POSIX_REGEX -- failed to compile
[34.017s] -- Compiling and running to test HAVE_POSIX_REGEX
[34.137s] -- Performing Test HAVE_POSIX_REGEX -- success
[34.137s] -- Compiling and running to test HAVE_STEADY_CLOCK
[34.227s] -- Performing Test HAVE_STEADY_CLOCK -- success
[34.228s] -- Compiling and running to test HAVE_PTHREAD_AFFINITY
[34.290s] -- Performing Test HAVE_PTHREAD_AFFINITY -- success
[34.293s] -- Adding nvblox static library: nvblox_gpu_hash
[34.293s] -- Adding nvblox shared library: nvblox_lib
[34.293s] -- Adding nvblox executable library: sphere_benchmark
[34.294s] -- Adding nvblox shared library: nvblox_datasets
[34.294s] -- Adding nvblox executable library: fuse_3dmatch
[34.294s] -- Adding nvblox executable library: fuse_replica
[34.294s] -- Adding nvblox executable library: fuse_redwood
[34.294s] -- Adding nvblox executable library: fuse_cusfm
[34.295s] -- Adding nvblox executable library: fuse_lidarply
[34.295s] -- Adding nvblox executable library: esdf_query
[34.295s] -- Adding nvblox executable library: load_map_and_mesh
[34.297s] -- Installing: /home/czz/nvblox_ws/build/nvblox/nvblox/tests/data
[34.297s] -- Installing: /home/czz/nvblox_ws/build/nvblox/nvblox/tests/data/3dmatch
[34.297s] -- Installing: /home/czz/nvblox_ws/build/nvblox/nvblox/tests/data/3dmatch/camera-intrinsics.txt
[34.297s] -- Installing: /home/czz/nvblox_ws/build/nvblox/nvblox/tests/data/3dmatch/seq-01
[34.297s] -- Installing: /home/czz/nvblox_ws/build/nvblox/nvblox/tests/data/3dmatch/seq-01/frame-000422.pose.txt
[34.297s] -- Installing: /home/czz/nvblox_ws/build/nvblox/nvblox/tests/data/3dmatch/seq-01/frame-000116.depth.png
[34.298s] -- Installing: /home/czz/nvblox_ws/build/nvblox/nvblox/tests/data/3dmatch/seq-01/frame-000116.color.png
[34.299s] -- Installing: /home/czz/nvblox_ws/build/nvblox/nvblox/tests/data/3dmatch/seq-01/frame-000422.color.png
[34.299s] -- Installing: /home/czz/nvblox_ws/build/nvblox/nvblox/tests/data/3dmatch/seq-01/frame-000002.pose.txt
[34.299s] -- Installing: /home/czz/nvblox_ws/build/nvblox/nvblox/tests/data/3dmatch/seq-01/frame-000001.depth.png
[34.300s] -- Installing: /home/czz/nvblox_ws/build/nvblox/nvblox/tests/data/3dmatch/seq-01/frame-000116.pose.txt
[34.300s] -- Installing: /home/czz/nvblox_ws/build/nvblox/nvblox/tests/data/3dmatch/seq-01/frame-000002.color.png
[34.301s] -- Installing: /home/czz/nvblox_ws/build/nvblox/nvblox/tests/data/3dmatch/seq-01/frame-000000.color.png
[34.302s] -- Installing: /home/czz/nvblox_ws/build/nvblox/nvblox/tests/data/3dmatch/seq-01/frame-000001.pose.txt
[34.302s] -- Installing: /home/czz/nvblox_ws/build/nvblox/nvblox/tests/data/3dmatch/seq-01/frame-000001.color.png
[34.303s] -- Installing: /home/czz/nvblox_ws/build/nvblox/nvblox/tests/data/3dmatch/seq-01/frame-000002.depth.png
[34.304s] -- Installing: /home/czz/nvblox_ws/build/nvblox/nvblox/tests/data/3dmatch/seq-01/frame-000000.depth.png
[34.304s] -- Installing: /home/czz/nvblox_ws/build/nvblox/nvblox/tests/data/3dmatch/seq-01/frame-000422.depth.png
[34.305s] -- Installing: /home/czz/nvblox_ws/build/nvblox/nvblox/tests/data/3dmatch/seq-01/frame-000000.pose.txt
[34.305s] -- Installing: /home/czz/nvblox_ws/build/nvblox/nvblox/tests/data/lidarply
[34.305s] -- Installing: /home/czz/nvblox_ws/build/nvblox/nvblox/tests/data/lidarply/lidar-intrinsics.txt
[34.305s] -- Installing: /home/czz/nvblox_ws/build/nvblox/nvblox/tests/data/lidarply/seq-01
[34.305s] -- Installing: /home/czz/nvblox_ws/build/nvblox/nvblox/tests/data/lidarply/seq-01/frame-000001.timestamp.txt
[34.305s] -- Installing: /home/czz/nvblox_ws/build/nvblox/nvblox/tests/data/lidarply/seq-01/frame-000001.pointcloud.ply
[34.311s] -- Installing: /home/czz/nvblox_ws/build/nvblox/nvblox/tests/data/lidarply/seq-01/frame-000002.pose.txt
[34.311s] -- Installing: /home/czz/nvblox_ws/build/nvblox/nvblox/tests/data/lidarply/seq-01/frame-000001.pose.txt
[34.311s] -- Installing: /home/czz/nvblox_ws/build/nvblox/nvblox/tests/data/lidarply/seq-01/frame-000000.pointcloud.ply
[34.316s] -- Installing: /home/czz/nvblox_ws/build/nvblox/nvblox/tests/data/lidarply/seq-01/frame-000002.timestamp.txt
[34.317s] -- Installing: /home/czz/nvblox_ws/build/nvblox/nvblox/tests/data/lidarply/seq-01/frame-000000.timestamp.txt
[34.317s] -- Installing: /home/czz/nvblox_ws/build/nvblox/nvblox/tests/data/lidarply/seq-01/frame-000000.pose.txt
[34.317s] -- Installing: /home/czz/nvblox_ws/build/nvblox/nvblox/tests/data/human_dataset
[34.317s] -- Installing: /home/czz/nvblox_ws/build/nvblox/nvblox/tests/data/human_dataset/depth_image_2.png
[34.318s] -- Installing: /home/czz/nvblox_ws/build/nvblox/nvblox/tests/data/human_dataset/camera-intrinsics.txt
[34.318s] -- Installing: /home/czz/nvblox_ws/build/nvblox/nvblox/tests/data/human_dataset/depth_image_1.png
[34.318s] -- Installing: /home/czz/nvblox_ws/build/nvblox/nvblox/tests/data/replica
[34.318s] -- Installing: /home/czz/nvblox_ws/build/nvblox/nvblox/tests/data/replica/office0
[34.318s] -- Installing: /home/czz/nvblox_ws/build/nvblox/nvblox/tests/data/replica/office0/results
[34.318s] -- Installing: /home/czz/nvblox_ws/build/nvblox/nvblox/tests/data/replica/office0/results/frame000003.jpg
[34.319s] -- Installing: /home/czz/nvblox_ws/build/nvblox/nvblox/tests/data/replica/office0/results/frame000000.jpg
[34.320s] -- Installing: /home/czz/nvblox_ws/build/nvblox/nvblox/tests/data/replica/office0/results/depth000001.png
[34.321s] -- Installing: /home/czz/nvblox_ws/build/nvblox/nvblox/tests/data/replica/office0/results/depth000000.png
[34.322s] -- Installing: /home/czz/nvblox_ws/build/nvblox/nvblox/tests/data/replica/office0/results/depth000003.png
[34.323s] -- Installing: /home/czz/nvblox_ws/build/nvblox/nvblox/tests/data/replica/office0/results/depth000002.png
[34.324s] -- Installing: /home/czz/nvblox_ws/build/nvblox/nvblox/tests/data/replica/office0/results/frame000001.jpg
[34.325s] -- Installing: /home/czz/nvblox_ws/build/nvblox/nvblox/tests/data/replica/office0/results/frame000002.jpg
[34.326s] -- Installing: /home/czz/nvblox_ws/build/nvblox/nvblox/tests/data/replica/office0/traj.txt
[34.327s] -- Installing: /home/czz/nvblox_ws/build/nvblox/nvblox/tests/data/replica/office0_mesh.ply
[34.329s] -- Installing: /home/czz/nvblox_ws/build/nvblox/nvblox/tests/data/replica/cam_params.json
[34.329s] -- Installing: /home/czz/nvblox_ws/build/nvblox/nvblox/tests/data/orbbec
[34.329s] -- Installing: /home/czz/nvblox_ws/build/nvblox/nvblox/tests/data/orbbec/camera-intrinsics.txt
[34.329s] -- Installing: /home/czz/nvblox_ws/build/nvblox/nvblox/tests/data/orbbec/seq-01
[34.329s] -- Installing: /home/czz/nvblox_ws/build/nvblox/nvblox/tests/data/orbbec/seq-01/frame-000000.depth.png
[34.333s] -- Installing: /home/czz/nvblox_ws/build/nvblox/nvblox/tests/data/dynamic_mask
[34.333s] -- Installing: /home/czz/nvblox_ws/build/nvblox/nvblox/tests/data/dynamic_mask/mask_21.png
[34.333s] -- Adding nvblox static library: nvblox_test_utils
[34.333s] -- Adding nvblox executable library: test_3d_interpolation
[34.334s] -- Adding nvblox executable library: test_3dmatch
[34.334s] -- Adding nvblox executable library: test_blox
[34.334s] -- Adding nvblox executable library: test_shape_clearer
[34.334s] -- Adding nvblox executable library: test_bounding_spheres
[34.335s] -- Adding nvblox executable library: test_mask_preprocessor
[34.335s] -- Adding nvblox executable library: test_mask_from_detections
[34.335s] -- Adding nvblox executable library: test_cake
[34.336s] -- Adding nvblox executable library: test_color_image
[34.336s] -- Adding nvblox executable library: test_color_integrator
[34.336s] -- Adding nvblox executable library: test_feature_integrator
[34.336s] -- Adding nvblox executable library: test_cuda_stream
[34.337s] -- Adding nvblox executable library: test_mono_image
[34.337s] -- Adding nvblox executable library: test_depth_image
[34.337s] -- Adding nvblox executable library: test_dynamics
[34.337s] -- Adding nvblox executable library: test_for_memory_leaks
[34.338s] -- Adding nvblox executable library: test_freespace_integrator
[34.338s] -- Adding nvblox executable library: test_frustum
[34.338s] -- Adding nvblox executable library: test_gpu_layer_view
[34.339s] -- Adding nvblox executable library: test_image_io
[34.339s] -- Adding nvblox executable library: test_image_masker
[34.339s] -- Adding nvblox executable library: test_image_projector
[34.339s] -- Adding nvblox executable library: test_indexing
[34.340s] -- Adding nvblox executable library: test_interpolation_2d
[34.340s] -- Adding nvblox executable library: test_layer
[34.340s] -- Adding nvblox executable library: test_lidar
[34.340s] -- Adding nvblox executable library: test_lidarply
[34.341s] -- Adding nvblox executable library: test_lidar_integration
[34.341s] -- Adding nvblox executable library: test_mapper
[34.341s] -- Adding nvblox executable library: test_mesh_appearance
[34.342s] -- Adding nvblox executable library: test_mesh
[34.342s] -- Adding nvblox executable library: test_mesh_serializer
[34.342s] -- Adding nvblox executable library: test_ply_io
[34.342s] -- Adding nvblox executable library: test_nvtx_ranges
[34.343s] -- Adding nvblox executable library: test_occupancy_decay
[34.343s] -- Adding nvblox executable library: test_occupancy_integrator
[34.343s] -- Adding nvblox executable library: test_orbbec
[34.343s] -- Adding nvblox executable library: test_pointcloud
[34.344s] -- Adding nvblox executable library: test_ray_caster
[34.344s] -- Adding nvblox executable library: test_scene
[34.344s] -- Adding nvblox executable library: test_serialization
[34.345s] -- Adding nvblox executable library: test_sphere_tracing
[34.345s] -- Adding nvblox executable library: test_time
[34.345s] -- Adding nvblox executable library: test_timing
[34.345s] -- Adding nvblox executable library: test_traits
[34.346s] -- Adding nvblox executable library: test_tsdf_decay
[34.346s] -- Adding nvblox executable library: test_tsdf_error
[34.346s] -- Adding nvblox executable library: test_tsdf_integrator
[34.347s] -- Adding nvblox executable library: test_tsdf_integrator_cuda_components
[34.347s] -- Adding nvblox executable library: test_unified_3d_grid
[34.347s] -- Adding nvblox executable library: test_unified_ptr
[34.347s] -- Adding nvblox executable library: test_unified_vector
[34.348s] -- Adding nvblox executable library: test_weighting_function
[34.348s] -- Adding nvblox executable library: test_workspace_bounds
[34.348s] -- Adding nvblox executable library: test_rates
[34.348s] -- Adding nvblox executable library: test_layer_streamer
[34.349s] -- Adding nvblox executable library: test_npp_image_operations
[34.349s] -- Adding nvblox executable library: test_depth_image_preprocessing
[34.349s] -- Adding nvblox executable library: test_layer_serializer_gpu
[34.349s] -- Adding nvblox executable library: test_image_cache
[34.350s] -- Adding nvblox executable library: test_params
[34.350s] -- Adding nvblox executable library: test_block_memory_pool
[34.350s] -- Adding nvblox executable library: test_delays
[34.351s] -- Adding nvblox executable library: test_image_view
[34.351s] -- Adding nvblox executable library: test_bitmask
[34.351s] -- Adding nvblox executable library: test_blocks_to_update_tracker
[34.351s] -- Adding nvblox executable library: test_nvblox_h
[34.352s] -- Adding nvblox executable library: test_ransac_plane_fitter_cpu
[34.352s] -- Adding nvblox executable library: test_ransac_plane_fitter
[34.352s] -- Adding nvblox executable library: test_layer_cake_streamer
[34.353s] -- Adding nvblox executable library: test_replica
[34.353s] -- Adding nvblox executable library: test_checks
[34.353s] -- Adding nvblox executable library: test_type_indexed_store
[34.353s] -- Adding nvblox executable library: regression_test_query_after_clear
[34.354s] -- Adding nvblox executable library: test_camera
[34.354s] -- Adding nvblox executable library: test_layer_to_3d_grid
[34.354s] -- Adding nvblox executable library: test_gpu_hash_interface
[34.355s] -- Adding nvblox executable library: test_masked_image_view
[34.355s] -- Adding nvblox executable library: test_esdf_integrator_slicing
[34.355s] -- Adding nvblox executable library: test_plane
[34.355s] -- Adding nvblox executable library: test_device_function_utils
[34.356s] -- Adding nvblox executable library: test_zero_crossings_extractor
[34.356s] -- Adding nvblox executable library: test_error_check
[34.356s] -- Adding nvblox executable library: test_array
[34.356s] -- Adding nvblox executable library: test_lidar_motion_compensation
[34.357s] -- Adding nvblox executable library: test_esdf_integrator
[34.357s] -- Adding nvblox executable library: test_fuser
[34.357s] -- Adding nvblox executable library: test_mapper_block_allocation
[34.358s] -- Adding nvblox executable library: test_multi_mapper
[34.358s] -- Adding nvblox executable library: run_memcpy_on_default_cuda_stream
[34.358s] -- Adding nvblox executable library: nvblox_benchmark
[34.358s] -- Adding nvblox executable library: nvblox_benchmark_camera
[34.359s] -- Adding nvblox executable library: test_bench
[34.361s] -- Configuring done
[34.491s] -- Generating done
[34.541s] -- Build files have been written to: /home/czz/nvblox_ws/build/nvblox
[34.551s] Invoked command in '/home/czz/nvblox_ws/build/nvblox' returned '0': /usr/bin/cmake /home/czz/nvblox_ws/src/nvblox -DBUILD_PYTORCH_WRAPPER=OFF -DCMAKE_BUILD_TYPE=Release -DCMAKE_INSTALL_PREFIX=/home/czz/nvblox_ws/install/nvblox
[34.552s] Invoking command in '/home/czz/nvblox_ws/build/nvblox': /usr/bin/cmake --build /home/czz/nvblox_ws/build/nvblox -- -j20 -l20
[34.592s] [  1%] [34m[1mCopying find modules...[0m
[34.596s] [  1%] [32mBuilding CXX object _deps/ext_gflags-build/CMakeFiles/gflags_static.dir/src/gflags.cc.o[0m
[34.596s] [  1%] [32mBuilding CXX object _deps/ext_stdgpu-build/src/stdgpu/CMakeFiles/stdgpu.dir/impl/device.cpp.o[0m
[34.596s] [  1%] [32mBuilding CXX object _deps/ext_benchmark-build/src/CMakeFiles/benchmark.dir/benchmark_api_internal.cc.o[0m
[34.596s] [  2%] [32mBuilding CXX object _deps/ext_benchmark-build/src/CMakeFiles/benchmark.dir/benchmark_name.cc.o[0m
[34.596s] [  2%] [32mBuilding CXX object _deps/ext_gflags-build/CMakeFiles/gflags_static.dir/src/gflags_reporting.cc.o[0m
[34.597s] [  2%] [32mBuilding CXX object _deps/ext_stdgpu-build/src/stdgpu/CMakeFiles/stdgpu.dir/cuda/impl/device.cpp.o[0m
[34.599s] [  3%] [32mBuilding CXX object _deps/ext_stdgpu-build/src/stdgpu/CMakeFiles/stdgpu.dir/cuda/impl/memory.cpp.o[0m
[34.599s] [  3%] [32mBuilding CXX object _deps/ext_stdgpu-build/src/stdgpu/CMakeFiles/stdgpu.dir/impl/memory.cpp.o[0m
[34.600s] [  3%] [32mBuilding CXX object _deps/ext_benchmark-build/src/CMakeFiles/benchmark.dir/benchmark.cc.o[0m
[34.600s] [  4%] [32mBuilding CXX object _deps/ext_benchmark-build/src/CMakeFiles/benchmark.dir/benchmark_register.cc.o[0m
[34.600s] [  4%] [32mBuilding CXX object _deps/ext_stdgpu-build/src/stdgpu/CMakeFiles/stdgpu.dir/impl/iterator.cpp.o[0m
[34.600s] [  4%] [32mBuilding CXX object _deps/ext_benchmark-build/src/CMakeFiles/benchmark.dir/check.cc.o[0m
[34.600s] [  4%] [32mBuilding CXX object _deps/ext_benchmark-build/src/CMakeFiles/benchmark.dir/colorprint.cc.o[0m
[34.600s] [  4%] [32mBuilding CXX object _deps/ext_benchmark-build/src/CMakeFiles/benchmark.dir/benchmark_runner.cc.o[0m
[34.600s] [  4%] [32mBuilding CXX object _deps/ext_gtest-build/googletest/CMakeFiles/gtest.dir/src/gtest-all.cc.o[0m
[34.600s] [  4%] [32mBuilding CXX object _deps/ext_gflags-build/CMakeFiles/gflags_static.dir/src/gflags_completions.cc.o[0m
[34.604s] [  4%] [32mBuilding CXX object _deps/ext_gflags-build/CMakeFiles/gflags_nothreads_static.dir/src/gflags.cc.o[0m
[34.605s] [  5%] [32mBuilding C object nvblox/CMakeFiles/sqlite3.dir/__/_deps/ext_sqlite3-src/sqlite3.c.o[0m
[34.608s] [  5%] [34m[1mCreating directories for 'ext_eigen'[0m
[34.623s] [  6%] [32mBuilding CXX object _deps/ext_gflags-build/CMakeFiles/gflags_nothreads_static.dir/src/gflags_reporting.cc.o[0m
[34.628s] [  6%] [32mBuilding CXX object _deps/ext_glog-build/CMakeFiles/glog.dir/src/demangle.cc.o[0m
[34.710s] [  7%] [34m[1mPerforming download step (download, verify and extract) for 'ext_eigen'[0m
[34.720s] -- Downloading...
[34.720s]    dst='/home/czz/nvblox_ws/build/nvblox/nvblox/eigen/src/eigen-3.4.0.tar.gz'
[34.721s]    timeout='none'
[34.721s]    inactivity timeout='none'
[34.721s] -- Using src='https://gitlab.com/libeigen/eigen/-/archive/3.4.0/eigen-3.4.0.tar.gz'
[34.801s] [  7%] [32mBuilding CXX object _deps/ext_gflags-build/CMakeFiles/gflags_nothreads_static.dir/src/gflags_completions.cc.o[0m
[34.994s] [  7%] [32mBuilding CXX object _deps/ext_glog-build/CMakeFiles/glog.dir/src/logging.cc.o[0m
[35.006s] [  7%] [32mBuilding CXX object _deps/ext_glog-build/CMakeFiles/glog.dir/src/raw_logging.cc.o[0m
[35.045s] [  8%] [32mBuilding CXX object _deps/ext_benchmark-build/src/CMakeFiles/benchmark.dir/commandlineflags.cc.o[0m
[35.204s] [  8%] [32mBuilding CXX object _deps/ext_benchmark-build/src/CMakeFiles/benchmark.dir/complexity.cc.o[0m
[35.327s] [  8%] [32mBuilding CXX object _deps/ext_benchmark-build/src/CMakeFiles/benchmark.dir/console_reporter.cc.o[0m
[35.342s] [  9%] [32mBuilding CXX object _deps/ext_glog-build/CMakeFiles/glog.dir/src/symbolize.cc.o[0m
[35.361s] [  9%] [32mBuilding CXX object _deps/ext_benchmark-build/src/CMakeFiles/benchmark.dir/counter.cc.o[0m
[35.386s] [  9%] [32mBuilding CXX object _deps/ext_glog-build/CMakeFiles/glog.dir/src/utilities.cc.o[0m
[35.419s] [  9%] [32mBuilding CXX object _deps/ext_glog-build/CMakeFiles/glog.dir/src/vlog_is_on.cc.o[0m
[35.462s] [  9%] [32mBuilding CXX object _deps/ext_glog-build/CMakeFiles/glog.dir/src/signalhandler.cc.o[0m
[35.692s] [ 10%] [32mBuilding CXX object _deps/ext_benchmark-build/src/CMakeFiles/benchmark.dir/csv_reporter.cc.o[0m
[35.711s] [ 11%] [32m[1mLinking CXX static library ../../bin/libstdgpu.a[0m
[35.774s] [ 11%] [32mBuilding CXX object _deps/ext_benchmark-build/src/CMakeFiles/benchmark.dir/json_reporter.cc.o[0m
[35.780s] [ 11%] Built target stdgpu
[35.786s] [ 11%] [32mBuilding CXX object _deps/ext_benchmark-build/src/CMakeFiles/benchmark.dir/perf_counters.cc.o[0m
[35.825s] [ 11%] [32mBuilding CXX object _deps/ext_benchmark-build/src/CMakeFiles/benchmark.dir/reporter.cc.o[0m
[35.880s] [ 12%] [32mBuilding CXX object _deps/ext_benchmark-build/src/CMakeFiles/benchmark.dir/statistics.cc.o[0m
[35.880s] [ 12%] [32mBuilding CXX object _deps/ext_benchmark-build/src/CMakeFiles/benchmark.dir/string_util.cc.o[0m
[35.884s] [ 12%] [32mBuilding CXX object _deps/ext_benchmark-build/src/CMakeFiles/benchmark.dir/sysinfo.cc.o[0m
[35.917s] [ 12%] [32mBuilding CXX object _deps/ext_benchmark-build/src/CMakeFiles/benchmark.dir/timers.cc.o[0m
[36.266s] -- Downloading... done
[36.290s] -- extracting...
[36.290s]      src='/home/czz/nvblox_ws/build/nvblox/nvblox/eigen/src/eigen-3.4.0.tar.gz'
[36.290s]      dst='/home/czz/nvblox_ws/build/nvblox/nvblox/eigen/src/ext_eigen'
[36.290s] -- extracting... [tar xfz]
[36.368s] -- extracting... [analysis]
[36.368s] -- extracting... [rename]
[36.368s] -- extracting... [clean up]
[36.368s] -- extracting... done
[36.388s] [ 12%] [34m[1mNo update step for 'ext_eigen'[0m
[36.408s] [ 13%] [34m[1mNo patch step for 'ext_eigen'[0m
[36.429s] [ 13%] [34m[1mPerforming configure step for 'ext_eigen'[0m
[36.472s] -- The C compiler identification is GNU 11.4.0
[36.524s] -- The CXX compiler identification is GNU 11.4.0
[36.531s] -- Detecting C compiler ABI info
[36.600s] -- Detecting C compiler ABI info - done
[36.607s] -- Check for working C compiler: /usr/bin/cc - skipped
[36.608s] -- Detecting C compile features
[36.608s] -- Detecting C compile features - done
[36.611s] -- Detecting CXX compiler ABI info
[36.687s] -- Detecting CXX compiler ABI info - done
[36.694s] -- Check for working CXX compiler: /usr/bin/c++ - skipped
[36.694s] -- Detecting CXX compile features
[36.695s] -- Detecting CXX compile features - done
[36.698s] -- Performing Test EIGEN_COMPILER_SUPPORT_CPP11
[36.775s] -- Performing Test EIGEN_COMPILER_SUPPORT_CPP11 - Success
[36.776s] -- Performing Test COMPILER_SUPPORT_std=cpp03
[36.845s] -- Performing Test COMPILER_SUPPORT_std=cpp03 - Success
[36.845s] -- Performing Test standard_math_library_linked_to_automatically
[36.893s] [ 14%] [32m[1mLinking CXX static library libglog.a[0m
[36.956s] -- Performing Test standard_math_library_linked_to_automatically - Success
[36.956s] -- Standard libraries to link to explicitly: none
[36.956s] -- Performing Test COMPILER_SUPPORT_WERROR
[36.957s] [ 14%] Built target glog
[37.018s] -- Performing Test COMPILER_SUPPORT_WERROR - Success
[37.019s] -- Performing Test COMPILER_SUPPORT_pedantic
[37.084s] -- Performing Test COMPILER_SUPPORT_pedantic - Success
[37.085s] -- Performing Test COMPILER_SUPPORT_Wall
[37.149s] -- Performing Test COMPILER_SUPPORT_Wall - Success
[37.150s] -- Performing Test COMPILER_SUPPORT_Wextra
[37.157s] [ 14%] [32m[1mLinking CXX static library libgflags.a[0m
[37.210s] -- Performing Test COMPILER_SUPPORT_Wextra - Success
[37.210s] -- Performing Test COMPILER_SUPPORT_Wundef
[37.211s] [ 14%] Built target gflags_static
[37.213s] [ 14%] [32m[1mLinking CXX static library libgflags_nothreads.a[0m
[37.225s] [ 14%] [32mBuilding CXX object _deps/ext_gflags-build/test/CMakeFiles/gflags_unittest_main.dir/gflags_unittest_main.cc.o[0m
[37.228s] [ 14%] [32mBuilding CXX object _deps/ext_gflags-build/test/CMakeFiles/gflags_unittest-main.dir/gflags_unittest-main.cc.o[0m
[37.231s] [ 15%] [32mBuilding CXX object _deps/ext_gflags-build/test/CMakeFiles/gflags_strip_flags_test.dir/gflags_strip_flags_test.cc.o[0m
[37.231s] [ 15%] [32mBuilding CXX object _deps/ext_gflags-build/test/CMakeFiles/gflags_declare_test.dir/gflags_declare_test.cc.o[0m
[37.231s] [ 15%] [32mBuilding CXX object _deps/ext_gflags-build/test/CMakeFiles/gflags_declare_test.dir/gflags_declare_flags.cc.o[0m
[37.232s] [ 15%] [32mBuilding CXX object _deps/ext_gflags-build/test/CMakeFiles/gflags_unittest.dir/gflags_unittest.cc.o[0m
[37.259s] [ 15%] Built target gflags_nothreads_static
[37.272s] -- Performing Test COMPILER_SUPPORT_Wundef - Success
[37.273s] -- Performing Test COMPILER_SUPPORT_Wcastalign
[37.337s] -- Performing Test COMPILER_SUPPORT_Wcastalign - Success
[37.337s] -- Performing Test COMPILER_SUPPORT_Wcharsubscripts
[37.407s] -- Performing Test COMPILER_SUPPORT_Wcharsubscripts - Success
[37.407s] -- Performing Test COMPILER_SUPPORT_Wnonvirtualdtor
[37.435s] [ 16%] [32m[1mLinking CXX executable ../bin/gflags_strip_flags_test[0m
[37.469s] -- Performing Test COMPILER_SUPPORT_Wnonvirtualdtor - Success
[37.470s] -- Performing Test COMPILER_SUPPORT_Wunusedlocaltypedefs
[37.478s] [ 16%] [32m[1mLinking CXX executable ../bin/gflags_declare_test[0m
[37.490s] [ 16%] Built target gflags_strip_flags_test
[37.539s] -- Performing Test COMPILER_SUPPORT_Wunusedlocaltypedefs - Success
[37.539s] -- Performing Test COMPILER_SUPPORT_Wpointerarith
[37.554s] [ 16%] Built target gflags_declare_test
[37.608s] -- Performing Test COMPILER_SUPPORT_Wpointerarith - Success
[37.609s] -- Performing Test COMPILER_SUPPORT_Wwritestrings
[37.675s] -- Performing Test COMPILER_SUPPORT_Wwritestrings - Success
[37.676s] -- Performing Test COMPILER_SUPPORT_Wformatsecurity
[37.747s] -- Performing Test COMPILER_SUPPORT_Wformatsecurity - Success
[37.747s] -- Performing Test COMPILER_SUPPORT_Wshorten64to32
[37.774s] -- Performing Test COMPILER_SUPPORT_Wshorten64to32 - Failed
[37.774s] -- Performing Test COMPILER_SUPPORT_Wlogicalop
[37.845s] -- Performing Test COMPILER_SUPPORT_Wlogicalop - Success
[37.846s] -- Performing Test COMPILER_SUPPORT_Wenumconversion
[37.913s] -- Performing Test COMPILER_SUPPORT_Wenumconversion - Success
[37.914s] -- Performing Test COMPILER_SUPPORT_Wcpp11extensions
[37.940s] -- Performing Test COMPILER_SUPPORT_Wcpp11extensions - Failed
[37.941s] -- Performing Test COMPILER_SUPPORT_Wdoublepromotion
[38.005s] [ 17%] [32m[1mLinking CXX static library libbenchmark.a[0m
[38.006s] -- Performing Test COMPILER_SUPPORT_Wdoublepromotion - Success
[38.007s] -- Performing Test COMPILER_SUPPORT_Wshadow
[38.062s] [ 17%] Built target benchmark
[38.068s] -- Performing Test COMPILER_SUPPORT_Wshadow - Success
[38.068s] -- Performing Test COMPILER_SUPPORT_Wnopsabi
[38.081s] [ 17%] [32mBuilding CXX object _deps/ext_benchmark-build/src/CMakeFiles/benchmark_main.dir/benchmark_main.cc.o[0m
[38.141s] -- Performing Test COMPILER_SUPPORT_Wnopsabi - Success
[38.141s] -- Performing Test COMPILER_SUPPORT_Wnovariadicmacros
[38.209s] -- Performing Test COMPILER_SUPPORT_Wnovariadicmacros - Success
[38.209s] -- Performing Test COMPILER_SUPPORT_Wnolonglong
[38.268s] [ 17%] [32m[1mLinking CXX static library libbenchmark_main.a[0m
[38.281s] -- Performing Test COMPILER_SUPPORT_Wnolonglong - Success
[38.281s] -- Performing Test COMPILER_SUPPORT_fnochecknew
[38.325s] [ 17%] Built target benchmark_main
[38.346s] -- Performing Test COMPILER_SUPPORT_fnochecknew - Success
[38.346s] -- Performing Test COMPILER_SUPPORT_fnocommon
[38.417s] -- Performing Test COMPILER_SUPPORT_fnocommon - Success
[38.417s] -- Performing Test COMPILER_SUPPORT_fstrictaliasing
[38.483s] -- Performing Test COMPILER_SUPPORT_fstrictaliasing - Success
[38.483s] -- Performing Test COMPILER_SUPPORT_wd981
[38.489s] [ 18%] [32m[1mLinking CXX executable ../bin/gflags_unittest-main[0m
[38.504s] -- Performing Test COMPILER_SUPPORT_wd981 - Failed
[38.504s] -- Performing Test COMPILER_SUPPORT_wd2304
[38.526s] -- Performing Test COMPILER_SUPPORT_wd2304 - Failed
[38.527s] -- Performing Test COMPILER_SUPPORT_STRICTANSI
[38.549s] -- Performing Test COMPILER_SUPPORT_STRICTANSI - Failed
[38.549s] -- Performing Test COMPILER_SUPPORT_Qunusedarguments
[38.554s] [ 18%] Built target gflags_unittest-main
[38.572s] -- Performing Test COMPILER_SUPPORT_Qunusedarguments - Failed
[38.573s] -- Performing Test COMPILER_SUPPORT_ansi
[38.618s] [ 18%] [32m[1mLinking CXX executable ../bin/gflags_unittest_main[0m
[38.640s] -- Performing Test COMPILER_SUPPORT_ansi - Success
[38.640s] -- Performing Test COMPILER_SUPPORT_OPENMP
[38.684s] [ 18%] Built target gflags_unittest_main
[38.706s] -- Performing Test COMPILER_SUPPORT_OPENMP - Success
[38.731s] -- Found unsuitable Qt version "5.15.3" from /usr/bin/qmake
[38.772s] -- Looking for a Fortran compiler
[38.834s] [ 18%] [32m[1mLinking CXX executable ../bin/gflags_unittest[0m
[38.898s] [ 18%] Built target gflags_unittest
[38.957s] -- Looking for a Fortran compiler - /usr/bin/f95
[39.002s] -- The Fortran compiler identification is GNU 11.4.0
[39.012s] -- Detecting Fortran compiler ABI info
[39.077s] -- Detecting Fortran compiler ABI info - done
[39.081s] -- Check for working Fortran compiler: /usr/bin/f95 - skipped
[39.092s] -- Found CHOLMOD: /usr/include/suitesparse  
[39.095s] -- Found UMFPACK: /usr/include/suitesparse  
[39.096s] -- Found KLU: /usr/include/suitesparse  
[39.103s] -- Performing Test SUPERLU_HAS_GLOBAL_MEM_USAGE_T
[39.170s] -- Performing Test SUPERLU_HAS_GLOBAL_MEM_USAGE_T - Success
[39.170s] -- Performing Test SUPERLU_HAS_CLEAN_ENUMS
[39.232s] -- Performing Test SUPERLU_HAS_CLEAN_ENUMS - Success
[39.233s] -- Performing Test SUPERLU_HAS_GLOBALLU_T
[39.297s] -- Performing Test SUPERLU_HAS_GLOBALLU_T - Success
[39.298s] -- Found SuperLU: /usr/include/superlu (found suitable version "5.0", minimum required is "4.0") 
[39.423s] -- Checking for one of the modules 'hwloc'
[39.466s] -- Performing Test HAVE_HWLOC_PARENT_MEMBER
[39.534s] -- Performing Test HAVE_HWLOC_PARENT_MEMBER - Success
[39.534s] -- Performing Test HAVE_HWLOC_CACHE_ATTR
[39.601s] -- Performing Test HAVE_HWLOC_CACHE_ATTR - Success
[39.601s] -- Performing Test HAVE_HWLOC_OBJ_PU
[39.665s] -- Performing Test HAVE_HWLOC_OBJ_PU - Success
[39.665s] -- Looking for hwloc_bitmap_free in hwloc
[39.727s] -- Looking for hwloc_bitmap_free in hwloc - found
[39.743s] -- Looking for Fortran dgemm
[39.811s] -- Looking for Fortran dgemm - found
[39.817s] -- Performing Test SCOTCH_Num_4
[39.842s] -- Performing Test SCOTCH_Num_4 - Failed
[39.842s] -- Performing Test SCOTCH_Num_8
[39.865s] -- Performing Test SCOTCH_Num_8 - Failed
[39.867s] -- A version of Pastix has been found but pastix_nompi.h does not exist in the include directory. Because Eigen tests require a version without MPI, we disable the Pastix backend.
[39.870s] -- Found SPQR: /usr/include/suitesparse  
[39.878s] -- Found unsuitable Qt version "5.15.3" from /usr/bin/qmake
[39.962s] -- Performing Test COMPILER_SUPPORT_FASTMATH
[40.027s] -- Performing Test COMPILER_SUPPORT_FASTMATH - Success
[40.046s] -- Found Boost: /usr/lib/x86_64-linux-gnu/cmake/Boost-1.74.0/BoostConfig.cmake (found suitable version "1.74.0", minimum required is "1.53.0")  
[40.064s] -- Found Threads: TRUE  
[40.065s] -- Could NOT find GoogleHash (missing: GOOGLEHASH_INCLUDES GOOGLEHASH_COMPILE) 
[40.067s] -- Could NOT find Adolc (missing: ADOLC_INCLUDES ADOLC_LIBRARIES) 
[40.076s] -- Could NOT find MPFR (missing: MPFR_INCLUDES MPFR_LIBRARIES MPFR_VERSION_OK) (Required is at least version "1.0.0")
[40.080s] -- Found PkgConfig: /usr/bin/pkg-config (found version "0.29.2") 
[40.086s] -- Could NOT find FFTW (missing: FFTW_INCLUDES FFTW_LIBRARIES) 
[40.111s] -- Found CUDA: /usr/local/cuda (found suitable version "12.6", minimum required is "7.0") 
[40.121s] -- Found unsuitable Qt version "5.15.3" from /usr/bin/qmake
[40.121s] -- Qt4 not found, so disabling the mandelbrot and opengl demos
[40.137s] -- A version of Pastix has been found but pastix_nompi.h does not exist in the include directory. Because Eigen tests require a version without MPI, we disable the Pastix backend.
[40.138s] -- ************************************************************
[40.138s] -- ***    Eigen's unit tests configuration summary          ***
[40.138s] -- ************************************************************
[40.138s] -- 
[40.138s] -- Build type:        Release
[40.138s] -- Build site:        czz-Legion-Y7000P-IRH8
[40.138s] -- Build string:      linux-6.8.0-106-generic-_-11.4.0-sse2-64bit
[40.138s] -- Enabled backends:  CHOLMOD,  UMFPACK,  KLU,  SuperLU,  SPQR,  Boost.Multiprecision, 
[40.138s] -- Disabled backends: PaStiX,  METIS,  Qt4 support,  GoogleHash,  Adolc,  MPFR C++,  fftw,  OpenGL, 
[40.138s] -- Default order:     Column-major
[40.138s] -- Maximal matrix/vector size: 320
[40.138s] -- SSE2:              Using architecture defaults
[40.138s] -- SSE3:              Using architecture defaults
[40.139s] -- SSSE3:             Using architecture defaults
[40.139s] -- SSE4.1:            Using architecture defaults
[40.139s] -- SSE4.2:            Using architecture defaults
[40.139s] -- AVX:               Using architecture defaults
[40.139s] -- AVX2:              Using architecture defaults
[40.139s] -- FMA:               Using architecture defaults
[40.139s] -- AVX512:            Using architecture defaults
[40.139s] -- AVX512DQ:          Using architecture defaults
[40.139s] -- Altivec:           Using architecture defaults
[40.139s] -- VSX:               Using architecture defaults
[40.139s] -- MIPS MSA:          Using architecture defaults
[40.139s] -- ARM NEON:          Using architecture defaults
[40.139s] -- ARMv8 NEON:        Using architecture defaults
[40.139s] -- S390X ZVECTOR:     Using architecture defaults
[40.139s] -- C++11:             OFF
[40.139s] -- SYCL:              OFF
[40.139s] -- CUDA:              OFF
[40.139s] -- HIP:               OFF
[40.139s] -- 
[40.139s] CXX:               /usr/bin/c++
[40.139s]  CXX_VERSION:       c++ (Ubuntu 11.4.0-1ubuntu1~22.04.3) 11.4.0
[40.139s]  CXX_FLAGS:          -std=c++03 -pedantic -Wall -Wextra -Wundef -Wcast-align -Wchar-subscripts -Wnon-virtual-dtor -Wunused-local-typedefs -Wpointer-arith -Wwrite-strings -Wformat-security -Wlogical-op -Wenum-conversion -Wdouble-promotion -Wshadow -Wno-psabi -Wno-variadic-macros -Wno-long-long -fno-check-new -fno-common -fstrict-aliasing -ansi
[40.139s]  Sparse lib flags:   ;/usr/lib/x86_64-linux-gnu/libcholmod.so;/usr/lib/x86_64-linux-gnu/libamd.so;/usr/lib/x86_64-linux-gnu/libcolamd.so;/usr/lib/x86_64-linux-gnu/libcamd.so;/usr/lib/x86_64-linux-gnu/libccolamd.so;eigen_blas;eigen_lapack;/usr/lib/x86_64-linux-gnu/libumfpack.so;/usr/lib/x86_64-linux-gnu/libcolamd.so;/usr/lib/x86_64-linux-gnu/libamd.so;/usr/lib/x86_64-linux-gnu/libcholmod.so;eigen_blas;/usr/lib/x86_64-linux-gnu/libklu.so;/usr/lib/x86_64-linux-gnu/libcolamd.so;/usr/lib/x86_64-linux-gnu/libamd.so;/usr/lib/x86_64-linux-gnu/libbtf.so;eigen_blas;/usr/lib/x86_64-linux-gnu/libsuperlu.so;eigen_blas;/usr/lib/x86_64-linux-gnu/libspqr.so;/usr/lib/x86_64-linux-gnu/libcholmod.so;/usr/lib/x86_64-linux-gnu/libcholmod.so;/usr/lib/x86_64-linux-gnu/libamd.so;/usr/lib/x86_64-linux-gnu/libcolamd.so;/usr/lib/x86_64-linux-gnu/libcamd.so;/usr/lib/x86_64-linux-gnu/libccolamd.so;eigen_lapack;eigen_blas
[40.139s] 
[40.139s] -- ************************************************************
[40.139s] -- 
[40.139s] -- Configured Eigen 3.4.0
[40.139s] -- 
[40.139s] -- Available targets (use: make TARGET):
[40.139s] -- ---------+--------------------------------------------------------------
[40.139s] -- Target   |   Description
[40.139s] -- ---------+--------------------------------------------------------------
[40.139s] -- install  | Install Eigen. Headers will be installed to:
[40.139s] --          |     <CMAKE_INSTALL_PREFIX>/<INCLUDE_INSTALL_DIR>
[40.139s] --          |   Using the following values:
[40.139s] --          |     CMAKE_INSTALL_PREFIX: /home/czz/nvblox_ws/build/nvblox/nvblox/eigen
[40.139s] --          |     INCLUDE_INSTALL_DIR:  include/eigen3
[40.139s] --          |   Change the install location of Eigen headers using:
[40.139s] --          |     cmake . -DCMAKE_INSTALL_PREFIX=yourprefix
[40.139s] --          |   Or:
[40.139s] --          |     cmake . -DINCLUDE_INSTALL_DIR=yourdir
[40.139s] -- doc      | Generate the API documentation, requires Doxygen & LaTeX
[40.139s] -- check    | Build and run the unit-tests. Read this page:
[40.139s] --          |   http://eigen.tuxfamily.org/index.php?title=Tests
[40.139s] -- blas     | Build BLAS library (not the same thing as Eigen)
[40.139s] -- uninstall| Remove files installed by the install target
[40.140s] -- ---------+--------------------------------------------------------------
[40.140s] -- 
[40.140s] -- Configuring done
[40.672s] [ 18%] [32m[1mLinking CXX static library ../../../lib/libgtest.a[0m
[40.722s] [ 18%] Built target gtest
[40.737s] [ 18%] [32mBuilding CXX object _deps/ext_gtest-build/googletest/CMakeFiles/gtest_main.dir/src/gtest_main.cc.o[0m
[40.741s] [ 18%] [32mBuilding CXX object _deps/ext_gtest-build/googlemock/CMakeFiles/gmock.dir/src/gmock-all.cc.o[0m
[40.872s] -- Generating done
[40.921s] -- Build files have been written to: /home/czz/nvblox_ws/build/nvblox/nvblox/eigen/src/ext_eigen-build
[40.974s] [ 18%] [34m[1mPerforming build step for 'ext_eigen'[0m
[41.127s] [ 18%] [34m[1mPerforming install step for 'ext_eigen'[0m
[41.198s] [ 19%] [32m[1mLinking CXX static library ../../../lib/libgtest_main.a[0m
[41.249s] [ 19%] Built target gtest_main
[41.352s] [36mInstall the project...[0m
[41.358s] -- Install configuration: "Release"
[41.358s] -- Installing: /home/czz/nvblox_ws/build/nvblox/nvblox/eigen/include/eigen3/signature_of_eigen3_matrix_library
[41.358s] -- Installing: /home/czz/nvblox_ws/build/nvblox/nvblox/eigen/share/pkgconfig/eigen3.pc
[41.358s] -- Installing: /home/czz/nvblox_ws/build/nvblox/nvblox/eigen/include/eigen3/Eigen
[41.358s] -- Installing: /home/czz/nvblox_ws/build/nvblox/nvblox/eigen/include/eigen3/Eigen/Jacobi
[41.358s] -- Installing: /home/czz/nvblox_ws/build/nvblox/nvblox/eigen/include/eigen3/Eigen/SparseCore
[41.358s] -- Installing: /home/czz/nvblox_ws/build/nvblox/nvblox/eigen/include/eigen3/Eigen/MetisSupport
[41.358s] -- Installing: /home/czz/nvblox_ws/build/nvblox/nvblox/eigen/include/eigen3/Eigen/UmfPackSupport
[41.359s] -- Installing: /home/czz/nvblox_ws/build/nvblox/nvblox/eigen/include/eigen3/Eigen/Eigenvalues
[41.359s] -- Installing: /home/czz/nvblox_ws/build/nvblox/nvblox/eigen/include/eigen3/Eigen/SparseLU
[41.359s] -- Installing: /home/czz/nvblox_ws/build/nvblox/nvblox/eigen/include/eigen3/Eigen/Dense
[41.359s] -- Installing: /home/czz/nvblox_ws/build/nvblox/nvblox/eigen/include/eigen3/Eigen/PardisoSupport
[41.359s] -- Installing: /home/czz/nvblox_ws/build/nvblox/nvblox/eigen/include/eigen3/Eigen/OrderingMethods
[41.359s] -- Installing: /home/czz/nvblox_ws/build/nvblox/nvblox/eigen/include/eigen3/Eigen/SparseCholesky
[41.359s] -- Installing: /home/czz/nvblox_ws/build/nvblox/nvblox/eigen/include/eigen3/Eigen/LU
[41.359s] -- Installing: /home/czz/nvblox_ws/build/nvblox/nvblox/eigen/include/eigen3/Eigen/QR
[41.359s] -- Installing: /home/czz/nvblox_ws/build/nvblox/nvblox/eigen/include/eigen3/Eigen/SparseQR
[41.359s] -- Installing: /home/czz/nvblox_ws/build/nvblox/nvblox/eigen/include/eigen3/Eigen/StdList
[41.359s] -- Installing: /home/czz/nvblox_ws/build/nvblox/nvblox/eigen/include/eigen3/Eigen/SuperLUSupport
[41.359s] -- Installing: /home/czz/nvblox_ws/build/nvblox/nvblox/eigen/include/eigen3/Eigen/CholmodSupport
[41.359s] -- Installing: /home/czz/nvblox_ws/build/nvblox/nvblox/eigen/include/eigen3/Eigen/Core
[41.359s] -- Installing: /home/czz/nvblox_ws/build/nvblox/nvblox/eigen/include/eigen3/Eigen/StdVector
[41.359s] -- Installing: /home/czz/nvblox_ws/build/nvblox/nvblox/eigen/include/eigen3/Eigen/KLUSupport
[41.359s] -- Installing: /home/czz/nvblox_ws/build/nvblox/nvblox/eigen/include/eigen3/Eigen/Eigen
[41.360s] -- Installing: /home/czz/nvblox_ws/build/nvblox/nvblox/eigen/include/eigen3/Eigen/Geometry
[41.360s] -- Installing: /home/czz/nvblox_ws/build/nvblox/nvblox/eigen/include/eigen3/Eigen/SVD
[41.360s] -- Installing: /home/czz/nvblox_ws/build/nvblox/nvblox/eigen/include/eigen3/Eigen/SPQRSupport
[41.360s] -- Installing: /home/czz/nvblox_ws/build/nvblox/nvblox/eigen/include/eigen3/Eigen/StdDeque
[41.360s] -- Installing: /home/czz/nvblox_ws/build/nvblox/nvblox/eigen/include/eigen3/Eigen/IterativeLinearSolvers
[41.360s] -- Installing: /home/czz/nvblox_ws/build/nvblox/nvblox/eigen/include/eigen3/Eigen/QtAlignedMalloc
[41.360s] -- Installing: /home/czz/nvblox_ws/build/nvblox/nvblox/eigen/include/eigen3/Eigen/Householder
[41.360s] -- Installing: /home/czz/nvblox_ws/build/nvblox/nvblox/eigen/include/eigen3/Eigen/Sparse
[41.360s] -- Installing: /home/czz/nvblox_ws/build/nvblox/nvblox/eigen/include/eigen3/Eigen/Cholesky
[41.360s] -- Installing: /home/czz/nvblox_ws/build/nvblox/nvblox/eigen/include/eigen3/Eigen/src
[41.360s] -- Installing: /home/czz/nvblox_ws/build/nvblox/nvblox/eigen/include/eigen3/Eigen/src/Jacobi
[41.360s] -- Installing: /home/czz/nvblox_ws/build/nvblox/nvblox/eigen/include/eigen3/Eigen/src/Jacobi/Jacobi.h
[41.360s] -- Installing: /home/czz/nvblox_ws/build/nvblox/nvblox/eigen/include/eigen3/Eigen/src/SparseCore
[41.360s] -- Installing: /home/czz/nvblox_ws/build/nvblox/nvblox/eigen/include/eigen3/Eigen/src/SparseCore/SparseCompressedBase.h
[41.360s] -- Installing: /home/czz/nvblox_ws/build/nvblox/nvblox/eigen/include/eigen3/Eigen/src/SparseCore/SparseSelfAdjointView.h
[41.360s] -- Installing: /home/czz/nvblox_ws/build/nvblox/nvblox/eigen/include/eigen3/Eigen/src/SparseCore/SparseTriangularView.h
[41.360s] -- Installing: /home/czz/nvblox_ws/build/nvblox/nvblox/eigen/include/eigen3/Eigen/src/SparseCore/SparseBlock.h
[41.361s] -- Installing: /home/czz/nvblox_ws/build/nvblox/nvblox/eigen/include/eigen3/Eigen/src/SparseCore/MappedSparseMatrix.h
[41.361s] -- Installing: /home/czz/nvblox_ws/build/nvblox/nvblox/eigen/include/eigen3/Eigen/src/SparseCore/SparseDot.h
[41.361s] -- Installing: /home/czz/nvblox_ws/build/nvblox/nvblox/eigen/include/eigen3/Eigen/src/SparseCore/SparseCwiseBinaryOp.h
[41.361s] -- Installing: /home/czz/nvblox_ws/build/nvblox/nvblox/eigen/include/eigen3/Eigen/src/SparseCore/SparseColEtree.h
[41.361s] -- Installing: /home/czz/nvblox_ws/build/nvblox/nvblox/eigen/include/eigen3/Eigen/src/SparseCore/CompressedStorage.h
[41.361s] -- Installing: /home/czz/nvblox_ws/build/nvblox/nvblox/eigen/include/eigen3/Eigen/src/SparseCore/SparseView.h
[41.361s] -- Installing: /home/czz/nvblox_ws/build/nvblox/nvblox/eigen/include/eigen3/Eigen/src/SparseCore/SparseCwiseUnaryOp.h
[41.361s] -- Installing: /home/czz/nvblox_ws/build/nvblox/nvblox/eigen/include/eigen3/Eigen/src/SparseCore/SparseRef.h
[41.361s] -- Installing: /home/czz/nvblox_ws/build/nvblox/nvblox/eigen/include/eigen3/Eigen/src/SparseCore/SparseSparseProductWithPruning.h
[41.361s] -- Installing: /home/czz/nvblox_ws/build/nvblox/nvblox/eigen/include/eigen3/Eigen/src/SparseCore/SparseTranspose.h
[41.361s] -- Installing: /home/czz/nvblox_ws/build/nvblox/nvblox/eigen/include/eigen3/Eigen/src/SparseCore/SparseAssign.h
[41.361s] -- Installing: /home/czz/nvblox_ws/build/nvblox/nvblox/eigen/include/eigen3/Eigen/src/SparseCore/SparseMatrix.h
[41.361s] -- Installing: /home/czz/nvblox_ws/build/nvblox/nvblox/eigen/include/eigen3/Eigen/src/SparseCore/AmbiVector.h
[41.361s] -- Installing: /home/czz/nvblox_ws/build/nvblox/nvblox/eigen/include/eigen3/Eigen/src/SparseCore/ConservativeSparseSparseProduct.h
[41.361s] -- Installing: /home/czz/nvblox_ws/build/nvblox/nvblox/eigen/include/eigen3/Eigen/src/SparseCore/SparseVector.h
[41.361s] -- Installing: /home/czz/nvblox_ws/build/nvblox/nvblox/eigen/include/eigen3/Eigen/src/SparseCore/SparseUtil.h
[41.362s] -- Installing: /home/czz/nvblox_ws/build/nvblox/nvblox/eigen/include/eigen3/Eigen/src/SparseCore/SparseDenseProduct.h
[41.362s] -- Installing: /home/czz/nvblox_ws/build/nvblox/nvblox/eigen/include/eigen3/Eigen/src/SparseCore/SparseDiagonalProduct.h
[41.362s] -- Installing: /home/czz/nvblox_ws/build/nvblox/nvblox/eigen/include/eigen3/Eigen/src/SparseCore/SparseProduct.h
[41.362s] -- Installing: /home/czz/nvblox_ws/build/nvblox/nvblox/eigen/include/eigen3/Eigen/src/SparseCore/TriangularSolver.h
[41.362s] -- Installing: /home/czz/nvblox_ws/build/nvblox/nvblox/eigen/include/eigen3/Eigen/src/SparseCore/SparseMatrixBase.h
[41.362s] -- Installing: /home/czz/nvblox_ws/build/nvblox/nvblox/eigen/include/eigen3/Eigen/src/SparseCore/SparseRedux.h
[41.362s] -- Installing: /home/czz/nvblox_ws/build/nvblox/nvblox/eigen/include/eigen3/Eigen/src/SparseCore/SparseFuzzy.h
[41.362s] -- Installing: /home/czz/nvblox_ws/build/nvblox/nvblox/eigen/include/eigen3/Eigen/src/SparseCore/SparseSolverBase.h
[41.362s] -- Installing: /home/czz/nvblox_ws/build/nvblox/nvblox/eigen/include/eigen3/Eigen/src/SparseCore/SparseMap.h
[41.362s] -- Installing: /home/czz/nvblox_ws/build/nvblox/nvblox/eigen/include/eigen3/Eigen/src/SparseCore/SparsePermutation.h
[41.362s] -- Installing: /home/czz/nvblox_ws/build/nvblox/nvblox/eigen/include/eigen3/Eigen/src/MetisSupport
[41.362s] -- Installing: /home/czz/nvblox_ws/build/nvblox/nvblox/eigen/include/eigen3/Eigen/src/MetisSupport/MetisSupport.h
[41.362s] -- Installing: /home/czz/nvblox_ws/build/nvblox/nvblox/eigen/include/eigen3/Eigen/src/UmfPackSupport
[41.362s] -- Installing: /home/czz/nvblox_ws/build/nvblox/nvblox/eigen/include/eigen3/Eigen/src/UmfPackSupport/UmfPackSupport.h
[41.362s] -- Installing: /home/czz/nvblox_ws/build/nvblox/nvblox/eigen/include/eigen3/Eigen/src/misc
[41.362s] -- Installing: /home/czz/nvblox_ws/build/nvblox/nvblox/eigen/include/eigen3/Eigen/src/misc/Kernel.h
[41.363s] -- Installing: /home/czz/nvblox_ws/build/nvblox/nvblox/eigen/include/eigen3/Eigen/src/misc/lapacke.h
[41.363s] -- Installing: /home/czz/nvblox_ws/build/nvblox/nvblox/eigen/include/eigen3/Eigen/src/misc/blas.h
[41.363s] -- Installing: /home/czz/nvblox_ws/build/nvblox/nvblox/eigen/include/eigen3/Eigen/src/misc/Image.h
[41.363s] -- Installing: /home/czz/nvblox_ws/build/nvblox/nvblox/eigen/include/eigen3/Eigen/src/misc/lapack.h
[41.363s] -- Installing: /home/czz/nvblox_ws/build/nvblox/nvblox/eigen/include/eigen3/Eigen/src/misc/lapacke_mangling.h
[41.363s] -- Installing: /home/czz/nvblox_ws/build/nvblox/nvblox/eigen/include/eigen3/Eigen/src/misc/RealSvd2x2.h
[41.363s] -- Installing: /home/czz/nvblox_ws/build/nvblox/nvblox/eigen/include/eigen3/Eigen/src/Eigenvalues
[41.363s] -- Installing: /home/czz/nvblox_ws/build/nvblox/nvblox/eigen/include/eigen3/Eigen/src/Eigenvalues/SelfAdjointEigenSolver.h
[41.363s] -- Installing: /home/czz/nvblox_ws/build/nvblox/nvblox/eigen/include/eigen3/Eigen/src/Eigenvalues/EigenSolver.h
[41.363s] -- Installing: /home/czz/nvblox_ws/build/nvblox/nvblox/eigen/include/eigen3/Eigen/src/Eigenvalues/GeneralizedSelfAdjointEigenSolver.h
[41.363s] -- Installing: /home/czz/nvblox_ws/build/nvblox/nvblox/eigen/include/eigen3/Eigen/src/Eigenvalues/HessenbergDecomposition.h
[41.363s] -- Installing: /home/czz/nvblox_ws/build/nvblox/nvblox/eigen/include/eigen3/Eigen/src/Eigenvalues/MatrixBaseEigenvalues.h
[41.363s] -- Installing: /home/czz/nvblox_ws/build/nvblox/nvblox/eigen/include/eigen3/Eigen/src/Eigenvalues/RealQZ.h
[41.363s] -- Installing: /home/czz/nvblox_ws/build/nvblox/nvblox/eigen/include/eigen3/Eigen/src/Eigenvalues/ComplexSchur_LAPACKE.h
[41.363s] -- Installing: /home/czz/nvblox_ws/build/nvblox/nvblox/eigen/include/eigen3/Eigen/src/Eigenvalues/RealSchur_LAPACKE.h
[41.363s] -- Installing: /home/czz/nvblox_ws/build/nvblox/nvblox/eigen/include/eigen3/Eigen/src/Eigenvalues/ComplexSchur.h
[41.364s] -- Installing: /home/czz/nvblox_ws/build/nvblox/nvblox/eigen/include/eigen3/Eigen/src/Eigenvalues/RealSchur.h
[41.364s] -- Installing: /home/czz/nvblox_ws/build/nvblox/nvblox/eigen/include/eigen3/Eigen/src/Eigenvalues/SelfAdjointEigenSolver_LAPACKE.h
[41.364s] -- Installing: /home/czz/nvblox_ws/build/nvblox/nvblox/eigen/include/eigen3/Eigen/src/Eigenvalues/ComplexEigenSolver.h
[41.364s] -- Installing: /home/czz/nvblox_ws/build/nvblox/nvblox/eigen/include/eigen3/Eigen/src/Eigenvalues/GeneralizedEigenSolver.h
[41.364s] -- Installing: /home/czz/nvblox_ws/build/nvblox/nvblox/eigen/include/eigen3/Eigen/src/Eigenvalues/Tridiagonalization.h
[41.364s] -- Installing: /home/czz/nvblox_ws/build/nvblox/nvblox/eigen/include/eigen3/Eigen/src/SparseLU
[41.364s] -- Installing: /home/czz/nvblox_ws/build/nvblox/nvblox/eigen/include/eigen3/Eigen/src/SparseLU/SparseLU_column_dfs.h
[41.364s] -- Installing: /home/czz/nvblox_ws/build/nvblox/nvblox/eigen/include/eigen3/Eigen/src/SparseLU/SparseLU_Memory.h
[41.364s] -- Installing: /home/czz/nvblox_ws/build/nvblox/nvblox/eigen/include/eigen3/Eigen/src/SparseLU/SparseLU_SupernodalMatrix.h
[41.364s] -- Installing: /home/czz/nvblox_ws/build/nvblox/nvblox/eigen/include/eigen3/Eigen/src/SparseLU/SparseLU_pruneL.h
[41.364s] -- Installing: /home/czz/nvblox_ws/build/nvblox/nvblox/eigen/include/eigen3/Eigen/src/SparseLU/SparseLU_heap_relax_snode.h
[41.364s] -- Installing: /home/czz/nvblox_ws/build/nvblox/nvblox/eigen/include/eigen3/Eigen/src/SparseLU/SparseLU_Utils.h
[41.364s] -- Installing: /home/czz/nvblox_ws/build/nvblox/nvblox/eigen/include/eigen3/Eigen/src/SparseLU/SparseLU_pivotL.h
[41.364s] -- Installing: /home/czz/nvblox_ws/build/nvblox/nvblox/eigen/include/eigen3/Eigen/src/SparseLU/SparseLU.h
[41.364s] -- Installing: /home/czz/nvblox_ws/build/nvblox/nvblox/eigen/include/eigen3/Eigen/src/SparseLU/SparseLU_panel_dfs.h
[41.364s] -- Installing: /home/czz/nvblox_ws/build/nvblox/nvblox/eigen/include/eigen3/Eigen/src/SparseLU/SparseLU_gemm_kernel.h
[41.364s] -- Installing: /home/czz/nvblox_ws/build/nvblox/nvblox/eigen/include/eigen3/Eigen/src/SparseLU/SparseLU_column_bmod.h
[41.364s] -- Installing: /home/czz/nvblox_ws/build/nvblox/nvblox/eigen/include/eigen3/Eigen/src/SparseLU/SparseLU_panel_bmod.h
[41.364s] -- Installing: /home/czz/nvblox_ws/build/nvblox/nvblox/eigen/include/eigen3/Eigen/src/SparseLU/SparseLUImpl.h
[41.364s] -- Installing: /home/czz/nvblox_ws/build/nvblox/nvblox/eigen/include/eigen3/Eigen/src/SparseLU/SparseLU_Structs.h
[41.364s] -- Installing: /home/czz/nvblox_ws/build/nvblox/nvblox/eigen/include/eigen3/Eigen/src/SparseLU/SparseLU_copy_to_ucol.h
[41.364s] -- Installing: /home/czz/nvblox_ws/build/nvblox/nvblox/eigen/include/eigen3/Eigen/src/SparseLU/SparseLU_relax_snode.h
[41.364s] -- Installing: /home/czz/nvblox_ws/build/nvblox/nvblox/eigen/include/eigen3/Eigen/src/SparseLU/SparseLU_kernel_bmod.h
[41.364s] -- Installing: /home/czz/nvblox_ws/build/nvblox/nvblox/eigen/include/eigen3/Eigen/src/PardisoSupport
[41.365s] -- Installing: /home/czz/nvblox_ws/build/nvblox/nvblox/eigen/include/eigen3/Eigen/src/PardisoSupport/PardisoSupport.h
[41.365s] -- Installing: /home/czz/nvblox_ws/build/nvblox/nvblox/eigen/include/eigen3/Eigen/src/OrderingMethods
[41.365s] -- Installing: /home/czz/nvblox_ws/build/nvblox/nvblox/eigen/include/eigen3/Eigen/src/OrderingMethods/Eigen_Colamd.h
[41.365s] -- Installing: /home/czz/nvblox_ws/build/nvblox/nvblox/eigen/include/eigen3/Eigen/src/OrderingMethods/Ordering.h
[41.365s] -- Installing: /home/czz/nvblox_ws/build/nvblox/nvblox/eigen/include/eigen3/Eigen/src/OrderingMethods/Amd.h
[41.365s] -- Installing: /home/czz/nvblox_ws/build/nvblox/nvblox/eigen/include/eigen3/Eigen/src/SparseCholesky
[41.365s] -- Installing: /home/czz/nvblox_ws/build/nvblox/nvblox/eigen/include/eigen3/Eigen/src/SparseCholesky/SimplicialCholesky.h
[41.365s] -- Installing: /home/czz/nvblox_ws/build/nvblox/nvblox/eigen/include/eigen3/Eigen/src/SparseCholesky/SimplicialCholesky_impl.h
[41.365s] -- Installing: /home/czz/nvblox_ws/build/nvblox/nvblox/eigen/include/eigen3/Eigen/src/LU
[41.365s] -- Installing: /home/czz/nvblox_ws/build/nvblox/nvblox/eigen/include/eigen3/Eigen/src/LU/Determinant.h
[41.365s] -- Installing: /home/czz/nvblox_ws/build/nvblox/nvblox/eigen/include/eigen3/Eigen/src/LU/FullPivLU.h
[41.365s] -- Installing: /home/czz/nvblox_ws/build/nvblox/nvblox/eigen/include/eigen3/Eigen/src/LU/PartialPivLU_LAPACKE.h
[41.365s] -- Installing: /home/czz/nvblox_ws/build/nvblox/nvblox/eigen/include/eigen3/Eigen/src/LU/InverseImpl.h
[41.365s] -- Installing: /home/czz/nvblox_ws/build/nvblox/nvblox/eigen/include/eigen3/Eigen/src/LU/arch
[41.365s] -- Installing: /home/czz/nvblox_ws/build/nvblox/nvblox/eigen/include/eigen3/Eigen/src/LU/arch/InverseSize4.h
[41.365s] -- Installing: /home/czz/nvblox_ws/build/nvblox/nvblox/eigen/include/eigen3/Eigen/src/LU/PartialPivLU.h
[41.365s] -- Installing: /home/czz/nvblox_ws/build/nvblox/nvblox/eigen/include/eigen3/Eigen/src/QR
[41.365s] -- Installing: /home/czz/nvblox_ws/build/nvblox/nvblox/eigen/include/eigen3/Eigen/src/QR/ColPivHouseholderQR_LAPACKE.h
[41.365s] -- Installing: /home/czz/nvblox_ws/build/nvblox/nvblox/eigen/include/eigen3/Eigen/src/QR/HouseholderQR_LAPACKE.h
[41.365s] -- Installing: /home/czz/nvblox_ws/build/nvblox/nvblox/eigen/include/eigen3/Eigen/src/QR/HouseholderQR.h
[41.365s] -- Installing: /home/czz/nvblox_ws/build/nvblox/nvblox/eigen/include/eigen3/Eigen/src/QR/FullPivHouseholderQR.h
[41.365s] -- Installing: /home/czz/nvblox_ws/build/nvblox/nvblox/eigen/include/eigen3/Eigen/src/QR/CompleteOrthogonalDecomposition.h
[41.365s] -- Installing: /home/czz/nvblox_ws/build/nvblox/nvblox/eigen/include/eigen3/Eigen/src/QR/ColPivHouseholderQR.h
[41.365s] -- Installing: /home/czz/nvblox_ws/build/nvblox/nvblox/eigen/include/eigen3/Eigen/src/SparseQR
[41.365s] -- Installing: /home/czz/nvblox_ws/build/nvblox/nvblox/eigen/include/eigen3/Eigen/src/SparseQR/SparseQR.h
[41.365s] -- Installing: /home/czz/nvblox_ws/build/nvblox/nvblox/eigen/include/eigen3/Eigen/src/plugins
[41.365s] -- Installing: /home/czz/nvblox_ws/build/nvblox/nvblox/eigen/include/eigen3/Eigen/src/plugins/ArrayCwiseUnaryOps.h
[41.365s] -- Installing: /home/czz/nvblox_ws/build/nvblox/nvblox/eigen/include/eigen3/Eigen/src/plugins/MatrixCwiseUnaryOps.h
[41.365s] -- Installing: /home/czz/nvblox_ws/build/nvblox/nvblox/eigen/include/eigen3/Eigen/src/plugins/MatrixCwiseBinaryOps.h
[41.365s] -- Installing: /home/czz/nvblox_ws/build/nvblox/nvblox/eigen/include/eigen3/Eigen/src/plugins/ArrayCwiseBinaryOps.h
[41.365s] -- Installing: /home/czz/nvblox_ws/build/nvblox/nvblox/eigen/include/eigen3/Eigen/src/plugins/CommonCwiseBinaryOps.h
[41.365s] -- Installing: /home/czz/nvblox_ws/build/nvblox/nvblox/eigen/include/eigen3/Eigen/src/plugins/ReshapedMethods.h
[41.365s] -- Installing: /home/czz/nvblox_ws/build/nvblox/nvblox/eigen/include/eigen3/Eigen/src/plugins/BlockMethods.h
[41.365s] -- Installing: /home/czz/nvblox_ws/build/nvblox/nvblox/eigen/include/eigen3/Eigen/src/plugins/IndexedViewMethods.h
[41.365s] -- Installing: /home/czz/nvblox_ws/build/nvblox/nvblox/eigen/include/eigen3/Eigen/src/plugins/CommonCwiseUnaryOps.h
[41.365s] -- Installing: /home/czz/nvblox_ws/build/nvblox/nvblox/eigen/include/eigen3/Eigen/src/SuperLUSupport
[41.365s] -- Installing: /home/czz/nvblox_ws/build/nvblox/nvblox/eigen/include/eigen3/Eigen/src/SuperLUSupport/SuperLUSupport.h
[41.365s] -- Installing: /home/czz/nvblox_ws/build/nvblox/nvblox/eigen/include/eigen3/Eigen/src/CholmodSupport
[41.365s] -- Installing: /home/czz/nvblox_ws/build/nvblox/nvblox/eigen/include/eigen3/Eigen/src/CholmodSupport/CholmodSupport.h
[41.365s] -- Installing: /home/czz/nvblox_ws/build/nvblox/nvblox/eigen/include/eigen3/Eigen/src/Core
[41.366s] -- Installing: /home/czz/nvblox_ws/build/nvblox/nvblox/eigen/include/eigen3/Eigen/src/Core/Assign.h
[41.366s] -- Installing: /home/czz/nvblox_ws/build/nvblox/nvblox/eigen/include/eigen3/Eigen/src/Core/DenseStorage.h
[41.366s] -- Installing: /home/czz/nvblox_ws/build/nvblox/nvblox/eigen/include/eigen3/Eigen/src/Core/BandMatrix.h
[41.366s] -- Installing: /home/czz/nvblox_ws/build/nvblox/nvblox/eigen/include/eigen3/Eigen/src/Core/ForceAlignedAccess.h
[41.366s] -- Installing: /home/czz/nvblox_ws/build/nvblox/nvblox/eigen/include/eigen3/Eigen/src/Core/SelfCwiseBinaryOp.h
[41.366s] -- Installing: /home/czz/nvblox_ws/build/nvblox/nvblox/eigen/include/eigen3/Eigen/src/Core/ReturnByValue.h
[41.366s] -- Installing: /home/czz/nvblox_ws/build/nvblox/nvblox/eigen/include/eigen3/Eigen/src/Core/products
[41.366s] -- Installing: /home/czz/nvblox_ws/build/nvblox/nvblox/eigen/include/eigen3/Eigen/src/Core/products/SelfadjointMatrixVector.h
[41.366s] -- Installing: /home/czz/nvblox_ws/build/nvblox/nvblox/eigen/include/eigen3/Eigen/src/Core/products/GeneralMatrixVector_BLAS.h
[41.366s] -- Installing: /home/czz/nvblox_ws/build/nvblox/nvblox/eigen/include/eigen3/Eigen/src/Core/products/SelfadjointMatrixVector_BLAS.h
[41.366s] -- Installing: /home/czz/nvblox_ws/build/nvblox/nvblox/eigen/include/eigen3/Eigen/src/Core/products/GeneralBlockPanelKernel.h
[41.366s] -- Installing: /home/czz/nvblox_ws/build/nvblox/nvblox/eigen/include/eigen3/Eigen/src/Core/products/TriangularSolverMatrix_BLAS.h
[41.366s] -- Installing: /home/czz/nvblox_ws/build/nvblox/nvblox/eigen/include/eigen3/Eigen/src/Core/products/SelfadjointMatrixMatrix.h
[41.366s] -- Installing: /home/czz/nvblox_ws/build/nvblox/nvblox/eigen/include/eigen3/Eigen/src/Core/products/Parallelizer.h
[41.366s] -- Installing: /home/czz/nvblox_ws/build/nvblox/nvblox/eigen/include/eigen3/Eigen/src/Core/products/SelfadjointMatrixMatrix_BLAS.h
[41.366s] -- Installing: /home/czz/nvblox_ws/build/nvblox/nvblox/eigen/include/eigen3/Eigen/src/Core/products/SelfadjointProduct.h
[41.366s] -- Installing: /home/czz/nvblox_ws/build/nvblox/nvblox/eigen/include/eigen3/Eigen/src/Core/products/GeneralMatrixMatrix.h
[41.366s] -- Installing: /home/czz/nvblox_ws/build/nvblox/nvblox/eigen/include/eigen3/Eigen/src/Core/products/GeneralMatrixMatrixTriangular_BLAS.h
[41.366s] -- Installing: /home/czz/nvblox_ws/build/nvblox/nvblox/eigen/include/eigen3/Eigen/src/Core/products/TriangularMatrixMatrix.h
[41.366s] -- Installing: /home/czz/nvblox_ws/build/nvblox/nvblox/eigen/include/eigen3/Eigen/src/Core/products/GeneralMatrixMatrix_BLAS.h
[41.366s] -- Installing: /home/czz/nvblox_ws/build/nvblox/nvblox/eigen/include/eigen3/Eigen/src/Core/products/TriangularMatrixVector_BLAS.h
[41.366s] -- Installing: /home/czz/nvblox_ws/build/nvblox/nvblox/eigen/include/eigen3/Eigen/src/Core/products/GeneralMatrixVector.h
[41.366s] -- Installing: /home/czz/nvblox_ws/build/nvblox/nvblox/eigen/include/eigen3/Eigen/src/Core/products/TriangularSolverVector.h
[41.366s] -- Installing: /home/czz/nvblox_ws/build/nvblox/nvblox/eigen/include/eigen3/Eigen/src/Core/products/TriangularSolverMatrix.h
[41.366s] -- Installing: /home/czz/nvblox_ws/build/nvblox/nvblox/eigen/include/eigen3/Eigen/src/Core/products/TriangularMatrixVector.h
[41.366s] -- Installing: /home/czz/nvblox_ws/build/nvblox/nvblox/eigen/include/eigen3/Eigen/src/Core/products/GeneralMatrixMatrixTriangular.h
[41.366s] -- Installing: /home/czz/nvblox_ws/build/nvblox/nvblox/eigen/include/eigen3/Eigen/src/Core/products/TriangularMatrixMatrix_BLAS.h
[41.366s] -- Installing: /home/czz/nvblox_ws/build/nvblox/nvblox/eigen/include/eigen3/Eigen/src/Core/products/SelfadjointRank2Update.h
[41.366s] -- Installing: /home/czz/nvblox_ws/build/nvblox/nvblox/eigen/include/eigen3/Eigen/src/Core/DenseBase.h
[41.366s] -- Installing: /home/czz/nvblox_ws/build/nvblox/nvblox/eigen/include/eigen3/Eigen/src/Core/Diagonal.h
[41.366s] -- Installing: /home/czz/nvblox_ws/build/nvblox/nvblox/eigen/include/eigen3/Eigen/src/Core/SolverBase.h
[41.366s] -- Installing: /home/czz/nvblox_ws/build/nvblox/nvblox/eigen/include/eigen3/Eigen/src/Core/ArithmeticSequence.h
[41.366s] -- Installing: /home/czz/nvblox_ws/build/nvblox/nvblox/eigen/include/eigen3/Eigen/src/Core/VectorBlock.h
[41.366s] -- Installing: /home/czz/nvblox_ws/build/nvblox/nvblox/eigen/include/eigen3/Eigen/src/Core/PlainObjectBase.h
[41.366s] -- Installing: /home/czz/nvblox_ws/build/nvblox/nvblox/eigen/include/eigen3/Eigen/src/Core/ArrayWrapper.h
[41.366s] -- Installing: /home/czz/nvblox_ws/build/nvblox/nvblox/eigen/include/eigen3/Eigen/src/Core/SelfAdjointView.h
[41.366s] -- Installing: /home/czz/nvblox_ws/build/nvblox/nvblox/eigen/include/eigen3/Eigen/src/Core/Product.h
[41.366s] -- Installing: /home/czz/nvblox_ws/build/nvblox/nvblox/eigen/include/eigen3/Eigen/src/Core/EigenBase.h
[41.366s] -- Installing: /home/czz/nvblox_ws/build/nvblox/nvblox/eigen/include/eigen3/Eigen/src/Core/DenseCoeffsBase.h
[41.366s] -- Installing: /home/czz/nvblox_ws/build/nvblox/nvblox/eigen/include/eigen3/Eigen/src/Core/Matrix.h
[41.366s] -- Installing: /home/czz/nvblox_ws/build/nvblox/nvblox/eigen/include/eigen3/Eigen/src/Core/Array.h
[41.367s] -- Installing: /home/czz/nvblox_ws/build/nvblox/nvblox/eigen/include/eigen3/Eigen/src/Core/Assign_MKL.h
[41.367s] -- Installing: /home/czz/nvblox_ws/build/nvblox/nvblox/eigen/include/eigen3/Eigen/src/Core/TriangularMatrix.h
[41.367s] -- Installing: /home/czz/nvblox_ws/build/nvblox/nvblox/eigen/include/eigen3/Eigen/src/Core/Ref.h
[41.367s] -- Installing: /home/czz/nvblox_ws/build/nvblox/nvblox/eigen/include/eigen3/Eigen/src/Core/functors
[41.367s] -- Installing: /home/czz/nvblox_ws/build/nvblox/nvblox/eigen/include/eigen3/Eigen/src/Core/functors/AssignmentFunctors.h
[41.367s] -- Installing: /home/czz/nvblox_ws/build/nvblox/nvblox/eigen/include/eigen3/Eigen/src/Core/functors/StlFunctors.h
[41.367s] -- Installing: /home/czz/nvblox_ws/build/nvblox/nvblox/eigen/include/eigen3/Eigen/src/Core/functors/TernaryFunctors.h
[41.367s] -- Installing: /home/czz/nvblox_ws/build/nvblox/nvblox/eigen/include/eigen3/Eigen/src/Core/functors/NullaryFunctors.h
[41.367s] -- Installing: /home/czz/nvblox_ws/build/nvblox/nvblox/eigen/include/eigen3/Eigen/src/Core/functors/UnaryFunctors.h
[41.367s] -- Installing: /home/czz/nvblox_ws/build/nvblox/nvblox/eigen/include/eigen3/Eigen/src/Core/functors/BinaryFunctors.h
[41.367s] -- Installing: /home/czz/nvblox_ws/build/nvblox/nvblox/eigen/include/eigen3/Eigen/src/Core/CwiseUnaryOp.h
[41.367s] -- Installing: /home/czz/nvblox_ws/build/nvblox/nvblox/eigen/include/eigen3/Eigen/src/Core/BooleanRedux.h
[41.367s] -- Installing: /home/czz/nvblox_ws/build/nvblox/nvblox/eigen/include/eigen3/Eigen/src/Core/Transpose.h
[41.367s] -- Installing: /home/czz/nvblox_ws/build/nvblox/nvblox/eigen/include/eigen3/Eigen/src/Core/Random.h
[41.367s] -- Installing: /home/czz/nvblox_ws/build/nvblox/nvblox/eigen/include/eigen3/Eigen/src/Core/CoreIterators.h
[41.367s] -- Installing: /home/czz/nvblox_ws/build/nvblox/nvblox/eigen/include/eigen3/Eigen/src/Core/CommaInitializer.h
[41.367s] -- Installing: /home/czz/nvblox_ws/build/nvblox/nvblox/eigen/include/eigen3/Eigen/src/Core/Redux.h
[41.367s] -- Installing: /home/czz/nvblox_ws/build/nvblox/nvblox/eigen/include/eigen3/Eigen/src/Core/Solve.h
[41.367s] -- Installing: /home/czz/nvblox_ws/build/nvblox/nvblox/eigen/include/eigen3/Eigen/src/Core/PermutationMatrix.h
[41.367s] -- Installing: /home/czz/nvblox_ws/build/nvblox/nvblox/eigen/include/eigen3/Eigen/src/Core/MathFunctionsImpl.h
[41.367s] -- Installing: /home/czz/nvblox_ws/build/nvblox/nvblox/eigen/include/eigen3/Eigen/src/Core/Map.h
[41.367s] -- Installing: /home/czz/nvblox_ws/build/nvblox/nvblox/eigen/include/eigen3/Eigen/src/Core/MatrixBase.h
[41.367s] -- Installing: /home/czz/nvblox_ws/build/nvblox/nvblox/eigen/include/eigen3/Eigen/src/Core/NumTraits.h
[41.367s] -- Installing: /home/czz/nvblox_ws/build/nvblox/nvblox/eigen/include/eigen3/Eigen/src/Core/IndexedView.h
[41.367s] -- Installing: /home/czz/nvblox_ws/build/nvblox/nvblox/eigen/include/eigen3/Eigen/src/Core/Stride.h
[41.367s] -- Installing: /home/czz/nvblox_ws/build/nvblox/nvblox/eigen/include/eigen3/Eigen/src/Core/util
[41.367s] -- Installing: /home/czz/nvblox_ws/build/nvblox/nvblox/eigen/include/eigen3/Eigen/src/Core/util/ReshapedHelper.h
[41.367s] -- Installing: /home/czz/nvblox_ws/build/nvblox/nvblox/eigen/include/eigen3/Eigen/src/Core/util/BlasUtil.h
[41.367s] -- Installing: /home/czz/nvblox_ws/build/nvblox/nvblox/eigen/include/eigen3/Eigen/src/Core/util/ReenableStupidWarnings.h
[41.367s] -- Installing: /home/czz/nvblox_ws/build/nvblox/nvblox/eigen/include/eigen3/Eigen/src/Core/util/ForwardDeclarations.h
[41.367s] -- Installing: /home/czz/nvblox_ws/build/nvblox/nvblox/eigen/include/eigen3/Eigen/src/Core/util/Memory.h
[41.367s] -- Installing: /home/czz/nvblox_ws/build/nvblox/nvblox/eigen/include/eigen3/Eigen/src/Core/util/ConfigureVectorization.h
[41.367s] -- Installing: /home/czz/nvblox_ws/build/nvblox/nvblox/eigen/include/eigen3/Eigen/src/Core/util/Meta.h
[41.367s] -- Installing: /home/czz/nvblox_ws/build/nvblox/nvblox/eigen/include/eigen3/Eigen/src/Core/util/Constants.h
[41.367s] -- Installing: /home/czz/nvblox_ws/build/nvblox/nvblox/eigen/include/eigen3/Eigen/src/Core/util/IndexedViewHelper.h
[41.367s] -- Installing: /home/czz/nvblox_ws/build/nvblox/nvblox/eigen/include/eigen3/Eigen/src/Core/util/NonMPL2.h
[41.367s] -- Installing: /home/czz/nvblox_ws/build/nvblox/nvblox/eigen/include/eigen3/Eigen/src/Core/util/XprHelper.h
[41.367s] -- Installing: /home/czz/nvblox_ws/build/nvblox/nvblox/eigen/include/eigen3/Eigen/src/Core/util/MKL_support.h
[41.367s] -- Installing: /home/czz/nvblox_ws/build/nvblox/nvblox/eigen/include/eigen3/Eigen/src/Core/util/IntegralConstant.h
[41.367s] -- Installing: /home/czz/nvblox_ws/build/nvblox/nvblox/eigen/include/eigen3/Eigen/src/Core/util/SymbolicIndex.h
[41.367s] -- Installing: /home/czz/nvblox_ws/build/nvblox/nvblox/eigen/include/eigen3/Eigen/src/Core/util/StaticAssert.h
[41.367s] -- Installing: /home/czz/nvblox_ws/build/nvblox/nvblox/eigen/include/eigen3/Eigen/src/Core/util/DisableStupidWarnings.h
[41.367s] -- Installing: /home/czz/nvblox_ws/build/nvblox/nvblox/eigen/include/eigen3/Eigen/src/Core/util/Macros.h
[41.368s] -- Installing: /home/czz/nvblox_ws/build/nvblox/nvblox/eigen/include/eigen3/Eigen/src/Core/PartialReduxEvaluator.h
[41.368s] -- Installing: /home/czz/nvblox_ws/build/nvblox/nvblox/eigen/include/eigen3/Eigen/src/Core/IO.h
[41.368s] -- Installing: /home/czz/nvblox_ws/build/nvblox/nvblox/eigen/include/eigen3/Eigen/src/Core/arch
[41.368s] -- Installing: /home/czz/nvblox_ws/build/nvblox/nvblox/eigen/include/eigen3/Eigen/src/Core/arch/Default
[41.368s] -- Installing: /home/czz/nvblox_ws/build/nvblox/nvblox/eigen/include/eigen3/Eigen/src/Core/arch/Default/Half.h
[41.368s] -- Installing: /home/czz/nvblox_ws/build/nvblox/nvblox/eigen/include/eigen3/Eigen/src/Core/arch/Default/BFloat16.h
[41.368s] -- Installing: /home/czz/nvblox_ws/build/nvblox/nvblox/eigen/include/eigen3/Eigen/src/Core/arch/Default/Settings.h
[41.368s] -- Installing: /home/czz/nvblox_ws/build/nvblox/nvblox/eigen/include/eigen3/Eigen/src/Core/arch/Default/ConjHelper.h
[41.368s] -- Installing: /home/czz/nvblox_ws/build/nvblox/nvblox/eigen/include/eigen3/Eigen/src/Core/arch/Default/GenericPacketMathFunctionsFwd.h
[41.368s] -- Installing: /home/czz/nvblox_ws/build/nvblox/nvblox/eigen/include/eigen3/Eigen/src/Core/arch/Default/GenericPacketMathFunctions.h
[41.368s] -- Installing: /home/czz/nvblox_ws/build/nvblox/nvblox/eigen/include/eigen3/Eigen/src/Core/arch/Default/TypeCasting.h
[41.368s] -- Installing: /home/czz/nvblox_ws/build/nvblox/nvblox/eigen/include/eigen3/Eigen/src/Core/arch/SVE
[41.368s] -- Installing: /home/czz/nvblox_ws/build/nvblox/nvblox/eigen/include/eigen3/Eigen/src/Core/arch/SVE/PacketMath.h
[41.368s] -- Installing: /home/czz/nvblox_ws/build/nvblox/nvblox/eigen/include/eigen3/Eigen/src/Core/arch/SVE/MathFunctions.h
[41.368s] -- Installing: /home/czz/nvblox_ws/build/nvblox/nvblox/eigen/include/eigen3/Eigen/src/Core/arch/SVE/TypeCasting.h
[41.368s] -- Installing: /home/czz/nvblox_ws/build/nvblox/nvblox/eigen/include/eigen3/Eigen/src/Core/arch/ZVector
[41.368s] -- Installing: /home/czz/nvblox_ws/build/nvblox/nvblox/eigen/include/eigen3/Eigen/src/Core/arch/ZVector/Complex.h
[41.368s] -- Installing: /home/czz/nvblox_ws/build/nvblox/nvblox/eigen/include/eigen3/Eigen/src/Core/arch/ZVector/PacketMath.h
[41.368s] -- Installing: /home/czz/nvblox_ws/build/nvblox/nvblox/eigen/include/eigen3/Eigen/src/Core/arch/ZVector/MathFunctions.h
[41.368s] -- Installing: /home/czz/nvblox_ws/build/nvblox/nvblox/eigen/include/eigen3/Eigen/src/Core/arch/AVX
[41.368s] -- Installing: /home/czz/nvblox_ws/build/nvblox/nvblox/eigen/include/eigen3/Eigen/src/Core/arch/AVX/Complex.h
[41.368s] -- Installing: /home/czz/nvblox_ws/build/nvblox/nvblox/eigen/include/eigen3/Eigen/src/Core/arch/AVX/PacketMath.h
[41.368s] -- Installing: /home/czz/nvblox_ws/build/nvblox/nvblox/eigen/include/eigen3/Eigen/src/Core/arch/AVX/MathFunctions.h
[41.368s] -- Installing: /home/czz/nvblox_ws/build/nvblox/nvblox/eigen/include/eigen3/Eigen/src/Core/arch/AVX/TypeCasting.h
[41.368s] -- Installing: /home/czz/nvblox_ws/build/nvblox/nvblox/eigen/include/eigen3/Eigen/src/Core/arch/CUDA
[41.368s] -- Installing: /home/czz/nvblox_ws/build/nvblox/nvblox/eigen/include/eigen3/Eigen/src/Core/arch/CUDA/Complex.h
[41.368s] -- Installing: /home/czz/nvblox_ws/build/nvblox/nvblox/eigen/include/eigen3/Eigen/src/Core/arch/NEON
[41.368s] -- Installing: /home/czz/nvblox_ws/build/nvblox/nvblox/eigen/include/eigen3/Eigen/src/Core/arch/NEON/GeneralBlockPanelKernel.h
[41.368s] -- Installing: /home/czz/nvblox_ws/build/nvblox/nvblox/eigen/include/eigen3/Eigen/src/Core/arch/NEON/Complex.h
[41.368s] -- Installing: /home/czz/nvblox_ws/build/nvblox/nvblox/eigen/include/eigen3/Eigen/src/Core/arch/NEON/PacketMath.h
[41.368s] -- Installing: /home/czz/nvblox_ws/build/nvblox/nvblox/eigen/include/eigen3/Eigen/src/Core/arch/NEON/MathFunctions.h
[41.368s] -- Installing: /home/czz/nvblox_ws/build/nvblox/nvblox/eigen/include/eigen3/Eigen/src/Core/arch/NEON/TypeCasting.h
[41.368s] -- Installing: /home/czz/nvblox_ws/build/nvblox/nvblox/eigen/include/eigen3/Eigen/src/Core/arch/MSA
[41.368s] -- Installing: /home/czz/nvblox_ws/build/nvblox/nvblox/eigen/include/eigen3/Eigen/src/Core/arch/MSA/Complex.h
[41.368s] -- Installing: /home/czz/nvblox_ws/build/nvblox/nvblox/eigen/include/eigen3/Eigen/src/Core/arch/MSA/PacketMath.h
[41.368s] -- Installing: /home/czz/nvblox_ws/build/nvblox/nvblox/eigen/include/eigen3/Eigen/src/Core/arch/MSA/MathFunctions.h
[41.368s] -- Installing: /home/czz/nvblox_ws/build/nvblox/nvblox/eigen/include/eigen3/Eigen/src/Core/arch/GPU
[41.368s] -- Installing: /home/czz/nvblox_ws/build/nvblox/nvblox/eigen/include/eigen3/Eigen/src/Core/arch/GPU/PacketMath.h
[41.368s] -- Installing: /home/czz/nvblox_ws/build/nvblox/nvblox/eigen/include/eigen3/Eigen/src/Core/arch/GPU/MathFunctions.h
[41.368s] -- Installing: /home/czz/nvblox_ws/build/nvblox/nvblox/eigen/include/eigen3/Eigen/src/Core/arch/GPU/TypeCasting.h
[41.369s] -- Installing: /home/czz/nvblox_ws/build/nvblox/nvblox/eigen/include/eigen3/Eigen/src/Core/arch/SSE
[41.369s] -- Installing: /home/czz/nvblox_ws/build/nvblox/nvblox/eigen/include/eigen3/Eigen/src/Core/arch/SSE/Complex.h
[41.369s] -- Installing: /home/czz/nvblox_ws/build/nvblox/nvblox/eigen/include/eigen3/Eigen/src/Core/arch/SSE/PacketMath.h
[41.369s] -- Installing: /home/czz/nvblox_ws/build/nvblox/nvblox/eigen/include/eigen3/Eigen/src/Core/arch/SSE/MathFunctions.h
[41.369s] -- Installing: /home/czz/nvblox_ws/build/nvblox/nvblox/eigen/include/eigen3/Eigen/src/Core/arch/SSE/TypeCasting.h
[41.369s] -- Installing: /home/czz/nvblox_ws/build/nvblox/nvblox/eigen/include/eigen3/Eigen/src/Core/arch/AltiVec
[41.369s] -- Installing: /home/czz/nvblox_ws/build/nvblox/nvblox/eigen/include/eigen3/Eigen/src/Core/arch/AltiVec/Complex.h
[41.369s] -- Installing: /home/czz/nvblox_ws/build/nvblox/nvblox/eigen/include/eigen3/Eigen/src/Core/arch/AltiVec/MatrixProduct.h
[41.369s] -- Installing: /home/czz/nvblox_ws/build/nvblox/nvblox/eigen/include/eigen3/Eigen/src/Core/arch/AltiVec/PacketMath.h
[41.369s] -- Installing: /home/czz/nvblox_ws/build/nvblox/nvblox/eigen/include/eigen3/Eigen/src/Core/arch/AltiVec/MatrixProductCommon.h
[41.369s] -- Installing: /home/czz/nvblox_ws/build/nvblox/nvblox/eigen/include/eigen3/Eigen/src/Core/arch/AltiVec/MatrixProductMMA.h
[41.369s] -- Installing: /home/czz/nvblox_ws/build/nvblox/nvblox/eigen/include/eigen3/Eigen/src/Core/arch/AltiVec/MathFunctions.h
[41.369s] -- Installing: /home/czz/nvblox_ws/build/nvblox/nvblox/eigen/include/eigen3/Eigen/src/Core/arch/HIP
[41.369s] -- Installing: /home/czz/nvblox_ws/build/nvblox/nvblox/eigen/include/eigen3/Eigen/src/Core/arch/HIP/hcc
[41.369s] -- Installing: /home/czz/nvblox_ws/build/nvblox/nvblox/eigen/include/eigen3/Eigen/src/Core/arch/HIP/hcc/math_constants.h
[41.369s] -- Installing: /home/czz/nvblox_ws/build/nvblox/nvblox/eigen/include/eigen3/Eigen/src/Core/arch/SYCL
[41.369s] -- Installing: /home/czz/nvblox_ws/build/nvblox/nvblox/eigen/include/eigen3/Eigen/src/Core/arch/SYCL/SyclMemoryModel.h
[41.369s] -- Installing: /home/czz/nvblox_ws/build/nvblox/nvblox/eigen/include/eigen3/Eigen/src/Core/arch/SYCL/PacketMath.h
[41.369s] -- Installing: /home/czz/nvblox_ws/build/nvblox/nvblox/eigen/include/eigen3/Eigen/src/Core/arch/SYCL/InteropHeaders.h
[41.369s] -- Installing: /home/czz/nvblox_ws/build/nvblox/nvblox/eigen/include/eigen3/Eigen/src/Core/arch/SYCL/MathFunctions.h
[41.369s] -- Installing: /home/czz/nvblox_ws/build/nvblox/nvblox/eigen/include/eigen3/Eigen/src/Core/arch/SYCL/TypeCasting.h
[41.369s] -- Installing: /home/czz/nvblox_ws/build/nvblox/nvblox/eigen/include/eigen3/Eigen/src/Core/arch/AVX512
[41.369s] -- Installing: /home/czz/nvblox_ws/build/nvblox/nvblox/eigen/include/eigen3/Eigen/src/Core/arch/AVX512/Complex.h
[41.369s] -- Installing: /home/czz/nvblox_ws/build/nvblox/nvblox/eigen/include/eigen3/Eigen/src/Core/arch/AVX512/PacketMath.h
[41.369s] -- Installing: /home/czz/nvblox_ws/build/nvblox/nvblox/eigen/include/eigen3/Eigen/src/Core/arch/AVX512/MathFunctions.h
[41.369s] -- Installing: /home/czz/nvblox_ws/build/nvblox/nvblox/eigen/include/eigen3/Eigen/src/Core/arch/AVX512/TypeCasting.h
[41.369s] -- Installing: /home/czz/nvblox_ws/build/nvblox/nvblox/eigen/include/eigen3/Eigen/src/Core/ArrayBase.h
[41.369s] -- Installing: /home/czz/nvblox_ws/build/nvblox/nvblox/eigen/include/eigen3/Eigen/src/Core/NoAlias.h
[41.369s] -- Installing: /home/czz/nvblox_ws/build/nvblox/nvblox/eigen/include/eigen3/Eigen/src/Core/Block.h
[41.369s] -- Installing: /home/czz/nvblox_ws/build/nvblox/nvblox/eigen/include/eigen3/Eigen/src/Core/MapBase.h
[41.369s] -- Installing: /home/czz/nvblox_ws/build/nvblox/nvblox/eigen/include/eigen3/Eigen/src/Core/Dot.h
[41.369s] -- Installing: /home/czz/nvblox_ws/build/nvblox/nvblox/eigen/include/eigen3/Eigen/src/Core/CwiseUnaryView.h
[41.369s] -- Installing: /home/czz/nvblox_ws/build/nvblox/nvblox/eigen/include/eigen3/Eigen/src/Core/NestByValue.h
[41.369s] -- Installing: /home/czz/nvblox_ws/build/nvblox/nvblox/eigen/include/eigen3/Eigen/src/Core/AssignEvaluator.h
[41.369s] -- Installing: /home/czz/nvblox_ws/build/nvblox/nvblox/eigen/include/eigen3/Eigen/src/Core/Visitor.h
[41.369s] -- Installing: /home/czz/nvblox_ws/build/nvblox/nvblox/eigen/include/eigen3/Eigen/src/Core/DiagonalProduct.h
[41.369s] -- Installing: /home/czz/nvblox_ws/build/nvblox/nvblox/eigen/include/eigen3/Eigen/src/Core/Replicate.h
[41.370s] -- Installing: /home/czz/nvblox_ws/build/nvblox/nvblox/eigen/include/eigen3/Eigen/src/Core/DiagonalMatrix.h
[41.370s] -- Installing: /home/czz/nvblox_ws/build/nvblox/nvblox/eigen/include/eigen3/Eigen/src/Core/Reverse.h
[41.370s] -- Installing: /home/czz/nvblox_ws/build/nvblox/nvblox/eigen/include/eigen3/Eigen/src/Core/CwiseBinaryOp.h
[41.370s] -- Installing: /home/czz/nvblox_ws/build/nvblox/nvblox/eigen/include/eigen3/Eigen/src/Core/ConditionEstimator.h
[41.370s] -- Installing: /home/czz/nvblox_ws/build/nvblox/nvblox/eigen/include/eigen3/Eigen/src/Core/VectorwiseOp.h
[41.370s] -- Installing: /home/czz/nvblox_ws/build/nvblox/nvblox/eigen/include/eigen3/Eigen/src/Core/MathFunctions.h
[41.370s] -- Installing: /home/czz/nvblox_ws/build/nvblox/nvblox/eigen/include/eigen3/Eigen/src/Core/CwiseNullaryOp.h
[41.370s] -- Installing: /home/czz/nvblox_ws/build/nvblox/nvblox/eigen/include/eigen3/Eigen/src/Core/CoreEvaluators.h
[41.370s] -- Installing: /home/czz/nvblox_ws/build/nvblox/nvblox/eigen/include/eigen3/Eigen/src/Core/Inverse.h
[41.370s] -- Installing: /home/czz/nvblox_ws/build/nvblox/nvblox/eigen/include/eigen3/Eigen/src/Core/Swap.h
[41.370s] -- Installing: /home/czz/nvblox_ws/build/nvblox/nvblox/eigen/include/eigen3/Eigen/src/Core/SolveTriangular.h
[41.370s] -- Installing: /home/czz/nvblox_ws/build/nvblox/nvblox/eigen/include/eigen3/Eigen/src/Core/Select.h
[41.370s] -- Installing: /home/czz/nvblox_ws/build/nvblox/nvblox/eigen/include/eigen3/Eigen/src/Core/Transpositions.h
[41.370s] -- Installing: /home/czz/nvblox_ws/build/nvblox/nvblox/eigen/include/eigen3/Eigen/src/Core/ProductEvaluators.h
[41.370s] -- Installing: /home/czz/nvblox_ws/build/nvblox/nvblox/eigen/include/eigen3/Eigen/src/Core/Reshaped.h
[41.370s] -- Installing: /home/czz/nvblox_ws/build/nvblox/nvblox/eigen/include/eigen3/Eigen/src/Core/GlobalFunctions.h
[41.370s] -- Installing: /home/czz/nvblox_ws/build/nvblox/nvblox/eigen/include/eigen3/Eigen/src/Core/StableNorm.h
[41.370s] -- Installing: /home/czz/nvblox_ws/build/nvblox/nvblox/eigen/include/eigen3/Eigen/src/Core/StlIterators.h
[41.370s] -- Installing: /home/czz/nvblox_ws/build/nvblox/nvblox/eigen/include/eigen3/Eigen/src/Core/CwiseTernaryOp.h
[41.370s] -- Installing: /home/czz/nvblox_ws/build/nvblox/nvblox/eigen/include/eigen3/Eigen/src/Core/GenericPacketMath.h
[41.370s] -- Installing: /home/czz/nvblox_ws/build/nvblox/nvblox/eigen/include/eigen3/Eigen/src/Core/GeneralProduct.h
[41.370s] -- Installing: /home/czz/nvblox_ws/build/nvblox/nvblox/eigen/include/eigen3/Eigen/src/Core/Fuzzy.h
[41.370s] -- Installing: /home/czz/nvblox_ws/build/nvblox/nvblox/eigen/include/eigen3/Eigen/src/KLUSupport
[41.370s] -- Installing: /home/czz/nvblox_ws/build/nvblox/nvblox/eigen/include/eigen3/Eigen/src/KLUSupport/KLUSupport.h
[41.370s] -- Installing: /home/czz/nvblox_ws/build/nvblox/nvblox/eigen/include/eigen3/Eigen/src/Geometry
[41.370s] -- Installing: /home/czz/nvblox_ws/build/nvblox/nvblox/eigen/include/eigen3/Eigen/src/Geometry/ParametrizedLine.h
[41.370s] -- Installing: /home/czz/nvblox_ws/build/nvblox/nvblox/eigen/include/eigen3/Eigen/src/Geometry/Umeyama.h
[41.370s] -- Installing: /home/czz/nvblox_ws/build/nvblox/nvblox/eigen/include/eigen3/Eigen/src/Geometry/AlignedBox.h
[41.370s] -- Installing: /home/czz/nvblox_ws/build/nvblox/nvblox/eigen/include/eigen3/Eigen/src/Geometry/RotationBase.h
[41.371s] -- Installing: /home/czz/nvblox_ws/build/nvblox/nvblox/eigen/include/eigen3/Eigen/src/Geometry/Scaling.h
[41.371s] -- Installing: /home/czz/nvblox_ws/build/nvblox/nvblox/eigen/include/eigen3/Eigen/src/Geometry/Homogeneous.h
[41.371s] -- Installing: /home/czz/nvblox_ws/build/nvblox/nvblox/eigen/include/eigen3/Eigen/src/Geometry/Quaternion.h
[41.371s] -- Installing: /home/czz/nvblox_ws/build/nvblox/nvblox/eigen/include/eigen3/Eigen/src/Geometry/Rotation2D.h
[41.371s] -- Installing: /home/czz/nvblox_ws/build/nvblox/nvblox/eigen/include/eigen3/Eigen/src/Geometry/Hyperplane.h
[41.371s] -- Installing: /home/czz/nvblox_ws/build/nvblox/nvblox/eigen/include/eigen3/Eigen/src/Geometry/arch
[41.371s] -- Installing: /home/czz/nvblox_ws/build/nvblox/nvblox/eigen/include/eigen3/Eigen/src/Geometry/arch/Geometry_SIMD.h
[41.371s] -- Installing: /home/czz/nvblox_ws/build/nvblox/nvblox/eigen/include/eigen3/Eigen/src/Geometry/AngleAxis.h
[41.371s] -- Installing: /home/czz/nvblox_ws/build/nvblox/nvblox/eigen/include/eigen3/Eigen/src/Geometry/OrthoMethods.h
[41.371s] -- Installing: /home/czz/nvblox_ws/build/nvblox/nvblox/eigen/include/eigen3/Eigen/src/Geometry/Translation.h
[41.371s] -- Installing: /home/czz/nvblox_ws/build/nvblox/nvblox/eigen/include/eigen3/Eigen/src/Geometry/EulerAngles.h
[41.371s] -- Installing: /home/czz/nvblox_ws/build/nvblox/nvblox/eigen/include/eigen3/Eigen/src/Geometry/Transform.h
[41.371s] -- Installing: /home/czz/nvblox_ws/build/nvblox/nvblox/eigen/include/eigen3/Eigen/src/SVD
[41.371s] -- Installing: /home/czz/nvblox_ws/build/nvblox/nvblox/eigen/include/eigen3/Eigen/src/SVD/BDCSVD.h
[41.371s] -- Installing: /home/czz/nvblox_ws/build/nvblox/nvblox/eigen/include/eigen3/Eigen/src/SVD/UpperBidiagonalization.h
[41.371s] -- Installing: /home/czz/nvblox_ws/build/nvblox/nvblox/eigen/include/eigen3/Eigen/src/SVD/SVDBase.h
[41.371s] -- Installing: /home/czz/nvblox_ws/build/nvblox/nvblox/eigen/include/eigen3/Eigen/src/SVD/JacobiSVD_LAPACKE.h
[41.371s] -- Installing: /home/czz/nvblox_ws/build/nvblox/nvblox/eigen/include/eigen3/Eigen/src/SVD/JacobiSVD.h
[41.371s] -- Installing: /home/czz/nvblox_ws/build/nvblox/nvblox/eigen/include/eigen3/Eigen/src/StlSupport
[41.371s] -- Installing: /home/czz/nvblox_ws/build/nvblox/nvblox/eigen/include/eigen3/Eigen/src/StlSupport/StdList.h
[41.371s] -- Installing: /home/czz/nvblox_ws/build/nvblox/nvblox/eigen/include/eigen3/Eigen/src/StlSupport/StdDeque.h
[41.371s] -- Installing: /home/czz/nvblox_ws/build/nvblox/nvblox/eigen/include/eigen3/Eigen/src/StlSupport/StdVector.h
[41.371s] -- Installing: /home/czz/nvblox_ws/build/nvblox/nvblox/eigen/include/eigen3/Eigen/src/StlSupport/details.h
[41.371s] -- Installing: /home/czz/nvblox_ws/build/nvblox/nvblox/eigen/include/eigen3/Eigen/src/SPQRSupport
[41.371s] -- Installing: /home/czz/nvblox_ws/build/nvblox/nvblox/eigen/include/eigen3/Eigen/src/SPQRSupport/SuiteSparseQRSupport.h
[41.371s] -- Installing: /home/czz/nvblox_ws/build/nvblox/nvblox/eigen/include/eigen3/Eigen/src/IterativeLinearSolvers
[41.371s] -- Installing: /home/czz/nvblox_ws/build/nvblox/nvblox/eigen/include/eigen3/Eigen/src/IterativeLinearSolvers/BiCGSTAB.h
[41.371s] -- Installing: /home/czz/nvblox_ws/build/nvblox/nvblox/eigen/include/eigen3/Eigen/src/IterativeLinearSolvers/ConjugateGradient.h
[41.371s] -- Installing: /home/czz/nvblox_ws/build/nvblox/nvblox/eigen/include/eigen3/Eigen/src/IterativeLinearSolvers/SolveWithGuess.h
[41.372s] -- Installing: /home/czz/nvblox_ws/build/nvblox/nvblox/eigen/include/eigen3/Eigen/src/IterativeLinearSolvers/BasicPreconditioners.h
[41.372s] -- Installing: /home/czz/nvblox_ws/build/nvblox/nvblox/eigen/include/eigen3/Eigen/src/IterativeLinearSolvers/IterativeSolverBase.h
[41.372s] -- Installing: /home/czz/nvblox_ws/build/nvblox/nvblox/eigen/include/eigen3/Eigen/src/IterativeLinearSolvers/IncompleteCholesky.h
[41.372s] -- Installing: /home/czz/nvblox_ws/build/nvblox/nvblox/eigen/include/eigen3/Eigen/src/IterativeLinearSolvers/LeastSquareConjugateGradient.h
[41.372s] -- Installing: /home/czz/nvblox_ws/build/nvblox/nvblox/eigen/include/eigen3/Eigen/src/IterativeLinearSolvers/IncompleteLUT.h
[41.372s] -- Installing: /home/czz/nvblox_ws/build/nvblox/nvblox/eigen/include/eigen3/Eigen/src/Householder
[41.372s] -- Installing: /home/czz/nvblox_ws/build/nvblox/nvblox/eigen/include/eigen3/Eigen/src/Householder/Householder.h
[41.372s] -- Installing: /home/czz/nvblox_ws/build/nvblox/nvblox/eigen/include/eigen3/Eigen/src/Householder/HouseholderSequence.h
[41.372s] -- Installing: /home/czz/nvblox_ws/build/nvblox/nvblox/eigen/include/eigen3/Eigen/src/Householder/BlockHouseholder.h
[41.372s] -- Installing: /home/czz/nvblox_ws/build/nvblox/nvblox/eigen/include/eigen3/Eigen/src/Cholesky
[41.372s] -- Installing: /home/czz/nvblox_ws/build/nvblox/nvblox/eigen/include/eigen3/Eigen/src/Cholesky/LLT_LAPACKE.h
[41.372s] -- Installing: /home/czz/nvblox_ws/build/nvblox/nvblox/eigen/include/eigen3/Eigen/src/Cholesky/LLT.h
[41.372s] -- Installing: /home/czz/nvblox_ws/build/nvblox/nvblox/eigen/include/eigen3/Eigen/src/Cholesky/LDLT.h
[41.372s] -- Installing: /home/czz/nvblox_ws/build/nvblox/nvblox/eigen/include/eigen3/Eigen/src/PaStiXSupport
[41.372s] -- Installing: /home/czz/nvblox_ws/build/nvblox/nvblox/eigen/include/eigen3/Eigen/src/PaStiXSupport/PaStiXSupport.h
[41.372s] -- Installing: /home/czz/nvblox_ws/build/nvblox/nvblox/eigen/include/eigen3/Eigen/PaStiXSupport
[41.372s] -- Installing: /home/czz/nvblox_ws/build/nvblox/nvblox/eigen/share/eigen3/cmake/Eigen3Targets.cmake
[41.372s] -- Installing: /home/czz/nvblox_ws/build/nvblox/nvblox/eigen/share/eigen3/cmake/UseEigen3.cmake
[41.372s] -- Installing: /home/czz/nvblox_ws/build/nvblox/nvblox/eigen/share/eigen3/cmake/Eigen3Config.cmake
[41.372s] -- Installing: /home/czz/nvblox_ws/build/nvblox/nvblox/eigen/share/eigen3/cmake/Eigen3ConfigVersion.cmake
[41.372s] -- Installing: /home/czz/nvblox_ws/build/nvblox/nvblox/eigen/include/eigen3/unsupported/Eigen/AdolcForward
[41.372s] -- Installing: /home/czz/nvblox_ws/build/nvblox/nvblox/eigen/include/eigen3/unsupported/Eigen/AlignedVector3
[41.373s] -- Installing: /home/czz/nvblox_ws/build/nvblox/nvblox/eigen/include/eigen3/unsupported/Eigen/ArpackSupport
[41.373s] -- Installing: /home/czz/nvblox_ws/build/nvblox/nvblox/eigen/include/eigen3/unsupported/Eigen/AutoDiff
[41.373s] -- Installing: /home/czz/nvblox_ws/build/nvblox/nvblox/eigen/include/eigen3/unsupported/Eigen/BVH
[41.373s] -- Installing: /home/czz/nvblox_ws/build/nvblox/nvblox/eigen/include/eigen3/unsupported/Eigen/EulerAngles
[41.373s] -- Installing: /home/czz/nvblox_ws/build/nvblox/nvblox/eigen/include/eigen3/unsupported/Eigen/FFT
[41.373s] -- Installing: /home/czz/nvblox_ws/build/nvblox/nvblox/eigen/include/eigen3/unsupported/Eigen/IterativeSolvers
[41.373s] -- Installing: /home/czz/nvblox_ws/build/nvblox/nvblox/eigen/include/eigen3/unsupported/Eigen/KroneckerProduct
[41.373s] -- Installing: /home/czz/nvblox_ws/build/nvblox/nvblox/eigen/include/eigen3/unsupported/Eigen/LevenbergMarquardt
[41.373s] -- Installing: /home/czz/nvblox_ws/build/nvblox/nvblox/eigen/include/eigen3/unsupported/Eigen/MatrixFunctions
[41.373s] -- Installing: /home/czz/nvblox_ws/build/nvblox/nvblox/eigen/include/eigen3/unsupported/Eigen/MoreVectorization
[41.373s] -- Installing: /home/czz/nvblox_ws/build/nvblox/nvblox/eigen/include/eigen3/unsupported/Eigen/MPRealSupport
[41.373s] -- Installing: /home/czz/nvblox_ws/build/nvblox/nvblox/eigen/include/eigen3/unsupported/Eigen/NonLinearOptimization
[41.373s] -- Installing: /home/czz/nvblox_ws/build/nvblox/nvblox/eigen/include/eigen3/unsupported/Eigen/NumericalDiff
[41.373s] -- Installing: /home/czz/nvblox_ws/build/nvblox/nvblox/eigen/include/eigen3/unsupported/Eigen/OpenGLSupport
[41.373s] -- Installing: /home/czz/nvblox_ws/build/nvblox/nvblox/eigen/include/eigen3/unsupported/Eigen/Polynomials
[41.373s] -- Installing: /home/czz/nvblox_ws/build/nvblox/nvblox/eigen/include/eigen3/unsupported/Eigen/Skyline
[41.373s] -- Installing: /home/czz/nvblox_ws/build/nvblox/nvblox/eigen/include/eigen3/unsupported/Eigen/SparseExtra
[41.373s] -- Installing: /home/czz/nvblox_ws/build/nvblox/nvblox/eigen/include/eigen3/unsupported/Eigen/SpecialFunctions
[41.373s] -- Installing: /home/czz/nvblox_ws/build/nvblox/nvblox/eigen/include/eigen3/unsupported/Eigen/Splines
[41.373s] -- Installing: /home/czz/nvblox_ws/build/nvblox/nvblox/eigen/include/eigen3/unsupported/Eigen/src
[41.373s] -- Installing: /home/czz/nvblox_ws/build/nvblox/nvblox/eigen/include/eigen3/unsupported/Eigen/src/MoreVectorization
[41.373s] -- Installing: /home/czz/nvblox_ws/build/nvblox/nvblox/eigen/include/eigen3/unsupported/Eigen/src/MoreVectorization/MathFunctions.h
[41.373s] -- Installing: /home/czz/nvblox_ws/build/nvblox/nvblox/eigen/include/eigen3/unsupported/Eigen/src/NonLinearOptimization
[41.373s] -- Installing: /home/czz/nvblox_ws/build/nvblox/nvblox/eigen/include/eigen3/unsupported/Eigen/src/NonLinearOptimization/fdjac1.h
[41.373s] -- Installing: /home/czz/nvblox_ws/build/nvblox/nvblox/eigen/include/eigen3/unsupported/Eigen/src/NonLinearOptimization/covar.h
[41.373s] -- Installing: /home/czz/nvblox_ws/build/nvblox/nvblox/eigen/include/eigen3/unsupported/Eigen/src/NonLinearOptimization/qrsolv.h
[41.373s] -- Installing: /home/czz/nvblox_ws/build/nvblox/nvblox/eigen/include/eigen3/unsupported/Eigen/src/NonLinearOptimization/r1mpyq.h
[41.373s] -- Installing: /home/czz/nvblox_ws/build/nvblox/nvblox/eigen/include/eigen3/unsupported/Eigen/src/NonLinearOptimization/LevenbergMarquardt.h
[41.374s] -- Installing: /home/czz/nvblox_ws/build/nvblox/nvblox/eigen/include/eigen3/unsupported/Eigen/src/NonLinearOptimization/rwupdt.h
[41.374s] -- Installing: /home/czz/nvblox_ws/build/nvblox/nvblox/eigen/include/eigen3/unsupported/Eigen/src/NonLinearOptimization/chkder.h
[41.374s] -- Installing: /home/czz/nvblox_ws/build/nvblox/nvblox/eigen/include/eigen3/unsupported/Eigen/src/NonLinearOptimization/HybridNonLinearSolver.h
[41.374s] -- Installing: /home/czz/nvblox_ws/build/nvblox/nvblox/eigen/include/eigen3/unsupported/Eigen/src/NonLinearOptimization/dogleg.h
[41.374s] -- Installing: /home/czz/nvblox_ws/build/nvblox/nvblox/eigen/include/eigen3/unsupported/Eigen/src/NonLinearOptimization/lmpar.h
[41.374s] -- Installing: /home/czz/nvblox_ws/build/nvblox/nvblox/eigen/include/eigen3/unsupported/Eigen/src/NonLinearOptimization/r1updt.h
[41.374s] -- Installing: /home/czz/nvblox_ws/build/nvblox/nvblox/eigen/include/eigen3/unsupported/Eigen/src/Skyline
[41.374s] -- Installing: /home/czz/nvblox_ws/build/nvblox/nvblox/eigen/include/eigen3/unsupported/Eigen/src/Skyline/SkylineUtil.h
[41.374s] -- Installing: /home/czz/nvblox_ws/build/nvblox/nvblox/eigen/include/eigen3/unsupported/Eigen/src/Skyline/SkylineStorage.h
[41.374s] -- Installing: /home/czz/nvblox_ws/build/nvblox/nvblox/eigen/include/eigen3/unsupported/Eigen/src/Skyline/SkylineProduct.h
[41.374s] -- Installing: /home/czz/nvblox_ws/build/nvblox/nvblox/eigen/include/eigen3/unsupported/Eigen/src/Skyline/SkylineMatrix.h
[41.374s] -- Installing: /home/czz/nvblox_ws/build/nvblox/nvblox/eigen/include/eigen3/unsupported/Eigen/src/Skyline/SkylineMatrixBase.h
[41.374s] -- Installing: /home/czz/nvblox_ws/build/nvblox/nvblox/eigen/include/eigen3/unsupported/Eigen/src/Skyline/SkylineInplaceLU.h
[41.374s] -- Installing: /home/czz/nvblox_ws/build/nvblox/nvblox/eigen/include/eigen3/unsupported/Eigen/src/Eigenvalues
[41.374s] -- Installing: /home/czz/nvblox_ws/build/nvblox/nvblox/eigen/include/eigen3/unsupported/Eigen/src/Eigenvalues/ArpackSelfAdjointEigenSolver.h
[41.374s] -- Installing: /home/czz/nvblox_ws/build/nvblox/nvblox/eigen/include/eigen3/unsupported/Eigen/src/AutoDiff
[41.374s] -- Installing: /home/czz/nvblox_ws/build/nvblox/nvblox/eigen/include/eigen3/unsupported/Eigen/src/AutoDiff/AutoDiffVector.h
[41.374s] -- Installing: /home/czz/nvblox_ws/build/nvblox/nvblox/eigen/include/eigen3/unsupported/Eigen/src/AutoDiff/AutoDiffScalar.h
[41.374s] -- Installing: /home/czz/nvblox_ws/build/nvblox/nvblox/eigen/include/eigen3/unsupported/Eigen/src/AutoDiff/AutoDiffJacobian.h
[41.374s] -- Installing: /home/czz/nvblox_ws/build/nvblox/nvblox/eigen/include/eigen3/unsupported/Eigen/src/BVH
[41.374s] -- Installing: /home/czz/nvblox_ws/build/nvblox/nvblox/eigen/include/eigen3/unsupported/Eigen/src/BVH/KdBVH.h
[41.374s] -- Installing: /home/czz/nvblox_ws/build/nvblox/nvblox/eigen/include/eigen3/unsupported/Eigen/src/BVH/BVAlgorithms.h
[41.374s] -- Installing: /home/czz/nvblox_ws/build/nvblox/nvblox/eigen/include/eigen3/unsupported/Eigen/src/EulerAngles
[41.374s] -- Installing: /home/czz/nvblox_ws/build/nvblox/nvblox/eigen/include/eigen3/unsupported/Eigen/src/EulerAngles/EulerSystem.h
[41.374s] -- Installing: /home/czz/nvblox_ws/build/nvblox/nvblox/eigen/include/eigen3/unsupported/Eigen/src/EulerAngles/EulerAngles.h
[41.374s] -- Installing: /home/czz/nvblox_ws/build/nvblox/nvblox/eigen/include/eigen3/unsupported/Eigen/src/Polynomials
[41.374s] -- Installing: /home/czz/nvblox_ws/build/nvblox/nvblox/eigen/include/eigen3/unsupported/Eigen/src/Polynomials/Companion.h
[41.374s] -- Installing: /home/czz/nvblox_ws/build/nvblox/nvblox/eigen/include/eigen3/unsupported/Eigen/src/Polynomials/PolynomialUtils.h
[41.374s] -- Installing: /home/czz/nvblox_ws/build/nvblox/nvblox/eigen/include/eigen3/unsupported/Eigen/src/Polynomials/PolynomialSolver.h
[41.374s] -- Installing: /home/czz/nvblox_ws/build/nvblox/nvblox/eigen/include/eigen3/unsupported/Eigen/src/Splines
[41.375s] -- Installing: /home/czz/nvblox_ws/build/nvblox/nvblox/eigen/include/eigen3/unsupported/Eigen/src/Splines/SplineFwd.h
[41.375s] -- Installing: /home/czz/nvblox_ws/build/nvblox/nvblox/eigen/include/eigen3/unsupported/Eigen/src/Splines/Spline.h
[41.375s] -- Installing: /home/czz/nvblox_ws/build/nvblox/nvblox/eigen/include/eigen3/unsupported/Eigen/src/Splines/SplineFitting.h
[41.375s] -- Installing: /home/czz/nvblox_ws/build/nvblox/nvblox/eigen/include/eigen3/unsupported/Eigen/src/NumericalDiff
[41.375s] -- Installing: /home/czz/nvblox_ws/build/nvblox/nvblox/eigen/include/eigen3/unsupported/Eigen/src/NumericalDiff/NumericalDiff.h
[41.375s] -- Installing: /home/czz/nvblox_ws/build/nvblox/nvblox/eigen/include/eigen3/unsupported/Eigen/src/SpecialFunctions
[41.375s] -- Installing: /home/czz/nvblox_ws/build/nvblox/nvblox/eigen/include/eigen3/unsupported/Eigen/src/SpecialFunctions/BesselFunctionsPacketMath.h
[41.375s] -- Installing: /home/czz/nvblox_ws/build/nvblox/nvblox/eigen/include/eigen3/unsupported/Eigen/src/SpecialFunctions/SpecialFunctionsFunctors.h
[41.375s] -- Installing: /home/czz/nvblox_ws/build/nvblox/nvblox/eigen/include/eigen3/unsupported/Eigen/src/SpecialFunctions/SpecialFunctionsHalf.h
[41.375s] -- Installing: /home/czz/nvblox_ws/build/nvblox/nvblox/eigen/include/eigen3/unsupported/Eigen/src/SpecialFunctions/BesselFunctionsFunctors.h
[41.375s] -- Installing: /home/czz/nvblox_ws/build/nvblox/nvblox/eigen/include/eigen3/unsupported/Eigen/src/SpecialFunctions/BesselFunctionsBFloat16.h
[41.375s] -- Installing: /home/czz/nvblox_ws/build/nvblox/nvblox/eigen/include/eigen3/unsupported/Eigen/src/SpecialFunctions/SpecialFunctionsPacketMath.h
[41.375s] -- Installing: /home/czz/nvblox_ws/build/nvblox/nvblox/eigen/include/eigen3/unsupported/Eigen/src/SpecialFunctions/arch
[41.375s] -- Installing: /home/czz/nvblox_ws/build/nvblox/nvblox/eigen/include/eigen3/unsupported/Eigen/src/SpecialFunctions/arch/AVX
[41.375s] -- Installing: /home/czz/nvblox_ws/build/nvblox/nvblox/eigen/include/eigen3/unsupported/Eigen/src/SpecialFunctions/arch/AVX/SpecialFunctions.h
[41.375s] -- Installing: /home/czz/nvblox_ws/build/nvblox/nvblox/eigen/include/eigen3/unsupported/Eigen/src/SpecialFunctions/arch/AVX/BesselFunctions.h
[41.375s] -- Installing: /home/czz/nvblox_ws/build/nvblox/nvblox/eigen/include/eigen3/unsupported/Eigen/src/SpecialFunctions/arch/NEON
[41.375s] -- Installing: /home/czz/nvblox_ws/build/nvblox/nvblox/eigen/include/eigen3/unsupported/Eigen/src/SpecialFunctions/arch/NEON/SpecialFunctions.h
[41.375s] -- Installing: /home/czz/nvblox_ws/build/nvblox/nvblox/eigen/include/eigen3/unsupported/Eigen/src/SpecialFunctions/arch/NEON/BesselFunctions.h
[41.375s] -- Installing: /home/czz/nvblox_ws/build/nvblox/nvblox/eigen/include/eigen3/unsupported/Eigen/src/SpecialFunctions/arch/GPU
[41.375s] -- Installing: /home/czz/nvblox_ws/build/nvblox/nvblox/eigen/include/eigen3/unsupported/Eigen/src/SpecialFunctions/arch/GPU/SpecialFunctions.h
[41.375s] -- Installing: /home/czz/nvblox_ws/build/nvblox/nvblox/eigen/include/eigen3/unsupported/Eigen/src/SpecialFunctions/arch/AVX512
[41.375s] -- Installing: /home/czz/nvblox_ws/build/nvblox/nvblox/eigen/include/eigen3/unsupported/Eigen/src/SpecialFunctions/arch/AVX512/SpecialFunctions.h
[41.375s] -- Installing: /home/czz/nvblox_ws/build/nvblox/nvblox/eigen/include/eigen3/unsupported/Eigen/src/SpecialFunctions/arch/AVX512/BesselFunctions.h
[41.375s] -- Installing: /home/czz/nvblox_ws/build/nvblox/nvblox/eigen/include/eigen3/unsupported/Eigen/src/SpecialFunctions/BesselFunctionsArrayAPI.h
[41.375s] -- Installing: /home/czz/nvblox_ws/build/nvblox/nvblox/eigen/include/eigen3/unsupported/Eigen/src/SpecialFunctions/HipVectorCompatibility.h
[41.375s] -- Installing: /home/czz/nvblox_ws/build/nvblox/nvblox/eigen/include/eigen3/unsupported/Eigen/src/SpecialFunctions/SpecialFunctionsArrayAPI.h
[41.375s] -- Installing: /home/czz/nvblox_ws/build/nvblox/nvblox/eigen/include/eigen3/unsupported/Eigen/src/SpecialFunctions/SpecialFunctionsImpl.h
[41.375s] -- Installing: /home/czz/nvblox_ws/build/nvblox/nvblox/eigen/include/eigen3/unsupported/Eigen/src/SpecialFunctions/SpecialFunctionsBFloat16.h
[41.376s] -- Installing: /home/czz/nvblox_ws/build/nvblox/nvblox/eigen/include/eigen3/unsupported/Eigen/src/SpecialFunctions/BesselFunctionsImpl.h
[41.376s] -- Installing: /home/czz/nvblox_ws/build/nvblox/nvblox/eigen/include/eigen3/unsupported/Eigen/src/SpecialFunctions/BesselFunctionsHalf.h
[41.376s] -- Installing: /home/czz/nvblox_ws/build/nvblox/nvblox/eigen/include/eigen3/unsupported/Eigen/src/MatrixFunctions
[41.376s] -- Installing: /home/czz/nvblox_ws/build/nvblox/nvblox/eigen/include/eigen3/unsupported/Eigen/src/MatrixFunctions/MatrixFunction.h
[41.376s] -- Installing: /home/czz/nvblox_ws/build/nvblox/nvblox/eigen/include/eigen3/unsupported/Eigen/src/MatrixFunctions/StemFunction.h
[41.376s] -- Installing: /home/czz/nvblox_ws/build/nvblox/nvblox/eigen/include/eigen3/unsupported/Eigen/src/MatrixFunctions/MatrixLogarithm.h
[41.376s] -- Installing: /home/czz/nvblox_ws/build/nvblox/nvblox/eigen/include/eigen3/unsupported/Eigen/src/MatrixFunctions/MatrixPower.h
[41.376s] -- Installing: /home/czz/nvblox_ws/build/nvblox/nvblox/eigen/include/eigen3/unsupported/Eigen/src/MatrixFunctions/MatrixSquareRoot.h
[41.376s] -- Installing: /home/czz/nvblox_ws/build/nvblox/nvblox/eigen/include/eigen3/unsupported/Eigen/src/MatrixFunctions/MatrixExponential.h
[41.376s] -- Installing: /home/czz/nvblox_ws/build/nvblox/nvblox/eigen/include/eigen3/unsupported/Eigen/src/LevenbergMarquardt
[41.376s] -- Installing: /home/czz/nvblox_ws/build/nvblox/nvblox/eigen/include/eigen3/unsupported/Eigen/src/LevenbergMarquardt/LevenbergMarquardt.h
[41.376s] -- Installing: /home/czz/nvblox_ws/build/nvblox/nvblox/eigen/include/eigen3/unsupported/Eigen/src/LevenbergMarquardt/LMpar.h
[41.376s] -- Installing: /home/czz/nvblox_ws/build/nvblox/nvblox/eigen/include/eigen3/unsupported/Eigen/src/LevenbergMarquardt/LMqrsolv.h
[41.376s] -- Installing: /home/czz/nvblox_ws/build/nvblox/nvblox/eigen/include/eigen3/unsupported/Eigen/src/LevenbergMarquardt/LMcovar.h
[41.376s] -- Installing: /home/czz/nvblox_ws/build/nvblox/nvblox/eigen/include/eigen3/unsupported/Eigen/src/LevenbergMarquardt/LMonestep.h
[41.376s] -- Installing: /home/czz/nvblox_ws/build/nvblox/nvblox/eigen/include/eigen3/unsupported/Eigen/src/IterativeSolvers
[41.376s] -- Installing: /home/czz/nvblox_ws/build/nvblox/nvblox/eigen/include/eigen3/unsupported/Eigen/src/IterativeSolvers/DGMRES.h
[41.376s] -- Installing: /home/czz/nvblox_ws/build/nvblox/nvblox/eigen/include/eigen3/unsupported/Eigen/src/IterativeSolvers/Scaling.h
[41.376s] -- Installing: /home/czz/nvblox_ws/build/nvblox/nvblox/eigen/include/eigen3/unsupported/Eigen/src/IterativeSolvers/IDRS.h
[41.376s] -- Installing: /home/czz/nvblox_ws/build/nvblox/nvblox/eigen/include/eigen3/unsupported/Eigen/src/IterativeSolvers/ConstrainedConjGrad.h
[41.376s] -- Installing: /home/czz/nvblox_ws/build/nvblox/nvblox/eigen/include/eigen3/unsupported/Eigen/src/IterativeSolvers/IncompleteLU.h
[41.376s] -- Installing: /home/czz/nvblox_ws/build/nvblox/nvblox/eigen/include/eigen3/unsupported/Eigen/src/IterativeSolvers/MINRES.h
[41.376s] -- Installing: /home/czz/nvblox_ws/build/nvblox/nvblox/eigen/include/eigen3/unsupported/Eigen/src/IterativeSolvers/GMRES.h
[41.376s] -- Installing: /home/czz/nvblox_ws/build/nvblox/nvblox/eigen/include/eigen3/unsupported/Eigen/src/IterativeSolvers/IterationController.h
[41.376s] -- Installing: /home/czz/nvblox_ws/build/nvblox/nvblox/eigen/include/eigen3/unsupported/Eigen/src/FFT
[41.376s] -- Installing: /home/czz/nvblox_ws/build/nvblox/nvblox/eigen/include/eigen3/unsupported/Eigen/src/FFT/ei_fftw_impl.h
[41.377s] -- Installing: /home/czz/nvblox_ws/build/nvblox/nvblox/eigen/include/eigen3/unsupported/Eigen/src/FFT/ei_kissfft_impl.h
[41.377s] -- Installing: /home/czz/nvblox_ws/build/nvblox/nvblox/eigen/include/eigen3/unsupported/Eigen/src/KroneckerProduct
[41.377s] -- Installing: /home/czz/nvblox_ws/build/nvblox/nvblox/eigen/include/eigen3/unsupported/Eigen/src/KroneckerProduct/KroneckerTensorProduct.h
[41.377s] -- Installing: /home/czz/nvblox_ws/build/nvblox/nvblox/eigen/include/eigen3/unsupported/Eigen/src/SparseExtra
[41.377s] -- Installing: /home/czz/nvblox_ws/build/nvblox/nvblox/eigen/include/eigen3/unsupported/Eigen/src/SparseExtra/DynamicSparseMatrix.h
[41.377s] -- Installing: /home/czz/nvblox_ws/build/nvblox/nvblox/eigen/include/eigen3/unsupported/Eigen/src/SparseExtra/MarketIO.h
[41.377s] -- Installing: /home/czz/nvblox_ws/build/nvblox/nvblox/eigen/include/eigen3/unsupported/Eigen/src/SparseExtra/RandomSetter.h
[41.377s] -- Installing: /home/czz/nvblox_ws/build/nvblox/nvblox/eigen/include/eigen3/unsupported/Eigen/src/SparseExtra/BlockSparseMatrix.h
[41.377s] -- Installing: /home/czz/nvblox_ws/build/nvblox/nvblox/eigen/include/eigen3/unsupported/Eigen/src/SparseExtra/BlockOfDynamicSparseMatrix.h
[41.377s] -- Installing: /home/czz/nvblox_ws/build/nvblox/nvblox/eigen/include/eigen3/unsupported/Eigen/src/SparseExtra/MatrixMarketIterator.h
[41.377s] -- Installing: /home/czz/nvblox_ws/build/nvblox/nvblox/eigen/include/eigen3/unsupported/Eigen/CXX11/Tensor
[41.377s] -- Installing: /home/czz/nvblox_ws/build/nvblox/nvblox/eigen/include/eigen3/unsupported/Eigen/CXX11/TensorSymmetry
[41.377s] -- Installing: /home/czz/nvblox_ws/build/nvblox/nvblox/eigen/include/eigen3/unsupported/Eigen/CXX11/ThreadPool
[41.377s] -- Installing: /home/czz/nvblox_ws/build/nvblox/nvblox/eigen/include/eigen3/unsupported/Eigen/CXX11/src
[41.377s] -- Installing: /home/czz/nvblox_ws/build/nvblox/nvblox/eigen/include/eigen3/unsupported/Eigen/CXX11/src/ThreadPool
[41.377s] -- Installing: /home/czz/nvblox_ws/build/nvblox/nvblox/eigen/include/eigen3/unsupported/Eigen/CXX11/src/ThreadPool/ThreadCancel.h
[41.377s] -- Installing: /home/czz/nvblox_ws/build/nvblox/nvblox/eigen/include/eigen3/unsupported/Eigen/CXX11/src/ThreadPool/ThreadYield.h
[41.377s] -- Installing: /home/czz/nvblox_ws/build/nvblox/nvblox/eigen/include/eigen3/unsupported/Eigen/CXX11/src/ThreadPool/Barrier.h
[41.377s] -- Installing: /home/czz/nvblox_ws/build/nvblox/nvblox/eigen/include/eigen3/unsupported/Eigen/CXX11/src/ThreadPool/ThreadEnvironment.h
[41.377s] -- Installing: /home/czz/nvblox_ws/build/nvblox/nvblox/eigen/include/eigen3/unsupported/Eigen/CXX11/src/ThreadPool/ThreadLocal.h
[41.377s] -- Installing: /home/czz/nvblox_ws/build/nvblox/nvblox/eigen/include/eigen3/unsupported/Eigen/CXX11/src/ThreadPool/ThreadPoolInterface.h
[41.377s] -- Installing: /home/czz/nvblox_ws/build/nvblox/nvblox/eigen/include/eigen3/unsupported/Eigen/CXX11/src/ThreadPool/NonBlockingThreadPool.h
[41.377s] -- Installing: /home/czz/nvblox_ws/build/nvblox/nvblox/eigen/include/eigen3/unsupported/Eigen/CXX11/src/ThreadPool/RunQueue.h
[41.377s] -- Installing: /home/czz/nvblox_ws/build/nvblox/nvblox/eigen/include/eigen3/unsupported/Eigen/CXX11/src/ThreadPool/EventCount.h
[41.377s] -- Installing: /home/czz/nvblox_ws/build/nvblox/nvblox/eigen/include/eigen3/unsupported/Eigen/CXX11/src/util
[41.377s] -- Installing: /home/czz/nvblox_ws/build/nvblox/nvblox/eigen/include/eigen3/unsupported/Eigen/CXX11/src/util/EmulateArray.h
[41.377s] -- Installing: /home/czz/nvblox_ws/build/nvblox/nvblox/eigen/include/eigen3/unsupported/Eigen/CXX11/src/util/CXX11Workarounds.h
[41.378s] -- Installing: /home/czz/nvblox_ws/build/nvblox/nvblox/eigen/include/eigen3/unsupported/Eigen/CXX11/src/util/CXX11Meta.h
[41.378s] -- Installing: /home/czz/nvblox_ws/build/nvblox/nvblox/eigen/include/eigen3/unsupported/Eigen/CXX11/src/util/MaxSizeVector.h
[41.378s] -- Installing: /home/czz/nvblox_ws/build/nvblox/nvblox/eigen/include/eigen3/unsupported/Eigen/CXX11/src/TensorSymmetry
[41.378s] -- Installing: /home/czz/nvblox_ws/build/nvblox/nvblox/eigen/include/eigen3/unsupported/Eigen/CXX11/src/TensorSymmetry/Symmetry.h
[41.378s] -- Installing: /home/czz/nvblox_ws/build/nvblox/nvblox/eigen/include/eigen3/unsupported/Eigen/CXX11/src/TensorSymmetry/StaticSymmetry.h
[41.378s] -- Installing: /home/czz/nvblox_ws/build/nvblox/nvblox/eigen/include/eigen3/unsupported/Eigen/CXX11/src/TensorSymmetry/util
[41.378s] -- Installing: /home/czz/nvblox_ws/build/nvblox/nvblox/eigen/include/eigen3/unsupported/Eigen/CXX11/src/TensorSymmetry/util/TemplateGroupTheory.h
[41.378s] -- Installing: /home/czz/nvblox_ws/build/nvblox/nvblox/eigen/include/eigen3/unsupported/Eigen/CXX11/src/TensorSymmetry/DynamicSymmetry.h
[41.378s] -- Installing: /home/czz/nvblox_ws/build/nvblox/nvblox/eigen/include/eigen3/unsupported/Eigen/CXX11/src/Tensor
[41.378s] -- Installing: /home/czz/nvblox_ws/build/nvblox/nvblox/eigen/include/eigen3/unsupported/Eigen/CXX11/src/Tensor/TensorReductionCuda.h
[41.378s] -- Installing: /home/czz/nvblox_ws/build/nvblox/nvblox/eigen/include/eigen3/unsupported/Eigen/CXX11/src/Tensor/TensorConcatenation.h
[41.378s] -- Installing: /home/czz/nvblox_ws/build/nvblox/nvblox/eigen/include/eigen3/unsupported/Eigen/CXX11/src/Tensor/TensorCostModel.h
[41.378s] -- Installing: /home/czz/nvblox_ws/build/nvblox/nvblox/eigen/include/eigen3/unsupported/Eigen/CXX11/src/Tensor/TensorDimensions.h
[41.378s] -- Installing: /home/czz/nvblox_ws/build/nvblox/nvblox/eigen/include/eigen3/unsupported/Eigen/CXX11/src/Tensor/TensorScan.h
[41.378s] -- Installing: /home/czz/nvblox_ws/build/nvblox/nvblox/eigen/include/eigen3/unsupported/Eigen/CXX11/src/Tensor/TensorCustomOp.h
[41.378s] -- Installing: /home/czz/nvblox_ws/build/nvblox/nvblox/eigen/include/eigen3/unsupported/Eigen/CXX11/src/Tensor/TensorForwardDeclarations.h
[41.378s] -- Installing: /home/czz/nvblox_ws/build/nvblox/nvblox/eigen/include/eigen3/unsupported/Eigen/CXX11/src/Tensor/TensorGenerator.h
[41.378s] -- Installing: /home/czz/nvblox_ws/build/nvblox/nvblox/eigen/include/eigen3/unsupported/Eigen/CXX11/src/Tensor/TensorContractionSycl.h
[41.378s] -- Installing: /home/czz/nvblox_ws/build/nvblox/nvblox/eigen/include/eigen3/unsupported/Eigen/CXX11/src/Tensor/TensorRef.h
[41.378s] -- Installing: /home/czz/nvblox_ws/build/nvblox/nvblox/eigen/include/eigen3/unsupported/Eigen/CXX11/src/Tensor/TensorGlobalFunctions.h
[41.378s] -- Installing: /home/czz/nvblox_ws/build/nvblox/nvblox/eigen/include/eigen3/unsupported/Eigen/CXX11/src/Tensor/TensorMeta.h
[41.378s] -- Installing: /home/czz/nvblox_ws/build/nvblox/nvblox/eigen/include/eigen3/unsupported/Eigen/CXX11/src/Tensor/TensorReductionSycl.h
[41.378s] -- Installing: /home/czz/nvblox_ws/build/nvblox/nvblox/eigen/include/eigen3/unsupported/Eigen/CXX11/src/Tensor/TensorEvaluator.h
[41.378s] -- Installing: /home/czz/nvblox_ws/build/nvblox/nvblox/eigen/include/eigen3/unsupported/Eigen/CXX11/src/Tensor/TensorDeviceCuda.h
[41.378s] -- Installing: /home/czz/nvblox_ws/build/nvblox/nvblox/eigen/include/eigen3/unsupported/Eigen/CXX11/src/Tensor/TensorIndexList.h
[41.378s] -- Installing: /home/czz/nvblox_ws/build/nvblox/nvblox/eigen/include/eigen3/unsupported/Eigen/CXX11/src/Tensor/TensorMap.h
[41.378s] -- Installing: /home/czz/nvblox_ws/build/nvblox/nvblox/eigen/include/eigen3/unsupported/Eigen/CXX11/src/Tensor/TensorDeviceSycl.h
[41.379s] -- Installing: /home/czz/nvblox_ws/build/nvblox/nvblox/eigen/include/eigen3/unsupported/Eigen/CXX11/src/Tensor/TensorBroadcasting.h
[41.379s] -- Installing: /home/czz/nvblox_ws/build/nvblox/nvblox/eigen/include/eigen3/unsupported/Eigen/CXX11/src/Tensor/TensorIntDiv.h
[41.379s] -- Installing: /home/czz/nvblox_ws/build/nvblox/nvblox/eigen/include/eigen3/unsupported/Eigen/CXX11/src/Tensor/TensorReduction.h
[41.379s] -- Installing: /home/czz/nvblox_ws/build/nvblox/nvblox/eigen/include/eigen3/unsupported/Eigen/CXX11/src/Tensor/TensorLayoutSwap.h
[41.379s] -- Installing: /home/czz/nvblox_ws/build/nvblox/nvblox/eigen/include/eigen3/unsupported/Eigen/CXX11/src/Tensor/TensorVolumePatch.h
[41.379s] -- Installing: /home/czz/nvblox_ws/build/nvblox/nvblox/eigen/include/eigen3/unsupported/Eigen/CXX11/src/Tensor/TensorExecutor.h
[41.379s] -- Installing: /home/czz/nvblox_ws/build/nvblox/nvblox/eigen/include/eigen3/unsupported/Eigen/CXX11/src/Tensor/TensorArgMax.h
[41.379s] -- Installing: /home/czz/nvblox_ws/build/nvblox/nvblox/eigen/include/eigen3/unsupported/Eigen/CXX11/src/Tensor/TensorContractionCuda.h
[41.379s] -- Installing: /home/czz/nvblox_ws/build/nvblox/nvblox/eigen/include/eigen3/unsupported/Eigen/CXX11/src/Tensor/TensorContractionMapper.h
[41.379s] -- Installing: /home/czz/nvblox_ws/build/nvblox/nvblox/eigen/include/eigen3/unsupported/Eigen/CXX11/src/Tensor/TensorImagePatch.h
[41.379s] -- Installing: /home/czz/nvblox_ws/build/nvblox/nvblox/eigen/include/eigen3/unsupported/Eigen/CXX11/src/Tensor/TensorContraction.h
[41.379s] -- Installing: /home/czz/nvblox_ws/build/nvblox/nvblox/eigen/include/eigen3/unsupported/Eigen/CXX11/src/Tensor/TensorStriding.h
[41.379s] -- Installing: /home/czz/nvblox_ws/build/nvblox/nvblox/eigen/include/eigen3/unsupported/Eigen/CXX11/src/Tensor/TensorReverse.h
[41.379s] -- Installing: /home/czz/nvblox_ws/build/nvblox/nvblox/eigen/include/eigen3/unsupported/Eigen/CXX11/src/Tensor/TensorDeviceDefault.h
[41.379s] -- Installing: /home/czz/nvblox_ws/build/nvblox/nvblox/eigen/include/eigen3/unsupported/Eigen/CXX11/src/Tensor/TensorUInt128.h
[41.379s] -- Installing: /home/czz/nvblox_ws/build/nvblox/nvblox/eigen/include/eigen3/unsupported/Eigen/CXX11/src/Tensor/TensorTrace.h
[41.379s] -- Installing: /home/czz/nvblox_ws/build/nvblox/nvblox/eigen/include/eigen3/unsupported/Eigen/CXX11/src/Tensor/TensorBase.h
[41.379s] -- Installing: /home/czz/nvblox_ws/build/nvblox/nvblox/eigen/include/eigen3/unsupported/Eigen/CXX11/src/Tensor/TensorEvalTo.h
[41.379s] -- Installing: /home/czz/nvblox_ws/build/nvblox/nvblox/eigen/include/eigen3/unsupported/Eigen/CXX11/src/Tensor/TensorContractionThreadPool.h
[41.379s] -- Installing: /home/czz/nvblox_ws/build/nvblox/nvblox/eigen/include/eigen3/unsupported/Eigen/CXX11/src/Tensor/TensorPadding.h
[41.379s] -- Installing: /home/czz/nvblox_ws/build/nvblox/nvblox/eigen/include/eigen3/unsupported/Eigen/CXX11/src/Tensor/TensorDevice.h
[41.379s] -- Installing: /home/czz/nvblox_ws/build/nvblox/nvblox/eigen/include/eigen3/unsupported/Eigen/CXX11/src/Tensor/Tensor.h
[41.379s] -- Installing: /home/czz/nvblox_ws/build/nvblox/nvblox/eigen/include/eigen3/unsupported/Eigen/CXX11/src/Tensor/TensorForcedEval.h
[41.379s] -- Installing: /home/czz/nvblox_ws/build/nvblox/nvblox/eigen/include/eigen3/unsupported/Eigen/CXX11/src/Tensor/TensorDimensionList.h
[41.380s] -- Installing: /home/czz/nvblox_ws/build/nvblox/nvblox/eigen/include/eigen3/unsupported/Eigen/CXX11/src/Tensor/TensorShuffling.h
[41.380s] -- Installing: /home/czz/nvblox_ws/build/nvblox/nvblox/eigen/include/eigen3/unsupported/Eigen/CXX11/src/Tensor/TensorConvolutionSycl.h
[41.380s] -- Installing: /home/czz/nvblox_ws/build/nvblox/nvblox/eigen/include/eigen3/unsupported/Eigen/CXX11/src/Tensor/TensorStorage.h
[41.380s] -- Installing: /home/czz/nvblox_ws/build/nvblox/nvblox/eigen/include/eigen3/unsupported/Eigen/CXX11/src/Tensor/TensorDeviceGpu.h
[41.380s] -- Installing: /home/czz/nvblox_ws/build/nvblox/nvblox/eigen/include/eigen3/unsupported/Eigen/CXX11/src/Tensor/TensorChipping.h
[41.380s] -- Installing: /home/czz/nvblox_ws/build/nvblox/nvblox/eigen/include/eigen3/unsupported/Eigen/CXX11/src/Tensor/TensorMorphing.h
[41.380s] -- Installing: /home/czz/nvblox_ws/build/nvblox/nvblox/eigen/include/eigen3/unsupported/Eigen/CXX11/src/Tensor/TensorGpuHipCudaDefines.h
[41.380s] -- Installing: /home/czz/nvblox_ws/build/nvblox/nvblox/eigen/include/eigen3/unsupported/Eigen/CXX11/src/Tensor/TensorInitializer.h
[41.380s] -- Installing: /home/czz/nvblox_ws/build/nvblox/nvblox/eigen/include/eigen3/unsupported/Eigen/CXX11/src/Tensor/TensorBlock.h
[41.380s] -- Installing: /home/czz/nvblox_ws/build/nvblox/nvblox/eigen/include/eigen3/unsupported/Eigen/CXX11/src/Tensor/TensorRandom.h
[41.380s] -- Installing: /home/czz/nvblox_ws/build/nvblox/nvblox/eigen/include/eigen3/unsupported/Eigen/CXX11/src/Tensor/TensorTraits.h
[41.380s] -- Installing: /home/czz/nvblox_ws/build/nvblox/nvblox/eigen/include/eigen3/unsupported/Eigen/CXX11/src/Tensor/TensorDeviceThreadPool.h
[41.380s] -- Installing: /home/czz/nvblox_ws/build/nvblox/nvblox/eigen/include/eigen3/unsupported/Eigen/CXX11/src/Tensor/TensorInflation.h
[41.380s] -- Installing: /home/czz/nvblox_ws/build/nvblox/nvblox/eigen/include/eigen3/unsupported/Eigen/CXX11/src/Tensor/TensorFunctors.h
[41.380s] -- Installing: /home/czz/nvblox_ws/build/nvblox/nvblox/eigen/include/eigen3/unsupported/Eigen/CXX11/src/Tensor/TensorFixedSize.h
[41.380s] -- Installing: /home/czz/nvblox_ws/build/nvblox/nvblox/eigen/include/eigen3/unsupported/Eigen/CXX11/src/Tensor/TensorAssign.h
[41.380s] -- Installing: /home/czz/nvblox_ws/build/nvblox/nvblox/eigen/include/eigen3/unsupported/Eigen/CXX11/src/Tensor/TensorConvolution.h
[41.380s] -- Installing: /home/czz/nvblox_ws/build/nvblox/nvblox/eigen/include/eigen3/unsupported/Eigen/CXX11/src/Tensor/TensorFFT.h
[41.380s] -- Installing: /home/czz/nvblox_ws/build/nvblox/nvblox/eigen/include/eigen3/unsupported/Eigen/CXX11/src/Tensor/TensorPatch.h
[41.380s] -- Installing: /home/czz/nvblox_ws/build/nvblox/nvblox/eigen/include/eigen3/unsupported/Eigen/CXX11/src/Tensor/TensorExpr.h
[41.380s] -- Installing: /home/czz/nvblox_ws/build/nvblox/nvblox/eigen/include/eigen3/unsupported/Eigen/CXX11/src/Tensor/TensorScanSycl.h
[41.380s] -- Installing: /home/czz/nvblox_ws/build/nvblox/nvblox/eigen/include/eigen3/unsupported/Eigen/CXX11/src/Tensor/TensorReductionGpu.h
[41.380s] -- Installing: /home/czz/nvblox_ws/build/nvblox/nvblox/eigen/include/eigen3/unsupported/Eigen/CXX11/src/Tensor/TensorGpuHipCudaUndefines.h
[41.380s] -- Installing: /home/czz/nvblox_ws/build/nvblox/nvblox/eigen/include/eigen3/unsupported/Eigen/CXX11/src/Tensor/TensorContractionBlocking.h
[41.381s] -- Installing: /home/czz/nvblox_ws/build/nvblox/nvblox/eigen/include/eigen3/unsupported/Eigen/CXX11/src/Tensor/TensorIO.h
[41.381s] -- Installing: /home/czz/nvblox_ws/build/nvblox/nvblox/eigen/include/eigen3/unsupported/Eigen/CXX11/src/Tensor/TensorConversion.h
[41.381s] -- Installing: /home/czz/nvblox_ws/build/nvblox/nvblox/eigen/include/eigen3/unsupported/Eigen/CXX11/src/Tensor/TensorMacros.h
[41.381s] -- Installing: /home/czz/nvblox_ws/build/nvblox/nvblox/eigen/include/eigen3/unsupported/Eigen/CXX11/src/Tensor/TensorContractionGpu.h
[41.396s] [ 19%] [34m[1mCompleted 'ext_eigen'[0m
[41.427s] [ 19%] Built target ext_eigen
[41.445s] [ 19%] [32mBuilding CUDA object nvblox/CMakeFiles/nvblox_gpu_hash.dir/src/core/error_check.cu.o[0m
[41.446s] [ 19%] [32mBuilding CUDA object nvblox/CMakeFiles/nvblox_gpu_hash.dir/src/gpu_hash/feature_layer_specialization.cu.o[0m
[41.446s] [ 19%] [32mBuilding CUDA object nvblox/CMakeFiles/nvblox_gpu_hash.dir/src/gpu_hash/occupancy_layer_specialization.cu.o[0m
[41.447s] [ 20%] [32mBuilding CUDA object nvblox/CMakeFiles/nvblox_gpu_hash.dir/src/gpu_hash/color_layer_specialization.cu.o[0m
[41.448s] [ 20%] [32mBuilding CXX object nvblox/CMakeFiles/nvblox_gpu_hash.dir/src/utils/timing.cpp.o[0m
[41.448s] [ 20%] [32mBuilding CXX object nvblox/CMakeFiles/nvblox_gpu_hash.dir/src/utils/nvtx_ranges.cpp.o[0m
[41.448s] [ 21%] [32mBuilding CUDA object nvblox/CMakeFiles/nvblox_gpu_hash.dir/src/gpu_hash/tsdf_layer_specialization.cu.o[0m
[41.448s] [ 21%] [32mBuilding CUDA object nvblox/CMakeFiles/nvblox_gpu_hash.dir/src/gpu_hash/freespace_layer_specialization.cu.o[0m
[41.449s] [ 21%] [32mBuilding CUDA object nvblox/CMakeFiles/nvblox_gpu_hash.dir/src/gpu_hash/esdf_layer_specialization.cu.o[0m
[41.450s] [ 21%] [32mBuilding CUDA object nvblox/CMakeFiles/nvblox_gpu_hash.dir/src/gpu_hash/mesh_layer_specialization.cu.o[0m
[42.481s] [ 21%] [32m[1mLinking CXX static library ../../../lib/libgmock.a[0m
[42.542s] [ 21%] Built target gmock
[42.563s] [ 21%] [32mBuilding CXX object _deps/ext_gtest-build/googlemock/CMakeFiles/gmock_main.dir/src/gmock_main.cc.o[0m
[43.233s] [ 22%] [32m[1mLinking CXX static library ../../../lib/libgmock_main.a[0m
[43.286s] [ 22%] Built target gmock_main
[55.478s] [ 22%] [32m[1mLinking C static library libsqlite3.a[0m
[55.542s] [ 22%] Built target sqlite3
[76.023s] [ 22%] [32m[1mLinking CXX static library libnvblox_gpu_hash.a[0m
[76.221s] [ 22%] Built target nvblox_gpu_hash
[76.245s] [ 22%] [32mBuilding CXX object nvblox/CMakeFiles/nvblox_lib.dir/src/core/parameter_tree.cpp.o[0m
[76.245s] [ 23%] [32mBuilding CXX object nvblox/CMakeFiles/nvblox_lib.dir/src/core/cuda_stream.cpp.o[0m
[76.245s] [ 23%] [32mBuilding CUDA object nvblox/CMakeFiles/nvblox_lib.dir/src/core/warmup.cu.o[0m
[76.245s] [ 23%] [32mBuilding CUDA object nvblox/CMakeFiles/nvblox_lib.dir/src/experimental/ground_plane/ransac_plane_fitter.cu.o[0m
[76.246s] [ 24%] [32mBuilding CXX object nvblox/CMakeFiles/nvblox_lib.dir/src/experimental/ground_plane/ground_plane_estimator.cpp.o[0m
[76.246s] [ 24%] [32mBuilding CXX object nvblox/CMakeFiles/nvblox_lib.dir/src/map/blocks_to_update_tracker.cpp.o[0m
[76.246s] [ 24%] [32mBuilding CUDA object nvblox/CMakeFiles/nvblox_lib.dir/src/core/error_check.cu.o[0m
[76.246s] [ 24%] [32mBuilding CXX object nvblox/CMakeFiles/nvblox_lib.dir/src/sensors/camera.cpp.o[0m
[76.246s] [ 24%] [32mBuilding CUDA object nvblox/CMakeFiles/nvblox_lib.dir/src/map/layer.cu.o[0m
[76.246s] [ 24%] [32mBuilding CUDA object nvblox/CMakeFiles/nvblox_lib.dir/src/experimental/ground_plane/tsdf_zero_crossings_extractor.cu.o[0m
[76.246s] [ 24%] [32mBuilding CXX object nvblox/CMakeFiles/nvblox_lib.dir/src/experimental/ground_plane/ransac_plane_fitter_cpu.cpp.o[0m
[76.246s] [ 25%] [32mBuilding CUDA object nvblox/CMakeFiles/nvblox_lib.dir/src/sensors/pointcloud.cu.o[0m
[76.246s] [ 26%] [32mBuilding CUDA object nvblox/CMakeFiles/nvblox_lib.dir/src/dynamics/dynamics_detection.cu.o[0m
[76.246s] [ 26%] [32mBuilding CUDA object nvblox/CMakeFiles/nvblox_lib.dir/src/sensors/image.cu.o[0m
[76.246s] [ 26%] [32mBuilding CUDA object nvblox/CMakeFiles/nvblox_lib.dir/src/map/blox.cu.o[0m
[76.246s] [ 26%] [32mBuilding CXX object nvblox/CMakeFiles/nvblox_lib.dir/src/sensors/color.cpp.o[0m
[76.246s] [ 27%] [32mBuilding CXX object nvblox/CMakeFiles/nvblox_lib.dir/src/sensors/mask_preprocessor.cpp.o[0m
[76.247s] [ 27%] [32mBuilding CXX object nvblox/CMakeFiles/nvblox_lib.dir/src/sensors/npp_image_operations.cpp.o[0m
[76.247s] [ 27%] [32mBuilding CUDA object nvblox/CMakeFiles/nvblox_lib.dir/src/sensors/pointcloud_to_depth_conversion.cu.o[0m
[76.251s] [ 28%] [32mBuilding CXX object nvblox/CMakeFiles/nvblox_lib.dir/src/sensors/depth_preprocessing.cpp.o[0m
[76.971s] [ 28%] [32mBuilding CXX object nvblox/CMakeFiles/nvblox_lib.dir/src/geometry/bounding_boxes.cpp.o[0m
[77.769s] [ 28%] [32mBuilding CXX object nvblox/CMakeFiles/nvblox_lib.dir/src/geometry/bounding_shape.cpp.o[0m
[77.888s] [ 28%] [32mBuilding CXX object nvblox/CMakeFiles/nvblox_lib.dir/src/geometry/bounding_spheres.cpp.o[0m
[77.981s] [ 29%] [32mBuilding CXX object nvblox/CMakeFiles/nvblox_lib.dir/src/geometry/workspace_bounds.cpp.o[0m
[78.288s] [ 29%] [32mBuilding CXX object nvblox/CMakeFiles/nvblox_lib.dir/src/geometry/transforms.cpp.o[0m
[79.125s] [ 29%] [32mBuilding CXX object nvblox/CMakeFiles/nvblox_lib.dir/src/mapper/mapper.cpp.o[0m
[79.197s] [ 29%] [32mBuilding CXX object nvblox/CMakeFiles/nvblox_lib.dir/src/mapper/multi_mapper.cpp.o[0m
[79.317s] [ 30%] [32mBuilding CUDA object nvblox/CMakeFiles/nvblox_lib.dir/src/integrators/shape_clearer.cu.o[0m
[79.323s] [ 30%] [32mBuilding CUDA object nvblox/CMakeFiles/nvblox_lib.dir/src/integrators/view_calculator.cu.o[0m
[79.650s] [ 30%] [32mBuilding CUDA object nvblox/CMakeFiles/nvblox_lib.dir/src/integrators/occupancy_decay_integrator.cu.o[0m
[79.757s] [ 30%] [32mBuilding CUDA object nvblox/CMakeFiles/nvblox_lib.dir/src/integrators/tsdf_decay_integrator.cu.o[0m
[79.837s] [ 31%] [32mBuilding CUDA object nvblox/CMakeFiles/nvblox_lib.dir/src/integrators/projective_occupancy_integrator.cu.o[0m
[80.745s] [ 31%] [32mBuilding CUDA object nvblox/CMakeFiles/nvblox_lib.dir/src/integrators/projective_tsdf_integrator.cu.o[0m
[80.799s] [ 31%] [32mBuilding CUDA object nvblox/CMakeFiles/nvblox_lib.dir/src/integrators/projective_appearance_integrator.cu.o[0m
[80.825s] [ 31%] [32mBuilding CUDA object nvblox/CMakeFiles/nvblox_lib.dir/src/integrators/freespace_integrator.cu.o[0m
[80.865s] [ 32%] [32mBuilding CUDA object nvblox/CMakeFiles/nvblox_lib.dir/src/integrators/esdf_integrator.cu.o[0m
[80.946s] [ 32%] [32mBuilding CUDA object nvblox/CMakeFiles/nvblox_lib.dir/src/integrators/esdf_slicer.cu.o[0m
[87.935s] [ 32%] [32mBuilding CXX object nvblox/CMakeFiles/nvblox_lib.dir/src/integrators/occupancy_conversions.cpp.o[0m
[87.938s] [ 32%] [32mBuilding CUDA object nvblox/CMakeFiles/nvblox_lib.dir/src/integrators/instantiations/camera_inst.cu.o[0m
[88.007s] [ 33%] [32mBuilding CUDA object nvblox/CMakeFiles/nvblox_lib.dir/src/integrators/instantiations/lidar_inst.cu.o[0m
[89.958s] [ 33%] [32mBuilding CUDA object nvblox/CMakeFiles/nvblox_lib.dir/src/rays/sphere_tracer.cu.o[0m
[90.540s] [ 33%] [32mBuilding CXX object nvblox/CMakeFiles/nvblox_lib.dir/src/interpolation/interpolation_3d.cpp.o[0m
[91.204s] [ 33%] [32mBuilding CXX object nvblox/CMakeFiles/nvblox_lib.dir/src/io/mesh_io.cpp.o[0m
[92.319s] [ 34%] [32mBuilding CXX object nvblox/CMakeFiles/nvblox_lib.dir/src/io/ply_writer.cpp.o[0m
[94.295s] [ 34%] [32mBuilding CXX object nvblox/CMakeFiles/nvblox_lib.dir/src/io/ply_parser.cpp.o[0m
[94.469s] [ 34%] [32mBuilding CXX object nvblox/CMakeFiles/nvblox_lib.dir/src/io/layer_cake_io.cpp.o[0m
[94.548s] [ 35%] [32mBuilding CXX object nvblox/CMakeFiles/nvblox_lib.dir/src/io/pointcloud_io.cpp.o[0m
[94.669s] [ 35%] [32mBuilding CXX object nvblox/CMakeFiles/nvblox_lib.dir/src/io/image_io.cpp.o[0m
[95.155s] [ 35%] [32mBuilding CXX object nvblox/CMakeFiles/nvblox_lib.dir/src/map_saving/serializer.cpp.o[0m
[95.394s] [ 35%] [32mBuilding CXX object nvblox/CMakeFiles/nvblox_lib.dir/src/map_saving/sqlite_database.cpp.o[0m
[95.627s] [ 36%] [32mBuilding CXX object nvblox/CMakeFiles/nvblox_lib.dir/src/map_saving/layer_type_register.cpp.o[0m
[96.405s] [ 36%] [32mBuilding CUDA object nvblox/CMakeFiles/nvblox_lib.dir/src/mesh/mesh_block.cu.o[0m
[97.141s] [ 36%] [32mBuilding CUDA object nvblox/CMakeFiles/nvblox_lib.dir/src/mesh/mesh_integrator_appearance.cu.o[0m
[97.164s] [ 36%] [32mBuilding CUDA object nvblox/CMakeFiles/nvblox_lib.dir/src/mesh/mesh_integrator.cu.o[0m
[97.858s] [ 37%] [32mBuilding CXX object nvblox/CMakeFiles/nvblox_lib.dir/src/primitives/primitives.cpp.o[0m
[98.829s] [ 37%] [32mBuilding CXX object nvblox/CMakeFiles/nvblox_lib.dir/src/primitives/scene.cpp.o[0m
[99.374s] [ 37%] [32mBuilding CXX object nvblox/CMakeFiles/nvblox_lib.dir/src/utils/nvtx_ranges.cpp.o[0m
[99.632s] [ 37%] [32mBuilding CXX object nvblox/CMakeFiles/nvblox_lib.dir/src/utils/timing.cpp.o[0m
[99.962s] [ 38%] [32mBuilding CXX object nvblox/CMakeFiles/nvblox_lib.dir/src/utils/rates.cpp.o[0m
[100.230s] [ 38%] [32mBuilding CXX object nvblox/CMakeFiles/nvblox_lib.dir/src/utils/nvblox_art.cpp.o[0m
[100.389s] [ 38%] [32mBuilding CXX object nvblox/CMakeFiles/nvblox_lib.dir/src/utils/delays.cpp.o[0m
[100.604s] [ 38%] [32mBuilding CUDA object nvblox/CMakeFiles/nvblox_lib.dir/src/serialization/mesh_serializer_gpu.cu.o[0m
[100.941s] [ 39%] [32mBuilding CUDA object nvblox/CMakeFiles/nvblox_lib.dir/src/serialization/serialization_gpu.cu.o[0m
[101.229s] [ 39%] [32mBuilding CUDA object nvblox/CMakeFiles/nvblox_lib.dir/src/semantics/image_masker.cu.o[0m
[102.018s] [ 39%] [32mBuilding CUDA object nvblox/CMakeFiles/nvblox_lib.dir/src/semantics/image_projector.cu.o[0m
[102.158s] [ 39%] [32mBuilding CUDA object nvblox/CMakeFiles/nvblox_lib.dir/src/semantics/mask_from_detections.cu.o[0m
[115.253s] [ 40%] [32m[1mLinking CXX shared library libnvblox_lib.so[0m
[115.606s] [ 40%] Built target nvblox_lib
[115.625s] [ 41%] [32mBuilding CXX object nvblox/executables/CMakeFiles/nvblox_datasets.dir/src/datasets/redwood.cpp.o[0m
[115.625s] [ 41%] [32mBuilding CUDA object nvblox/examples/CMakeFiles/esdf_query.dir/src/esdf_query.cu.o[0m
[115.625s] [ 41%] [32mBuilding CXX object nvblox/executables/CMakeFiles/nvblox_datasets.dir/src/datasets/lidarply_writer.cpp.o[0m
[115.625s] [ 41%] [32mBuilding CXX object nvblox/executables/CMakeFiles/nvblox_datasets.dir/src/datasets/replica.cpp.o[0m
[115.626s] [ 41%] [32mBuilding CXX object nvblox/executables/CMakeFiles/nvblox_datasets.dir/src/datasets/cusfm_data.cpp.o[0m
[115.626s] [ 41%] [32mBuilding CXX object nvblox/executables/CMakeFiles/nvblox_datasets.dir/src/datasets/image_loader.cpp.o[0m
[115.626s] [ 41%] [32mBuilding CXX object nvblox/executables/CMakeFiles/nvblox_datasets.dir/src/datasets/3dmatch.cpp.o[0m
[115.627s] [ 42%] [32mBuilding CXX object nvblox/CMakeFiles/sphere_benchmark.dir/src/benchmarks/sphere_benchmark.cpp.o[0m
[115.627s] [ 42%] [32mBuilding CXX object nvblox/tests/CMakeFiles/run_memcpy_on_default_cuda_stream.dir/run_memcpy_on_default_cuda_stream.cpp.o[0m
[115.628s] [ 43%] [32mBuilding CXX object nvblox/executables/CMakeFiles/nvblox_datasets.dir/src/datasets/lidarply_loader.cpp.o[0m
[115.628s] [ 43%] [32mBuilding CXX object nvblox/examples/CMakeFiles/load_map_and_mesh.dir/src/load_map_and_mesh.cpp.o[0m
[115.629s] [ 43%] [32mBuilding CXX object nvblox/executables/CMakeFiles/nvblox_datasets.dir/src/fuser.cpp.o[0m
[115.960s] [ 43%] [32m[1mLinking CXX executable run_memcpy_on_default_cuda_stream[0m
[116.062s] [ 43%] Built target run_memcpy_on_default_cuda_stream
[120.010s] [ 43%] [32m[1mLinking CXX executable sphere_benchmark[0m
[120.097s] [ 43%] Built target sphere_benchmark
[120.982s] [ 43%] [32m[1mLinking CXX executable load_map_and_mesh[0m
[121.061s] [ 43%] Built target load_map_and_mesh
[128.107s] [ 44%] [32m[1mLinking CXX executable esdf_query[0m
[128.184s] [ 44%] Built target esdf_query
[128.405s] [ 45%] [32m[1mLinking CXX shared library libnvblox_datasets.so[0m
[128.480s] [ 45%] Built target nvblox_datasets
[128.495s] [ 45%] [32mBuilding CXX object nvblox/executables/CMakeFiles/fuse_replica.dir/src/fuse_replica.cpp.o[0m
[128.499s] [ 45%] [32mBuilding CXX object nvblox/executables/CMakeFiles/fuse_3dmatch.dir/src/fuse_3dmatch.cpp.o[0m
[128.499s] [ 45%] [32mBuilding CXX object nvblox/executables/CMakeFiles/fuse_lidarply.dir/src/fuse_lidarply.cpp.o[0m
[128.499s] [ 45%] [32mBuilding CXX object nvblox/experiments/CMakeFiles/test_bench.dir/src/test_bench.cpp.o[0m
[128.500s] [ 45%] [32mBuilding CUDA object nvblox/tests/CMakeFiles/nvblox_test_utils.dir/lib/cuda/boolean_layer_specialization.cu.o[0m
[128.500s] [ 46%] [32mBuilding CXX object nvblox/executables/CMakeFiles/fuse_redwood.dir/src/fuse_redwood.cpp.o[0m
[128.501s] [ 46%] [32mBuilding CUDA object nvblox/tests/CMakeFiles/nvblox_test_utils.dir/lib/cuda/initialization_test_layer_specialization.cu.o[0m
[128.501s] [ 47%] [32mBuilding CUDA object nvblox/tests/CMakeFiles/nvblox_test_utils.dir/lib/cuda/gpu_image_routines.cu.o[0m
[128.501s] [ 47%] [32mBuilding CUDA object nvblox/tests/CMakeFiles/nvblox_test_utils.dir/lib/cuda/increment_kernel.cu.o[0m
[128.501s] [ 47%] [32mBuilding CUDA object nvblox/tests/CMakeFiles/nvblox_test_utils.dir/lib/cuda/gpu_layer_utils.cu.o[0m
[128.501s] [ 48%] [32mBuilding CXX object nvblox/executables/CMakeFiles/fuse_cusfm.dir/src/fuse_cusfm.cpp.o[0m
[128.501s] [ 48%] [32mBuilding CUDA object nvblox/tests/CMakeFiles/nvblox_test_utils.dir/lib/cuda/index_layer_specialization.cu.o[0m
[128.501s] [ 48%] [32mBuilding CUDA object nvblox/tests/CMakeFiles/nvblox_test_utils.dir/lib/cuda/blox_utils.cu.o[0m
[128.501s] [ 48%] [32mBuilding CUDA object nvblox/tests/CMakeFiles/nvblox_test_utils.dir/lib/cuda/gpu_indexing.cu.o[0m
[128.501s] [ 49%] [32mBuilding CUDA object nvblox/tests/CMakeFiles/nvblox_test_utils.dir/lib/cuda/float_layer_specialization.cu.o[0m
[128.501s] [ 49%] [32mBuilding CUDA object nvblox/tests/CMakeFiles/nvblox_test_utils.dir/lib/cuda/interpolation_2d_gpu.cu.o[0m
[128.501s] [ 50%] [32mBuilding CUDA object nvblox/tests/CMakeFiles/nvblox_test_utils.dir/lib/cuda/layer.cu.o[0m
[128.502s] [ 50%] [32mBuilding CUDA object nvblox/tests/CMakeFiles/nvblox_test_utils.dir/lib/cuda/test_utils_cuda.cu.o[0m
[128.504s] [ 50%] [32mBuilding CUDA object nvblox/tests/CMakeFiles/nvblox_test_utils.dir/lib/cuda/projective_tsdf_integrator_cuda_components.cu.o[0m
[128.505s] [ 50%] [32mBuilding CUDA object nvblox/tests/CMakeFiles/nvblox_test_utils.dir/lib/cuda/mesh_utils.cu.o[0m
[134.446s] [ 50%] [32m[1mLinking CXX executable fuse_lidarply[0m
[134.467s] [ 50%] [32m[1mLinking CXX executable fuse_redwood[0m
[134.803s] [ 50%] Built target fuse_lidarply
[134.815s] [ 51%] [32m[1mLinking CXX executable fuse_3dmatch[0m
[134.816s] [ 51%] [32mBuilding CUDA object nvblox/tests/CMakeFiles/nvblox_test_utils.dir/lib/cuda/weighting_utils.cu.o[0m
[134.868s] [ 51%] Built target fuse_redwood
[134.882s] [ 51%] [32mBuilding CUDA object nvblox/tests/CMakeFiles/nvblox_test_utils.dir/lib/cuda/test_layer.cu.o[0m
[134.968s] [ 51%] [32m[1mLinking CXX executable fuse_replica[0m
[135.065s] [ 52%] [32m[1mLinking CXX executable test_bench[0m
[135.082s] [ 52%] Built target fuse_3dmatch
[135.090s] [ 52%] [32mBuilding CUDA object nvblox/tests/CMakeFiles/nvblox_test_utils.dir/lib/custom_camera_sensor_inst.cu.o[0m
[135.242s] [ 52%] Built target fuse_replica
[135.255s] [ 52%] [32mBuilding CXX object nvblox/tests/CMakeFiles/nvblox_test_utils.dir/lib/projective_tsdf_integrator_cpu.cpp.o[0m
[135.340s] [ 52%] [32m[1mLinking CXX executable fuse_cusfm[0m
[135.341s] [ 52%] Built target test_bench
[135.354s] [ 53%] [32mBuilding CXX object nvblox/tests/CMakeFiles/nvblox_test_utils.dir/lib/tsdf_zero_crossings_extractor_cpu.cpp.o[0m
[135.544s] [ 53%] [32mBuilding CXX object nvblox/tests/CMakeFiles/nvblox_test_utils.dir/lib/utils.cpp.o[0m
[135.564s] [ 53%] [32mBuilding CXX object nvblox/tests/CMakeFiles/nvblox_test_utils.dir/lib/esdf_integrator_cpu.cpp.o[0m
[135.666s] [ 53%] Built target fuse_cusfm
[135.680s] [ 53%] [32mBuilding CXX object nvblox/tests/CMakeFiles/nvblox_test_utils.dir/lib/integrator_utils.cpp.o[0m
[136.607s] [ 54%] [32mBuilding CXX object nvblox/tests/CMakeFiles/nvblox_test_utils.dir/lib/ransac_plane_fitter_utils.cpp.o[0m
[158.824s] [ 54%] [32m[1mLinking CXX static library libnvblox_test_utils.a[0m
[159.100s] [ 54%] Built target nvblox_test_utils
[159.121s] [ 54%] [32mBuilding CXX object nvblox/tests/CMakeFiles/test_3d_interpolation.dir/test_3d_interpolation.cpp.o[0m
[159.121s] [ 54%] [32mBuilding CXX object nvblox/tests/CMakeFiles/test_mask_preprocessor.dir/test_mask_preprocessor.cpp.o[0m
[159.124s] [ 54%] [32mBuilding CXX object nvblox/tests/CMakeFiles/test_shape_clearer.dir/test_shape_clearer.cpp.o[0m
[159.124s] [ 54%] [32mBuilding CXX object nvblox/tests/CMakeFiles/test_3dmatch.dir/test_3dmatch.cpp.o[0m
[159.124s] [ 54%] [32mBuilding CXX object nvblox/tests/CMakeFiles/test_bounding_spheres.dir/test_bounding_spheres.cpp.o[0m
[159.124s] [ 54%] [32mBuilding CXX object nvblox/tests/CMakeFiles/test_cake.dir/test_cake.cpp.o[0m
[159.124s] [ 54%] [32mBuilding CXX object nvblox/tests/CMakeFiles/test_blox.dir/test_blox.cpp.o[0m
[159.124s] [ 54%] [32mBuilding CXX object nvblox/tests/CMakeFiles/test_color_image.dir/test_color_image.cpp.o[0m
[159.124s] [ 55%] [32mBuilding CXX object nvblox/tests/CMakeFiles/test_mono_image.dir/test_mono_image.cpp.o[0m
[159.125s] [ 55%] [32mBuilding CXX object nvblox/tests/CMakeFiles/test_for_memory_leaks.dir/test_for_memory_leaks.cpp.o[0m
[159.125s] [ 56%] [32mBuilding CXX object nvblox/tests/CMakeFiles/test_mask_from_detections.dir/test_mask_from_detections.cpp.o[0m
[159.125s] [ 56%] [32mBuilding CXX object nvblox/tests/CMakeFiles/test_color_integrator.dir/test_color_integrator.cpp.o[0m
[159.125s] [ 56%] [32mBuilding CXX object nvblox/tests/CMakeFiles/test_cuda_stream.dir/test_cuda_stream.cpp.o[0m
[159.125s] [ 57%] [32mBuilding CXX object nvblox/tests/CMakeFiles/test_feature_integrator.dir/test_feature_integrator.cpp.o[0m
[159.125s] [ 59%] [32mBuilding CXX object nvblox/tests/CMakeFiles/test_gpu_layer_view.dir/test_gpu_layer_view.cpp.o[0m
[159.126s] [ 59%] [32mBuilding CXX object nvblox/tests/CMakeFiles/test_dynamics.dir/test_dynamics.cpp.o[0m
[159.126s] [ 59%] [32mBuilding CXX object nvblox/tests/CMakeFiles/test_depth_image.dir/test_depth_image.cpp.o[0m
[159.126s] [ 60%] [32mBuilding CXX object nvblox/tests/CMakeFiles/test_freespace_integrator.dir/test_freespace_integrator.cpp.o[0m
[159.128s] [ 60%] [32mBuilding CXX object nvblox/tests/CMakeFiles/test_image_io.dir/test_image_io.cpp.o[0m
[159.128s] [ 60%] [32mBuilding CXX object nvblox/tests/CMakeFiles/test_frustum.dir/test_frustum.cpp.o[0m
[161.557s] [ 60%] [32m[1mLinking CXX executable test_bounding_spheres[0m
[161.783s] [ 60%] Built target test_bounding_spheres
[161.783s] [ 60%] [32m[1mLinking CXX executable test_mono_image[0m
[161.819s] [ 60%] [32mBuilding CXX object nvblox/tests/CMakeFiles/test_image_masker.dir/test_image_masker.cpp.o[0m
[161.980s] [ 60%] Built target test_mono_image
[162.011s] [ 60%] [32mBuilding CXX object nvblox/tests/CMakeFiles/test_image_projector.dir/test_image_projector.cpp.o[0m
[162.245s] [ 60%] [32m[1mLinking CXX executable test_cuda_stream[0m
[162.457s] [ 60%] Built target test_cuda_stream
[162.486s] [ 60%] [32mBuilding CXX object nvblox/tests/CMakeFiles/test_indexing.dir/test_indexing.cpp.o[0m
[162.910s] [ 60%] [32m[1mLinking CXX executable test_mask_from_detections[0m
[163.092s] [ 60%] Built target test_mask_from_detections
[163.125s] [ 60%] [32mBuilding CXX object nvblox/tests/CMakeFiles/test_interpolation_2d.dir/test_interpolation_2d.cpp.o[0m
[163.819s] [ 60%] [32m[1mLinking CXX executable test_mask_preprocessor[0m
[164.005s] [ 60%] Built target test_mask_preprocessor
[164.037s] [ 60%] [32mBuilding CXX object nvblox/tests/CMakeFiles/test_layer.dir/test_layer.cpp.o[0m
[164.561s] [ 60%] [32m[1mLinking CXX executable test_depth_image[0m
[164.765s] [ 60%] Built target test_depth_image
[164.797s] [ 60%] [32mBuilding CXX object nvblox/tests/CMakeFiles/test_lidar.dir/test_lidar.cpp.o[0m
[165.207s] [ 61%] [32m[1mLinking CXX executable test_blox[0m
[165.446s] [ 61%] Built target test_blox
[165.473s] [ 61%] [32mBuilding CXX object nvblox/tests/CMakeFiles/test_lidarply.dir/test_lidarply.cpp.o[0m
[166.068s] [ 61%] [32m[1mLinking CXX executable test_image_io[0m
[166.245s] [ 61%] Built target test_image_io
[166.275s] [ 61%] [32mBuilding CXX object nvblox/tests/CMakeFiles/test_lidar_integration.dir/test_lidar_integration.cpp.o[0m
[166.416s] [ 61%] [32m[1mLinking CXX executable test_gpu_layer_view[0m
[166.517s] [ 61%] [32m[1mLinking CXX executable test_3d_interpolation[0m
[166.714s] [ 61%] Built target test_gpu_layer_view
[166.749s] [ 61%] Built target test_3d_interpolation
[166.770s] [ 62%] [32mBuilding CXX object nvblox/tests/CMakeFiles/test_mapper.dir/test_mapper.cpp.o[0m
[166.781s] [ 63%] [32mBuilding CXX object nvblox/tests/CMakeFiles/test_mesh_appearance.dir/test_mesh_appearance.cpp.o[0m
[166.886s] [ 63%] [32m[1mLinking CXX executable test_indexing[0m
[167.075s] [ 63%] Built target test_indexing
[167.118s] [ 63%] [32mBuilding CXX object nvblox/tests/CMakeFiles/test_mesh.dir/test_mesh.cpp.o[0m
[167.415s] [ 64%] [32m[1mLinking CXX executable test_cake[0m
[167.776s] [ 64%] [32m[1mLinking CXX executable test_feature_integrator[0m
[167.788s] [ 65%] [32m[1mLinking CXX executable test_3dmatch[0m
[167.819s] [ 65%] Built target test_cake
[167.835s] [ 65%] [32m[1mLinking CXX executable test_color_image[0m
[167.871s] [ 65%] [32mBuilding CXX object nvblox/tests/CMakeFiles/test_mesh_serializer.dir/test_mesh_serializer.cpp.o[0m
[168.028s] [ 65%] Built target test_3dmatch
[168.037s] [ 65%] Built target test_color_image
[168.042s] [ 65%] Built target test_feature_integrator
[168.063s] [ 65%] [32m[1mLinking CXX executable test_for_memory_leaks[0m
[168.064s] [ 65%] [32mBuilding CXX object nvblox/tests/CMakeFiles/test_ply_io.dir/test_ply_io.cpp.o[0m
[168.069s] [ 66%] [32mBuilding CXX object nvblox/tests/CMakeFiles/test_nvtx_ranges.dir/test_nvtx_ranges.cpp.o[0m
[168.074s] [ 66%] [32mBuilding CXX object nvblox/tests/CMakeFiles/test_occupancy_decay.dir/test_occupancy_decay.cpp.o[0m
[168.362s] [ 66%] Built target test_for_memory_leaks
[168.393s] [ 66%] [32mBuilding CXX object nvblox/tests/CMakeFiles/test_occupancy_integrator.dir/test_occupancy_integrator.cpp.o[0m
[168.751s] [ 67%] [32m[1mLinking CXX executable test_interpolation_2d[0m
[168.979s] [ 67%] Built target test_interpolation_2d
[169.012s] [ 67%] [32mBuilding CXX object nvblox/tests/CMakeFiles/test_orbbec.dir/test_orbbec.cpp.o[0m
[169.198s] [ 68%] [32m[1mLinking CXX executable test_image_masker[0m
[169.384s] [ 68%] Built target test_image_masker
[169.419s] [ 68%] [32mBuilding CXX object nvblox/tests/CMakeFiles/test_pointcloud.dir/test_pointcloud.cpp.o[0m
[169.528s] [ 69%] [32m[1mLinking CXX executable test_shape_clearer[0m
[169.615s] [ 69%] [32m[1mLinking CXX executable test_freespace_integrator[0m
[169.752s] [ 70%] [32m[1mLinking CXX executable test_color_integrator[0m
[169.836s] [ 70%] Built target test_shape_clearer
[169.856s] [ 70%] Built target test_freespace_integrator
[169.868s] [ 70%] [32mBuilding CXX object nvblox/tests/CMakeFiles/test_ray_caster.dir/test_ray_caster.cpp.o[0m
[169.888s] [ 70%] [32mBuilding CXX object nvblox/tests/CMakeFiles/test_scene.dir/test_scene.cpp.o[0m
[170.118s] [ 70%] [32m[1mLinking CXX executable test_dynamics[0m
[170.216s] [ 70%] Built target test_color_integrator
[170.247s] [ 70%] [32mBuilding CXX object nvblox/tests/CMakeFiles/test_serialization.dir/test_serialization.cpp.o[0m
[170.360s] [ 70%] Built target test_dynamics
[170.392s] [ 70%] [32mBuilding CXX object nvblox/tests/CMakeFiles/test_sphere_tracing.dir/test_sphere_tracing.cpp.o[0m
[171.350s] [ 70%] [32m[1mLinking CXX executable test_image_projector[0m
[171.656s] [ 70%] Built target test_image_projector
[171.688s] [ 71%] [32mBuilding CXX object nvblox/tests/CMakeFiles/test_time.dir/test_time.cpp.o[0m
[172.379s] [ 71%] [32m[1mLinking CXX executable test_nvtx_ranges[0m
[172.493s] [ 72%] [32m[1mLinking CXX executable test_lidar[0m
[172.556s] [ 72%] Built target test_nvtx_ranges
[172.589s] [ 72%] [32mBuilding CXX object nvblox/tests/CMakeFiles/test_timing.dir/test_timing.cpp.o[0m
[172.680s] [ 72%] Built target test_lidar
[172.711s] [ 73%] [32mBuilding CXX object nvblox/tests/CMakeFiles/test_traits.dir/test_traits.cpp.o[0m
[172.960s] [ 73%] [32m[1mLinking CXX executable test_time[0m
[173.104s] [ 73%] Built target test_time
[173.136s] [ 73%] [32mBuilding CXX object nvblox/tests/CMakeFiles/test_tsdf_decay.dir/test_tsdf_decay.cpp.o[0m
[173.198s] [ 73%] [32m[1mLinking CXX executable test_frustum[0m
[173.473s] [ 73%] Built target test_frustum
[173.506s] [ 74%] [32mBuilding CXX object nvblox/tests/CMakeFiles/test_tsdf_error.dir/test_tsdf_error.cpp.o[0m
[173.841s] [ 75%] [32m[1mLinking CXX executable test_pointcloud[0m
[174.028s] [ 75%] Built target test_pointcloud
[174.059s] [ 75%] [32mBuilding CXX object nvblox/tests/CMakeFiles/test_tsdf_integrator.dir/test_tsdf_integrator.cpp.o[0m
[174.586s] [ 75%] [32m[1mLinking CXX executable test_lidarply[0m
[174.772s] [ 75%] Built target test_lidarply
[174.804s] [ 76%] [32mBuilding CXX object nvblox/tests/CMakeFiles/test_tsdf_integrator_cuda_components.dir/test_tsdf_integrator_cuda_components.cpp.o[0m
[175.133s] [ 77%] [32m[1mLinking CXX executable test_ray_caster[0m
[175.172s] [ 77%] [32m[1mLinking CXX executable test_timing[0m
[175.316s] [ 77%] Built target test_timing
[175.318s] [ 77%] Built target test_ray_caster
[175.349s] [ 77%] [32mBuilding CXX object nvblox/tests/CMakeFiles/test_unified_ptr.dir/test_unified_ptr.cpp.o[0m
[175.356s] [ 78%] [32mBuilding CXX object nvblox/tests/CMakeFiles/test_unified_3d_grid.dir/test_unified_3d_grid.cpp.o[0m
[175.450s] [ 78%] [32m[1mLinking CXX executable test_lidar_integration[0m
[175.636s] [ 78%] [32m[1mLinking CXX executable test_ply_io[0m
[175.784s] [ 78%] Built target test_lidar_integration
[175.793s] [ 79%] [32m[1mLinking CXX executable test_occupancy_decay[0m
[175.817s] [ 80%] [32mBuilding CXX object nvblox/tests/CMakeFiles/test_unified_vector.dir/test_unified_vector.cpp.o[0m
[176.006s] [ 80%] Built target test_ply_io
[176.036s] [ 80%] [32mBuilding CXX object nvblox/tests/CMakeFiles/test_weighting_function.dir/test_weighting_function.cpp.o[0m
[176.111s] [ 80%] Built target test_occupancy_decay
[176.117s] [ 80%] [32m[1mLinking CXX executable test_mesh_serializer[0m
[176.154s] [ 81%] [32mBuilding CXX object nvblox/tests/CMakeFiles/test_workspace_bounds.dir/test_workspace_bounds.cpp.o[0m
[176.379s] [ 81%] [32m[1mLinking CXX executable test_layer[0m
[176.389s] [ 81%] [32m[1mLinking CXX executable test_traits[0m
[176.432s] [ 81%] Built target test_mesh_serializer
[176.465s] [ 81%] [32mBuilding CXX object nvblox/tests/CMakeFiles/test_rates.dir/test_rates.cpp.o[0m
[176.636s] [ 81%] Built target test_traits
[176.671s] [ 81%] [32mBuilding CXX object nvblox/tests/CMakeFiles/test_layer_streamer.dir/test_layer_streamer.cpp.o[0m
[176.752s] [ 81%] Built target test_layer
[176.800s] [ 82%] [32mBuilding CXX object nvblox/tests/CMakeFiles/test_npp_image_operations.dir/test_npp_image_operations.cpp.o[0m
[177.711s] [ 82%] [32m[1mLinking CXX executable test_mesh_appearance[0m
[178.134s] [ 82%] Built target test_mesh_appearance
[178.160s] [ 83%] [32m[1mLinking CXX executable test_orbbec[0m
[178.163s] [ 84%] [32mBuilding CXX object nvblox/tests/CMakeFiles/test_depth_image_preprocessing.dir/test_depth_image_preprocessing.cpp.o[0m
[178.402s] [ 84%] Built target test_orbbec
[178.435s] [ 84%] [32mBuilding CXX object nvblox/tests/CMakeFiles/test_layer_serializer_gpu.dir/test_layer_serializer_gpu.cpp.o[0m
[178.930s] [ 84%] [32m[1mLinking CXX executable test_serialization[0m
[178.976s] [ 84%] [32m[1mLinking CXX executable test_unified_3d_grid[0m
[179.229s] [ 84%] [32m[1mLinking CXX executable test_weighting_function[0m
[179.269s] [ 84%] Built target test_serialization
[179.312s] [ 84%] [32mBuilding CXX object nvblox/tests/CMakeFiles/test_image_cache.dir/test_image_cache.cpp.o[0m
[179.356s] [ 84%] Built target test_unified_3d_grid
[179.386s] [ 84%] [32m[1mLinking CXX executable test_rates[0m
[179.391s] [ 84%] [32mBuilding CXX object nvblox/tests/CMakeFiles/test_params.dir/test_params.cpp.o[0m
[179.472s] [ 84%] Built target test_weighting_function
[179.610s] [ 84%] [32mBuilding CXX object nvblox/tests/CMakeFiles/test_block_memory_pool.dir/test_block_memory_pool.cpp.o[0m
[179.676s] [ 84%] Built target test_rates
[179.708s] [ 84%] [32m[1mLinking CXX executable test_mesh[0m
[179.744s] [ 85%] [32mBuilding CXX object nvblox/tests/CMakeFiles/test_delays.dir/test_delays.cpp.o[0m
[180.127s] [ 85%] Built target test_mesh
[180.186s] [ 85%] [32mBuilding CXX object nvblox/tests/CMakeFiles/test_image_view.dir/test_image_view.cpp.o[0m
[180.553s] [ 85%] [32m[1mLinking CXX executable test_mapper[0m
[180.864s] [ 85%] [32m[1mLinking CXX executable test_params[0m
[180.923s] [ 85%] [32m[1mLinking CXX executable test_unified_vector[0m
[181.073s] [ 85%] Built target test_params
[181.113s] [ 85%] Built target test_unified_vector
[181.113s] [ 85%] [32mBuilding CXX object nvblox/tests/CMakeFiles/test_bitmask.dir/test_bitmask.cpp.o[0m
[181.170s] [ 85%] Built target test_mapper
[181.173s] [ 85%] [32mBuilding CXX object nvblox/tests/CMakeFiles/test_blocks_to_update_tracker.dir/test_blocks_to_update_tracker.cpp.o[0m
[181.262s] [ 85%] [32mBuilding CXX object nvblox/tests/CMakeFiles/test_nvblox_h.dir/test_nvblox_h.cpp.o[0m
[181.471s] [ 85%] [32m[1mLinking CXX executable test_unified_ptr[0m
[181.772s] [ 85%] Built target test_unified_ptr
[181.812s] [ 85%] [32mBuilding CXX object nvblox/tests/CMakeFiles/test_ransac_plane_fitter_cpu.dir/test_ransac_plane_fitter_cpu.cpp.o[0m
[182.380s] [ 85%] [32m[1mLinking CXX executable test_occupancy_integrator[0m
[182.530s] [ 85%] [32m[1mLinking CXX executable test_delays[0m
[182.535s] [ 86%] [32m[1mLinking CXX executable test_image_cache[0m
[182.633s] [ 86%] [32m[1mLinking CXX executable test_sphere_tracing[0m
[182.733s] [ 86%] Built target test_occupancy_integrator
[182.746s] [ 86%] Built target test_image_cache
[182.749s] [ 86%] Built target test_delays
[182.789s] [ 86%] [32mBuilding CXX object nvblox/tests/CMakeFiles/test_layer_cake_streamer.dir/test_layer_cake_streamer.cpp.o[0m
[182.797s] [ 86%] [32mBuilding CXX object nvblox/tests/CMakeFiles/test_ransac_plane_fitter.dir/test_ransac_plane_fitter.cpp.o[0m
[182.803s] [ 86%] [32m[1mLinking CXX executable test_bitmask[0m
[182.807s] [ 86%] [32mBuilding CXX object nvblox/tests/CMakeFiles/test_replica.dir/test_replica.cpp.o[0m
[182.885s] [ 86%] Built target test_sphere_tracing
[182.962s] [ 86%] [32mBuilding CXX object nvblox/tests/CMakeFiles/test_checks.dir/test_checks.cpp.o[0m
[183.026s] [ 86%] Built target test_bitmask
[183.088s] [ 86%] [32mBuilding CXX object nvblox/tests/CMakeFiles/test_type_indexed_store.dir/test_type_indexed_store.cpp.o[0m
[183.184s] [ 86%] [32m[1mLinking CXX executable test_tsdf_error[0m
[183.562s] [ 86%] Built target test_tsdf_error
[183.629s] [ 86%] [32mBuilding CUDA object nvblox/tests/CMakeFiles/regression_test_query_after_clear.dir/regression_test_query_after_clear.cu.o[0m
[183.852s] [ 86%] [32m[1mLinking CXX executable test_tsdf_integrator_cuda_components[0m
[183.920s] [ 87%] [32m[1mLinking CXX executable test_image_view[0m
[184.076s] [ 87%] Built target test_tsdf_integrator_cuda_components
[184.174s] [ 87%] [32mBuilding CUDA object nvblox/tests/CMakeFiles/test_camera.dir/test_camera.cu.o[0m
[184.191s] [ 87%] Built target test_image_view
[184.231s] [ 87%] [32mBuilding CUDA object nvblox/tests/CMakeFiles/test_layer_to_3d_grid.dir/test_layer_to_3d_grid.cu.o[0m
[184.508s] [ 88%] [32m[1mLinking CXX executable test_block_memory_pool[0m
[184.780s] [ 88%] Built target test_block_memory_pool
[184.817s] [ 88%] [32mBuilding CUDA object nvblox/tests/CMakeFiles/test_gpu_hash_interface.dir/test_gpu_hash_interface.cu.o[0m
[185.044s] [ 89%] [32m[1mLinking CXX executable test_checks[0m
[185.082s] [ 89%] [32m[1mLinking CXX executable test_workspace_bounds[0m
[185.258s] [ 89%] Built target test_checks
[185.348s] [ 90%] [32mBuilding CUDA object nvblox/tests/CMakeFiles/test_masked_image_view.dir/test_masked_image_view.cu.o[0m
[185.521s] [ 90%] Built target test_workspace_bounds
[185.575s] [ 90%] [32mBuilding CUDA object nvblox/tests/CMakeFiles/test_esdf_integrator_slicing.dir/test_esdf_integrator_slicing.cu.o[0m
[185.837s] [ 90%] [32m[1mLinking CXX executable test_npp_image_operations[0m
[186.068s] [ 90%] Built target test_npp_image_operations
[186.102s] [ 90%] [32mBuilding CUDA object nvblox/tests/CMakeFiles/test_plane.dir/test_plane.cu.o[0m
[186.760s] [ 90%] [32m[1mLinking CXX executable test_layer_serializer_gpu[0m
[186.812s] [ 90%] [32m[1mLinking CXX executable test_depth_image_preprocessing[0m
[186.849s] [ 90%] [32m[1mLinking CXX executable test_blocks_to_update_tracker[0m
[187.037s] [ 90%] Built target test_layer_serializer_gpu
[187.040s] [ 90%] Built target test_blocks_to_update_tracker
[187.063s] [ 90%] Built target test_depth_image_preprocessing
[187.067s] [ 90%] [32mBuilding CUDA object nvblox/tests/CMakeFiles/test_device_function_utils.dir/test_device_function_utils.cu.o[0m
[187.078s] [ 90%] [32mBuilding CUDA object nvblox/tests/CMakeFiles/test_zero_crossings_extractor.dir/test_zero_crossings_extractor.cu.o[0m
[187.088s] [ 90%] [32mBuilding CUDA object nvblox/tests/CMakeFiles/test_error_check.dir/test_error_check.cu.o[0m
[187.747s] [ 90%] [32m[1mLinking CXX executable test_tsdf_decay[0m
[188.168s] [ 90%] Built target test_tsdf_decay
[188.215s] [ 90%] [32mBuilding CUDA object nvblox/tests/CMakeFiles/test_array.dir/test_array.cu.o[0m
[188.359s] [ 90%] [32m[1mLinking CXX executable test_type_indexed_store[0m
[188.494s] [ 91%] [32m[1mLinking CXX executable test_layer_cake_streamer[0m
[188.641s] [ 91%] Built target test_type_indexed_store
[188.701s] [ 92%] [32mBuilding CUDA object nvblox/tests/CMakeFiles/test_lidar_motion_compensation.dir/test_lidar_motion_compensation.cu.o[0m
[188.715s] [ 92%] [32m[1mLinking CXX executable test_nvblox_h[0m
[188.796s] [ 92%] Built target test_layer_cake_streamer
[188.835s] [ 92%] Built target test_nvblox_h
[188.852s] [ 93%] [32mBuilding CXX object nvblox/tests/CMakeFiles/test_esdf_integrator.dir/test_esdf_integrator.cpp.o[0m
[188.864s] [ 94%] [32m[1mLinking CXX executable test_scene[0m
[188.877s] [ 95%] [32mBuilding CXX object nvblox/tests/CMakeFiles/test_fuser.dir/test_fuser.cpp.o[0m
[189.184s] [ 96%] [32m[1mLinking CXX executable test_layer_streamer[0m
[189.204s] [ 96%] Built target test_scene
[189.282s] [ 96%] [32mBuilding CXX object nvblox/tests/CMakeFiles/test_mapper_block_allocation.dir/test_mapper_block_allocation.cpp.o[0m
[189.486s] [ 96%] Built target test_layer_streamer
[189.529s] [ 96%] [32mBuilding CXX object nvblox/tests/CMakeFiles/test_multi_mapper.dir/test_multi_mapper.cpp.o[0m
[189.904s] [ 96%] [32m[1mLinking CXX executable test_ransac_plane_fitter[0m
[190.212s] [ 97%] [32m[1mLinking CXX executable test_ransac_plane_fitter_cpu[0m
[190.212s] [ 97%] Built target test_ransac_plane_fitter
[190.256s] [ 97%] [32mBuilding CXX object nvblox/tests/CMakeFiles/nvblox_benchmark.dir/benchmark.cpp.o[0m
[190.515s] [ 97%] Built target test_ransac_plane_fitter_cpu
[190.554s] [ 97%] [32mBuilding CXX object nvblox/tests/CMakeFiles/nvblox_benchmark_camera.dir/benchmark_camera.cpp.o[0m
[191.557s] [ 97%] [32m[1mLinking CXX executable test_replica[0m
[191.753s] [ 97%] Built target test_replica
[193.397s] [ 97%] [32m[1mLinking CXX executable test_tsdf_integrator[0m
[193.769s] [ 97%] Built target test_tsdf_integrator
[193.941s] [ 97%] [32m[1mLinking CXX executable nvblox_benchmark_camera[0m
[194.143s] [ 97%] Built target nvblox_benchmark_camera
[196.328s] [ 97%] [32m[1mLinking CXX executable test_device_function_utils[0m
[196.391s] [ 97%] [32m[1mLinking CXX executable test_masked_image_view[0m
[196.490s] [ 97%] Built target test_device_function_utils
[196.522s] [ 97%] Built target test_masked_image_view
[196.933s] [ 97%] [32m[1mLinking CXX executable test_fuser[0m
[197.049s] [ 97%] Built target test_fuser
[197.298s] [ 97%] [32m[1mLinking CXX executable test_error_check[0m
[197.459s] [ 97%] Built target test_error_check
[197.727s] [ 97%] [32m[1mLinking CXX executable test_array[0m
[197.900s] [ 97%] Built target test_array
[199.280s] [ 98%] [32m[1mLinking CXX executable nvblox_benchmark[0m
[199.416s] [ 98%] Built target nvblox_benchmark
[199.921s] [ 99%] [32m[1mLinking CXX executable test_plane[0m
[200.036s] [ 99%] Built target test_plane
[200.160s] [ 99%] [32m[1mLinking CXX executable test_multi_mapper[0m
[200.374s] [ 99%] Built target test_multi_mapper
[202.412s] [ 99%] [32m[1mLinking CXX executable test_esdf_integrator[0m
[202.596s] [ 99%] Built target test_esdf_integrator
[203.235s] [ 99%] [32m[1mLinking CXX executable regression_test_query_after_clear[0m
[203.333s] [ 99%] [32m[1mLinking CXX executable test_mapper_block_allocation[0m
[203.353s] [ 99%] Built target regression_test_query_after_clear
[203.503s] [ 99%] Built target test_mapper_block_allocation
[204.311s] [ 99%] [32m[1mLinking CXX executable test_gpu_hash_interface[0m
[204.425s] [ 99%] Built target test_gpu_hash_interface
[205.436s] [ 99%] [32m[1mLinking CXX executable test_layer_to_3d_grid[0m
[205.541s] [ 99%] Built target test_layer_to_3d_grid
[206.052s] [ 99%] [32m[1mLinking CXX executable test_esdf_integrator_slicing[0m
[206.174s] [ 99%] Built target test_esdf_integrator_slicing
[206.495s] [ 99%] [32m[1mLinking CXX executable test_camera[0m
[206.585s] [ 99%] Built target test_camera
[208.098s] [100%] [32m[1mLinking CXX executable test_zero_crossings_extractor[0m
[208.199s] [100%] Built target test_zero_crossings_extractor
[209.401s] [100%] [32m[1mLinking CXX executable test_lidar_motion_compensation[0m
[209.491s] [100%] Built target test_lidar_motion_compensation
[209.592s] Invoked command in '/home/czz/nvblox_ws/build/nvblox' returned '0': /usr/bin/cmake --build /home/czz/nvblox_ws/build/nvblox -- -j20 -l20
[209.677s] Invoking command in '/home/czz/nvblox_ws/build/nvblox': /usr/bin/cmake --install /home/czz/nvblox_ws/build/nvblox
[209.682s] -- Install configuration: "Release"
[209.682s] -- Installing: /home/czz/nvblox_ws/install/nvblox/lib/libgflags.a
[209.682s] -- Installing: /home/czz/nvblox_ws/install/nvblox/lib/libgflags_nothreads.a
[209.683s] -- Installing: /home/czz/nvblox_ws/install/nvblox/include/gflags/gflags.h
[209.683s] -- Installing: /home/czz/nvblox_ws/install/nvblox/include/gflags/gflags_declare.h
[209.683s] -- Installing: /home/czz/nvblox_ws/install/nvblox/include/gflags/gflags_completions.h
[209.683s] -- Installing: /home/czz/nvblox_ws/install/nvblox/include/gflags/gflags_gflags.h
[209.683s] -- Installing: /home/czz/nvblox_ws/install/nvblox/lib/cmake/gflags/gflags-config.cmake
[209.684s] -- Installing: /home/czz/nvblox_ws/install/nvblox/lib/cmake/gflags/gflags-config-version.cmake
[209.685s] -- Installing: /home/czz/nvblox_ws/install/nvblox/lib/cmake/gflags/gflags-targets.cmake
[209.685s] -- Installing: /home/czz/nvblox_ws/install/nvblox/lib/cmake/gflags/gflags-targets-release.cmake
[209.685s] -- Installing: /home/czz/nvblox_ws/install/nvblox/bin/gflags_completions.sh
[209.685s] -- Installing: /home/czz/nvblox_ws/install/nvblox/lib/pkgconfig/gflags.pc
[209.687s] -- Installing: /home/czz/.cmake/packages/gflags/18bec54d6fadf45dbbedffa8b8610988
[209.689s] -- Installing: /home/czz/nvblox_ws/install/nvblox/lib/libstdgpu.a
[209.689s] -- Up-to-date: /home/czz/nvblox_ws/install/nvblox/include
[209.690s] -- Installing: /home/czz/nvblox_ws/install/nvblox/include/stdgpu
[209.690s] -- Installing: /home/czz/nvblox_ws/install/nvblox/include/stdgpu/compiler.h
[209.690s] -- Installing: /home/czz/nvblox_ws/install/nvblox/include/stdgpu/unordered_map.cuh
[209.690s] -- Installing: /home/czz/nvblox_ws/install/nvblox/include/stdgpu/execution.h
[209.690s] -- Installing: /home/czz/nvblox_ws/install/nvblox/include/stdgpu/stack.cuh
[209.690s] -- Installing: /home/czz/nvblox_ws/install/nvblox/include/stdgpu/hip
[209.690s] -- Installing: /home/czz/nvblox_ws/install/nvblox/include/stdgpu/hip/device.h
[209.690s] -- Installing: /home/czz/nvblox_ws/install/nvblox/include/stdgpu/hip/platform.h
[209.690s] -- Installing: /home/czz/nvblox_ws/install/nvblox/include/stdgpu/hip/atomic.h
[209.690s] -- Installing: /home/czz/nvblox_ws/install/nvblox/include/stdgpu/hip/platform_check.h
[209.691s] -- Installing: /home/czz/nvblox_ws/install/nvblox/include/stdgpu/hip/impl
[209.691s] -- Installing: /home/czz/nvblox_ws/install/nvblox/include/stdgpu/hip/impl/error.h
[209.691s] -- Installing: /home/czz/nvblox_ws/install/nvblox/include/stdgpu/hip/impl/atomic_detail.h
[209.691s] -- Installing: /home/czz/nvblox_ws/install/nvblox/include/stdgpu/hip/memory.h
[209.691s] -- Installing: /home/czz/nvblox_ws/install/nvblox/include/stdgpu/utility.h
[209.691s] -- Installing: /home/czz/nvblox_ws/install/nvblox/include/stdgpu/device.h
[209.691s] -- Installing: /home/czz/nvblox_ws/install/nvblox/include/stdgpu/bit.h
[209.691s] -- Installing: /home/czz/nvblox_ws/install/nvblox/include/stdgpu/atomic.cuh
[209.691s] -- Installing: /home/czz/nvblox_ws/install/nvblox/include/stdgpu/platform.h
[209.691s] -- Installing: /home/czz/nvblox_ws/install/nvblox/include/stdgpu/bitset.cuh
[209.691s] -- Installing: /home/czz/nvblox_ws/install/nvblox/include/stdgpu/cstddef.h
[209.692s] -- Installing: /home/czz/nvblox_ws/install/nvblox/include/stdgpu/numeric.h
[209.692s] -- Installing: /home/czz/nvblox_ws/install/nvblox/include/stdgpu/mutex.cuh
[209.692s] -- Installing: /home/czz/nvblox_ws/install/nvblox/include/stdgpu/queue.cuh
[209.692s] -- Installing: /home/czz/nvblox_ws/install/nvblox/include/stdgpu/type_traits.h
[209.692s] -- Installing: /home/czz/nvblox_ws/install/nvblox/include/stdgpu/cuda
[209.692s] -- Installing: /home/czz/nvblox_ws/install/nvblox/include/stdgpu/cuda/device.h
[209.692s] -- Installing: /home/czz/nvblox_ws/install/nvblox/include/stdgpu/cuda/atomic.cuh
[209.692s] -- Installing: /home/czz/nvblox_ws/install/nvblox/include/stdgpu/cuda/platform.h
[209.692s] -- Installing: /home/czz/nvblox_ws/install/nvblox/include/stdgpu/cuda/platform_check.h
[209.692s] -- Installing: /home/czz/nvblox_ws/install/nvblox/include/stdgpu/cuda/impl
[209.693s] -- Installing: /home/czz/nvblox_ws/install/nvblox/include/stdgpu/cuda/impl/atomic_detail.cuh
[209.693s] -- Installing: /home/czz/nvblox_ws/install/nvblox/include/stdgpu/cuda/impl/error.h
[209.693s] -- Installing: /home/czz/nvblox_ws/install/nvblox/include/stdgpu/cuda/memory.h
[209.693s] -- Installing: /home/czz/nvblox_ws/install/nvblox/include/stdgpu/contract.h
[209.693s] -- Installing: /home/czz/nvblox_ws/install/nvblox/include/stdgpu/openmp
[209.693s] -- Installing: /home/czz/nvblox_ws/install/nvblox/include/stdgpu/openmp/device.h
[209.693s] -- Installing: /home/czz/nvblox_ws/install/nvblox/include/stdgpu/openmp/platform.h
[209.693s] -- Installing: /home/czz/nvblox_ws/install/nvblox/include/stdgpu/openmp/atomic.h
[209.693s] -- Installing: /home/czz/nvblox_ws/install/nvblox/include/stdgpu/openmp/platform_check.h
[209.694s] -- Installing: /home/czz/nvblox_ws/install/nvblox/include/stdgpu/openmp/impl
[209.694s] -- Installing: /home/czz/nvblox_ws/install/nvblox/include/stdgpu/openmp/impl/atomic_detail.h
[209.694s] -- Installing: /home/czz/nvblox_ws/install/nvblox/include/stdgpu/openmp/memory.h
[209.694s] -- Installing: /home/czz/nvblox_ws/install/nvblox/include/stdgpu/ranges.h
[209.694s] -- Installing: /home/czz/nvblox_ws/install/nvblox/include/stdgpu/deque.cuh
[209.694s] -- Installing: /home/czz/nvblox_ws/install/nvblox/include/stdgpu/iterator.h
[209.694s] -- Installing: /home/czz/nvblox_ws/install/nvblox/include/stdgpu/functional.h
[209.694s] -- Installing: /home/czz/nvblox_ws/install/nvblox/include/stdgpu/algorithm.h
[209.694s] -- Installing: /home/czz/nvblox_ws/install/nvblox/include/stdgpu/unordered_set.cuh
[209.694s] -- Installing: /home/czz/nvblox_ws/install/nvblox/include/stdgpu/vector.cuh
[209.695s] -- Installing: /home/czz/nvblox_ws/install/nvblox/include/stdgpu/limits.h
[209.695s] -- Installing: /home/czz/nvblox_ws/install/nvblox/include/stdgpu/impl
[209.695s] -- Installing: /home/czz/nvblox_ws/install/nvblox/include/stdgpu/impl/ranges_detail.h
[209.695s] -- Installing: /home/czz/nvblox_ws/install/nvblox/include/stdgpu/impl/vector_detail.cuh
[209.695s] -- Installing: /home/czz/nvblox_ws/install/nvblox/include/stdgpu/impl/bit_detail.h
[209.695s] -- Installing: /home/czz/nvblox_ws/install/nvblox/include/stdgpu/impl/limits_detail.h
[209.695s] -- Installing: /home/czz/nvblox_ws/install/nvblox/include/stdgpu/impl/functional_detail.h
[209.695s] -- Installing: /home/czz/nvblox_ws/install/nvblox/include/stdgpu/impl/atomic_detail.cuh
[209.695s] -- Installing: /home/czz/nvblox_ws/install/nvblox/include/stdgpu/impl/deque_detail.cuh
[209.695s] -- Installing: /home/czz/nvblox_ws/install/nvblox/include/stdgpu/impl/utility_detail.h
[209.695s] -- Installing: /home/czz/nvblox_ws/install/nvblox/include/stdgpu/impl/bitset_detail.cuh
[209.695s] -- Installing: /home/czz/nvblox_ws/install/nvblox/include/stdgpu/impl/type_traits_detail.h
[209.695s] -- Installing: /home/czz/nvblox_ws/install/nvblox/include/stdgpu/impl/iterator_detail.h
[209.695s] -- Installing: /home/czz/nvblox_ws/install/nvblox/include/stdgpu/impl/mutex_detail.cuh
[209.695s] -- Installing: /home/czz/nvblox_ws/install/nvblox/include/stdgpu/impl/preprocessor.h
[209.695s] -- Installing: /home/czz/nvblox_ws/install/nvblox/include/stdgpu/impl/platform_check.h
[209.695s] -- Installing: /home/czz/nvblox_ws/install/nvblox/include/stdgpu/impl/memory_detail.h
[209.695s] -- Installing: /home/czz/nvblox_ws/install/nvblox/include/stdgpu/impl/queue_detail.cuh
[209.696s] -- Installing: /home/czz/nvblox_ws/install/nvblox/include/stdgpu/impl/algorithm_detail.h
[209.696s] -- Installing: /home/czz/nvblox_ws/install/nvblox/include/stdgpu/impl/unordered_map_detail.cuh
[209.696s] -- Installing: /home/czz/nvblox_ws/install/nvblox/include/stdgpu/impl/numeric_detail.h
[209.696s] -- Installing: /home/czz/nvblox_ws/install/nvblox/include/stdgpu/impl/stack_detail.cuh
[209.696s] -- Installing: /home/czz/nvblox_ws/install/nvblox/include/stdgpu/impl/unordered_base.cuh
[209.696s] -- Installing: /home/czz/nvblox_ws/install/nvblox/include/stdgpu/impl/unordered_set_detail.cuh
[209.696s] -- Installing: /home/czz/nvblox_ws/install/nvblox/include/stdgpu/impl/unordered_base_detail.cuh
[209.696s] -- Installing: /home/czz/nvblox_ws/install/nvblox/include/stdgpu/memory.h
[209.696s] -- Up-to-date: /home/czz/nvblox_ws/install/nvblox/include
[209.696s] -- Up-to-date: /home/czz/nvblox_ws/install/nvblox/include/stdgpu
[209.696s] -- Installing: /home/czz/nvblox_ws/install/nvblox/include/stdgpu/config.h
[209.697s] -- Installing: /home/czz/nvblox_ws/install/nvblox/lib/cmake/stdgpu/stdgpu-dependencies.cmake
[209.697s] -- Installing: /home/czz/nvblox_ws/install/nvblox/lib/cmake/stdgpu/Findthrust.cmake
[209.697s] -- Installing: /home/czz/nvblox_ws/install/nvblox/lib/cmake/stdgpu/cuda/determine_thrust_paths.cmake
[209.698s] -- Installing: /home/czz/nvblox_ws/install/nvblox/lib/cmake/stdgpu/stdgpu-targets.cmake
[209.698s] -- Installing: /home/czz/nvblox_ws/install/nvblox/lib/cmake/stdgpu/stdgpu-targets-release.cmake
[209.699s] -- Installing: /home/czz/nvblox_ws/install/nvblox/lib/cmake/stdgpu/stdgpu-config.cmake
[209.699s] -- Installing: /home/czz/nvblox_ws/install/nvblox/lib/cmake/stdgpu/stdgpu-config-version.cmake
[209.699s] -- Installing: /home/czz/nvblox_ws/install/nvblox/lib/libglog.a
[209.699s] -- Installing: /home/czz/nvblox_ws/install/nvblox/include/glog/export.h
[209.699s] -- Installing: /home/czz/nvblox_ws/install/nvblox/include/glog/logging.h
[209.700s] -- Installing: /home/czz/nvblox_ws/install/nvblox/include/glog/raw_logging.h
[209.700s] -- Installing: /home/czz/nvblox_ws/install/nvblox/include/glog/stl_logging.h
[209.701s] -- Installing: /home/czz/nvblox_ws/install/nvblox/include/glog/vlog_is_on.h
[209.701s] -- Installing: /home/czz/nvblox_ws/install/nvblox/include/glog/log_severity.h
[209.701s] -- Installing: /home/czz/nvblox_ws/install/nvblox/lib/pkgconfig/libglog.pc
[209.702s] -- Installing: /home/czz/nvblox_ws/install/nvblox/lib/cmake/glog/glog-modules.cmake
[209.702s] -- Installing: /home/czz/nvblox_ws/install/nvblox/lib/cmake/glog/glog-config.cmake
[209.702s] -- Installing: /home/czz/nvblox_ws/install/nvblox/lib/cmake/glog/glog-config-version.cmake
[209.702s] -- Installing: /home/czz/nvblox_ws/install/nvblox/share/glog/cmake
[209.702s] -- Installing: /home/czz/nvblox_ws/install/nvblox/share/glog/cmake/FindUnwind.cmake
[209.703s] -- Installing: /home/czz/nvblox_ws/install/nvblox/lib/cmake/glog/glog-targets.cmake
[209.703s] -- Installing: /home/czz/nvblox_ws/install/nvblox/lib/cmake/glog/glog-targets-release.cmake
[209.704s] -- Up-to-date: /home/czz/nvblox_ws/install/nvblox/include
[209.704s] -- Installing: /home/czz/nvblox_ws/install/nvblox/include/gmock
[209.704s] -- Installing: /home/czz/nvblox_ws/install/nvblox/include/gmock/gmock-cardinalities.h
[209.704s] -- Installing: /home/czz/nvblox_ws/install/nvblox/include/gmock/internal
[209.704s] -- Installing: /home/czz/nvblox_ws/install/nvblox/include/gmock/internal/custom
[209.705s] -- Installing: /home/czz/nvblox_ws/install/nvblox/include/gmock/internal/custom/gmock-port.h
[209.705s] -- Installing: /home/czz/nvblox_ws/install/nvblox/include/gmock/internal/custom/gmock-matchers.h
[209.705s] -- Installing: /home/czz/nvblox_ws/install/nvblox/include/gmock/internal/custom/README.md
[209.705s] -- Installing: /home/czz/nvblox_ws/install/nvblox/include/gmock/internal/custom/gmock-generated-actions.h
[209.705s] -- Installing: /home/czz/nvblox_ws/install/nvblox/include/gmock/internal/gmock-port.h
[209.706s] -- Installing: /home/czz/nvblox_ws/install/nvblox/include/gmock/internal/gmock-internal-utils.h
[209.706s] -- Installing: /home/czz/nvblox_ws/install/nvblox/include/gmock/internal/gmock-pp.h
[209.706s] -- Installing: /home/czz/nvblox_ws/install/nvblox/include/gmock/gmock-spec-builders.h
[209.707s] -- Installing: /home/czz/nvblox_ws/install/nvblox/include/gmock/gmock-more-matchers.h
[209.707s] -- Installing: /home/czz/nvblox_ws/install/nvblox/include/gmock/gmock-actions.h
[209.707s] -- Installing: /home/czz/nvblox_ws/install/nvblox/include/gmock/gmock.h
[209.707s] -- Installing: /home/czz/nvblox_ws/install/nvblox/include/gmock/gmock-matchers.h
[209.708s] -- Installing: /home/czz/nvblox_ws/install/nvblox/include/gmock/gmock-nice-strict.h
[209.708s] -- Installing: /home/czz/nvblox_ws/install/nvblox/include/gmock/gmock-more-actions.h
[209.708s] -- Installing: /home/czz/nvblox_ws/install/nvblox/include/gmock/gmock-function-mocker.h
[209.708s] -- Installing: /home/czz/nvblox_ws/install/nvblox/lib/libgmock.a
[209.709s] -- Installing: /home/czz/nvblox_ws/install/nvblox/lib/libgmock_main.a
[209.710s] -- Installing: /home/czz/nvblox_ws/install/nvblox/lib/pkgconfig/gmock.pc
[209.710s] -- Installing: /home/czz/nvblox_ws/install/nvblox/lib/pkgconfig/gmock_main.pc
[209.711s] -- Installing: /home/czz/nvblox_ws/install/nvblox/lib/cmake/GTest/GTestTargets.cmake
[209.711s] -- Installing: /home/czz/nvblox_ws/install/nvblox/lib/cmake/GTest/GTestTargets-release.cmake
[209.711s] -- Installing: /home/czz/nvblox_ws/install/nvblox/lib/cmake/GTest/GTestConfigVersion.cmake
[209.711s] -- Installing: /home/czz/nvblox_ws/install/nvblox/lib/cmake/GTest/GTestConfig.cmake
[209.711s] -- Up-to-date: /home/czz/nvblox_ws/install/nvblox/include
[209.712s] -- Installing: /home/czz/nvblox_ws/install/nvblox/include/gtest
[209.712s] -- Installing: /home/czz/nvblox_ws/install/nvblox/include/gtest/gtest_prod.h
[209.712s] -- Installing: /home/czz/nvblox_ws/install/nvblox/include/gtest/gtest-message.h
[209.712s] -- Installing: /home/czz/nvblox_ws/install/nvblox/include/gtest/gtest-typed-test.h
[209.712s] -- Installing: /home/czz/nvblox_ws/install/nvblox/include/gtest/gtest-param-test.h
[209.712s] -- Installing: /home/czz/nvblox_ws/install/nvblox/include/gtest/gtest-printers.h
[209.712s] -- Installing: /home/czz/nvblox_ws/install/nvblox/include/gtest/gtest-assertion-result.h
[209.712s] -- Installing: /home/czz/nvblox_ws/install/nvblox/include/gtest/gtest.h
[209.712s] -- Installing: /home/czz/nvblox_ws/install/nvblox/include/gtest/gtest-test-part.h
[209.712s] -- Installing: /home/czz/nvblox_ws/install/nvblox/include/gtest/internal
[209.712s] -- Installing: /home/czz/nvblox_ws/install/nvblox/include/gtest/internal/gtest-port-arch.h
[209.712s] -- Installing: /home/czz/nvblox_ws/install/nvblox/include/gtest/internal/custom
[209.712s] -- Installing: /home/czz/nvblox_ws/install/nvblox/include/gtest/internal/custom/gtest-printers.h
[209.713s] -- Installing: /home/czz/nvblox_ws/install/nvblox/include/gtest/internal/custom/gtest.h
[209.713s] -- Installing: /home/czz/nvblox_ws/install/nvblox/include/gtest/internal/custom/gtest-port.h
[209.713s] -- Installing: /home/czz/nvblox_ws/install/nvblox/include/gtest/internal/custom/README.md
[209.713s] -- Installing: /home/czz/nvblox_ws/install/nvblox/include/gtest/internal/gtest-internal.h
[209.713s] -- Installing: /home/czz/nvblox_ws/install/nvblox/include/gtest/internal/gtest-death-test-internal.h
[209.713s] -- Installing: /home/czz/nvblox_ws/install/nvblox/include/gtest/internal/gtest-type-util.h
[209.713s] -- Installing: /home/czz/nvblox_ws/install/nvblox/include/gtest/internal/gtest-param-util.h
[209.713s] -- Installing: /home/czz/nvblox_ws/install/nvblox/include/gtest/internal/gtest-port.h
[209.713s] -- Installing: /home/czz/nvblox_ws/install/nvblox/include/gtest/internal/gtest-filepath.h
[209.713s] -- Installing: /home/czz/nvblox_ws/install/nvblox/include/gtest/internal/gtest-string.h
[209.713s] -- Installing: /home/czz/nvblox_ws/install/nvblox/include/gtest/gtest-death-test.h
[209.713s] -- Installing: /home/czz/nvblox_ws/install/nvblox/include/gtest/gtest-matchers.h
[209.713s] -- Installing: /home/czz/nvblox_ws/install/nvblox/include/gtest/gtest-spi.h
[209.713s] -- Installing: /home/czz/nvblox_ws/install/nvblox/include/gtest/gtest_pred_impl.h
[209.714s] -- Installing: /home/czz/nvblox_ws/install/nvblox/lib/libgtest.a
[209.714s] -- Installing: /home/czz/nvblox_ws/install/nvblox/lib/libgtest_main.a
[209.714s] -- Installing: /home/czz/nvblox_ws/install/nvblox/lib/pkgconfig/gtest.pc
[209.714s] -- Installing: /home/czz/nvblox_ws/install/nvblox/lib/pkgconfig/gtest_main.pc
[209.714s] -- Installing: /home/czz/nvblox_ws/install/nvblox/lib/libbenchmark.a
[209.715s] -- Installing: /home/czz/nvblox_ws/install/nvblox/lib/libbenchmark_main.a
[209.715s] -- Installing: /home/czz/nvblox_ws/install/nvblox/include/benchmark
[209.715s] -- Installing: /home/czz/nvblox_ws/install/nvblox/include/benchmark/benchmark.h
[209.715s] -- Installing: /home/czz/nvblox_ws/install/nvblox/include/benchmark/export.h
[209.715s] -- Installing: /home/czz/nvblox_ws/install/nvblox/lib/cmake/benchmark/benchmarkConfig.cmake
[209.715s] -- Installing: /home/czz/nvblox_ws/install/nvblox/lib/cmake/benchmark/benchmarkConfigVersion.cmake
[209.715s] -- Installing: /home/czz/nvblox_ws/install/nvblox/lib/pkgconfig/benchmark.pc
[209.716s] -- Installing: /home/czz/nvblox_ws/install/nvblox/lib/pkgconfig/benchmark_main.pc
[209.716s] -- Installing: /home/czz/nvblox_ws/install/nvblox/lib/cmake/benchmark/benchmarkTargets.cmake
[209.716s] -- Installing: /home/czz/nvblox_ws/install/nvblox/lib/cmake/benchmark/benchmarkTargets-release.cmake
[209.716s] -- Installing: /home/czz/nvblox_ws/install/nvblox/share/doc/benchmark
[209.716s] -- Installing: /home/czz/nvblox_ws/install/nvblox/share/doc/benchmark/tools.md
[209.717s] -- Installing: /home/czz/nvblox_ws/install/nvblox/share/doc/benchmark/_config.yml
[209.717s] -- Installing: /home/czz/nvblox_ws/install/nvblox/share/doc/benchmark/index.md
[209.717s] -- Installing: /home/czz/nvblox_ws/install/nvblox/share/doc/benchmark/releasing.md
[209.717s] -- Installing: /home/czz/nvblox_ws/install/nvblox/share/doc/benchmark/random_interleaving.md
[209.717s] -- Installing: /home/czz/nvblox_ws/install/nvblox/share/doc/benchmark/user_guide.md
[209.718s] -- Installing: /home/czz/nvblox_ws/install/nvblox/share/doc/benchmark/reducing_variance.md
[209.718s] -- Installing: /home/czz/nvblox_ws/install/nvblox/share/doc/benchmark/AssemblyTests.md
[209.718s] -- Installing: /home/czz/nvblox_ws/install/nvblox/share/doc/benchmark/python_bindings.md
[209.718s] -- Installing: /home/czz/nvblox_ws/install/nvblox/share/doc/benchmark/platform_specific_build_instructions.md
[209.718s] -- Installing: /home/czz/nvblox_ws/install/nvblox/share/doc/benchmark/assets
[209.718s] -- Installing: /home/czz/nvblox_ws/install/nvblox/share/doc/benchmark/assets/images
[209.718s] -- Installing: /home/czz/nvblox_ws/install/nvblox/share/doc/benchmark/assets/images/icon_black.png
[209.718s] -- Installing: /home/czz/nvblox_ws/install/nvblox/share/doc/benchmark/assets/images/icon_black.xcf
[209.718s] -- Installing: /home/czz/nvblox_ws/install/nvblox/share/doc/benchmark/assets/images/icon.png
[209.719s] -- Installing: /home/czz/nvblox_ws/install/nvblox/share/doc/benchmark/assets/images/icon.xcf
[209.719s] -- Installing: /home/czz/nvblox_ws/install/nvblox/share/doc/benchmark/perf_counters.md
[209.719s] -- Installing: /home/czz/nvblox_ws/install/nvblox/share/doc/benchmark/dependencies.md
[209.720s] -- Installing: /home/czz/nvblox_ws/install/nvblox/lib/libnvblox_lib.so
[209.760s] -- Set runtime path of "/home/czz/nvblox_ws/install/nvblox/lib/libnvblox_lib.so" to ""
[209.760s] -- Installing: /home/czz/nvblox_ws/install/nvblox/lib/libnvblox_datasets.so
[209.761s] -- Set runtime path of "/home/czz/nvblox_ws/install/nvblox/lib/libnvblox_datasets.so" to ""
[209.761s] -- Installing: /home/czz/nvblox_ws/install/nvblox/bin/nvblox/fuse_3dmatch
[209.771s] -- Set runtime path of "/home/czz/nvblox_ws/install/nvblox/bin/nvblox/fuse_3dmatch" to ""
[209.771s] -- Installing: /home/czz/nvblox_ws/install/nvblox/bin/nvblox/fuse_replica
[209.779s] -- Set runtime path of "/home/czz/nvblox_ws/install/nvblox/bin/nvblox/fuse_replica" to ""
[209.780s] -- Up-to-date: /home/czz/nvblox_ws/install/nvblox/include
[209.780s] -- Installing: /home/czz/nvblox_ws/install/nvblox/include/nvblox
[209.780s] -- Installing: /home/czz/nvblox_ws/install/nvblox/include/nvblox/core
[209.780s] -- Installing: /home/czz/nvblox_ws/install/nvblox/include/nvblox/core/hash.h
[209.780s] -- Installing: /home/czz/nvblox_ws/install/nvblox/include/nvblox/core/traits.h
[209.780s] -- Installing: /home/czz/nvblox_ws/install/nvblox/include/nvblox/core/types.h
[209.780s] -- Installing: /home/czz/nvblox_ws/install/nvblox/include/nvblox/core/bitmask.h
[209.780s] -- Installing: /home/czz/nvblox_ws/install/nvblox/include/nvblox/core/time.h
[209.780s] -- Installing: /home/czz/nvblox_ws/install/nvblox/include/nvblox/core/unified_vector.h
[209.780s] -- Installing: /home/czz/nvblox_ws/install/nvblox/include/nvblox/core/variadic_template_tools.h
[209.780s] -- Installing: /home/czz/nvblox_ws/install/nvblox/include/nvblox/core/log_odds.h
[209.780s] -- Installing: /home/czz/nvblox_ws/install/nvblox/include/nvblox/core/color.h
[209.780s] -- Installing: /home/czz/nvblox_ws/install/nvblox/include/nvblox/core/internal
[209.781s] -- Installing: /home/czz/nvblox_ws/install/nvblox/include/nvblox/core/internal/cuda
[209.781s] -- Installing: /home/czz/nvblox_ws/install/nvblox/include/nvblox/core/internal/cuda/device_function_utils.cuh
[209.781s] -- Installing: /home/czz/nvblox_ws/install/nvblox/include/nvblox/core/internal/cuda/atomic_float.cuh
[209.781s] -- Installing: /home/czz/nvblox_ws/install/nvblox/include/nvblox/core/internal/cuda/impl
[209.781s] -- Installing: /home/czz/nvblox_ws/install/nvblox/include/nvblox/core/internal/cuda/impl/device_function_utils_impl.cuh
[209.781s] -- Installing: /home/czz/nvblox_ws/install/nvblox/include/nvblox/core/internal/cuda/impl/atomic_float_impl.cuh
[209.781s] -- Installing: /home/czz/nvblox_ws/install/nvblox/include/nvblox/core/internal/error_check.h
[209.781s] -- Installing: /home/czz/nvblox_ws/install/nvblox/include/nvblox/core/internal/warmup_cuda.h
[209.781s] -- Installing: /home/czz/nvblox_ws/install/nvblox/include/nvblox/core/internal/impl
[209.781s] -- Installing: /home/czz/nvblox_ws/install/nvblox/include/nvblox/core/internal/impl/bitmask_impl.h
[209.781s] -- Installing: /home/czz/nvblox_ws/install/nvblox/include/nvblox/core/internal/impl/unified_vector_impl.h
[209.781s] -- Installing: /home/czz/nvblox_ws/install/nvblox/include/nvblox/core/internal/impl/indexing_impl.h
[209.781s] -- Installing: /home/czz/nvblox_ws/install/nvblox/include/nvblox/core/internal/impl/unified_ptr_impl.h
[209.781s] -- Installing: /home/czz/nvblox_ws/install/nvblox/include/nvblox/core/internal/impl/variadic_template_tools_impl.h
[209.781s] -- Installing: /home/czz/nvblox_ws/install/nvblox/include/nvblox/core/unified_ptr.h
[209.782s] -- Installing: /home/czz/nvblox_ws/install/nvblox/include/nvblox/core/parameter_tree.h
[209.782s] -- Installing: /home/czz/nvblox_ws/install/nvblox/include/nvblox/core/iterator.h
[209.782s] -- Installing: /home/czz/nvblox_ws/install/nvblox/include/nvblox/core/cuda_stream.h
[209.782s] -- Installing: /home/czz/nvblox_ws/install/nvblox/include/nvblox/core/indexing.h
[209.782s] -- Installing: /home/czz/nvblox_ws/install/nvblox/include/nvblox/core/array.h
[209.782s] -- Installing: /home/czz/nvblox_ws/install/nvblox/include/nvblox/core/cuda.h
[209.782s] -- Installing: /home/czz/nvblox_ws/install/nvblox/include/nvblox/core/feature_array.h
[209.782s] -- Installing: /home/czz/nvblox_ws/install/nvblox/include/nvblox/interpolation
[209.782s] -- Installing: /home/czz/nvblox_ws/install/nvblox/include/nvblox/interpolation/interpolation_2d.h
[209.782s] -- Installing: /home/czz/nvblox_ws/install/nvblox/include/nvblox/interpolation/interpolation_3d.h
[209.782s] -- Installing: /home/czz/nvblox_ws/install/nvblox/include/nvblox/interpolation/internal
[209.783s] -- Installing: /home/czz/nvblox_ws/install/nvblox/include/nvblox/interpolation/internal/impl
[209.783s] -- Installing: /home/czz/nvblox_ws/install/nvblox/include/nvblox/interpolation/internal/impl/interpolation_3d_impl.h
[209.783s] -- Installing: /home/czz/nvblox_ws/install/nvblox/include/nvblox/interpolation/internal/impl/interpolation_2d_impl.h
[209.783s] -- Installing: /home/czz/nvblox_ws/install/nvblox/include/nvblox/map_saving
[209.783s] -- Installing: /home/czz/nvblox_ws/install/nvblox/include/nvblox/map_saving/internal
[209.783s] -- Installing: /home/czz/nvblox_ws/install/nvblox/include/nvblox/map_saving/internal/block_serialization.h
[209.783s] -- Installing: /home/czz/nvblox_ws/install/nvblox/include/nvblox/map_saving/internal/layer_type_register.h
[209.784s] -- Installing: /home/czz/nvblox_ws/install/nvblox/include/nvblox/map_saving/internal/common_types.h
[209.784s] -- Installing: /home/czz/nvblox_ws/install/nvblox/include/nvblox/map_saving/internal/sqlite_database.h
[209.784s] -- Installing: /home/czz/nvblox_ws/install/nvblox/include/nvblox/map_saving/internal/serializer.h
[209.784s] -- Installing: /home/czz/nvblox_ws/install/nvblox/include/nvblox/map_saving/internal/layer_serialization.h
[209.784s] -- Installing: /home/czz/nvblox_ws/install/nvblox/include/nvblox/map_saving/internal/impl
[209.784s] -- Installing: /home/czz/nvblox_ws/install/nvblox/include/nvblox/map_saving/internal/impl/common_types_impl.h
[209.784s] -- Installing: /home/czz/nvblox_ws/install/nvblox/include/nvblox/map_saving/internal/impl/block_serialization_impl.h
[209.784s] -- Installing: /home/czz/nvblox_ws/install/nvblox/include/nvblox/map_saving/internal/impl/layer_serialization_impl.h
[209.784s] -- Installing: /home/czz/nvblox_ws/install/nvblox/include/nvblox/semantics
[209.784s] -- Installing: /home/czz/nvblox_ws/install/nvblox/include/nvblox/semantics/mask_from_detections.h
[209.784s] -- Installing: /home/czz/nvblox_ws/install/nvblox/include/nvblox/semantics/image_masker.h
[209.784s] -- Installing: /home/czz/nvblox_ws/install/nvblox/include/nvblox/semantics/internal
[209.785s] -- Installing: /home/czz/nvblox_ws/install/nvblox/include/nvblox/semantics/internal/cuda
[209.785s] -- Installing: /home/czz/nvblox_ws/install/nvblox/include/nvblox/semantics/internal/cuda/impl
[209.785s] -- Installing: /home/czz/nvblox_ws/install/nvblox/include/nvblox/semantics/internal/cuda/impl/image_projector_impl.cuh
[209.785s] -- Installing: /home/czz/nvblox_ws/install/nvblox/include/nvblox/semantics/image_projector.h
[209.785s] -- Installing: /home/czz/nvblox_ws/install/nvblox/include/nvblox/primitives
[209.785s] -- Installing: /home/czz/nvblox_ws/install/nvblox/include/nvblox/primitives/primitives.h
[209.785s] -- Installing: /home/czz/nvblox_ws/install/nvblox/include/nvblox/primitives/internal
[209.785s] -- Installing: /home/czz/nvblox_ws/install/nvblox/include/nvblox/primitives/internal/impl
[209.785s] -- Installing: /home/czz/nvblox_ws/install/nvblox/include/nvblox/primitives/internal/impl/scene_impl.h
[209.785s] -- Installing: /home/czz/nvblox_ws/install/nvblox/include/nvblox/primitives/scene.h
[209.785s] -- Installing: /home/czz/nvblox_ws/install/nvblox/include/nvblox/mesh
[209.786s] -- Installing: /home/czz/nvblox_ws/install/nvblox/include/nvblox/mesh/mesh.h
[209.786s] -- Installing: /home/czz/nvblox_ws/install/nvblox/include/nvblox/mesh/internal
[209.786s] -- Installing: /home/czz/nvblox_ws/install/nvblox/include/nvblox/mesh/internal/cuda
[209.786s] -- Installing: /home/czz/nvblox_ws/install/nvblox/include/nvblox/mesh/internal/cuda/marching_cubes.cuh
[209.786s] -- Installing: /home/czz/nvblox_ws/install/nvblox/include/nvblox/mesh/internal/marching_cubes.h
[209.786s] -- Installing: /home/czz/nvblox_ws/install/nvblox/include/nvblox/mesh/internal/impl
[209.786s] -- Installing: /home/czz/nvblox_ws/install/nvblox/include/nvblox/mesh/internal/impl/marching_cubes_impl.h
[209.786s] -- Installing: /home/czz/nvblox_ws/install/nvblox/include/nvblox/mesh/internal/impl/cuda
[209.786s] -- Installing: /home/czz/nvblox_ws/install/nvblox/include/nvblox/mesh/internal/impl/cuda/marching_cubes_impl.cuh
[209.786s] -- Installing: /home/czz/nvblox_ws/install/nvblox/include/nvblox/mesh/internal/impl/marching_cubes_table.h
[209.787s] -- Installing: /home/czz/nvblox_ws/install/nvblox/include/nvblox/mesh/mesh_block.h
[209.787s] -- Installing: /home/czz/nvblox_ws/install/nvblox/include/nvblox/mesh/mesh_integrator_params.h
[209.787s] -- Installing: /home/czz/nvblox_ws/install/nvblox/include/nvblox/mesh/mesh_integrator.h
[209.787s] -- Installing: /home/czz/nvblox_ws/install/nvblox/include/nvblox/gpu_hash
[209.787s] -- Installing: /home/czz/nvblox_ws/install/nvblox/include/nvblox/gpu_hash/internal
[209.787s] -- Installing: /home/czz/nvblox_ws/install/nvblox/include/nvblox/gpu_hash/internal/cuda
[209.787s] -- Installing: /home/czz/nvblox_ws/install/nvblox/include/nvblox/gpu_hash/internal/cuda/gpu_hash_interface.cuh
[209.787s] -- Installing: /home/czz/nvblox_ws/install/nvblox/include/nvblox/gpu_hash/internal/cuda/gpu_indexing.cuh
[209.787s] -- Installing: /home/czz/nvblox_ws/install/nvblox/include/nvblox/gpu_hash/internal/cuda/impl
[209.787s] -- Installing: /home/czz/nvblox_ws/install/nvblox/include/nvblox/gpu_hash/internal/cuda/impl/gpu_hash_interface_impl.cuh
[209.787s] -- Installing: /home/czz/nvblox_ws/install/nvblox/include/nvblox/gpu_hash/internal/cuda/impl/gpu_layer_view_impl.cuh
[209.787s] -- Installing: /home/czz/nvblox_ws/install/nvblox/include/nvblox/gpu_hash/gpu_layer_view.h
[209.788s] -- Installing: /home/czz/nvblox_ws/install/nvblox/include/nvblox/sensors
[209.788s] -- Installing: /home/czz/nvblox_ws/install/nvblox/include/nvblox/sensors/image.h
[209.788s] -- Installing: /home/czz/nvblox_ws/install/nvblox/include/nvblox/sensors/lidar.h
[209.788s] -- Installing: /home/czz/nvblox_ws/install/nvblox/include/nvblox/sensors/sensor.h
[209.788s] -- Installing: /home/czz/nvblox_ws/install/nvblox/include/nvblox/sensors/type_indexed_store.h
[209.788s] -- Installing: /home/czz/nvblox_ws/install/nvblox/include/nvblox/sensors/internal
[209.789s] -- Installing: /home/czz/nvblox_ws/install/nvblox/include/nvblox/sensors/internal/cuda
[209.789s] -- Installing: /home/czz/nvblox_ws/install/nvblox/include/nvblox/sensors/internal/cuda/impl
[209.789s] -- Installing: /home/czz/nvblox_ws/install/nvblox/include/nvblox/sensors/internal/cuda/impl/pointcloud_to_depth_conversion_impl.cuh
[209.789s] -- Installing: /home/czz/nvblox_ws/install/nvblox/include/nvblox/sensors/internal/image_cache.h
[209.789s] -- Installing: /home/czz/nvblox_ws/install/nvblox/include/nvblox/sensors/internal/impl
[209.789s] -- Installing: /home/czz/nvblox_ws/install/nvblox/include/nvblox/sensors/internal/impl/camera_impl.h
[209.789s] -- Installing: /home/czz/nvblox_ws/install/nvblox/include/nvblox/sensors/internal/impl/distortion_impl.h
[209.789s] -- Installing: /home/czz/nvblox_ws/install/nvblox/include/nvblox/sensors/internal/impl/image_cache_impl.h
[209.789s] -- Installing: /home/czz/nvblox_ws/install/nvblox/include/nvblox/sensors/internal/impl/image_impl.h
[209.789s] -- Installing: /home/czz/nvblox_ws/install/nvblox/include/nvblox/sensors/internal/impl/lidar_impl.h
[209.790s] -- Installing: /home/czz/nvblox_ws/install/nvblox/include/nvblox/sensors/internal/impl/image_cuda_impl.h
[209.790s] -- Installing: /home/czz/nvblox_ws/install/nvblox/include/nvblox/sensors/internal/impl/type_indexed_store_impl.h
[209.790s] -- Installing: /home/czz/nvblox_ws/install/nvblox/include/nvblox/sensors/camera.h
[209.790s] -- Installing: /home/czz/nvblox_ws/install/nvblox/include/nvblox/sensors/mask_preprocessor.h
[209.790s] -- Installing: /home/czz/nvblox_ws/install/nvblox/include/nvblox/sensors/depth_preprocessing.h
[209.790s] -- Installing: /home/czz/nvblox_ws/install/nvblox/include/nvblox/sensors/distortion.h
[209.790s] -- Installing: /home/czz/nvblox_ws/install/nvblox/include/nvblox/sensors/npp_image_operations.h
[209.790s] -- Installing: /home/czz/nvblox_ws/install/nvblox/include/nvblox/sensors/pointcloud_to_depth_conversion.h
[209.790s] -- Installing: /home/czz/nvblox_ws/install/nvblox/include/nvblox/sensors/pointcloud.h
[209.790s] -- Installing: /home/czz/nvblox_ws/install/nvblox/include/nvblox/integrators
[209.791s] -- Installing: /home/czz/nvblox_ws/install/nvblox/include/nvblox/integrators/weighting_function.h
[209.791s] -- Installing: /home/czz/nvblox_ws/install/nvblox/include/nvblox/integrators/esdf_integrator_params.h
[209.791s] -- Installing: /home/czz/nvblox_ws/install/nvblox/include/nvblox/integrators/projective_appearance_integrator.h
[209.791s] -- Installing: /home/czz/nvblox_ws/install/nvblox/include/nvblox/integrators/shape_clearer.h
[209.791s] -- Installing: /home/czz/nvblox_ws/install/nvblox/include/nvblox/integrators/occupancy_integrator_params.h
[209.791s] -- Installing: /home/czz/nvblox_ws/install/nvblox/include/nvblox/integrators/tsdf_decay_integrator.h
[209.791s] -- Installing: /home/czz/nvblox_ws/install/nvblox/include/nvblox/integrators/freespace_integrator.h
[209.791s] -- Installing: /home/czz/nvblox_ws/install/nvblox/include/nvblox/integrators/view_calculator.h
[209.791s] -- Installing: /home/czz/nvblox_ws/install/nvblox/include/nvblox/integrators/internal
[209.791s] -- Installing: /home/czz/nvblox_ws/install/nvblox/include/nvblox/integrators/internal/integrators_common.h
[209.791s] -- Installing: /home/czz/nvblox_ws/install/nvblox/include/nvblox/integrators/internal/decayer.h
[209.791s] -- Installing: /home/czz/nvblox_ws/install/nvblox/include/nvblox/integrators/internal/cuda
[209.791s] -- Installing: /home/czz/nvblox_ws/install/nvblox/include/nvblox/integrators/internal/cuda/projective_integrators_common.cuh
[209.791s] -- Installing: /home/czz/nvblox_ws/install/nvblox/include/nvblox/integrators/internal/cuda/esdf_integrator_slicing.cuh
[209.792s] -- Installing: /home/czz/nvblox_ws/install/nvblox/include/nvblox/integrators/internal/cuda/impl
[209.792s] -- Installing: /home/czz/nvblox_ws/install/nvblox/include/nvblox/integrators/internal/cuda/impl/projective_integrator_impl.cuh
[209.792s] -- Installing: /home/czz/nvblox_ws/install/nvblox/include/nvblox/integrators/internal/cuda/impl/decayer_impl.cuh
[209.792s] -- Installing: /home/czz/nvblox_ws/install/nvblox/include/nvblox/integrators/internal/cuda/impl/tsdf_decay_integrator_impl.cuh
[209.792s] -- Installing: /home/czz/nvblox_ws/install/nvblox/include/nvblox/integrators/internal/cuda/impl/occupancy_decay_integrator_impl.cuh
[209.792s] -- Installing: /home/czz/nvblox_ws/install/nvblox/include/nvblox/integrators/internal/cuda/impl/projective_occupancy_integrator_impl.cuh
[209.792s] -- Installing: /home/czz/nvblox_ws/install/nvblox/include/nvblox/integrators/internal/cuda/impl/view_calculator_impl.cuh
[209.792s] -- Installing: /home/czz/nvblox_ws/install/nvblox/include/nvblox/integrators/internal/cuda/impl/projective_integrators_common_impl.cuh
[209.792s] -- Installing: /home/czz/nvblox_ws/install/nvblox/include/nvblox/integrators/internal/cuda/impl/shape_clearer_impl.cuh
[209.793s] -- Installing: /home/czz/nvblox_ws/install/nvblox/include/nvblox/integrators/internal/cuda/impl/esdf_integrator_slicing_impl.cuh
[209.793s] -- Installing: /home/czz/nvblox_ws/install/nvblox/include/nvblox/integrators/internal/cuda/impl/projective_tsdf_integrator_impl.cuh
[209.793s] -- Installing: /home/czz/nvblox_ws/install/nvblox/include/nvblox/integrators/internal/cuda/impl/freespace_integrator_impl.cuh
[209.793s] -- Installing: /home/czz/nvblox_ws/install/nvblox/include/nvblox/integrators/internal/instantiate_sensor.cuh
[209.793s] -- Installing: /home/czz/nvblox_ws/install/nvblox/include/nvblox/integrators/internal/decay_integrator_base_params.h
[209.793s] -- Installing: /home/czz/nvblox_ws/install/nvblox/include/nvblox/integrators/internal/decay_integrator_base.h
[209.793s] -- Installing: /home/czz/nvblox_ws/install/nvblox/include/nvblox/integrators/internal/impl
[209.793s] -- Installing: /home/czz/nvblox_ws/install/nvblox/include/nvblox/integrators/internal/impl/weighting_function_impl.h
[209.793s] -- Installing: /home/czz/nvblox_ws/install/nvblox/include/nvblox/integrators/internal/impl/integrators_common_impl.h
[209.793s] -- Installing: /home/czz/nvblox_ws/install/nvblox/include/nvblox/integrators/internal/impl/decay_integrator_impl.h
[209.793s] -- Installing: /home/czz/nvblox_ws/install/nvblox/include/nvblox/integrators/internal/impl/projective_integrator_impl.h
[209.793s] -- Installing: /home/czz/nvblox_ws/install/nvblox/include/nvblox/integrators/internal/impl/view_calculator_impl.h
[209.794s] -- Installing: /home/czz/nvblox_ws/install/nvblox/include/nvblox/integrators/internal/projective_integrator.h
[209.794s] -- Installing: /home/czz/nvblox_ws/install/nvblox/include/nvblox/integrators/esdf_integrator.h
[209.794s] -- Installing: /home/czz/nvblox_ws/install/nvblox/include/nvblox/integrators/projective_occupancy_integrator.h
[209.794s] -- Installing: /home/czz/nvblox_ws/install/nvblox/include/nvblox/integrators/projective_tsdf_integrator.h
[209.794s] -- Installing: /home/czz/nvblox_ws/install/nvblox/include/nvblox/integrators/occupancy_decay_integrator.h
[209.794s] -- Installing: /home/czz/nvblox_ws/install/nvblox/include/nvblox/integrators/tsdf_decay_integrator_params.h
[209.794s] -- Installing: /home/czz/nvblox_ws/install/nvblox/include/nvblox/integrators/projective_integrator_params.h
[209.794s] -- Installing: /home/czz/nvblox_ws/install/nvblox/include/nvblox/integrators/occupancy_decay_integrator_params.h
[209.794s] -- Installing: /home/czz/nvblox_ws/install/nvblox/include/nvblox/integrators/esdf_slicer.h
[209.794s] -- Installing: /home/czz/nvblox_ws/install/nvblox/include/nvblox/integrators/depth_observation_space.h
[209.794s] -- Installing: /home/czz/nvblox_ws/install/nvblox/include/nvblox/integrators/occupancy_conversions.h
[209.794s] -- Installing: /home/czz/nvblox_ws/install/nvblox/include/nvblox/integrators/view_calculator_params.h
[209.794s] -- Installing: /home/czz/nvblox_ws/install/nvblox/include/nvblox/integrators/freespace_integrator_params.h
[209.794s] -- Installing: /home/czz/nvblox_ws/install/nvblox/include/nvblox/experimental
[209.795s] -- Installing: /home/czz/nvblox_ws/install/nvblox/include/nvblox/experimental/ground_plane
[209.795s] -- Installing: /home/czz/nvblox_ws/install/nvblox/include/nvblox/experimental/ground_plane/ransac_plane_fitter.h
[209.795s] -- Installing: /home/czz/nvblox_ws/install/nvblox/include/nvblox/experimental/ground_plane/tsdf_zero_crossings_extractor.h
[209.795s] -- Installing: /home/czz/nvblox_ws/install/nvblox/include/nvblox/experimental/ground_plane/ground_plane_estimator.h
[209.795s] -- Installing: /home/czz/nvblox_ws/install/nvblox/include/nvblox/experimental/ground_plane/ransac_plane_fitter_cpu.h
[209.795s] -- Installing: /home/czz/nvblox_ws/install/nvblox/include/nvblox/experimental/ground_plane/ground_plane_estimator_params.h
[209.795s] -- Installing: /home/czz/nvblox_ws/install/nvblox/include/nvblox/experimental/ground_plane/ransac_plane_fitter_params.h
[209.795s] -- Installing: /home/czz/nvblox_ws/install/nvblox/include/nvblox/map
[209.795s] -- Installing: /home/czz/nvblox_ws/install/nvblox/include/nvblox/map/blox.h
[209.795s] -- Installing: /home/czz/nvblox_ws/install/nvblox/include/nvblox/map/blocks_to_update_tracker.h
[209.795s] -- Installing: /home/czz/nvblox_ws/install/nvblox/include/nvblox/map/voxels.h
[209.796s] -- Installing: /home/czz/nvblox_ws/install/nvblox/include/nvblox/map/layer.h
[209.796s] -- Installing: /home/czz/nvblox_ws/install/nvblox/include/nvblox/map/internal
[209.796s] -- Installing: /home/czz/nvblox_ws/install/nvblox/include/nvblox/map/internal/cuda
[209.796s] -- Installing: /home/czz/nvblox_ws/install/nvblox/include/nvblox/map/internal/cuda/layer_to_3d_grid.cuh
[209.796s] -- Installing: /home/czz/nvblox_ws/install/nvblox/include/nvblox/map/internal/cuda/impl
[209.796s] -- Installing: /home/czz/nvblox_ws/install/nvblox/include/nvblox/map/internal/cuda/impl/layer_impl.cuh
[209.796s] -- Installing: /home/czz/nvblox_ws/install/nvblox/include/nvblox/map/internal/cuda/impl/layer_to_3d_grid_impl.cuh
[209.796s] -- Installing: /home/czz/nvblox_ws/install/nvblox/include/nvblox/map/internal/block_memory_pool.h
[209.796s] -- Installing: /home/czz/nvblox_ws/install/nvblox/include/nvblox/map/internal/block_memory_pool_params.h
[209.796s] -- Installing: /home/czz/nvblox_ws/install/nvblox/include/nvblox/map/internal/impl
[209.796s] -- Installing: /home/czz/nvblox_ws/install/nvblox/include/nvblox/map/internal/impl/layer_cake_impl.h
[209.796s] -- Installing: /home/czz/nvblox_ws/install/nvblox/include/nvblox/map/internal/impl/block_memory_pool_impl.h
[209.796s] -- Installing: /home/czz/nvblox_ws/install/nvblox/include/nvblox/map/internal/impl/blox_impl.h
[209.796s] -- Installing: /home/czz/nvblox_ws/install/nvblox/include/nvblox/map/internal/impl/accessors_impl.h
[209.796s] -- Installing: /home/czz/nvblox_ws/install/nvblox/include/nvblox/map/internal/impl/unified_3d_grid_impl.h
[209.796s] -- Installing: /home/czz/nvblox_ws/install/nvblox/include/nvblox/map/internal/impl/layer_impl.h
[209.796s] -- Installing: /home/czz/nvblox_ws/install/nvblox/include/nvblox/map/common_names.h
[209.797s] -- Installing: /home/czz/nvblox_ws/install/nvblox/include/nvblox/map/unified_3d_grid.h
[209.797s] -- Installing: /home/czz/nvblox_ws/install/nvblox/include/nvblox/map/layer_cake.h
[209.797s] -- Installing: /home/czz/nvblox_ws/install/nvblox/include/nvblox/map/accessors.h
[209.797s] -- Installing: /home/czz/nvblox_ws/install/nvblox/include/nvblox/map/voxel_iterator.h
[209.797s] -- Installing: /home/czz/nvblox_ws/install/nvblox/include/nvblox/dynamics
[209.797s] -- Installing: /home/czz/nvblox_ws/install/nvblox/include/nvblox/dynamics/dynamics_detection.h
[209.797s] -- Installing: /home/czz/nvblox_ws/install/nvblox/include/nvblox/dynamics/internal
[209.797s] -- Installing: /home/czz/nvblox_ws/install/nvblox/include/nvblox/dynamics/internal/cuda
[209.797s] -- Installing: /home/czz/nvblox_ws/install/nvblox/include/nvblox/dynamics/internal/cuda/impl
[209.797s] -- Installing: /home/czz/nvblox_ws/install/nvblox/include/nvblox/dynamics/internal/cuda/impl/dynamics_detection_impl.cuh
[209.798s] -- Installing: /home/czz/nvblox_ws/install/nvblox/include/nvblox/serialization
[209.798s] -- Installing: /home/czz/nvblox_ws/install/nvblox/include/nvblox/serialization/layer_cake_streamer.h
[209.798s] -- Installing: /home/czz/nvblox_ws/install/nvblox/include/nvblox/serialization/layer_streamer.h
[209.798s] -- Installing: /home/czz/nvblox_ws/install/nvblox/include/nvblox/serialization/internal
[209.798s] -- Installing: /home/czz/nvblox_ws/install/nvblox/include/nvblox/serialization/internal/serialization_gpu.h
[209.798s] -- Installing: /home/czz/nvblox_ws/install/nvblox/include/nvblox/serialization/internal/layer_streamer_traits.h
[209.798s] -- Installing: /home/czz/nvblox_ws/install/nvblox/include/nvblox/serialization/internal/impl
[209.798s] -- Installing: /home/czz/nvblox_ws/install/nvblox/include/nvblox/serialization/internal/impl/layer_cake_streamer_impl.h
[209.798s] -- Installing: /home/czz/nvblox_ws/install/nvblox/include/nvblox/serialization/internal/impl/layer_streamer_impl.h
[209.798s] -- Installing: /home/czz/nvblox_ws/install/nvblox/include/nvblox/serialization/internal/impl/layer_serializer_gpu_impl.h
[209.798s] -- Installing: /home/czz/nvblox_ws/install/nvblox/include/nvblox/serialization/mesh_serializer_gpu.h
[209.798s] -- Installing: /home/czz/nvblox_ws/install/nvblox/include/nvblox/serialization/layer_serializer_gpu.h
[209.798s] -- Installing: /home/czz/nvblox_ws/install/nvblox/include/nvblox/nvblox.h
[209.798s] -- Installing: /home/czz/nvblox_ws/install/nvblox/include/nvblox/mapper
[209.799s] -- Installing: /home/czz/nvblox_ws/install/nvblox/include/nvblox/mapper/mapper.h
[209.799s] -- Installing: /home/czz/nvblox_ws/install/nvblox/include/nvblox/mapper/multi_mapper_params.h
[209.799s] -- Installing: /home/czz/nvblox_ws/install/nvblox/include/nvblox/mapper/multi_mapper.h
[209.799s] -- Installing: /home/czz/nvblox_ws/install/nvblox/include/nvblox/mapper/internal
[209.799s] -- Installing: /home/czz/nvblox_ws/install/nvblox/include/nvblox/mapper/internal/mapper_common.h
[209.799s] -- Installing: /home/czz/nvblox_ws/install/nvblox/include/nvblox/mapper/internal/impl
[209.799s] -- Installing: /home/czz/nvblox_ws/install/nvblox/include/nvblox/mapper/internal/impl/mapper_impl.h
[209.799s] -- Installing: /home/czz/nvblox_ws/install/nvblox/include/nvblox/mapper/internal/impl/mapper_common_impl.h
[209.799s] -- Installing: /home/czz/nvblox_ws/install/nvblox/include/nvblox/mapper/internal/impl/multi_mapper_impl.h
[209.799s] -- Installing: /home/czz/nvblox_ws/install/nvblox/include/nvblox/mapper/mapper_params.h
[209.799s] -- Installing: /home/czz/nvblox_ws/install/nvblox/include/nvblox/io
[209.799s] -- Installing: /home/czz/nvblox_ws/install/nvblox/include/nvblox/io/ply_writer.h
[209.799s] -- Installing: /home/czz/nvblox_ws/install/nvblox/include/nvblox/io/csv.h
[209.799s] -- Installing: /home/czz/nvblox_ws/install/nvblox/include/nvblox/io/internal
[209.800s] -- Installing: /home/czz/nvblox_ws/install/nvblox/include/nvblox/io/internal/thirdparty
[209.800s] -- Installing: /home/czz/nvblox_ws/install/nvblox/include/nvblox/io/internal/thirdparty/stb_image.h
[209.801s] -- Installing: /home/czz/nvblox_ws/install/nvblox/include/nvblox/io/internal/thirdparty/stb_image_write.h
[209.801s] -- Installing: /home/czz/nvblox_ws/install/nvblox/include/nvblox/io/internal/impl
[209.801s] -- Installing: /home/czz/nvblox_ws/install/nvblox/include/nvblox/io/internal/impl/csv_impl.h
[209.801s] -- Installing: /home/czz/nvblox_ws/install/nvblox/include/nvblox/io/internal/impl/pointcloud_io_impl.h
[209.801s] -- Installing: /home/czz/nvblox_ws/install/nvblox/include/nvblox/io/pointcloud_io.h
[209.801s] -- Installing: /home/czz/nvblox_ws/install/nvblox/include/nvblox/io/image_io.h
[209.802s] -- Installing: /home/czz/nvblox_ws/install/nvblox/include/nvblox/io/layer_cake_io.h
[209.802s] -- Installing: /home/czz/nvblox_ws/install/nvblox/include/nvblox/io/mesh_io.h
[209.802s] -- Installing: /home/czz/nvblox_ws/install/nvblox/include/nvblox/io/ply_parser.h
[209.802s] -- Installing: /home/czz/nvblox_ws/install/nvblox/include/nvblox/rays
[209.802s] -- Installing: /home/czz/nvblox_ws/install/nvblox/include/nvblox/rays/sphere_tracer.h
[209.802s] -- Installing: /home/czz/nvblox_ws/install/nvblox/include/nvblox/rays/internal
[209.802s] -- Installing: /home/czz/nvblox_ws/install/nvblox/include/nvblox/rays/internal/impl
[209.802s] -- Installing: /home/czz/nvblox_ws/install/nvblox/include/nvblox/rays/internal/impl/ray_caster_impl.h
[209.802s] -- Installing: /home/czz/nvblox_ws/install/nvblox/include/nvblox/rays/ray_caster.h
[209.802s] -- Installing: /home/czz/nvblox_ws/install/nvblox/include/nvblox/utils
[209.802s] -- Installing: /home/czz/nvblox_ws/install/nvblox/include/nvblox/utils/nvblox_art.h
[209.802s] -- Installing: /home/czz/nvblox_ws/install/nvblox/include/nvblox/utils/delays.h
[209.802s] -- Installing: /home/czz/nvblox_ws/install/nvblox/include/nvblox/utils/rates.h
[209.802s] -- Installing: /home/czz/nvblox_ws/install/nvblox/include/nvblox/utils/params.h
[209.802s] -- Installing: /home/czz/nvblox_ws/install/nvblox/include/nvblox/utils/internal
[209.803s] -- Installing: /home/czz/nvblox_ws/install/nvblox/include/nvblox/utils/internal/impl
[209.803s] -- Installing: /home/czz/nvblox_ws/install/nvblox/include/nvblox/utils/internal/impl/rates_impl.h
[209.803s] -- Installing: /home/czz/nvblox_ws/install/nvblox/include/nvblox/utils/nvtx_ranges.h
[209.803s] -- Installing: /home/czz/nvblox_ws/install/nvblox/include/nvblox/utils/cuda_kernel_utils.h
[209.803s] -- Installing: /home/czz/nvblox_ws/install/nvblox/include/nvblox/utils/timing.h
[209.803s] -- Installing: /home/czz/nvblox_ws/install/nvblox/include/nvblox/geometry
[209.803s] -- Installing: /home/czz/nvblox_ws/install/nvblox/include/nvblox/geometry/bounding_boxes.h
[209.803s] -- Installing: /home/czz/nvblox_ws/install/nvblox/include/nvblox/geometry/internal
[209.803s] -- Installing: /home/czz/nvblox_ws/install/nvblox/include/nvblox/geometry/internal/impl
[209.803s] -- Installing: /home/czz/nvblox_ws/install/nvblox/include/nvblox/geometry/internal/impl/plane_impl.h
[209.803s] -- Installing: /home/czz/nvblox_ws/install/nvblox/include/nvblox/geometry/internal/impl/bounding_boxes_impl.h
[209.803s] -- Installing: /home/czz/nvblox_ws/install/nvblox/include/nvblox/geometry/plane.h
[209.803s] -- Installing: /home/czz/nvblox_ws/install/nvblox/include/nvblox/geometry/bounding_spheres.h
[209.803s] -- Installing: /home/czz/nvblox_ws/install/nvblox/include/nvblox/geometry/bounding_shape.h
[209.803s] -- Installing: /home/czz/nvblox_ws/install/nvblox/include/nvblox/geometry/workspace_bounds.h
[209.803s] -- Installing: /home/czz/nvblox_ws/install/nvblox/include/nvblox/geometry/transforms.h
[209.804s] -- Up-to-date: /home/czz/nvblox_ws/install/nvblox/include
[209.804s] -- Up-to-date: /home/czz/nvblox_ws/install/nvblox/include/nvblox
[209.804s] -- Installing: /home/czz/nvblox_ws/install/nvblox/include/nvblox/executables
[209.804s] -- Installing: /home/czz/nvblox_ws/install/nvblox/include/nvblox/executables/fuser.h
[209.804s] -- Installing: /home/czz/nvblox_ws/install/nvblox/include/nvblox/gflags_param_loading
[209.804s] -- Installing: /home/czz/nvblox_ws/install/nvblox/include/nvblox/gflags_param_loading/fuser_params_from_gflags.h
[209.804s] -- Installing: /home/czz/nvblox_ws/install/nvblox/include/nvblox/gflags_param_loading/mapper_params_from_gflags.h
[209.805s] -- Installing: /home/czz/nvblox_ws/install/nvblox/include/nvblox/datasets
[209.805s] -- Installing: /home/czz/nvblox_ws/install/nvblox/include/nvblox/datasets/redwood.h
[209.805s] -- Installing: /home/czz/nvblox_ws/install/nvblox/include/nvblox/datasets/replica.h
[209.805s] -- Installing: /home/czz/nvblox_ws/install/nvblox/include/nvblox/datasets/data_loader_interface.h
[209.805s] -- Installing: /home/czz/nvblox_ws/install/nvblox/include/nvblox/datasets/dataset_types.h
[209.805s] -- Installing: /home/czz/nvblox_ws/install/nvblox/include/nvblox/datasets/lidarply_loader.h
[209.805s] -- Installing: /home/czz/nvblox_ws/install/nvblox/include/nvblox/datasets/cusfm_data.h
[209.805s] -- Installing: /home/czz/nvblox_ws/install/nvblox/include/nvblox/datasets/image_loader.h
[209.805s] -- Installing: /home/czz/nvblox_ws/install/nvblox/include/nvblox/datasets/lidarply_writer.h
[209.805s] -- Installing: /home/czz/nvblox_ws/install/nvblox/include/nvblox/datasets/3dmatch.h
[209.806s] -- Installing: /home/czz/nvblox_ws/install/nvblox/include/nvblox/datasets/impl
[209.806s] -- Installing: /home/czz/nvblox_ws/install/nvblox/include/nvblox/datasets/impl/image_loader_impl.h
[209.806s] -- Installing: /home/czz/nvblox_ws/install/nvblox/include/eigen3
[209.806s] -- Installing: /home/czz/nvblox_ws/install/nvblox/include/eigen3/signature_of_eigen3_matrix_library
[209.806s] -- Installing: /home/czz/nvblox_ws/install/nvblox/include/eigen3/Eigen
[209.806s] -- Installing: /home/czz/nvblox_ws/install/nvblox/include/eigen3/Eigen/Jacobi
[209.806s] -- Installing: /home/czz/nvblox_ws/install/nvblox/include/eigen3/Eigen/SparseCore
[209.806s] -- Installing: /home/czz/nvblox_ws/install/nvblox/include/eigen3/Eigen/MetisSupport
[209.806s] -- Installing: /home/czz/nvblox_ws/install/nvblox/include/eigen3/Eigen/UmfPackSupport
[209.807s] -- Installing: /home/czz/nvblox_ws/install/nvblox/include/eigen3/Eigen/Eigenvalues
[209.807s] -- Installing: /home/czz/nvblox_ws/install/nvblox/include/eigen3/Eigen/SparseLU
[209.807s] -- Installing: /home/czz/nvblox_ws/install/nvblox/include/eigen3/Eigen/Dense
[209.807s] -- Installing: /home/czz/nvblox_ws/install/nvblox/include/eigen3/Eigen/PardisoSupport
[209.807s] -- Installing: /home/czz/nvblox_ws/install/nvblox/include/eigen3/Eigen/OrderingMethods
[209.807s] -- Installing: /home/czz/nvblox_ws/install/nvblox/include/eigen3/Eigen/SparseCholesky
[209.807s] -- Installing: /home/czz/nvblox_ws/install/nvblox/include/eigen3/Eigen/LU
[209.807s] -- Installing: /home/czz/nvblox_ws/install/nvblox/include/eigen3/Eigen/QR
[209.807s] -- Installing: /home/czz/nvblox_ws/install/nvblox/include/eigen3/Eigen/SparseQR
[209.807s] -- Installing: /home/czz/nvblox_ws/install/nvblox/include/eigen3/Eigen/StdList
[209.808s] -- Installing: /home/czz/nvblox_ws/install/nvblox/include/eigen3/Eigen/SuperLUSupport
[209.808s] -- Installing: /home/czz/nvblox_ws/install/nvblox/include/eigen3/Eigen/CholmodSupport
[209.808s] -- Installing: /home/czz/nvblox_ws/install/nvblox/include/eigen3/Eigen/Core
[209.808s] -- Installing: /home/czz/nvblox_ws/install/nvblox/include/eigen3/Eigen/StdVector
[209.808s] -- Installing: /home/czz/nvblox_ws/install/nvblox/include/eigen3/Eigen/KLUSupport
[209.808s] -- Installing: /home/czz/nvblox_ws/install/nvblox/include/eigen3/Eigen/Eigen
[209.808s] -- Installing: /home/czz/nvblox_ws/install/nvblox/include/eigen3/Eigen/Geometry
[209.808s] -- Installing: /home/czz/nvblox_ws/install/nvblox/include/eigen3/Eigen/SVD
[209.808s] -- Installing: /home/czz/nvblox_ws/install/nvblox/include/eigen3/Eigen/SPQRSupport
[209.808s] -- Installing: /home/czz/nvblox_ws/install/nvblox/include/eigen3/Eigen/StdDeque
[209.808s] -- Installing: /home/czz/nvblox_ws/install/nvblox/include/eigen3/Eigen/IterativeLinearSolvers
[209.809s] -- Installing: /home/czz/nvblox_ws/install/nvblox/include/eigen3/Eigen/QtAlignedMalloc
[209.809s] -- Installing: /home/czz/nvblox_ws/install/nvblox/include/eigen3/Eigen/Householder
[209.809s] -- Installing: /home/czz/nvblox_ws/install/nvblox/include/eigen3/Eigen/Sparse
[209.809s] -- Installing: /home/czz/nvblox_ws/install/nvblox/include/eigen3/Eigen/Cholesky
[209.809s] -- Installing: /home/czz/nvblox_ws/install/nvblox/include/eigen3/Eigen/src
[209.809s] -- Installing: /home/czz/nvblox_ws/install/nvblox/include/eigen3/Eigen/src/Jacobi
[209.809s] -- Installing: /home/czz/nvblox_ws/install/nvblox/include/eigen3/Eigen/src/Jacobi/Jacobi.h
[209.809s] -- Installing: /home/czz/nvblox_ws/install/nvblox/include/eigen3/Eigen/src/SparseCore
[209.809s] -- Installing: /home/czz/nvblox_ws/install/nvblox/include/eigen3/Eigen/src/SparseCore/SparseCompressedBase.h
[209.809s] -- Installing: /home/czz/nvblox_ws/install/nvblox/include/eigen3/Eigen/src/SparseCore/SparseSelfAdjointView.h
[209.809s] -- Installing: /home/czz/nvblox_ws/install/nvblox/include/eigen3/Eigen/src/SparseCore/SparseTriangularView.h
[209.809s] -- Installing: /home/czz/nvblox_ws/install/nvblox/include/eigen3/Eigen/src/SparseCore/SparseBlock.h
[209.809s] -- Installing: /home/czz/nvblox_ws/install/nvblox/include/eigen3/Eigen/src/SparseCore/MappedSparseMatrix.h
[209.810s] -- Installing: /home/czz/nvblox_ws/install/nvblox/include/eigen3/Eigen/src/SparseCore/SparseDot.h
[209.810s] -- Installing: /home/czz/nvblox_ws/install/nvblox/include/eigen3/Eigen/src/SparseCore/SparseCwiseBinaryOp.h
[209.810s] -- Installing: /home/czz/nvblox_ws/install/nvblox/include/eigen3/Eigen/src/SparseCore/SparseColEtree.h
[209.810s] -- Installing: /home/czz/nvblox_ws/install/nvblox/include/eigen3/Eigen/src/SparseCore/CompressedStorage.h
[209.810s] -- Installing: /home/czz/nvblox_ws/install/nvblox/include/eigen3/Eigen/src/SparseCore/SparseView.h
[209.810s] -- Installing: /home/czz/nvblox_ws/install/nvblox/include/eigen3/Eigen/src/SparseCore/SparseCwiseUnaryOp.h
[209.810s] -- Installing: /home/czz/nvblox_ws/install/nvblox/include/eigen3/Eigen/src/SparseCore/SparseRef.h
[209.810s] -- Installing: /home/czz/nvblox_ws/install/nvblox/include/eigen3/Eigen/src/SparseCore/SparseSparseProductWithPruning.h
[209.810s] -- Installing: /home/czz/nvblox_ws/install/nvblox/include/eigen3/Eigen/src/SparseCore/SparseTranspose.h
[209.810s] -- Installing: /home/czz/nvblox_ws/install/nvblox/include/eigen3/Eigen/src/SparseCore/SparseAssign.h
[209.810s] -- Installing: /home/czz/nvblox_ws/install/nvblox/include/eigen3/Eigen/src/SparseCore/SparseMatrix.h
[209.810s] -- Installing: /home/czz/nvblox_ws/install/nvblox/include/eigen3/Eigen/src/SparseCore/AmbiVector.h
[209.810s] -- Installing: /home/czz/nvblox_ws/install/nvblox/include/eigen3/Eigen/src/SparseCore/ConservativeSparseSparseProduct.h
[209.810s] -- Installing: /home/czz/nvblox_ws/install/nvblox/include/eigen3/Eigen/src/SparseCore/SparseVector.h
[209.810s] -- Installing: /home/czz/nvblox_ws/install/nvblox/include/eigen3/Eigen/src/SparseCore/SparseUtil.h
[209.810s] -- Installing: /home/czz/nvblox_ws/install/nvblox/include/eigen3/Eigen/src/SparseCore/SparseDenseProduct.h
[209.810s] -- Installing: /home/czz/nvblox_ws/install/nvblox/include/eigen3/Eigen/src/SparseCore/SparseDiagonalProduct.h
[209.810s] -- Installing: /home/czz/nvblox_ws/install/nvblox/include/eigen3/Eigen/src/SparseCore/SparseProduct.h
[209.810s] -- Installing: /home/czz/nvblox_ws/install/nvblox/include/eigen3/Eigen/src/SparseCore/TriangularSolver.h
[209.810s] -- Installing: /home/czz/nvblox_ws/install/nvblox/include/eigen3/Eigen/src/SparseCore/SparseMatrixBase.h
[209.810s] -- Installing: /home/czz/nvblox_ws/install/nvblox/include/eigen3/Eigen/src/SparseCore/SparseRedux.h
[209.810s] -- Installing: /home/czz/nvblox_ws/install/nvblox/include/eigen3/Eigen/src/SparseCore/SparseFuzzy.h
[209.810s] -- Installing: /home/czz/nvblox_ws/install/nvblox/include/eigen3/Eigen/src/SparseCore/SparseSolverBase.h
[209.810s] -- Installing: /home/czz/nvblox_ws/install/nvblox/include/eigen3/Eigen/src/SparseCore/SparseMap.h
[209.811s] -- Installing: /home/czz/nvblox_ws/install/nvblox/include/eigen3/Eigen/src/SparseCore/SparsePermutation.h
[209.811s] -- Installing: /home/czz/nvblox_ws/install/nvblox/include/eigen3/Eigen/src/MetisSupport
[209.811s] -- Installing: /home/czz/nvblox_ws/install/nvblox/include/eigen3/Eigen/src/MetisSupport/MetisSupport.h
[209.811s] -- Installing: /home/czz/nvblox_ws/install/nvblox/include/eigen3/Eigen/src/UmfPackSupport
[209.811s] -- Installing: /home/czz/nvblox_ws/install/nvblox/include/eigen3/Eigen/src/UmfPackSupport/UmfPackSupport.h
[209.811s] -- Installing: /home/czz/nvblox_ws/install/nvblox/include/eigen3/Eigen/src/misc
[209.811s] -- Installing: /home/czz/nvblox_ws/install/nvblox/include/eigen3/Eigen/src/misc/Kernel.h
[209.811s] -- Installing: /home/czz/nvblox_ws/install/nvblox/include/eigen3/Eigen/src/misc/lapacke.h
[209.813s] -- Installing: /home/czz/nvblox_ws/install/nvblox/include/eigen3/Eigen/src/misc/blas.h
[209.813s] -- Installing: /home/czz/nvblox_ws/install/nvblox/include/eigen3/Eigen/src/misc/Image.h
[209.813s] -- Installing: /home/czz/nvblox_ws/install/nvblox/include/eigen3/Eigen/src/misc/lapack.h
[209.813s] -- Installing: /home/czz/nvblox_ws/install/nvblox/include/eigen3/Eigen/src/misc/lapacke_mangling.h
[209.814s] -- Installing: /home/czz/nvblox_ws/install/nvblox/include/eigen3/Eigen/src/misc/RealSvd2x2.h
[209.814s] -- Installing: /home/czz/nvblox_ws/install/nvblox/include/eigen3/Eigen/src/Eigenvalues
[209.814s] -- Installing: /home/czz/nvblox_ws/install/nvblox/include/eigen3/Eigen/src/Eigenvalues/SelfAdjointEigenSolver.h
[209.814s] -- Installing: /home/czz/nvblox_ws/install/nvblox/include/eigen3/Eigen/src/Eigenvalues/EigenSolver.h
[209.814s] -- Installing: /home/czz/nvblox_ws/install/nvblox/include/eigen3/Eigen/src/Eigenvalues/GeneralizedSelfAdjointEigenSolver.h
[209.814s] -- Installing: /home/czz/nvblox_ws/install/nvblox/include/eigen3/Eigen/src/Eigenvalues/HessenbergDecomposition.h
[209.814s] -- Installing: /home/czz/nvblox_ws/install/nvblox/include/eigen3/Eigen/src/Eigenvalues/MatrixBaseEigenvalues.h
[209.814s] -- Installing: /home/czz/nvblox_ws/install/nvblox/include/eigen3/Eigen/src/Eigenvalues/RealQZ.h
[209.814s] -- Installing: /home/czz/nvblox_ws/install/nvblox/include/eigen3/Eigen/src/Eigenvalues/ComplexSchur_LAPACKE.h
[209.815s] -- Installing: /home/czz/nvblox_ws/install/nvblox/include/eigen3/Eigen/src/Eigenvalues/RealSchur_LAPACKE.h
[209.815s] -- Installing: /home/czz/nvblox_ws/install/nvblox/include/eigen3/Eigen/src/Eigenvalues/ComplexSchur.h
[209.815s] -- Installing: /home/czz/nvblox_ws/install/nvblox/include/eigen3/Eigen/src/Eigenvalues/RealSchur.h
[209.815s] -- Installing: /home/czz/nvblox_ws/install/nvblox/include/eigen3/Eigen/src/Eigenvalues/SelfAdjointEigenSolver_LAPACKE.h
[209.815s] -- Installing: /home/czz/nvblox_ws/install/nvblox/include/eigen3/Eigen/src/Eigenvalues/ComplexEigenSolver.h
[209.815s] -- Installing: /home/czz/nvblox_ws/install/nvblox/include/eigen3/Eigen/src/Eigenvalues/GeneralizedEigenSolver.h
[209.815s] -- Installing: /home/czz/nvblox_ws/install/nvblox/include/eigen3/Eigen/src/Eigenvalues/Tridiagonalization.h
[209.815s] -- Installing: /home/czz/nvblox_ws/install/nvblox/include/eigen3/Eigen/src/SparseLU
[209.815s] -- Installing: /home/czz/nvblox_ws/install/nvblox/include/eigen3/Eigen/src/SparseLU/SparseLU_column_dfs.h
[209.815s] -- Installing: /home/czz/nvblox_ws/install/nvblox/include/eigen3/Eigen/src/SparseLU/SparseLU_Memory.h
[209.815s] -- Installing: /home/czz/nvblox_ws/install/nvblox/include/eigen3/Eigen/src/SparseLU/SparseLU_SupernodalMatrix.h
[209.815s] -- Installing: /home/czz/nvblox_ws/install/nvblox/include/eigen3/Eigen/src/SparseLU/SparseLU_pruneL.h
[209.815s] -- Installing: /home/czz/nvblox_ws/install/nvblox/include/eigen3/Eigen/src/SparseLU/SparseLU_heap_relax_snode.h
[209.815s] -- Installing: /home/czz/nvblox_ws/install/nvblox/include/eigen3/Eigen/src/SparseLU/SparseLU_Utils.h
[209.816s] -- Installing: /home/czz/nvblox_ws/install/nvblox/include/eigen3/Eigen/src/SparseLU/SparseLU_pivotL.h
[209.816s] -- Installing: /home/czz/nvblox_ws/install/nvblox/include/eigen3/Eigen/src/SparseLU/SparseLU.h
[209.816s] -- Installing: /home/czz/nvblox_ws/install/nvblox/include/eigen3/Eigen/src/SparseLU/SparseLU_panel_dfs.h
[209.816s] -- Installing: /home/czz/nvblox_ws/install/nvblox/include/eigen3/Eigen/src/SparseLU/SparseLU_gemm_kernel.h
[209.816s] -- Installing: /home/czz/nvblox_ws/install/nvblox/include/eigen3/Eigen/src/SparseLU/SparseLU_column_bmod.h
[209.816s] -- Installing: /home/czz/nvblox_ws/install/nvblox/include/eigen3/Eigen/src/SparseLU/SparseLU_panel_bmod.h
[209.816s] -- Installing: /home/czz/nvblox_ws/install/nvblox/include/eigen3/Eigen/src/SparseLU/SparseLUImpl.h
[209.816s] -- Installing: /home/czz/nvblox_ws/install/nvblox/include/eigen3/Eigen/src/SparseLU/SparseLU_Structs.h
[209.816s] -- Installing: /home/czz/nvblox_ws/install/nvblox/include/eigen3/Eigen/src/SparseLU/SparseLU_copy_to_ucol.h
[209.816s] -- Installing: /home/czz/nvblox_ws/install/nvblox/include/eigen3/Eigen/src/SparseLU/SparseLU_relax_snode.h
[209.816s] -- Installing: /home/czz/nvblox_ws/install/nvblox/include/eigen3/Eigen/src/SparseLU/SparseLU_kernel_bmod.h
[209.816s] -- Installing: /home/czz/nvblox_ws/install/nvblox/include/eigen3/Eigen/src/PardisoSupport
[209.816s] -- Installing: /home/czz/nvblox_ws/install/nvblox/include/eigen3/Eigen/src/PardisoSupport/PardisoSupport.h
[209.816s] -- Installing: /home/czz/nvblox_ws/install/nvblox/include/eigen3/Eigen/src/OrderingMethods
[209.816s] -- Installing: /home/czz/nvblox_ws/install/nvblox/include/eigen3/Eigen/src/OrderingMethods/Eigen_Colamd.h
[209.816s] -- Installing: /home/czz/nvblox_ws/install/nvblox/include/eigen3/Eigen/src/OrderingMethods/Ordering.h
[209.816s] -- Installing: /home/czz/nvblox_ws/install/nvblox/include/eigen3/Eigen/src/OrderingMethods/Amd.h
[209.816s] -- Installing: /home/czz/nvblox_ws/install/nvblox/include/eigen3/Eigen/src/SparseCholesky
[209.816s] -- Installing: /home/czz/nvblox_ws/install/nvblox/include/eigen3/Eigen/src/SparseCholesky/SimplicialCholesky.h
[209.816s] -- Installing: /home/czz/nvblox_ws/install/nvblox/include/eigen3/Eigen/src/SparseCholesky/SimplicialCholesky_impl.h
[209.817s] -- Installing: /home/czz/nvblox_ws/install/nvblox/include/eigen3/Eigen/src/LU
[209.817s] -- Installing: /home/czz/nvblox_ws/install/nvblox/include/eigen3/Eigen/src/LU/Determinant.h
[209.817s] -- Installing: /home/czz/nvblox_ws/install/nvblox/include/eigen3/Eigen/src/LU/FullPivLU.h
[209.817s] -- Installing: /home/czz/nvblox_ws/install/nvblox/include/eigen3/Eigen/src/LU/PartialPivLU_LAPACKE.h
[209.817s] -- Installing: /home/czz/nvblox_ws/install/nvblox/include/eigen3/Eigen/src/LU/InverseImpl.h
[209.817s] -- Installing: /home/czz/nvblox_ws/install/nvblox/include/eigen3/Eigen/src/LU/arch
[209.817s] -- Installing: /home/czz/nvblox_ws/install/nvblox/include/eigen3/Eigen/src/LU/arch/InverseSize4.h
[209.817s] -- Installing: /home/czz/nvblox_ws/install/nvblox/include/eigen3/Eigen/src/LU/PartialPivLU.h
[209.817s] -- Installing: /home/czz/nvblox_ws/install/nvblox/include/eigen3/Eigen/src/QR
[209.817s] -- Installing: /home/czz/nvblox_ws/install/nvblox/include/eigen3/Eigen/src/QR/ColPivHouseholderQR_LAPACKE.h
[209.817s] -- Installing: /home/czz/nvblox_ws/install/nvblox/include/eigen3/Eigen/src/QR/HouseholderQR_LAPACKE.h
[209.818s] -- Installing: /home/czz/nvblox_ws/install/nvblox/include/eigen3/Eigen/src/QR/HouseholderQR.h
[209.818s] -- Installing: /home/czz/nvblox_ws/install/nvblox/include/eigen3/Eigen/src/QR/FullPivHouseholderQR.h
[209.818s] -- Installing: /home/czz/nvblox_ws/install/nvblox/include/eigen3/Eigen/src/QR/CompleteOrthogonalDecomposition.h
[209.818s] -- Installing: /home/czz/nvblox_ws/install/nvblox/include/eigen3/Eigen/src/QR/ColPivHouseholderQR.h
[209.818s] -- Installing: /home/czz/nvblox_ws/install/nvblox/include/eigen3/Eigen/src/SparseQR
[209.818s] -- Installing: /home/czz/nvblox_ws/install/nvblox/include/eigen3/Eigen/src/SparseQR/SparseQR.h
[209.818s] -- Installing: /home/czz/nvblox_ws/install/nvblox/include/eigen3/Eigen/src/plugins
[209.818s] -- Installing: /home/czz/nvblox_ws/install/nvblox/include/eigen3/Eigen/src/plugins/ArrayCwiseUnaryOps.h
[209.818s] -- Installing: /home/czz/nvblox_ws/install/nvblox/include/eigen3/Eigen/src/plugins/MatrixCwiseUnaryOps.h
[209.818s] -- Installing: /home/czz/nvblox_ws/install/nvblox/include/eigen3/Eigen/src/plugins/MatrixCwiseBinaryOps.h
[209.818s] -- Installing: /home/czz/nvblox_ws/install/nvblox/include/eigen3/Eigen/src/plugins/ArrayCwiseBinaryOps.h
[209.818s] -- Installing: /home/czz/nvblox_ws/install/nvblox/include/eigen3/Eigen/src/plugins/CommonCwiseBinaryOps.h
[209.818s] -- Installing: /home/czz/nvblox_ws/install/nvblox/include/eigen3/Eigen/src/plugins/ReshapedMethods.h
[209.818s] -- Installing: /home/czz/nvblox_ws/install/nvblox/include/eigen3/Eigen/src/plugins/BlockMethods.h
[209.819s] -- Installing: /home/czz/nvblox_ws/install/nvblox/include/eigen3/Eigen/src/plugins/IndexedViewMethods.h
[209.819s] -- Installing: /home/czz/nvblox_ws/install/nvblox/include/eigen3/Eigen/src/plugins/CommonCwiseUnaryOps.h
[209.819s] -- Installing: /home/czz/nvblox_ws/install/nvblox/include/eigen3/Eigen/src/SuperLUSupport
[209.819s] -- Installing: /home/czz/nvblox_ws/install/nvblox/include/eigen3/Eigen/src/SuperLUSupport/SuperLUSupport.h
[209.819s] -- Installing: /home/czz/nvblox_ws/install/nvblox/include/eigen3/Eigen/src/CholmodSupport
[209.819s] -- Installing: /home/czz/nvblox_ws/install/nvblox/include/eigen3/Eigen/src/CholmodSupport/CholmodSupport.h
[209.820s] -- Installing: /home/czz/nvblox_ws/install/nvblox/include/eigen3/Eigen/src/Core
[209.820s] -- Installing: /home/czz/nvblox_ws/install/nvblox/include/eigen3/Eigen/src/Core/Assign.h
[209.820s] -- Installing: /home/czz/nvblox_ws/install/nvblox/include/eigen3/Eigen/src/Core/DenseStorage.h
[209.820s] -- Installing: /home/czz/nvblox_ws/install/nvblox/include/eigen3/Eigen/src/Core/BandMatrix.h
[209.820s] -- Installing: /home/czz/nvblox_ws/install/nvblox/include/eigen3/Eigen/src/Core/ForceAlignedAccess.h
[209.820s] -- Installing: /home/czz/nvblox_ws/install/nvblox/include/eigen3/Eigen/src/Core/SelfCwiseBinaryOp.h
[209.820s] -- Installing: /home/czz/nvblox_ws/install/nvblox/include/eigen3/Eigen/src/Core/ReturnByValue.h
[209.820s] -- Installing: /home/czz/nvblox_ws/install/nvblox/include/eigen3/Eigen/src/Core/products
[209.820s] -- Installing: /home/czz/nvblox_ws/install/nvblox/include/eigen3/Eigen/src/Core/products/SelfadjointMatrixVector.h
[209.820s] -- Installing: /home/czz/nvblox_ws/install/nvblox/include/eigen3/Eigen/src/Core/products/GeneralMatrixVector_BLAS.h
[209.821s] -- Installing: /home/czz/nvblox_ws/install/nvblox/include/eigen3/Eigen/src/Core/products/SelfadjointMatrixVector_BLAS.h
[209.821s] -- Installing: /home/czz/nvblox_ws/install/nvblox/include/eigen3/Eigen/src/Core/products/GeneralBlockPanelKernel.h
[209.821s] -- Installing: /home/czz/nvblox_ws/install/nvblox/include/eigen3/Eigen/src/Core/products/TriangularSolverMatrix_BLAS.h
[209.821s] -- Installing: /home/czz/nvblox_ws/install/nvblox/include/eigen3/Eigen/src/Core/products/SelfadjointMatrixMatrix.h
[209.821s] -- Installing: /home/czz/nvblox_ws/install/nvblox/include/eigen3/Eigen/src/Core/products/Parallelizer.h
[209.821s] -- Installing: /home/czz/nvblox_ws/install/nvblox/include/eigen3/Eigen/src/Core/products/SelfadjointMatrixMatrix_BLAS.h
[209.821s] -- Installing: /home/czz/nvblox_ws/install/nvblox/include/eigen3/Eigen/src/Core/products/SelfadjointProduct.h
[209.821s] -- Installing: /home/czz/nvblox_ws/install/nvblox/include/eigen3/Eigen/src/Core/products/GeneralMatrixMatrix.h
[209.821s] -- Installing: /home/czz/nvblox_ws/install/nvblox/include/eigen3/Eigen/src/Core/products/GeneralMatrixMatrixTriangular_BLAS.h
[209.822s] -- Installing: /home/czz/nvblox_ws/install/nvblox/include/eigen3/Eigen/src/Core/products/TriangularMatrixMatrix.h
[209.822s] -- Installing: /home/czz/nvblox_ws/install/nvblox/include/eigen3/Eigen/src/Core/products/GeneralMatrixMatrix_BLAS.h
[209.822s] -- Installing: /home/czz/nvblox_ws/install/nvblox/include/eigen3/Eigen/src/Core/products/TriangularMatrixVector_BLAS.h
[209.822s] -- Installing: /home/czz/nvblox_ws/install/nvblox/include/eigen3/Eigen/src/Core/products/GeneralMatrixVector.h
[209.822s] -- Installing: /home/czz/nvblox_ws/install/nvblox/include/eigen3/Eigen/src/Core/products/TriangularSolverVector.h
[209.822s] -- Installing: /home/czz/nvblox_ws/install/nvblox/include/eigen3/Eigen/src/Core/products/TriangularSolverMatrix.h
[209.822s] -- Installing: /home/czz/nvblox_ws/install/nvblox/include/eigen3/Eigen/src/Core/products/TriangularMatrixVector.h
[209.822s] -- Installing: /home/czz/nvblox_ws/install/nvblox/include/eigen3/Eigen/src/Core/products/GeneralMatrixMatrixTriangular.h
[209.822s] -- Installing: /home/czz/nvblox_ws/install/nvblox/include/eigen3/Eigen/src/Core/products/TriangularMatrixMatrix_BLAS.h
[209.822s] -- Installing: /home/czz/nvblox_ws/install/nvblox/include/eigen3/Eigen/src/Core/products/SelfadjointRank2Update.h
[209.822s] -- Installing: /home/czz/nvblox_ws/install/nvblox/include/eigen3/Eigen/src/Core/DenseBase.h
[209.822s] -- Installing: /home/czz/nvblox_ws/install/nvblox/include/eigen3/Eigen/src/Core/Diagonal.h
[209.823s] -- Installing: /home/czz/nvblox_ws/install/nvblox/include/eigen3/Eigen/src/Core/SolverBase.h
[209.823s] -- Installing: /home/czz/nvblox_ws/install/nvblox/include/eigen3/Eigen/src/Core/ArithmeticSequence.h
[209.823s] -- Installing: /home/czz/nvblox_ws/install/nvblox/include/eigen3/Eigen/src/Core/VectorBlock.h
[209.823s] -- Installing: /home/czz/nvblox_ws/install/nvblox/include/eigen3/Eigen/src/Core/PlainObjectBase.h
[209.823s] -- Installing: /home/czz/nvblox_ws/install/nvblox/include/eigen3/Eigen/src/Core/ArrayWrapper.h
[209.823s] -- Installing: /home/czz/nvblox_ws/install/nvblox/include/eigen3/Eigen/src/Core/SelfAdjointView.h
[209.823s] -- Installing: /home/czz/nvblox_ws/install/nvblox/include/eigen3/Eigen/src/Core/Product.h
[209.823s] -- Installing: /home/czz/nvblox_ws/install/nvblox/include/eigen3/Eigen/src/Core/EigenBase.h
[209.823s] -- Installing: /home/czz/nvblox_ws/install/nvblox/include/eigen3/Eigen/src/Core/DenseCoeffsBase.h
[209.823s] -- Installing: /home/czz/nvblox_ws/install/nvblox/include/eigen3/Eigen/src/Core/Matrix.h
[209.824s] -- Installing: /home/czz/nvblox_ws/install/nvblox/include/eigen3/Eigen/src/Core/Array.h
[209.824s] -- Installing: /home/czz/nvblox_ws/install/nvblox/include/eigen3/Eigen/src/Core/Assign_MKL.h
[209.824s] -- Installing: /home/czz/nvblox_ws/install/nvblox/include/eigen3/Eigen/src/Core/TriangularMatrix.h
[209.824s] -- Installing: /home/czz/nvblox_ws/install/nvblox/include/eigen3/Eigen/src/Core/Ref.h
[209.824s] -- Installing: /home/czz/nvblox_ws/install/nvblox/include/eigen3/Eigen/src/Core/functors
[209.824s] -- Installing: /home/czz/nvblox_ws/install/nvblox/include/eigen3/Eigen/src/Core/functors/AssignmentFunctors.h
[209.824s] -- Installing: /home/czz/nvblox_ws/install/nvblox/include/eigen3/Eigen/src/Core/functors/StlFunctors.h
[209.824s] -- Installing: /home/czz/nvblox_ws/install/nvblox/include/eigen3/Eigen/src/Core/functors/TernaryFunctors.h
[209.824s] -- Installing: /home/czz/nvblox_ws/install/nvblox/include/eigen3/Eigen/src/Core/functors/NullaryFunctors.h
[209.824s] -- Installing: /home/czz/nvblox_ws/install/nvblox/include/eigen3/Eigen/src/Core/functors/UnaryFunctors.h
[209.824s] -- Installing: /home/czz/nvblox_ws/install/nvblox/include/eigen3/Eigen/src/Core/functors/BinaryFunctors.h
[209.824s] -- Installing: /home/czz/nvblox_ws/install/nvblox/include/eigen3/Eigen/src/Core/CwiseUnaryOp.h
[209.825s] -- Installing: /home/czz/nvblox_ws/install/nvblox/include/eigen3/Eigen/src/Core/BooleanRedux.h
[209.825s] -- Installing: /home/czz/nvblox_ws/install/nvblox/include/eigen3/Eigen/src/Core/Transpose.h
[209.825s] -- Installing: /home/czz/nvblox_ws/install/nvblox/include/eigen3/Eigen/src/Core/Random.h
[209.825s] -- Installing: /home/czz/nvblox_ws/install/nvblox/include/eigen3/Eigen/src/Core/CoreIterators.h
[209.825s] -- Installing: /home/czz/nvblox_ws/install/nvblox/include/eigen3/Eigen/src/Core/CommaInitializer.h
[209.825s] -- Installing: /home/czz/nvblox_ws/install/nvblox/include/eigen3/Eigen/src/Core/Redux.h
[209.825s] -- Installing: /home/czz/nvblox_ws/install/nvblox/include/eigen3/Eigen/src/Core/Solve.h
[209.825s] -- Installing: /home/czz/nvblox_ws/install/nvblox/include/eigen3/Eigen/src/Core/PermutationMatrix.h
[209.825s] -- Installing: /home/czz/nvblox_ws/install/nvblox/include/eigen3/Eigen/src/Core/MathFunctionsImpl.h
[209.825s] -- Installing: /home/czz/nvblox_ws/install/nvblox/include/eigen3/Eigen/src/Core/Map.h
[209.825s] -- Installing: /home/czz/nvblox_ws/install/nvblox/include/eigen3/Eigen/src/Core/MatrixBase.h
[209.825s] -- Installing: /home/czz/nvblox_ws/install/nvblox/include/eigen3/Eigen/src/Core/NumTraits.h
[209.825s] -- Installing: /home/czz/nvblox_ws/install/nvblox/include/eigen3/Eigen/src/Core/IndexedView.h
[209.826s] -- Installing: /home/czz/nvblox_ws/install/nvblox/include/eigen3/Eigen/src/Core/Stride.h
[209.826s] -- Installing: /home/czz/nvblox_ws/install/nvblox/include/eigen3/Eigen/src/Core/util
[209.826s] -- Installing: /home/czz/nvblox_ws/install/nvblox/include/eigen3/Eigen/src/Core/util/ReshapedHelper.h
[209.826s] -- Installing: /home/czz/nvblox_ws/install/nvblox/include/eigen3/Eigen/src/Core/util/BlasUtil.h
[209.826s] -- Installing: /home/czz/nvblox_ws/install/nvblox/include/eigen3/Eigen/src/Core/util/ReenableStupidWarnings.h
[209.826s] -- Installing: /home/czz/nvblox_ws/install/nvblox/include/eigen3/Eigen/src/Core/util/ForwardDeclarations.h
[209.826s] -- Installing: /home/czz/nvblox_ws/install/nvblox/include/eigen3/Eigen/src/Core/util/Memory.h
[209.826s] -- Installing: /home/czz/nvblox_ws/install/nvblox/include/eigen3/Eigen/src/Core/util/ConfigureVectorization.h
[209.826s] -- Installing: /home/czz/nvblox_ws/install/nvblox/include/eigen3/Eigen/src/Core/util/Meta.h
[209.827s] -- Installing: /home/czz/nvblox_ws/install/nvblox/include/eigen3/Eigen/src/Core/util/Constants.h
[209.827s] -- Installing: /home/czz/nvblox_ws/install/nvblox/include/eigen3/Eigen/src/Core/util/IndexedViewHelper.h
[209.827s] -- Installing: /home/czz/nvblox_ws/install/nvblox/include/eigen3/Eigen/src/Core/util/NonMPL2.h
[209.827s] -- Installing: /home/czz/nvblox_ws/install/nvblox/include/eigen3/Eigen/src/Core/util/XprHelper.h
[209.827s] -- Installing: /home/czz/nvblox_ws/install/nvblox/include/eigen3/Eigen/src/Core/util/MKL_support.h
[209.827s] -- Installing: /home/czz/nvblox_ws/install/nvblox/include/eigen3/Eigen/src/Core/util/IntegralConstant.h
[209.827s] -- Installing: /home/czz/nvblox_ws/install/nvblox/include/eigen3/Eigen/src/Core/util/SymbolicIndex.h
[209.828s] -- Installing: /home/czz/nvblox_ws/install/nvblox/include/eigen3/Eigen/src/Core/util/StaticAssert.h
[209.828s] -- Installing: /home/czz/nvblox_ws/install/nvblox/include/eigen3/Eigen/src/Core/util/DisableStupidWarnings.h
[209.828s] -- Installing: /home/czz/nvblox_ws/install/nvblox/include/eigen3/Eigen/src/Core/util/Macros.h
[209.828s] -- Installing: /home/czz/nvblox_ws/install/nvblox/include/eigen3/Eigen/src/Core/PartialReduxEvaluator.h
[209.828s] -- Installing: /home/czz/nvblox_ws/install/nvblox/include/eigen3/Eigen/src/Core/IO.h
[209.828s] -- Installing: /home/czz/nvblox_ws/install/nvblox/include/eigen3/Eigen/src/Core/arch
[209.828s] -- Installing: /home/czz/nvblox_ws/install/nvblox/include/eigen3/Eigen/src/Core/arch/Default
[209.828s] -- Installing: /home/czz/nvblox_ws/install/nvblox/include/eigen3/Eigen/src/Core/arch/Default/Half.h
[209.828s] -- Installing: /home/czz/nvblox_ws/install/nvblox/include/eigen3/Eigen/src/Core/arch/Default/BFloat16.h
[209.828s] -- Installing: /home/czz/nvblox_ws/install/nvblox/include/eigen3/Eigen/src/Core/arch/Default/Settings.h
[209.828s] -- Installing: /home/czz/nvblox_ws/install/nvblox/include/eigen3/Eigen/src/Core/arch/Default/ConjHelper.h
[209.828s] -- Installing: /home/czz/nvblox_ws/install/nvblox/include/eigen3/Eigen/src/Core/arch/Default/GenericPacketMathFunctionsFwd.h
[209.829s] -- Installing: /home/czz/nvblox_ws/install/nvblox/include/eigen3/Eigen/src/Core/arch/Default/GenericPacketMathFunctions.h
[209.829s] -- Installing: /home/czz/nvblox_ws/install/nvblox/include/eigen3/Eigen/src/Core/arch/Default/TypeCasting.h
[209.829s] -- Installing: /home/czz/nvblox_ws/install/nvblox/include/eigen3/Eigen/src/Core/arch/SVE
[209.829s] -- Installing: /home/czz/nvblox_ws/install/nvblox/include/eigen3/Eigen/src/Core/arch/SVE/PacketMath.h
[209.829s] -- Installing: /home/czz/nvblox_ws/install/nvblox/include/eigen3/Eigen/src/Core/arch/SVE/MathFunctions.h
[209.829s] -- Installing: /home/czz/nvblox_ws/install/nvblox/include/eigen3/Eigen/src/Core/arch/SVE/TypeCasting.h
[209.829s] -- Installing: /home/czz/nvblox_ws/install/nvblox/include/eigen3/Eigen/src/Core/arch/ZVector
[209.829s] -- Installing: /home/czz/nvblox_ws/install/nvblox/include/eigen3/Eigen/src/Core/arch/ZVector/Complex.h
[209.830s] -- Installing: /home/czz/nvblox_ws/install/nvblox/include/eigen3/Eigen/src/Core/arch/ZVector/PacketMath.h
[209.830s] -- Installing: /home/czz/nvblox_ws/install/nvblox/include/eigen3/Eigen/src/Core/arch/ZVector/MathFunctions.h
[209.830s] -- Installing: /home/czz/nvblox_ws/install/nvblox/include/eigen3/Eigen/src/Core/arch/AVX
[209.830s] -- Installing: /home/czz/nvblox_ws/install/nvblox/include/eigen3/Eigen/src/Core/arch/AVX/Complex.h
[209.830s] -- Installing: /home/czz/nvblox_ws/install/nvblox/include/eigen3/Eigen/src/Core/arch/AVX/PacketMath.h
[209.831s] -- Installing: /home/czz/nvblox_ws/install/nvblox/include/eigen3/Eigen/src/Core/arch/AVX/MathFunctions.h
[209.831s] -- Installing: /home/czz/nvblox_ws/install/nvblox/include/eigen3/Eigen/src/Core/arch/AVX/TypeCasting.h
[209.831s] -- Installing: /home/czz/nvblox_ws/install/nvblox/include/eigen3/Eigen/src/Core/arch/CUDA
[209.831s] -- Installing: /home/czz/nvblox_ws/install/nvblox/include/eigen3/Eigen/src/Core/arch/CUDA/Complex.h
[209.831s] -- Installing: /home/czz/nvblox_ws/install/nvblox/include/eigen3/Eigen/src/Core/arch/NEON
[209.831s] -- Installing: /home/czz/nvblox_ws/install/nvblox/include/eigen3/Eigen/src/Core/arch/NEON/GeneralBlockPanelKernel.h
[209.831s] -- Installing: /home/czz/nvblox_ws/install/nvblox/include/eigen3/Eigen/src/Core/arch/NEON/Complex.h
[209.832s] -- Installing: /home/czz/nvblox_ws/install/nvblox/include/eigen3/Eigen/src/Core/arch/NEON/PacketMath.h
[209.832s] -- Installing: /home/czz/nvblox_ws/install/nvblox/include/eigen3/Eigen/src/Core/arch/NEON/MathFunctions.h
[209.832s] -- Installing: /home/czz/nvblox_ws/install/nvblox/include/eigen3/Eigen/src/Core/arch/NEON/TypeCasting.h
[209.833s] -- Installing: /home/czz/nvblox_ws/install/nvblox/include/eigen3/Eigen/src/Core/arch/MSA
[209.833s] -- Installing: /home/czz/nvblox_ws/install/nvblox/include/eigen3/Eigen/src/Core/arch/MSA/Complex.h
[209.833s] -- Installing: /home/czz/nvblox_ws/install/nvblox/include/eigen3/Eigen/src/Core/arch/MSA/PacketMath.h
[209.833s] -- Installing: /home/czz/nvblox_ws/install/nvblox/include/eigen3/Eigen/src/Core/arch/MSA/MathFunctions.h
[209.834s] -- Installing: /home/czz/nvblox_ws/install/nvblox/include/eigen3/Eigen/src/Core/arch/GPU
[209.834s] -- Installing: /home/czz/nvblox_ws/install/nvblox/include/eigen3/Eigen/src/Core/arch/GPU/PacketMath.h
[209.834s] -- Installing: /home/czz/nvblox_ws/install/nvblox/include/eigen3/Eigen/src/Core/arch/GPU/MathFunctions.h
[209.834s] -- Installing: /home/czz/nvblox_ws/install/nvblox/include/eigen3/Eigen/src/Core/arch/GPU/TypeCasting.h
[209.834s] -- Installing: /home/czz/nvblox_ws/install/nvblox/include/eigen3/Eigen/src/Core/arch/SSE
[209.834s] -- Installing: /home/czz/nvblox_ws/install/nvblox/include/eigen3/Eigen/src/Core/arch/SSE/Complex.h
[209.834s] -- Installing: /home/czz/nvblox_ws/install/nvblox/include/eigen3/Eigen/src/Core/arch/SSE/PacketMath.h
[209.834s] -- Installing: /home/czz/nvblox_ws/install/nvblox/include/eigen3/Eigen/src/Core/arch/SSE/MathFunctions.h
[209.834s] -- Installing: /home/czz/nvblox_ws/install/nvblox/include/eigen3/Eigen/src/Core/arch/SSE/TypeCasting.h
[209.834s] -- Installing: /home/czz/nvblox_ws/install/nvblox/include/eigen3/Eigen/src/Core/arch/AltiVec
[209.835s] -- Installing: /home/czz/nvblox_ws/install/nvblox/include/eigen3/Eigen/src/Core/arch/AltiVec/Complex.h
[209.835s] -- Installing: /home/czz/nvblox_ws/install/nvblox/include/eigen3/Eigen/src/Core/arch/AltiVec/MatrixProduct.h
[209.835s] -- Installing: /home/czz/nvblox_ws/install/nvblox/include/eigen3/Eigen/src/Core/arch/AltiVec/PacketMath.h
[209.836s] -- Installing: /home/czz/nvblox_ws/install/nvblox/include/eigen3/Eigen/src/Core/arch/AltiVec/MatrixProductCommon.h
[209.836s] -- Installing: /home/czz/nvblox_ws/install/nvblox/include/eigen3/Eigen/src/Core/arch/AltiVec/MatrixProductMMA.h
[209.836s] -- Installing: /home/czz/nvblox_ws/install/nvblox/include/eigen3/Eigen/src/Core/arch/AltiVec/MathFunctions.h
[209.836s] -- Installing: /home/czz/nvblox_ws/install/nvblox/include/eigen3/Eigen/src/Core/arch/HIP
[209.836s] -- Installing: /home/czz/nvblox_ws/install/nvblox/include/eigen3/Eigen/src/Core/arch/HIP/hcc
[209.837s] -- Installing: /home/czz/nvblox_ws/install/nvblox/include/eigen3/Eigen/src/Core/arch/HIP/hcc/math_constants.h
[209.837s] -- Installing: /home/czz/nvblox_ws/install/nvblox/include/eigen3/Eigen/src/Core/arch/SYCL
[209.837s] -- Installing: /home/czz/nvblox_ws/install/nvblox/include/eigen3/Eigen/src/Core/arch/SYCL/SyclMemoryModel.h
[209.837s] -- Installing: /home/czz/nvblox_ws/install/nvblox/include/eigen3/Eigen/src/Core/arch/SYCL/PacketMath.h
[209.837s] -- Installing: /home/czz/nvblox_ws/install/nvblox/include/eigen3/Eigen/src/Core/arch/SYCL/InteropHeaders.h
[209.837s] -- Installing: /home/czz/nvblox_ws/install/nvblox/include/eigen3/Eigen/src/Core/arch/SYCL/MathFunctions.h
[209.838s] -- Installing: /home/czz/nvblox_ws/install/nvblox/include/eigen3/Eigen/src/Core/arch/SYCL/TypeCasting.h
[209.838s] -- Installing: /home/czz/nvblox_ws/install/nvblox/include/eigen3/Eigen/src/Core/arch/AVX512
[209.838s] -- Installing: /home/czz/nvblox_ws/install/nvblox/include/eigen3/Eigen/src/Core/arch/AVX512/Complex.h
[209.838s] -- Installing: /home/czz/nvblox_ws/install/nvblox/include/eigen3/Eigen/src/Core/arch/AVX512/PacketMath.h
[209.838s] -- Installing: /home/czz/nvblox_ws/install/nvblox/include/eigen3/Eigen/src/Core/arch/AVX512/MathFunctions.h
[209.839s] -- Installing: /home/czz/nvblox_ws/install/nvblox/include/eigen3/Eigen/src/Core/arch/AVX512/TypeCasting.h
[209.839s] -- Installing: /home/czz/nvblox_ws/install/nvblox/include/eigen3/Eigen/src/Core/ArrayBase.h
[209.839s] -- Installing: /home/czz/nvblox_ws/install/nvblox/include/eigen3/Eigen/src/Core/NoAlias.h
[209.839s] -- Installing: /home/czz/nvblox_ws/install/nvblox/include/eigen3/Eigen/src/Core/Block.h
[209.839s] -- Installing: /home/czz/nvblox_ws/install/nvblox/include/eigen3/Eigen/src/Core/MapBase.h
[209.839s] -- Installing: /home/czz/nvblox_ws/install/nvblox/include/eigen3/Eigen/src/Core/Dot.h
[209.839s] -- Installing: /home/czz/nvblox_ws/install/nvblox/include/eigen3/Eigen/src/Core/CwiseUnaryView.h
[209.839s] -- Installing: /home/czz/nvblox_ws/install/nvblox/include/eigen3/Eigen/src/Core/NestByValue.h
[209.839s] -- Installing: /home/czz/nvblox_ws/install/nvblox/include/eigen3/Eigen/src/Core/AssignEvaluator.h
[209.840s] -- Installing: /home/czz/nvblox_ws/install/nvblox/include/eigen3/Eigen/src/Core/Visitor.h
[209.840s] -- Installing: /home/czz/nvblox_ws/install/nvblox/include/eigen3/Eigen/src/Core/DiagonalProduct.h
[209.840s] -- Installing: /home/czz/nvblox_ws/install/nvblox/include/eigen3/Eigen/src/Core/Replicate.h
[209.840s] -- Installing: /home/czz/nvblox_ws/install/nvblox/include/eigen3/Eigen/src/Core/DiagonalMatrix.h
[209.840s] -- Installing: /home/czz/nvblox_ws/install/nvblox/include/eigen3/Eigen/src/Core/Reverse.h
[209.840s] -- Installing: /home/czz/nvblox_ws/install/nvblox/include/eigen3/Eigen/src/Core/CwiseBinaryOp.h
[209.840s] -- Installing: /home/czz/nvblox_ws/install/nvblox/include/eigen3/Eigen/src/Core/ConditionEstimator.h
[209.840s] -- Installing: /home/czz/nvblox_ws/install/nvblox/include/eigen3/Eigen/src/Core/VectorwiseOp.h
[209.840s] -- Installing: /home/czz/nvblox_ws/install/nvblox/include/eigen3/Eigen/src/Core/MathFunctions.h
[209.840s] -- Installing: /home/czz/nvblox_ws/install/nvblox/include/eigen3/Eigen/src/Core/CwiseNullaryOp.h
[209.840s] -- Installing: /home/czz/nvblox_ws/install/nvblox/include/eigen3/Eigen/src/Core/CoreEvaluators.h
[209.840s] -- Installing: /home/czz/nvblox_ws/install/nvblox/include/eigen3/Eigen/src/Core/Inverse.h
[209.841s] -- Installing: /home/czz/nvblox_ws/install/nvblox/include/eigen3/Eigen/src/Core/Swap.h
[209.841s] -- Installing: /home/czz/nvblox_ws/install/nvblox/include/eigen3/Eigen/src/Core/SolveTriangular.h
[209.841s] -- Installing: /home/czz/nvblox_ws/install/nvblox/include/eigen3/Eigen/src/Core/Select.h
[209.841s] -- Installing: /home/czz/nvblox_ws/install/nvblox/include/eigen3/Eigen/src/Core/Transpositions.h
[209.841s] -- Installing: /home/czz/nvblox_ws/install/nvblox/include/eigen3/Eigen/src/Core/ProductEvaluators.h
[209.841s] -- Installing: /home/czz/nvblox_ws/install/nvblox/include/eigen3/Eigen/src/Core/Reshaped.h
[209.841s] -- Installing: /home/czz/nvblox_ws/install/nvblox/include/eigen3/Eigen/src/Core/GlobalFunctions.h
[209.841s] -- Installing: /home/czz/nvblox_ws/install/nvblox/include/eigen3/Eigen/src/Core/StableNorm.h
[209.841s] -- Installing: /home/czz/nvblox_ws/install/nvblox/include/eigen3/Eigen/src/Core/StlIterators.h
[209.841s] -- Installing: /home/czz/nvblox_ws/install/nvblox/include/eigen3/Eigen/src/Core/CwiseTernaryOp.h
[209.842s] -- Installing: /home/czz/nvblox_ws/install/nvblox/include/eigen3/Eigen/src/Core/GenericPacketMath.h
[209.842s] -- Installing: /home/czz/nvblox_ws/install/nvblox/include/eigen3/Eigen/src/Core/GeneralProduct.h
[209.842s] -- Installing: /home/czz/nvblox_ws/install/nvblox/include/eigen3/Eigen/src/Core/Fuzzy.h
[209.842s] -- Installing: /home/czz/nvblox_ws/install/nvblox/include/eigen3/Eigen/src/KLUSupport
[209.842s] -- Installing: /home/czz/nvblox_ws/install/nvblox/include/eigen3/Eigen/src/KLUSupport/KLUSupport.h
[209.843s] -- Installing: /home/czz/nvblox_ws/install/nvblox/include/eigen3/Eigen/src/Geometry
[209.843s] -- Installing: /home/czz/nvblox_ws/install/nvblox/include/eigen3/Eigen/src/Geometry/ParametrizedLine.h
[209.843s] -- Installing: /home/czz/nvblox_ws/install/nvblox/include/eigen3/Eigen/src/Geometry/Umeyama.h
[209.843s] -- Installing: /home/czz/nvblox_ws/install/nvblox/include/eigen3/Eigen/src/Geometry/AlignedBox.h
[209.843s] -- Installing: /home/czz/nvblox_ws/install/nvblox/include/eigen3/Eigen/src/Geometry/RotationBase.h
[209.843s] -- Installing: /home/czz/nvblox_ws/install/nvblox/include/eigen3/Eigen/src/Geometry/Scaling.h
[209.843s] -- Installing: /home/czz/nvblox_ws/install/nvblox/include/eigen3/Eigen/src/Geometry/Homogeneous.h
[209.843s] -- Installing: /home/czz/nvblox_ws/install/nvblox/include/eigen3/Eigen/src/Geometry/Quaternion.h
[209.843s] -- Installing: /home/czz/nvblox_ws/install/nvblox/include/eigen3/Eigen/src/Geometry/Rotation2D.h
[209.843s] -- Installing: /home/czz/nvblox_ws/install/nvblox/include/eigen3/Eigen/src/Geometry/Hyperplane.h
[209.843s] -- Installing: /home/czz/nvblox_ws/install/nvblox/include/eigen3/Eigen/src/Geometry/arch
[209.843s] -- Installing: /home/czz/nvblox_ws/install/nvblox/include/eigen3/Eigen/src/Geometry/arch/Geometry_SIMD.h
[209.843s] -- Installing: /home/czz/nvblox_ws/install/nvblox/include/eigen3/Eigen/src/Geometry/AngleAxis.h
[209.843s] -- Installing: /home/czz/nvblox_ws/install/nvblox/include/eigen3/Eigen/src/Geometry/OrthoMethods.h
[209.843s] -- Installing: /home/czz/nvblox_ws/install/nvblox/include/eigen3/Eigen/src/Geometry/Translation.h
[209.844s] -- Installing: /home/czz/nvblox_ws/install/nvblox/include/eigen3/Eigen/src/Geometry/EulerAngles.h
[209.844s] -- Installing: /home/czz/nvblox_ws/install/nvblox/include/eigen3/Eigen/src/Geometry/Transform.h
[209.844s] -- Installing: /home/czz/nvblox_ws/install/nvblox/include/eigen3/Eigen/src/SVD
[209.844s] -- Installing: /home/czz/nvblox_ws/install/nvblox/include/eigen3/Eigen/src/SVD/BDCSVD.h
[209.844s] -- Installing: /home/czz/nvblox_ws/install/nvblox/include/eigen3/Eigen/src/SVD/UpperBidiagonalization.h
[209.844s] -- Installing: /home/czz/nvblox_ws/install/nvblox/include/eigen3/Eigen/src/SVD/SVDBase.h
[209.844s] -- Installing: /home/czz/nvblox_ws/install/nvblox/include/eigen3/Eigen/src/SVD/JacobiSVD_LAPACKE.h
[209.844s] -- Installing: /home/czz/nvblox_ws/install/nvblox/include/eigen3/Eigen/src/SVD/JacobiSVD.h
[209.844s] -- Installing: /home/czz/nvblox_ws/install/nvblox/include/eigen3/Eigen/src/StlSupport
[209.844s] -- Installing: /home/czz/nvblox_ws/install/nvblox/include/eigen3/Eigen/src/StlSupport/StdList.h
[209.844s] -- Installing: /home/czz/nvblox_ws/install/nvblox/include/eigen3/Eigen/src/StlSupport/StdDeque.h
[209.844s] -- Installing: /home/czz/nvblox_ws/install/nvblox/include/eigen3/Eigen/src/StlSupport/StdVector.h
[209.845s] -- Installing: /home/czz/nvblox_ws/install/nvblox/include/eigen3/Eigen/src/StlSupport/details.h
[209.845s] -- Installing: /home/czz/nvblox_ws/install/nvblox/include/eigen3/Eigen/src/SPQRSupport
[209.845s] -- Installing: /home/czz/nvblox_ws/install/nvblox/include/eigen3/Eigen/src/SPQRSupport/SuiteSparseQRSupport.h
[209.845s] -- Installing: /home/czz/nvblox_ws/install/nvblox/include/eigen3/Eigen/src/IterativeLinearSolvers
[209.845s] -- Installing: /home/czz/nvblox_ws/install/nvblox/include/eigen3/Eigen/src/IterativeLinearSolvers/BiCGSTAB.h
[209.845s] -- Installing: /home/czz/nvblox_ws/install/nvblox/include/eigen3/Eigen/src/IterativeLinearSolvers/ConjugateGradient.h
[209.845s] -- Installing: /home/czz/nvblox_ws/install/nvblox/include/eigen3/Eigen/src/IterativeLinearSolvers/SolveWithGuess.h
[209.845s] -- Installing: /home/czz/nvblox_ws/install/nvblox/include/eigen3/Eigen/src/IterativeLinearSolvers/BasicPreconditioners.h
[209.845s] -- Installing: /home/czz/nvblox_ws/install/nvblox/include/eigen3/Eigen/src/IterativeLinearSolvers/IterativeSolverBase.h
[209.845s] -- Installing: /home/czz/nvblox_ws/install/nvblox/include/eigen3/Eigen/src/IterativeLinearSolvers/IncompleteCholesky.h
[209.845s] -- Installing: /home/czz/nvblox_ws/install/nvblox/include/eigen3/Eigen/src/IterativeLinearSolvers/LeastSquareConjugateGradient.h
[209.845s] -- Installing: /home/czz/nvblox_ws/install/nvblox/include/eigen3/Eigen/src/IterativeLinearSolvers/IncompleteLUT.h
[209.845s] -- Installing: /home/czz/nvblox_ws/install/nvblox/include/eigen3/Eigen/src/Householder
[209.845s] -- Installing: /home/czz/nvblox_ws/install/nvblox/include/eigen3/Eigen/src/Householder/Householder.h
[209.845s] -- Installing: /home/czz/nvblox_ws/install/nvblox/include/eigen3/Eigen/src/Householder/HouseholderSequence.h
[209.845s] -- Installing: /home/czz/nvblox_ws/install/nvblox/include/eigen3/Eigen/src/Householder/BlockHouseholder.h
[209.845s] -- Installing: /home/czz/nvblox_ws/install/nvblox/include/eigen3/Eigen/src/Cholesky
[209.846s] -- Installing: /home/czz/nvblox_ws/install/nvblox/include/eigen3/Eigen/src/Cholesky/LLT_LAPACKE.h
[209.846s] -- Installing: /home/czz/nvblox_ws/install/nvblox/include/eigen3/Eigen/src/Cholesky/LLT.h
[209.846s] -- Installing: /home/czz/nvblox_ws/install/nvblox/include/eigen3/Eigen/src/Cholesky/LDLT.h
[209.846s] -- Installing: /home/czz/nvblox_ws/install/nvblox/include/eigen3/Eigen/src/PaStiXSupport
[209.846s] -- Installing: /home/czz/nvblox_ws/install/nvblox/include/eigen3/Eigen/src/PaStiXSupport/PaStiXSupport.h
[209.846s] -- Installing: /home/czz/nvblox_ws/install/nvblox/include/eigen3/Eigen/PaStiXSupport
[209.846s] -- Up-to-date: /home/czz/nvblox_ws/install/nvblox/include
[209.846s] -- Installing: /home/czz/nvblox_ws/install/nvblox/include/CMakeLists.txt
[209.847s] -- Up-to-date: /home/czz/nvblox_ws/install/nvblox/include/stdgpu
[209.847s] -- Up-to-date: /home/czz/nvblox_ws/install/nvblox/include/stdgpu/compiler.h
[209.847s] -- Up-to-date: /home/czz/nvblox_ws/install/nvblox/include/stdgpu/unordered_map.cuh
[209.847s] -- Up-to-date: /home/czz/nvblox_ws/install/nvblox/include/stdgpu/execution.h
[209.847s] -- Up-to-date: /home/czz/nvblox_ws/install/nvblox/include/stdgpu/stack.cuh
[209.847s] -- Up-to-date: /home/czz/nvblox_ws/install/nvblox/include/stdgpu/hip
[209.847s] -- Up-to-date: /home/czz/nvblox_ws/install/nvblox/include/stdgpu/hip/device.h
[209.847s] -- Up-to-date: /home/czz/nvblox_ws/install/nvblox/include/stdgpu/hip/platform.h
[209.847s] -- Up-to-date: /home/czz/nvblox_ws/install/nvblox/include/stdgpu/hip/atomic.h
[209.847s] -- Installing: /home/czz/nvblox_ws/install/nvblox/include/stdgpu/hip/CMakeLists.txt
[209.847s] -- Up-to-date: /home/czz/nvblox_ws/install/nvblox/include/stdgpu/hip/platform_check.h
[209.847s] -- Up-to-date: /home/czz/nvblox_ws/install/nvblox/include/stdgpu/hip/impl
[209.847s] -- Installing: /home/czz/nvblox_ws/install/nvblox/include/stdgpu/hip/impl/device.cpp
[209.847s] -- Up-to-date: /home/czz/nvblox_ws/install/nvblox/include/stdgpu/hip/impl/error.h
[209.847s] -- Installing: /home/czz/nvblox_ws/install/nvblox/include/stdgpu/hip/impl/memory.cpp
[209.847s] -- Up-to-date: /home/czz/nvblox_ws/install/nvblox/include/stdgpu/hip/impl/atomic_detail.h
[209.847s] -- Up-to-date: /home/czz/nvblox_ws/install/nvblox/include/stdgpu/hip/memory.h
[209.847s] -- Up-to-date: /home/czz/nvblox_ws/install/nvblox/include/stdgpu/utility.h
[209.847s] -- Up-to-date: /home/czz/nvblox_ws/install/nvblox/include/stdgpu/device.h
[209.847s] -- Up-to-date: /home/czz/nvblox_ws/install/nvblox/include/stdgpu/bit.h
[209.847s] -- Up-to-date: /home/czz/nvblox_ws/install/nvblox/include/stdgpu/atomic.cuh
[209.847s] -- Up-to-date: /home/czz/nvblox_ws/install/nvblox/include/stdgpu/platform.h
[209.848s] -- Up-to-date: /home/czz/nvblox_ws/install/nvblox/include/stdgpu/bitset.cuh
[209.848s] -- Up-to-date: /home/czz/nvblox_ws/install/nvblox/include/stdgpu/cstddef.h
[209.848s] -- Installing: /home/czz/nvblox_ws/install/nvblox/include/stdgpu/CMakeLists.txt
[209.848s] -- Up-to-date: /home/czz/nvblox_ws/install/nvblox/include/stdgpu/numeric.h
[209.848s] -- Up-to-date: /home/czz/nvblox_ws/install/nvblox/include/stdgpu/mutex.cuh
[209.848s] -- Installing: /home/czz/nvblox_ws/install/nvblox/include/stdgpu/config.h.in
[209.848s] -- Up-to-date: /home/czz/nvblox_ws/install/nvblox/include/stdgpu/queue.cuh
[209.848s] -- Up-to-date: /home/czz/nvblox_ws/install/nvblox/include/stdgpu/type_traits.h
[209.848s] -- Up-to-date: /home/czz/nvblox_ws/install/nvblox/include/stdgpu/cuda
[209.848s] -- Up-to-date: /home/czz/nvblox_ws/install/nvblox/include/stdgpu/cuda/device.h
[209.848s] -- Up-to-date: /home/czz/nvblox_ws/install/nvblox/include/stdgpu/cuda/atomic.cuh
[209.848s] -- Up-to-date: /home/czz/nvblox_ws/install/nvblox/include/stdgpu/cuda/platform.h
[209.848s] -- Installing: /home/czz/nvblox_ws/install/nvblox/include/stdgpu/cuda/CMakeLists.txt
[209.848s] -- Up-to-date: /home/czz/nvblox_ws/install/nvblox/include/stdgpu/cuda/platform_check.h
[209.848s] -- Up-to-date: /home/czz/nvblox_ws/install/nvblox/include/stdgpu/cuda/impl
[209.848s] -- Installing: /home/czz/nvblox_ws/install/nvblox/include/stdgpu/cuda/impl/device.cpp
[209.848s] -- Up-to-date: /home/czz/nvblox_ws/install/nvblox/include/stdgpu/cuda/impl/atomic_detail.cuh
[209.848s] -- Up-to-date: /home/czz/nvblox_ws/install/nvblox/include/stdgpu/cuda/impl/error.h
[209.848s] -- Installing: /home/czz/nvblox_ws/install/nvblox/include/stdgpu/cuda/impl/memory.cpp
[209.848s] -- Up-to-date: /home/czz/nvblox_ws/install/nvblox/include/stdgpu/cuda/memory.h
[209.848s] -- Up-to-date: /home/czz/nvblox_ws/install/nvblox/include/stdgpu/contract.h
[209.848s] -- Up-to-date: /home/czz/nvblox_ws/install/nvblox/include/stdgpu/openmp
[209.848s] -- Up-to-date: /home/czz/nvblox_ws/install/nvblox/include/stdgpu/openmp/device.h
[209.848s] -- Up-to-date: /home/czz/nvblox_ws/install/nvblox/include/stdgpu/openmp/platform.h
[209.848s] -- Up-to-date: /home/czz/nvblox_ws/install/nvblox/include/stdgpu/openmp/atomic.h
[209.848s] -- Installing: /home/czz/nvblox_ws/install/nvblox/include/stdgpu/openmp/CMakeLists.txt
[209.848s] -- Up-to-date: /home/czz/nvblox_ws/install/nvblox/include/stdgpu/openmp/platform_check.h
[209.848s] -- Up-to-date: /home/czz/nvblox_ws/install/nvblox/include/stdgpu/openmp/impl
[209.849s] -- Installing: /home/czz/nvblox_ws/install/nvblox/include/stdgpu/openmp/impl/device.cpp
[209.849s] -- Installing: /home/czz/nvblox_ws/install/nvblox/include/stdgpu/openmp/impl/memory.cpp
[209.849s] -- Up-to-date: /home/czz/nvblox_ws/install/nvblox/include/stdgpu/openmp/impl/atomic_detail.h
[209.849s] -- Up-to-date: /home/czz/nvblox_ws/install/nvblox/include/stdgpu/openmp/memory.h
[209.849s] -- Up-to-date: /home/czz/nvblox_ws/install/nvblox/include/stdgpu/ranges.h
[209.849s] -- Up-to-date: /home/czz/nvblox_ws/install/nvblox/include/stdgpu/deque.cuh
[209.849s] -- Up-to-date: /home/czz/nvblox_ws/install/nvblox/include/stdgpu/iterator.h
[209.849s] -- Up-to-date: /home/czz/nvblox_ws/install/nvblox/include/stdgpu/functional.h
[209.849s] -- Up-to-date: /home/czz/nvblox_ws/install/nvblox/include/stdgpu/algorithm.h
[209.849s] -- Up-to-date: /home/czz/nvblox_ws/install/nvblox/include/stdgpu/unordered_set.cuh
[209.849s] -- Up-to-date: /home/czz/nvblox_ws/install/nvblox/include/stdgpu/vector.cuh
[209.849s] -- Up-to-date: /home/czz/nvblox_ws/install/nvblox/include/stdgpu/limits.h
[209.849s] -- Up-to-date: /home/czz/nvblox_ws/install/nvblox/include/stdgpu/impl
[209.849s] -- Up-to-date: /home/czz/nvblox_ws/install/nvblox/include/stdgpu/impl/ranges_detail.h
[209.849s] -- Up-to-date: /home/czz/nvblox_ws/install/nvblox/include/stdgpu/impl/vector_detail.cuh
[209.849s] -- Up-to-date: /home/czz/nvblox_ws/install/nvblox/include/stdgpu/impl/bit_detail.h
[209.849s] -- Up-to-date: /home/czz/nvblox_ws/install/nvblox/include/stdgpu/impl/limits_detail.h
[209.849s] -- Installing: /home/czz/nvblox_ws/install/nvblox/include/stdgpu/impl/device.cpp
[209.849s] -- Up-to-date: /home/czz/nvblox_ws/install/nvblox/include/stdgpu/impl/functional_detail.h
[209.849s] -- Up-to-date: /home/czz/nvblox_ws/install/nvblox/include/stdgpu/impl/atomic_detail.cuh
[209.849s] -- Up-to-date: /home/czz/nvblox_ws/install/nvblox/include/stdgpu/impl/deque_detail.cuh
[209.849s] -- Up-to-date: /home/czz/nvblox_ws/install/nvblox/include/stdgpu/impl/utility_detail.h
[209.849s] -- Up-to-date: /home/czz/nvblox_ws/install/nvblox/include/stdgpu/impl/bitset_detail.cuh
[209.849s] -- Up-to-date: /home/czz/nvblox_ws/install/nvblox/include/stdgpu/impl/type_traits_detail.h
[209.849s] -- Installing: /home/czz/nvblox_ws/install/nvblox/include/stdgpu/impl/iterator.cpp
[209.849s] -- Up-to-date: /home/czz/nvblox_ws/install/nvblox/include/stdgpu/impl/iterator_detail.h
[209.849s] -- Up-to-date: /home/czz/nvblox_ws/install/nvblox/include/stdgpu/impl/mutex_detail.cuh
[209.849s] -- Up-to-date: /home/czz/nvblox_ws/install/nvblox/include/stdgpu/impl/preprocessor.h
[209.849s] -- Up-to-date: /home/czz/nvblox_ws/install/nvblox/include/stdgpu/impl/platform_check.h
[209.850s] -- Up-to-date: /home/czz/nvblox_ws/install/nvblox/include/stdgpu/impl/memory_detail.h
[209.850s] -- Installing: /home/czz/nvblox_ws/install/nvblox/include/stdgpu/impl/memory.cpp
[209.850s] -- Up-to-date: /home/czz/nvblox_ws/install/nvblox/include/stdgpu/impl/queue_detail.cuh
[209.850s] -- Up-to-date: /home/czz/nvblox_ws/install/nvblox/include/stdgpu/impl/algorithm_detail.h
[209.850s] -- Up-to-date: /home/czz/nvblox_ws/install/nvblox/include/stdgpu/impl/unordered_map_detail.cuh
[209.850s] -- Up-to-date: /home/czz/nvblox_ws/install/nvblox/include/stdgpu/impl/numeric_detail.h
[209.850s] -- Up-to-date: /home/czz/nvblox_ws/install/nvblox/include/stdgpu/impl/stack_detail.cuh
[209.850s] -- Up-to-date: /home/czz/nvblox_ws/install/nvblox/include/stdgpu/impl/unordered_base.cuh
[209.850s] -- Up-to-date: /home/czz/nvblox_ws/install/nvblox/include/stdgpu/impl/unordered_set_detail.cuh
[209.850s] -- Up-to-date: /home/czz/nvblox_ws/install/nvblox/include/stdgpu/impl/unordered_base_detail.cuh
[209.850s] -- Up-to-date: /home/czz/nvblox_ws/install/nvblox/include/stdgpu/memory.h
[209.850s] -- Installing: /home/czz/nvblox_ws/install/nvblox/share/nvblox/cmake/nvbloxConfig.cmake
[209.850s] -- Installing: /home/czz/nvblox_ws/install/nvblox/share/nvblox/cmake/nvbloxConfigVersion.cmake
[209.850s] -- Installing: /home/czz/nvblox_ws/install/nvblox/share/nvblox/cmake/nvbloxTargets.cmake
[209.851s] -- Installing: /home/czz/nvblox_ws/install/nvblox/share/nvblox/cmake/nvbloxTargets-release.cmake
[209.872s] Invoked command in '/home/czz/nvblox_ws/build/nvblox' returned '0': /usr/bin/cmake --install /home/czz/nvblox_ws/build/nvblox
