The system is: Linux - 6.8.0-106-generic - x86_64
Compiling the CXX compiler identification source file "CMakeCXXCompilerId.cpp" succeeded.
Compiler: /usr/bin/c++ 
Build flags: 
Id flags:  

The output was:
0


Compilation of the CXX compiler identification source "CMakeCXXCompilerId.cpp" produced "a.out"

The CXX compiler identification is GNU, found in "/home/czz/nvblox_ws/build/nvblox/CMakeFiles/3.22.1/CompilerIdCXX/a.out"

Compiling the C compiler identification source file "CMakeCCompilerId.c" succeeded.
Compiler: /usr/bin/cc 
Build flags: 
Id flags:  

The output was:
0


Compilation of the C compiler identification source "CMakeCCompilerId.c" produced "a.out"

The C compiler identification is GNU, found in "/home/czz/nvblox_ws/build/nvblox/CMakeFiles/3.22.1/CompilerIdC/a.out"

Checking whether the CUDA compiler is NVIDIA using "" matched "nvcc: NVIDIA \(R\) Cuda compiler driver":
nvcc: NVIDIA (R) Cuda compiler driver
Copyright (c) 2005-2024 NVIDIA Corporation
Built on Fri_Jun_14_16:34:21_PDT_2024
Cuda compilation tools, release 12.6, V12.6.20
Build cuda_12.6.r12.6/compiler.34431801_0
Compiling the CUDA compiler identification source file "CMakeCUDACompilerId.cu" succeeded.
Compiler: /usr/local/cuda/bin/nvcc 
Build flags: 
Id flags: --keep;--keep-dir;tmp -v

The output was:
0
#$ _NVVM_BRANCH_=nvvm
#$ _SPACE_= 
#$ _CUDART_=cudart
#$ _HERE_=/usr/local/cuda/bin
#$ _THERE_=/usr/local/cuda/bin
#$ _TARGET_SIZE_=
#$ _TARGET_DIR_=
#$ _TARGET_DIR_=targets/x86_64-linux
#$ TOP=/usr/local/cuda/bin/..
#$ CICC_PATH=/usr/local/cuda/bin/../nvvm/bin
#$ NVVMIR_LIBRARY_DIR=/usr/local/cuda/bin/../nvvm/libdevice
#$ LD_LIBRARY_PATH=/usr/local/cuda/bin/../lib:/usr/local/cuda/lib64:/home/czz/workspaces/isaac_ros-dev/install/realsense_splitter/lib:/home/czz/workspaces/isaac_ros-dev/install/realsense2_camera/lib:/home/czz/workspaces/isaac_ros-dev/install/realsense2_camera_msgs/lib:/home/czz/workspaces/isaac_ros-dev/install/nvblox_ros/lib:/home/czz/workspaces/isaac_ros-dev/install/nvblox_rviz_plugin/lib:/home/czz/workspaces/isaac_ros-dev/install/nvblox_image_padding/lib:/home/czz/workspaces/isaac_ros-dev/install/nvblox_ros_common/lib:/home/czz/workspaces/isaac_ros-dev/install/nvblox_nav2/lib:/home/czz/workspaces/isaac_ros-dev/install/nvblox_msgs/lib:/home/czz/workspaces/isaac_ros-dev/install/isaac_ros_visual_slam/lib:/home/czz/workspaces/isaac_ros-dev/install/isaac_ros_visual_slam_interfaces/lib:/home/czz/workspaces/isaac_ros-dev/install/isaac_ros_common/lib:/home/czz/ros_pack/install/moveit_task_constructor_visualization/lib:/home/czz/ros_pack/install/moveit_task_constructor_demo/lib:/home/czz/ros_pack/install/moveit_task_constructor_capabilities/lib:/home/czz/ros_pack/install/moveit_task_constructor_core/lib:/home/czz/ros_pack/install/rviz_marker_tools/lib:/home/czz/ros_pack/install/negotiated_examples/lib:/home/czz/ros_pack/install/negotiated/lib:/home/czz/ros_pack/install/negotiated_interfaces/lib:/home/czz/ros_pack/install/moveit_task_constructor_msgs/lib:/usr/lib/x86_64-linux-gnu/gazebo-11/plugins:/opt/ros/humble/opt/rviz_ogre_vendor/lib:/opt/ros/humble/lib/x86_64-linux-gnu:/opt/ros/humble/lib::/opt/tritonserver/lib
#$ PATH=/usr/local/cuda/bin/../nvvm/bin:/usr/local/cuda/bin:/usr/local/cuda/bin:/home/czz/workspaces/isaac_ros-dev/install/nvblox_ros/bin:/home/czz/workspaces/isaac_ros-dev/install/isaac_ros_common/bin:/opt/ros/humble/bin:/home/czz/.local/bin:/usr/local/sbin:/usr/local/bin:/usr/sbin:/usr/bin:/sbin:/bin:/usr/games:/usr/local/games:/snap/bin:/snap/bin:/opt/nvidia/tao
#$ INCLUDES="-I/usr/local/cuda/bin/../targets/x86_64-linux/include"  
#$ LIBRARIES=  "-L/usr/local/cuda/bin/../targets/x86_64-linux/lib/stubs" "-L/usr/local/cuda/bin/../targets/x86_64-linux/lib"
#$ CUDAFE_FLAGS=
#$ PTXAS_FLAGS=
#$ rm tmp/a_dlink.reg.c
#$ gcc -D__CUDA_ARCH_LIST__=520 -D__NV_LEGACY_LAUNCH -E -x c++ -D__CUDACC__ -D__NVCC__  "-I/usr/local/cuda/bin/../targets/x86_64-linux/include"    -D__CUDACC_VER_MAJOR__=12 -D__CUDACC_VER_MINOR__=6 -D__CUDACC_VER_BUILD__=20 -D__CUDA_API_VER_MAJOR__=12 -D__CUDA_API_VER_MINOR__=6 -D__NVCC_DIAG_PRAGMA_SUPPORT__=1 -include "cuda_runtime.h" -m64 "CMakeCUDACompilerId.cu" -o "tmp/CMakeCUDACompilerId.cpp4.ii" 
#$ cudafe++ --c++17 --gnu_version=110400 --display_error_number --orig_src_file_name "CMakeCUDACompilerId.cu" --orig_src_path_name "/home/czz/nvblox_ws/build/nvblox/CMakeFiles/3.22.1/CompilerIdCUDA/CMakeCUDACompilerId.cu" --allow_managed  --m64 --parse_templates --gen_c_file_name "tmp/CMakeCUDACompilerId.cudafe1.cpp" --stub_file_name "CMakeCUDACompilerId.cudafe1.stub.c" --gen_module_id_file --module_id_file_name "tmp/CMakeCUDACompilerId.module_id" "tmp/CMakeCUDACompilerId.cpp4.ii" 
#$ gcc -D__CUDA_ARCH__=520 -D__CUDA_ARCH_LIST__=520 -D__NV_LEGACY_LAUNCH -E -x c++  -DCUDA_DOUBLE_MATH_FUNCTIONS -D__CUDACC__ -D__NVCC__  "-I/usr/local/cuda/bin/../targets/x86_64-linux/include"    -D__CUDACC_VER_MAJOR__=12 -D__CUDACC_VER_MINOR__=6 -D__CUDACC_VER_BUILD__=20 -D__CUDA_API_VER_MAJOR__=12 -D__CUDA_API_VER_MINOR__=6 -D__NVCC_DIAG_PRAGMA_SUPPORT__=1 -include "cuda_runtime.h" -m64 "CMakeCUDACompilerId.cu" -o "tmp/CMakeCUDACompilerId.cpp1.ii" 
#$ "$CICC_PATH/cicc" --c++17 --gnu_version=110400 --display_error_number --orig_src_file_name "CMakeCUDACompilerId.cu" --orig_src_path_name "/home/czz/nvblox_ws/build/nvblox/CMakeFiles/3.22.1/CompilerIdCUDA/CMakeCUDACompilerId.cu" --allow_managed   -arch compute_52 -m64 --no-version-ident -ftz=0 -prec_div=1 -prec_sqrt=1 -fmad=1 --include_file_name "CMakeCUDACompilerId.fatbin.c" -tused --module_id_file_name "tmp/CMakeCUDACompilerId.module_id" --gen_c_file_name "tmp/CMakeCUDACompilerId.cudafe1.c" --stub_file_name "tmp/CMakeCUDACompilerId.cudafe1.stub.c" --gen_device_file_name "tmp/CMakeCUDACompilerId.cudafe1.gpu"  "tmp/CMakeCUDACompilerId.cpp1.ii" -o "tmp/CMakeCUDACompilerId.ptx"
#$ ptxas -arch=sm_52 -m64  "tmp/CMakeCUDACompilerId.ptx"  -o "tmp/CMakeCUDACompilerId.sm_52.cubin" 
#$ fatbinary --create="tmp/CMakeCUDACompilerId.fatbin" -64 --cicc-cmdline="-ftz=0 -prec_div=1 -prec_sqrt=1 -fmad=1 " "--image3=kind=elf,sm=52,file=tmp/CMakeCUDACompilerId.sm_52.cubin" "--image3=kind=ptx,sm=52,file=tmp/CMakeCUDACompilerId.ptx" --embedded-fatbin="tmp/CMakeCUDACompilerId.fatbin.c" 
#$ gcc -D__CUDA_ARCH__=520 -D__CUDA_ARCH_LIST__=520 -D__NV_LEGACY_LAUNCH -c -x c++  -DCUDA_DOUBLE_MATH_FUNCTIONS -Wno-psabi "-I/usr/local/cuda/bin/../targets/x86_64-linux/include"   -m64 "tmp/CMakeCUDACompilerId.cudafe1.cpp" -o "tmp/CMakeCUDACompilerId.o" 
#$ nvlink -m64 --arch=sm_52 --register-link-binaries="tmp/a_dlink.reg.c"    "-L/usr/local/cuda/bin/../targets/x86_64-linux/lib/stubs" "-L/usr/local/cuda/bin/../targets/x86_64-linux/lib" -cpu-arch=X86_64 "tmp/CMakeCUDACompilerId.o"  -lcudadevrt  -o "tmp/a_dlink.sm_52.cubin" --host-ccbin "gcc"
#$ fatbinary --create="tmp/a_dlink.fatbin" -64 --cicc-cmdline="-ftz=0 -prec_div=1 -prec_sqrt=1 -fmad=1 " -link "--image3=kind=elf,sm=52,file=tmp/a_dlink.sm_52.cubin" --embedded-fatbin="tmp/a_dlink.fatbin.c" 
#$ gcc -D__CUDA_ARCH_LIST__=520 -D__NV_LEGACY_LAUNCH -c -x c++ -DFATBINFILE="\"tmp/a_dlink.fatbin.c\"" -DREGISTERLINKBINARYFILE="\"tmp/a_dlink.reg.c\"" -I. -D__NV_EXTRA_INITIALIZATION= -D__NV_EXTRA_FINALIZATION= -D__CUDA_INCLUDE_COMPILER_INTERNAL_HEADERS__  -Wno-psabi "-I/usr/local/cuda/bin/../targets/x86_64-linux/include"    -D__CUDACC_VER_MAJOR__=12 -D__CUDACC_VER_MINOR__=6 -D__CUDACC_VER_BUILD__=20 -D__CUDA_API_VER_MAJOR__=12 -D__CUDA_API_VER_MINOR__=6 -D__NVCC_DIAG_PRAGMA_SUPPORT__=1 -m64 "/usr/local/cuda/bin/crt/link.stub" -o "tmp/a_dlink.o" 
#$ g++ -D__CUDA_ARCH_LIST__=520 -D__NV_LEGACY_LAUNCH -m64 -Wl,--start-group "tmp/a_dlink.o" "tmp/CMakeCUDACompilerId.o"   "-L/usr/local/cuda/bin/../targets/x86_64-linux/lib/stubs" "-L/usr/local/cuda/bin/../targets/x86_64-linux/lib"  -lcudadevrt  -lcudart_static  -lrt -lpthread  -ldl  -Wl,--end-group -o "a.out" 


Compilation of the CUDA compiler identification source "CMakeCUDACompilerId.cu" produced "a.out"

The CUDA compiler identification is NVIDIA, found in "/home/czz/nvblox_ws/build/nvblox/CMakeFiles/3.22.1/CompilerIdCUDA/a.out"

Parsed CUDA nvcc implicit link information from above output:
  found 'PATH=' string: [/usr/local/cuda/bin/../nvvm/bin:/usr/local/cuda/bin:/usr/local/cuda/bin:/home/czz/workspaces/isaac_ros-dev/install/nvblox_ros/bin:/home/czz/workspaces/isaac_ros-dev/install/isaac_ros_common/bin:/opt/ros/humble/bin:/home/czz/.local/bin:/usr/local/sbin:/usr/local/bin:/usr/sbin:/usr/bin:/sbin:/bin:/usr/games:/usr/local/games:/snap/bin:/snap/bin:/opt/nvidia/tao]
  found 'LIBRARIES=' string: ["-L/usr/local/cuda/bin/../targets/x86_64-linux/lib/stubs" "-L/usr/local/cuda/bin/../targets/x86_64-linux/lib"]
  considering line: [#$ rm tmp/a_dlink.reg.c]
  considering line: [gcc -D__CUDA_ARCH_LIST__=520 -D__NV_LEGACY_LAUNCH -E -x c++ -D__CUDACC__ -D__NVCC__  "-I/usr/local/cuda/bin/../targets/x86_64-linux/include"    -D__CUDACC_VER_MAJOR__=12 -D__CUDACC_VER_MINOR__=6 -D__CUDACC_VER_BUILD__=20 -D__CUDA_API_VER_MAJOR__=12 -D__CUDA_API_VER_MINOR__=6 -D__NVCC_DIAG_PRAGMA_SUPPORT__=1 -include "cuda_runtime.h" -m64 "CMakeCUDACompilerId.cu" -o "tmp/CMakeCUDACompilerId.cpp4.ii" ]
  considering line: [cudafe++ --c++17 --gnu_version=110400 --display_error_number --orig_src_file_name "CMakeCUDACompilerId.cu" --orig_src_path_name "/home/czz/nvblox_ws/build/nvblox/CMakeFiles/3.22.1/CompilerIdCUDA/CMakeCUDACompilerId.cu" --allow_managed  --m64 --parse_templates --gen_c_file_name "tmp/CMakeCUDACompilerId.cudafe1.cpp" --stub_file_name "CMakeCUDACompilerId.cudafe1.stub.c" --gen_module_id_file --module_id_file_name "tmp/CMakeCUDACompilerId.module_id" "tmp/CMakeCUDACompilerId.cpp4.ii" ]
  considering line: [gcc -D__CUDA_ARCH__=520 -D__CUDA_ARCH_LIST__=520 -D__NV_LEGACY_LAUNCH -E -x c++  -DCUDA_DOUBLE_MATH_FUNCTIONS -D__CUDACC__ -D__NVCC__  "-I/usr/local/cuda/bin/../targets/x86_64-linux/include"    -D__CUDACC_VER_MAJOR__=12 -D__CUDACC_VER_MINOR__=6 -D__CUDACC_VER_BUILD__=20 -D__CUDA_API_VER_MAJOR__=12 -D__CUDA_API_VER_MINOR__=6 -D__NVCC_DIAG_PRAGMA_SUPPORT__=1 -include "cuda_runtime.h" -m64 "CMakeCUDACompilerId.cu" -o "tmp/CMakeCUDACompilerId.cpp1.ii" ]
  considering line: ["$CICC_PATH/cicc" --c++17 --gnu_version=110400 --display_error_number --orig_src_file_name "CMakeCUDACompilerId.cu" --orig_src_path_name "/home/czz/nvblox_ws/build/nvblox/CMakeFiles/3.22.1/CompilerIdCUDA/CMakeCUDACompilerId.cu" --allow_managed   -arch compute_52 -m64 --no-version-ident -ftz=0 -prec_div=1 -prec_sqrt=1 -fmad=1 --include_file_name "CMakeCUDACompilerId.fatbin.c" -tused --module_id_file_name "tmp/CMakeCUDACompilerId.module_id" --gen_c_file_name "tmp/CMakeCUDACompilerId.cudafe1.c" --stub_file_name "tmp/CMakeCUDACompilerId.cudafe1.stub.c" --gen_device_file_name "tmp/CMakeCUDACompilerId.cudafe1.gpu"  "tmp/CMakeCUDACompilerId.cpp1.ii" -o "tmp/CMakeCUDACompilerId.ptx"]
  considering line: [ptxas -arch=sm_52 -m64  "tmp/CMakeCUDACompilerId.ptx"  -o "tmp/CMakeCUDACompilerId.sm_52.cubin" ]
  considering line: [fatbinary --create="tmp/CMakeCUDACompilerId.fatbin" -64 --cicc-cmdline="-ftz=0 -prec_div=1 -prec_sqrt=1 -fmad=1 " "--image3=kind=elf,sm=52,file=tmp/CMakeCUDACompilerId.sm_52.cubin" "--image3=kind=ptx,sm=52,file=tmp/CMakeCUDACompilerId.ptx" --embedded-fatbin="tmp/CMakeCUDACompilerId.fatbin.c" ]
  considering line: [gcc -D__CUDA_ARCH__=520 -D__CUDA_ARCH_LIST__=520 -D__NV_LEGACY_LAUNCH -c -x c++  -DCUDA_DOUBLE_MATH_FUNCTIONS -Wno-psabi "-I/usr/local/cuda/bin/../targets/x86_64-linux/include"   -m64 "tmp/CMakeCUDACompilerId.cudafe1.cpp" -o "tmp/CMakeCUDACompilerId.o" ]
  considering line: [nvlink -m64 --arch=sm_52 --register-link-binaries="tmp/a_dlink.reg.c"    "-L/usr/local/cuda/bin/../targets/x86_64-linux/lib/stubs" "-L/usr/local/cuda/bin/../targets/x86_64-linux/lib" -cpu-arch=X86_64 "tmp/CMakeCUDACompilerId.o"  -lcudadevrt  -o "tmp/a_dlink.sm_52.cubin" --host-ccbin "gcc"]
    ignoring nvlink line
  considering line: [fatbinary --create="tmp/a_dlink.fatbin" -64 --cicc-cmdline="-ftz=0 -prec_div=1 -prec_sqrt=1 -fmad=1 " -link "--image3=kind=elf,sm=52,file=tmp/a_dlink.sm_52.cubin" --embedded-fatbin="tmp/a_dlink.fatbin.c" ]
  considering line: [gcc -D__CUDA_ARCH_LIST__=520 -D__NV_LEGACY_LAUNCH -c -x c++ -DFATBINFILE="\"tmp/a_dlink.fatbin.c\"" -DREGISTERLINKBINARYFILE="\"tmp/a_dlink.reg.c\"" -I. -D__NV_EXTRA_INITIALIZATION= -D__NV_EXTRA_FINALIZATION= -D__CUDA_INCLUDE_COMPILER_INTERNAL_HEADERS__  -Wno-psabi "-I/usr/local/cuda/bin/../targets/x86_64-linux/include"    -D__CUDACC_VER_MAJOR__=12 -D__CUDACC_VER_MINOR__=6 -D__CUDACC_VER_BUILD__=20 -D__CUDA_API_VER_MAJOR__=12 -D__CUDA_API_VER_MINOR__=6 -D__NVCC_DIAG_PRAGMA_SUPPORT__=1 -m64 "/usr/local/cuda/bin/crt/link.stub" -o "tmp/a_dlink.o" ]
  considering line: [g++ -D__CUDA_ARCH_LIST__=520 -D__NV_LEGACY_LAUNCH -m64 -Wl,--start-group "tmp/a_dlink.o" "tmp/CMakeCUDACompilerId.o"   "-L/usr/local/cuda/bin/../targets/x86_64-linux/lib/stubs" "-L/usr/local/cuda/bin/../targets/x86_64-linux/lib"  -lcudadevrt  -lcudart_static  -lrt -lpthread  -ldl  -Wl,--end-group -o "a.out" ]
    extracted link line: [g++ -D__CUDA_ARCH_LIST__=520 -D__NV_LEGACY_LAUNCH -m64 -Wl,--start-group "tmp/a_dlink.o" "tmp/CMakeCUDACompilerId.o"   "-L/usr/local/cuda/bin/../targets/x86_64-linux/lib/stubs" "-L/usr/local/cuda/bin/../targets/x86_64-linux/lib"  -lcudadevrt  -lcudart_static  -lrt -lpthread  -ldl  -Wl,--end-group -o "a.out" ]
  considering line: []
  extracted link launcher name: [g++]
  found link launcher absolute path: [/usr/bin/g++]

  link line regex: [^( *|.*[/\])(ld|CMAKE_LINK_STARTFILE-NOTFOUND|([^/\]+-)?ld|collect2)[^/\]*( |$)]
  link line: [cuda-fake-ld g++ -D__CUDA_ARCH_LIST__=520 -D__NV_LEGACY_LAUNCH -m64 -Wl,--start-group "tmp/a_dlink.o" "tmp/CMakeCUDACompilerId.o"   "-L/usr/local/cuda/bin/../targets/x86_64-linux/lib/stubs" "-L/usr/local/cuda/bin/../targets/x86_64-linux/lib"  -lcudadevrt  -lcudart_static  -lrt -lpthread  -ldl  -Wl,--end-group -o "a.out" ]
    arg [cuda-fake-ld] ==> ignore
    arg [g++] ==> ignore
    arg [-D__CUDA_ARCH_LIST__=520] ==> ignore
    arg [-D__NV_LEGACY_LAUNCH] ==> ignore
    arg [-m64] ==> ignore
    arg [-Wl,--start-group] ==> ignore
    arg [tmp/a_dlink.o] ==> ignore
    arg [tmp/CMakeCUDACompilerId.o] ==> ignore
    arg [-L/usr/local/cuda/bin/../targets/x86_64-linux/lib/stubs] ==> dir [/usr/local/cuda/bin/../targets/x86_64-linux/lib/stubs]
    arg [-L/usr/local/cuda/bin/../targets/x86_64-linux/lib] ==> dir [/usr/local/cuda/bin/../targets/x86_64-linux/lib]
    arg [-lcudadevrt] ==> lib [cudadevrt]
    arg [-lcudart_static] ==> lib [cudart_static]
    arg [-lrt] ==> lib [rt]
    arg [-lpthread] ==> lib [pthread]
    arg [-ldl] ==> lib [dl]
    arg [-Wl,--end-group] ==> ignore
    arg [-o] ==> ignore
    arg [a.out] ==> ignore
  collapse library dir [/usr/local/cuda/bin/../targets/x86_64-linux/lib/stubs] ==> [/usr/local/cuda/targets/x86_64-linux/lib/stubs]
  collapse library dir [/usr/local/cuda/bin/../targets/x86_64-linux/lib] ==> [/usr/local/cuda/targets/x86_64-linux/lib]
  implicit libs: [cudadevrt;cudart_static;rt;pthread;dl]
  implicit objs: []
  implicit dirs: [/usr/local/cuda/targets/x86_64-linux/lib/stubs;/usr/local/cuda/targets/x86_64-linux/lib]
  implicit fwks: []


Parsed CUDA nvcc include information from above output:
  found 'PATH=' string: [/usr/local/cuda/bin/../nvvm/bin:/usr/local/cuda/bin:/usr/local/cuda/bin:/home/czz/workspaces/isaac_ros-dev/install/nvblox_ros/bin:/home/czz/workspaces/isaac_ros-dev/install/isaac_ros_common/bin:/opt/ros/humble/bin:/home/czz/.local/bin:/usr/local/sbin:/usr/local/bin:/usr/sbin:/usr/bin:/sbin:/bin:/usr/games:/usr/local/games:/snap/bin:/snap/bin:/opt/nvidia/tao]
  found 'LIBRARIES=' string: ["-L/usr/local/cuda/bin/../targets/x86_64-linux/lib/stubs" "-L/usr/local/cuda/bin/../targets/x86_64-linux/lib"]
  considering line: [#$ rm tmp/a_dlink.reg.c]
  considering line: [gcc -D__CUDA_ARCH_LIST__=520 -D__NV_LEGACY_LAUNCH -E -x c++ -D__CUDACC__ -D__NVCC__  "-I/usr/local/cuda/bin/../targets/x86_64-linux/include"    -D__CUDACC_VER_MAJOR__=12 -D__CUDACC_VER_MINOR__=6 -D__CUDACC_VER_BUILD__=20 -D__CUDA_API_VER_MAJOR__=12 -D__CUDA_API_VER_MINOR__=6 -D__NVCC_DIAG_PRAGMA_SUPPORT__=1 -include "cuda_runtime.h" -m64 "CMakeCUDACompilerId.cu" -o "tmp/CMakeCUDACompilerId.cpp4.ii" ]
  considering line: [cudafe++ --c++17 --gnu_version=110400 --display_error_number --orig_src_file_name "CMakeCUDACompilerId.cu" --orig_src_path_name "/home/czz/nvblox_ws/build/nvblox/CMakeFiles/3.22.1/CompilerIdCUDA/CMakeCUDACompilerId.cu" --allow_managed  --m64 --parse_templates --gen_c_file_name "tmp/CMakeCUDACompilerId.cudafe1.cpp" --stub_file_name "CMakeCUDACompilerId.cudafe1.stub.c" --gen_module_id_file --module_id_file_name "tmp/CMakeCUDACompilerId.module_id" "tmp/CMakeCUDACompilerId.cpp4.ii" ]
  considering line: [gcc -D__CUDA_ARCH__=520 -D__CUDA_ARCH_LIST__=520 -D__NV_LEGACY_LAUNCH -E -x c++  -DCUDA_DOUBLE_MATH_FUNCTIONS -D__CUDACC__ -D__NVCC__  "-I/usr/local/cuda/bin/../targets/x86_64-linux/include"    -D__CUDACC_VER_MAJOR__=12 -D__CUDACC_VER_MINOR__=6 -D__CUDACC_VER_BUILD__=20 -D__CUDA_API_VER_MAJOR__=12 -D__CUDA_API_VER_MINOR__=6 -D__NVCC_DIAG_PRAGMA_SUPPORT__=1 -include "cuda_runtime.h" -m64 "CMakeCUDACompilerId.cu" -o "tmp/CMakeCUDACompilerId.cpp1.ii" ]
  considering line: ["$CICC_PATH/cicc" --c++17 --gnu_version=110400 --display_error_number --orig_src_file_name "CMakeCUDACompilerId.cu" --orig_src_path_name "/home/czz/nvblox_ws/build/nvblox/CMakeFiles/3.22.1/CompilerIdCUDA/CMakeCUDACompilerId.cu" --allow_managed   -arch compute_52 -m64 --no-version-ident -ftz=0 -prec_div=1 -prec_sqrt=1 -fmad=1 --include_file_name "CMakeCUDACompilerId.fatbin.c" -tused --module_id_file_name "tmp/CMakeCUDACompilerId.module_id" --gen_c_file_name "tmp/CMakeCUDACompilerId.cudafe1.c" --stub_file_name "tmp/CMakeCUDACompilerId.cudafe1.stub.c" --gen_device_file_name "tmp/CMakeCUDACompilerId.cudafe1.gpu"  "tmp/CMakeCUDACompilerId.cpp1.ii" -o "tmp/CMakeCUDACompilerId.ptx"]
  considering line: [ptxas -arch=sm_52 -m64  "tmp/CMakeCUDACompilerId.ptx"  -o "tmp/CMakeCUDACompilerId.sm_52.cubin" ]
  considering line: [fatbinary --create="tmp/CMakeCUDACompilerId.fatbin" -64 --cicc-cmdline="-ftz=0 -prec_div=1 -prec_sqrt=1 -fmad=1 " "--image3=kind=elf,sm=52,file=tmp/CMakeCUDACompilerId.sm_52.cubin" "--image3=kind=ptx,sm=52,file=tmp/CMakeCUDACompilerId.ptx" --embedded-fatbin="tmp/CMakeCUDACompilerId.fatbin.c" ]
  considering line: [gcc -D__CUDA_ARCH__=520 -D__CUDA_ARCH_LIST__=520 -D__NV_LEGACY_LAUNCH -c -x c++  -DCUDA_DOUBLE_MATH_FUNCTIONS -Wno-psabi "-I/usr/local/cuda/bin/../targets/x86_64-linux/include"   -m64 "tmp/CMakeCUDACompilerId.cudafe1.cpp" -o "tmp/CMakeCUDACompilerId.o" ]
  considering line: [nvlink -m64 --arch=sm_52 --register-link-binaries="tmp/a_dlink.reg.c"    "-L/usr/local/cuda/bin/../targets/x86_64-linux/lib/stubs" "-L/usr/local/cuda/bin/../targets/x86_64-linux/lib" -cpu-arch=X86_64 "tmp/CMakeCUDACompilerId.o"  -lcudadevrt  -o "tmp/a_dlink.sm_52.cubin" --host-ccbin "gcc"]
    ignoring nvlink line
  considering line: [fatbinary --create="tmp/a_dlink.fatbin" -64 --cicc-cmdline="-ftz=0 -prec_div=1 -prec_sqrt=1 -fmad=1 " -link "--image3=kind=elf,sm=52,file=tmp/a_dlink.sm_52.cubin" --embedded-fatbin="tmp/a_dlink.fatbin.c" ]
  considering line: [gcc -D__CUDA_ARCH_LIST__=520 -D__NV_LEGACY_LAUNCH -c -x c++ -DFATBINFILE="\"tmp/a_dlink.fatbin.c\"" -DREGISTERLINKBINARYFILE="\"tmp/a_dlink.reg.c\"" -I. -D__NV_EXTRA_INITIALIZATION= -D__NV_EXTRA_FINALIZATION= -D__CUDA_INCLUDE_COMPILER_INTERNAL_HEADERS__  -Wno-psabi "-I/usr/local/cuda/bin/../targets/x86_64-linux/include"    -D__CUDACC_VER_MAJOR__=12 -D__CUDACC_VER_MINOR__=6 -D__CUDACC_VER_BUILD__=20 -D__CUDA_API_VER_MAJOR__=12 -D__CUDA_API_VER_MINOR__=6 -D__NVCC_DIAG_PRAGMA_SUPPORT__=1 -m64 "/usr/local/cuda/bin/crt/link.stub" -o "tmp/a_dlink.o" ]
  considering line: [g++ -D__CUDA_ARCH_LIST__=520 -D__NV_LEGACY_LAUNCH -m64 -Wl,--start-group "tmp/a_dlink.o" "tmp/CMakeCUDACompilerId.o"   "-L/usr/local/cuda/bin/../targets/x86_64-linux/lib/stubs" "-L/usr/local/cuda/bin/../targets/x86_64-linux/lib"  -lcudadevrt  -lcudart_static  -lrt -lpthread  -ldl  -Wl,--end-group -o "a.out" ]
    extracted link line: [g++ -D__CUDA_ARCH_LIST__=520 -D__NV_LEGACY_LAUNCH -m64 -Wl,--start-group "tmp/a_dlink.o" "tmp/CMakeCUDACompilerId.o"   "-L/usr/local/cuda/bin/../targets/x86_64-linux/lib/stubs" "-L/usr/local/cuda/bin/../targets/x86_64-linux/lib"  -lcudadevrt  -lcudart_static  -lrt -lpthread  -ldl  -Wl,--end-group -o "a.out" ]
  considering line: []
  extracted link launcher name: [g++]
  found link launcher absolute path: [/usr/bin/g++]
  found 'INCLUDES=' string: ["-I/usr/local/cuda/bin/../targets/x86_64-linux/include"  ]

  link line regex: [^( *|.*[/\])(ld|CMAKE_LINK_STARTFILE-NOTFOUND|([^/\]+-)?ld|collect2)[^/\]*( |$)]
  link line: [cuda-fake-ld g++ -D__CUDA_ARCH_LIST__=520 -D__NV_LEGACY_LAUNCH -m64 -Wl,--start-group "tmp/a_dlink.o" "tmp/CMakeCUDACompilerId.o"   "-L/usr/local/cuda/bin/../targets/x86_64-linux/lib/stubs" "-L/usr/local/cuda/bin/../targets/x86_64-linux/lib"  -lcudadevrt  -lcudart_static  -lrt -lpthread  -ldl  -Wl,--end-group -o "a.out" ]
    arg [cuda-fake-ld] ==> ignore
    arg [g++] ==> ignore
    arg [-D__CUDA_ARCH_LIST__=520] ==> ignore
    arg [-D__NV_LEGACY_LAUNCH] ==> ignore
    arg [-m64] ==> ignore
    arg [-Wl,--start-group] ==> ignore
    arg [tmp/a_dlink.o] ==> ignore
    arg [tmp/CMakeCUDACompilerId.o] ==> ignore
    arg [-L/usr/local/cuda/bin/../targets/x86_64-linux/lib/stubs] ==> dir [/usr/local/cuda/bin/../targets/x86_64-linux/lib/stubs]
    arg [-L/usr/local/cuda/bin/../targets/x86_64-linux/lib] ==> dir [/usr/local/cuda/bin/../targets/x86_64-linux/lib]
    arg [-lcudadevrt] ==> lib [cudadevrt]
    arg [-lcudart_static] ==> lib [cudart_static]
    arg [-lrt] ==> lib [rt]
    arg [-lpthread] ==> lib [pthread]
    arg [-ldl] ==> lib [dl]
    arg [-Wl,--end-group] ==> ignore
    arg [-o] ==> ignore
    arg [a.out] ==> ignore
  collapse library dir [/usr/local/cuda/bin/../targets/x86_64-linux/lib/stubs] ==> [/usr/local/cuda/targets/x86_64-linux/lib/stubs]
  collapse library dir [/usr/local/cuda/bin/../targets/x86_64-linux/lib] ==> [/usr/local/cuda/targets/x86_64-linux/lib]
  implicit libs: [cudadevrt;cudart_static;rt;pthread;dl]
  implicit objs: []
  implicit dirs: [/usr/local/cuda/targets/x86_64-linux/lib/stubs;/usr/local/cuda/targets/x86_64-linux/lib]
  implicit fwks: []


Detecting CXX compiler ABI info compiled with the following output:
Change Dir: /home/czz/nvblox_ws/build/nvblox/CMakeFiles/CMakeTmp

Run Build Command(s):/usr/bin/gmake -f Makefile cmTC_000e0/fast && /usr/bin/gmake  -f CMakeFiles/cmTC_000e0.dir/build.make CMakeFiles/cmTC_000e0.dir/build
gmake[1]: Entering directory '/home/czz/nvblox_ws/build/nvblox/CMakeFiles/CMakeTmp'
Building CXX object CMakeFiles/cmTC_000e0.dir/CMakeCXXCompilerABI.cpp.o
/usr/bin/c++   -v -o CMakeFiles/cmTC_000e0.dir/CMakeCXXCompilerABI.cpp.o -c /usr/share/cmake-3.22/Modules/CMakeCXXCompilerABI.cpp
Using built-in specs.
COLLECT_GCC=/usr/bin/c++
OFFLOAD_TARGET_NAMES=nvptx-none:amdgcn-amdhsa
OFFLOAD_TARGET_DEFAULT=1
Target: x86_64-linux-gnu
Configured with: ../src/configure -v --with-pkgversion='Ubuntu 11.4.0-1ubuntu1~22.04.3' --with-bugurl=file:///usr/share/doc/gcc-11/README.Bugs --enable-languages=c,ada,c++,go,brig,d,fortran,objc,obj-c++,m2 --prefix=/usr --with-gcc-major-version-only --program-suffix=-11 --program-prefix=x86_64-linux-gnu- --enable-shared --enable-linker-build-id --libexecdir=/usr/lib --without-included-gettext --enable-threads=posix --libdir=/usr/lib --enable-nls --enable-bootstrap --enable-clocale=gnu --enable-libstdcxx-debug --enable-libstdcxx-time=yes --with-default-libstdcxx-abi=new --enable-gnu-unique-object --disable-vtable-verify --enable-plugin --enable-default-pie --with-system-zlib --enable-libphobos-checking=release --with-target-system-zlib=auto --enable-objc-gc=auto --enable-multiarch --disable-werror --enable-cet --with-arch-32=i686 --with-abi=m64 --with-multilib-list=m32,m64,mx32 --enable-multilib --with-tune=generic --enable-offload-targets=nvptx-none=/build/gcc-11-0odw26/gcc-11-11.4.0/debian/tmp-nvptx/usr,amdgcn-amdhsa=/build/gcc-11-0odw26/gcc-11-11.4.0/debian/tmp-gcn/usr --without-cuda-driver --enable-checking=release --build=x86_64-linux-gnu --host=x86_64-linux-gnu --target=x86_64-linux-gnu --with-build-config=bootstrap-lto-lean --enable-link-serialization=2
Thread model: posix
Supported LTO compression algorithms: zlib zstd
gcc version 11.4.0 (Ubuntu 11.4.0-1ubuntu1~22.04.3) 
COLLECT_GCC_OPTIONS='-v' '-o' 'CMakeFiles/cmTC_000e0.dir/CMakeCXXCompilerABI.cpp.o' '-c' '-shared-libgcc' '-mtune=generic' '-march=x86-64' '-dumpdir' 'CMakeFiles/cmTC_000e0.dir/'
 /usr/lib/gcc/x86_64-linux-gnu/11/cc1plus -quiet -v -imultiarch x86_64-linux-gnu -D_GNU_SOURCE /usr/share/cmake-3.22/Modules/CMakeCXXCompilerABI.cpp -quiet -dumpdir CMakeFiles/cmTC_000e0.dir/ -dumpbase CMakeCXXCompilerABI.cpp.cpp -dumpbase-ext .cpp -mtune=generic -march=x86-64 -version -fasynchronous-unwind-tables -fstack-protector-strong -Wformat -Wformat-security -fstack-clash-protection -fcf-protection -o /tmp/ccP4cAcB.s
GNU C++17 (Ubuntu 11.4.0-1ubuntu1~22.04.3) version 11.4.0 (x86_64-linux-gnu)
	compiled by GNU C version 11.4.0, GMP version 6.2.1, MPFR version 4.1.0, MPC version 1.2.1, isl version isl-0.24-GMP

GGC heuristics: --param ggc-min-expand=100 --param ggc-min-heapsize=131072
ignoring duplicate directory "/usr/include/x86_64-linux-gnu/c++/11"
ignoring nonexistent directory "/usr/local/include/x86_64-linux-gnu"
ignoring nonexistent directory "/usr/lib/gcc/x86_64-linux-gnu/11/include-fixed"
ignoring nonexistent directory "/usr/lib/gcc/x86_64-linux-gnu/11/../../../../x86_64-linux-gnu/include"
#include "..." search starts here:
#include <...> search starts here:
 /usr/include/c++/11
 /usr/include/x86_64-linux-gnu/c++/11
 /usr/include/c++/11/backward
 /usr/lib/gcc/x86_64-linux-gnu/11/include
 /usr/local/include
 /usr/include/x86_64-linux-gnu
 /usr/include
End of search list.
GNU C++17 (Ubuntu 11.4.0-1ubuntu1~22.04.3) version 11.4.0 (x86_64-linux-gnu)
	compiled by GNU C version 11.4.0, GMP version 6.2.1, MPFR version 4.1.0, MPC version 1.2.1, isl version isl-0.24-GMP

GGC heuristics: --param ggc-min-expand=100 --param ggc-min-heapsize=131072
Compiler executable checksum: ac7fa628ee459f217e6fdb88b3db0bde
COLLECT_GCC_OPTIONS='-v' '-o' 'CMakeFiles/cmTC_000e0.dir/CMakeCXXCompilerABI.cpp.o' '-c' '-shared-libgcc' '-mtune=generic' '-march=x86-64' '-dumpdir' 'CMakeFiles/cmTC_000e0.dir/'
 as -v --64 -o CMakeFiles/cmTC_000e0.dir/CMakeCXXCompilerABI.cpp.o /tmp/ccP4cAcB.s
GNU assembler version 2.38 (x86_64-linux-gnu) using BFD version (GNU Binutils for Ubuntu) 2.38
COMPILER_PATH=/usr/lib/gcc/x86_64-linux-gnu/11/:/usr/lib/gcc/x86_64-linux-gnu/11/:/usr/lib/gcc/x86_64-linux-gnu/:/usr/lib/gcc/x86_64-linux-gnu/11/:/usr/lib/gcc/x86_64-linux-gnu/
LIBRARY_PATH=/usr/lib/gcc/x86_64-linux-gnu/11/:/usr/lib/gcc/x86_64-linux-gnu/11/../../../x86_64-linux-gnu/:/usr/lib/gcc/x86_64-linux-gnu/11/../../../../lib/:/lib/x86_64-linux-gnu/:/lib/../lib/:/usr/lib/x86_64-linux-gnu/:/usr/lib/../lib/:/usr/lib/gcc/x86_64-linux-gnu/11/../../../:/lib/:/usr/lib/
COLLECT_GCC_OPTIONS='-v' '-o' 'CMakeFiles/cmTC_000e0.dir/CMakeCXXCompilerABI.cpp.o' '-c' '-shared-libgcc' '-mtune=generic' '-march=x86-64' '-dumpdir' 'CMakeFiles/cmTC_000e0.dir/CMakeCXXCompilerABI.cpp.'
Linking CXX executable cmTC_000e0
/usr/bin/cmake -E cmake_link_script CMakeFiles/cmTC_000e0.dir/link.txt --verbose=1
/usr/bin/c++  -v CMakeFiles/cmTC_000e0.dir/CMakeCXXCompilerABI.cpp.o -o cmTC_000e0 
Using built-in specs.
COLLECT_GCC=/usr/bin/c++
COLLECT_LTO_WRAPPER=/usr/lib/gcc/x86_64-linux-gnu/11/lto-wrapper
OFFLOAD_TARGET_NAMES=nvptx-none:amdgcn-amdhsa
OFFLOAD_TARGET_DEFAULT=1
Target: x86_64-linux-gnu
Configured with: ../src/configure -v --with-pkgversion='Ubuntu 11.4.0-1ubuntu1~22.04.3' --with-bugurl=file:///usr/share/doc/gcc-11/README.Bugs --enable-languages=c,ada,c++,go,brig,d,fortran,objc,obj-c++,m2 --prefix=/usr --with-gcc-major-version-only --program-suffix=-11 --program-prefix=x86_64-linux-gnu- --enable-shared --enable-linker-build-id --libexecdir=/usr/lib --without-included-gettext --enable-threads=posix --libdir=/usr/lib --enable-nls --enable-bootstrap --enable-clocale=gnu --enable-libstdcxx-debug --enable-libstdcxx-time=yes --with-default-libstdcxx-abi=new --enable-gnu-unique-object --disable-vtable-verify --enable-plugin --enable-default-pie --with-system-zlib --enable-libphobos-checking=release --with-target-system-zlib=auto --enable-objc-gc=auto --enable-multiarch --disable-werror --enable-cet --with-arch-32=i686 --with-abi=m64 --with-multilib-list=m32,m64,mx32 --enable-multilib --with-tune=generic --enable-offload-targets=nvptx-none=/build/gcc-11-0odw26/gcc-11-11.4.0/debian/tmp-nvptx/usr,amdgcn-amdhsa=/build/gcc-11-0odw26/gcc-11-11.4.0/debian/tmp-gcn/usr --without-cuda-driver --enable-checking=release --build=x86_64-linux-gnu --host=x86_64-linux-gnu --target=x86_64-linux-gnu --with-build-config=bootstrap-lto-lean --enable-link-serialization=2
Thread model: posix
Supported LTO compression algorithms: zlib zstd
gcc version 11.4.0 (Ubuntu 11.4.0-1ubuntu1~22.04.3) 
COMPILER_PATH=/usr/lib/gcc/x86_64-linux-gnu/11/:/usr/lib/gcc/x86_64-linux-gnu/11/:/usr/lib/gcc/x86_64-linux-gnu/:/usr/lib/gcc/x86_64-linux-gnu/11/:/usr/lib/gcc/x86_64-linux-gnu/
LIBRARY_PATH=/usr/lib/gcc/x86_64-linux-gnu/11/:/usr/lib/gcc/x86_64-linux-gnu/11/../../../x86_64-linux-gnu/:/usr/lib/gcc/x86_64-linux-gnu/11/../../../../lib/:/lib/x86_64-linux-gnu/:/lib/../lib/:/usr/lib/x86_64-linux-gnu/:/usr/lib/../lib/:/usr/lib/gcc/x86_64-linux-gnu/11/../../../:/lib/:/usr/lib/
COLLECT_GCC_OPTIONS='-v' '-o' 'cmTC_000e0' '-shared-libgcc' '-mtune=generic' '-march=x86-64' '-dumpdir' 'cmTC_000e0.'
 /usr/lib/gcc/x86_64-linux-gnu/11/collect2 -plugin /usr/lib/gcc/x86_64-linux-gnu/11/liblto_plugin.so -plugin-opt=/usr/lib/gcc/x86_64-linux-gnu/11/lto-wrapper -plugin-opt=-fresolution=/tmp/ccyhK1iF.res -plugin-opt=-pass-through=-lgcc_s -plugin-opt=-pass-through=-lgcc -plugin-opt=-pass-through=-lc -plugin-opt=-pass-through=-lgcc_s -plugin-opt=-pass-through=-lgcc --build-id --eh-frame-hdr -m elf_x86_64 --hash-style=gnu --as-needed -dynamic-linker /lib64/ld-linux-x86-64.so.2 -pie -z now -z relro -o cmTC_000e0 /usr/lib/gcc/x86_64-linux-gnu/11/../../../x86_64-linux-gnu/Scrt1.o /usr/lib/gcc/x86_64-linux-gnu/11/../../../x86_64-linux-gnu/crti.o /usr/lib/gcc/x86_64-linux-gnu/11/crtbeginS.o -L/usr/lib/gcc/x86_64-linux-gnu/11 -L/usr/lib/gcc/x86_64-linux-gnu/11/../../../x86_64-linux-gnu -L/usr/lib/gcc/x86_64-linux-gnu/11/../../../../lib -L/lib/x86_64-linux-gnu -L/lib/../lib -L/usr/lib/x86_64-linux-gnu -L/usr/lib/../lib -L/usr/lib/gcc/x86_64-linux-gnu/11/../../.. CMakeFiles/cmTC_000e0.dir/CMakeCXXCompilerABI.cpp.o -lstdc++ -lm -lgcc_s -lgcc -lc -lgcc_s -lgcc /usr/lib/gcc/x86_64-linux-gnu/11/crtendS.o /usr/lib/gcc/x86_64-linux-gnu/11/../../../x86_64-linux-gnu/crtn.o
COLLECT_GCC_OPTIONS='-v' '-o' 'cmTC_000e0' '-shared-libgcc' '-mtune=generic' '-march=x86-64' '-dumpdir' 'cmTC_000e0.'
gmake[1]: Leaving directory '/home/czz/nvblox_ws/build/nvblox/CMakeFiles/CMakeTmp'



Parsed CXX implicit include dir info from above output: rv=done
  found start of include info
  found start of implicit include info
    add: [/usr/include/c++/11]
    add: [/usr/include/x86_64-linux-gnu/c++/11]
    add: [/usr/include/c++/11/backward]
    add: [/usr/lib/gcc/x86_64-linux-gnu/11/include]
    add: [/usr/local/include]
    add: [/usr/include/x86_64-linux-gnu]
    add: [/usr/include]
  end of search list found
  collapse include dir [/usr/include/c++/11] ==> [/usr/include/c++/11]
  collapse include dir [/usr/include/x86_64-linux-gnu/c++/11] ==> [/usr/include/x86_64-linux-gnu/c++/11]
  collapse include dir [/usr/include/c++/11/backward] ==> [/usr/include/c++/11/backward]
  collapse include dir [/usr/lib/gcc/x86_64-linux-gnu/11/include] ==> [/usr/lib/gcc/x86_64-linux-gnu/11/include]
  collapse include dir [/usr/local/include] ==> [/usr/local/include]
  collapse include dir [/usr/include/x86_64-linux-gnu] ==> [/usr/include/x86_64-linux-gnu]
  collapse include dir [/usr/include] ==> [/usr/include]
  implicit include dirs: [/usr/include/c++/11;/usr/include/x86_64-linux-gnu/c++/11;/usr/include/c++/11/backward;/usr/lib/gcc/x86_64-linux-gnu/11/include;/usr/local/include;/usr/include/x86_64-linux-gnu;/usr/include]


Parsed CXX implicit link information from above output:
  link line regex: [^( *|.*[/\])(ld|CMAKE_LINK_STARTFILE-NOTFOUND|([^/\]+-)?ld|collect2)[^/\]*( |$)]
  ignore line: [Change Dir: /home/czz/nvblox_ws/build/nvblox/CMakeFiles/CMakeTmp]
  ignore line: []
  ignore line: [Run Build Command(s):/usr/bin/gmake -f Makefile cmTC_000e0/fast && /usr/bin/gmake  -f CMakeFiles/cmTC_000e0.dir/build.make CMakeFiles/cmTC_000e0.dir/build]
  ignore line: [gmake[1]: Entering directory '/home/czz/nvblox_ws/build/nvblox/CMakeFiles/CMakeTmp']
  ignore line: [Building CXX object CMakeFiles/cmTC_000e0.dir/CMakeCXXCompilerABI.cpp.o]
  ignore line: [/usr/bin/c++   -v -o CMakeFiles/cmTC_000e0.dir/CMakeCXXCompilerABI.cpp.o -c /usr/share/cmake-3.22/Modules/CMakeCXXCompilerABI.cpp]
  ignore line: [Using built-in specs.]
  ignore line: [COLLECT_GCC=/usr/bin/c++]
  ignore line: [OFFLOAD_TARGET_NAMES=nvptx-none:amdgcn-amdhsa]
  ignore line: [OFFLOAD_TARGET_DEFAULT=1]
  ignore line: [Target: x86_64-linux-gnu]
  ignore line: [Configured with: ../src/configure -v --with-pkgversion='Ubuntu 11.4.0-1ubuntu1~22.04.3' --with-bugurl=file:///usr/share/doc/gcc-11/README.Bugs --enable-languages=c ada c++ go brig d fortran objc obj-c++ m2 --prefix=/usr --with-gcc-major-version-only --program-suffix=-11 --program-prefix=x86_64-linux-gnu- --enable-shared --enable-linker-build-id --libexecdir=/usr/lib --without-included-gettext --enable-threads=posix --libdir=/usr/lib --enable-nls --enable-bootstrap --enable-clocale=gnu --enable-libstdcxx-debug --enable-libstdcxx-time=yes --with-default-libstdcxx-abi=new --enable-gnu-unique-object --disable-vtable-verify --enable-plugin --enable-default-pie --with-system-zlib --enable-libphobos-checking=release --with-target-system-zlib=auto --enable-objc-gc=auto --enable-multiarch --disable-werror --enable-cet --with-arch-32=i686 --with-abi=m64 --with-multilib-list=m32 m64 mx32 --enable-multilib --with-tune=generic --enable-offload-targets=nvptx-none=/build/gcc-11-0odw26/gcc-11-11.4.0/debian/tmp-nvptx/usr amdgcn-amdhsa=/build/gcc-11-0odw26/gcc-11-11.4.0/debian/tmp-gcn/usr --without-cuda-driver --enable-checking=release --build=x86_64-linux-gnu --host=x86_64-linux-gnu --target=x86_64-linux-gnu --with-build-config=bootstrap-lto-lean --enable-link-serialization=2]
  ignore line: [Thread model: posix]
  ignore line: [Supported LTO compression algorithms: zlib zstd]
  ignore line: [gcc version 11.4.0 (Ubuntu 11.4.0-1ubuntu1~22.04.3) ]
  ignore line: [COLLECT_GCC_OPTIONS='-v' '-o' 'CMakeFiles/cmTC_000e0.dir/CMakeCXXCompilerABI.cpp.o' '-c' '-shared-libgcc' '-mtune=generic' '-march=x86-64' '-dumpdir' 'CMakeFiles/cmTC_000e0.dir/']
  ignore line: [ /usr/lib/gcc/x86_64-linux-gnu/11/cc1plus -quiet -v -imultiarch x86_64-linux-gnu -D_GNU_SOURCE /usr/share/cmake-3.22/Modules/CMakeCXXCompilerABI.cpp -quiet -dumpdir CMakeFiles/cmTC_000e0.dir/ -dumpbase CMakeCXXCompilerABI.cpp.cpp -dumpbase-ext .cpp -mtune=generic -march=x86-64 -version -fasynchronous-unwind-tables -fstack-protector-strong -Wformat -Wformat-security -fstack-clash-protection -fcf-protection -o /tmp/ccP4cAcB.s]
  ignore line: [GNU C++17 (Ubuntu 11.4.0-1ubuntu1~22.04.3) version 11.4.0 (x86_64-linux-gnu)]
  ignore line: [	compiled by GNU C version 11.4.0  GMP version 6.2.1  MPFR version 4.1.0  MPC version 1.2.1  isl version isl-0.24-GMP]
  ignore line: []
  ignore line: [GGC heuristics: --param ggc-min-expand=100 --param ggc-min-heapsize=131072]
  ignore line: [ignoring duplicate directory "/usr/include/x86_64-linux-gnu/c++/11"]
  ignore line: [ignoring nonexistent directory "/usr/local/include/x86_64-linux-gnu"]
  ignore line: [ignoring nonexistent directory "/usr/lib/gcc/x86_64-linux-gnu/11/include-fixed"]
  ignore line: [ignoring nonexistent directory "/usr/lib/gcc/x86_64-linux-gnu/11/../../../../x86_64-linux-gnu/include"]
  ignore line: [#include "..." search starts here:]
  ignore line: [#include <...> search starts here:]
  ignore line: [ /usr/include/c++/11]
  ignore line: [ /usr/include/x86_64-linux-gnu/c++/11]
  ignore line: [ /usr/include/c++/11/backward]
  ignore line: [ /usr/lib/gcc/x86_64-linux-gnu/11/include]
  ignore line: [ /usr/local/include]
  ignore line: [ /usr/include/x86_64-linux-gnu]
  ignore line: [ /usr/include]
  ignore line: [End of search list.]
  ignore line: [GNU C++17 (Ubuntu 11.4.0-1ubuntu1~22.04.3) version 11.4.0 (x86_64-linux-gnu)]
  ignore line: [	compiled by GNU C version 11.4.0  GMP version 6.2.1  MPFR version 4.1.0  MPC version 1.2.1  isl version isl-0.24-GMP]
  ignore line: []
  ignore line: [GGC heuristics: --param ggc-min-expand=100 --param ggc-min-heapsize=131072]
  ignore line: [Compiler executable checksum: ac7fa628ee459f217e6fdb88b3db0bde]
  ignore line: [COLLECT_GCC_OPTIONS='-v' '-o' 'CMakeFiles/cmTC_000e0.dir/CMakeCXXCompilerABI.cpp.o' '-c' '-shared-libgcc' '-mtune=generic' '-march=x86-64' '-dumpdir' 'CMakeFiles/cmTC_000e0.dir/']
  ignore line: [ as -v --64 -o CMakeFiles/cmTC_000e0.dir/CMakeCXXCompilerABI.cpp.o /tmp/ccP4cAcB.s]
  ignore line: [GNU assembler version 2.38 (x86_64-linux-gnu) using BFD version (GNU Binutils for Ubuntu) 2.38]
  ignore line: [COMPILER_PATH=/usr/lib/gcc/x86_64-linux-gnu/11/:/usr/lib/gcc/x86_64-linux-gnu/11/:/usr/lib/gcc/x86_64-linux-gnu/:/usr/lib/gcc/x86_64-linux-gnu/11/:/usr/lib/gcc/x86_64-linux-gnu/]
  ignore line: [LIBRARY_PATH=/usr/lib/gcc/x86_64-linux-gnu/11/:/usr/lib/gcc/x86_64-linux-gnu/11/../../../x86_64-linux-gnu/:/usr/lib/gcc/x86_64-linux-gnu/11/../../../../lib/:/lib/x86_64-linux-gnu/:/lib/../lib/:/usr/lib/x86_64-linux-gnu/:/usr/lib/../lib/:/usr/lib/gcc/x86_64-linux-gnu/11/../../../:/lib/:/usr/lib/]
  ignore line: [COLLECT_GCC_OPTIONS='-v' '-o' 'CMakeFiles/cmTC_000e0.dir/CMakeCXXCompilerABI.cpp.o' '-c' '-shared-libgcc' '-mtune=generic' '-march=x86-64' '-dumpdir' 'CMakeFiles/cmTC_000e0.dir/CMakeCXXCompilerABI.cpp.']
  ignore line: [Linking CXX executable cmTC_000e0]
  ignore line: [/usr/bin/cmake -E cmake_link_script CMakeFiles/cmTC_000e0.dir/link.txt --verbose=1]
  ignore line: [/usr/bin/c++  -v CMakeFiles/cmTC_000e0.dir/CMakeCXXCompilerABI.cpp.o -o cmTC_000e0 ]
  ignore line: [Using built-in specs.]
  ignore line: [COLLECT_GCC=/usr/bin/c++]
  ignore line: [COLLECT_LTO_WRAPPER=/usr/lib/gcc/x86_64-linux-gnu/11/lto-wrapper]
  ignore line: [OFFLOAD_TARGET_NAMES=nvptx-none:amdgcn-amdhsa]
  ignore line: [OFFLOAD_TARGET_DEFAULT=1]
  ignore line: [Target: x86_64-linux-gnu]
  ignore line: [Configured with: ../src/configure -v --with-pkgversion='Ubuntu 11.4.0-1ubuntu1~22.04.3' --with-bugurl=file:///usr/share/doc/gcc-11/README.Bugs --enable-languages=c ada c++ go brig d fortran objc obj-c++ m2 --prefix=/usr --with-gcc-major-version-only --program-suffix=-11 --program-prefix=x86_64-linux-gnu- --enable-shared --enable-linker-build-id --libexecdir=/usr/lib --without-included-gettext --enable-threads=posix --libdir=/usr/lib --enable-nls --enable-bootstrap --enable-clocale=gnu --enable-libstdcxx-debug --enable-libstdcxx-time=yes --with-default-libstdcxx-abi=new --enable-gnu-unique-object --disable-vtable-verify --enable-plugin --enable-default-pie --with-system-zlib --enable-libphobos-checking=release --with-target-system-zlib=auto --enable-objc-gc=auto --enable-multiarch --disable-werror --enable-cet --with-arch-32=i686 --with-abi=m64 --with-multilib-list=m32 m64 mx32 --enable-multilib --with-tune=generic --enable-offload-targets=nvptx-none=/build/gcc-11-0odw26/gcc-11-11.4.0/debian/tmp-nvptx/usr amdgcn-amdhsa=/build/gcc-11-0odw26/gcc-11-11.4.0/debian/tmp-gcn/usr --without-cuda-driver --enable-checking=release --build=x86_64-linux-gnu --host=x86_64-linux-gnu --target=x86_64-linux-gnu --with-build-config=bootstrap-lto-lean --enable-link-serialization=2]
  ignore line: [Thread model: posix]
  ignore line: [Supported LTO compression algorithms: zlib zstd]
  ignore line: [gcc version 11.4.0 (Ubuntu 11.4.0-1ubuntu1~22.04.3) ]
  ignore line: [COMPILER_PATH=/usr/lib/gcc/x86_64-linux-gnu/11/:/usr/lib/gcc/x86_64-linux-gnu/11/:/usr/lib/gcc/x86_64-linux-gnu/:/usr/lib/gcc/x86_64-linux-gnu/11/:/usr/lib/gcc/x86_64-linux-gnu/]
  ignore line: [LIBRARY_PATH=/usr/lib/gcc/x86_64-linux-gnu/11/:/usr/lib/gcc/x86_64-linux-gnu/11/../../../x86_64-linux-gnu/:/usr/lib/gcc/x86_64-linux-gnu/11/../../../../lib/:/lib/x86_64-linux-gnu/:/lib/../lib/:/usr/lib/x86_64-linux-gnu/:/usr/lib/../lib/:/usr/lib/gcc/x86_64-linux-gnu/11/../../../:/lib/:/usr/lib/]
  ignore line: [COLLECT_GCC_OPTIONS='-v' '-o' 'cmTC_000e0' '-shared-libgcc' '-mtune=generic' '-march=x86-64' '-dumpdir' 'cmTC_000e0.']
  link line: [ /usr/lib/gcc/x86_64-linux-gnu/11/collect2 -plugin /usr/lib/gcc/x86_64-linux-gnu/11/liblto_plugin.so -plugin-opt=/usr/lib/gcc/x86_64-linux-gnu/11/lto-wrapper -plugin-opt=-fresolution=/tmp/ccyhK1iF.res -plugin-opt=-pass-through=-lgcc_s -plugin-opt=-pass-through=-lgcc -plugin-opt=-pass-through=-lc -plugin-opt=-pass-through=-lgcc_s -plugin-opt=-pass-through=-lgcc --build-id --eh-frame-hdr -m elf_x86_64 --hash-style=gnu --as-needed -dynamic-linker /lib64/ld-linux-x86-64.so.2 -pie -z now -z relro -o cmTC_000e0 /usr/lib/gcc/x86_64-linux-gnu/11/../../../x86_64-linux-gnu/Scrt1.o /usr/lib/gcc/x86_64-linux-gnu/11/../../../x86_64-linux-gnu/crti.o /usr/lib/gcc/x86_64-linux-gnu/11/crtbeginS.o -L/usr/lib/gcc/x86_64-linux-gnu/11 -L/usr/lib/gcc/x86_64-linux-gnu/11/../../../x86_64-linux-gnu -L/usr/lib/gcc/x86_64-linux-gnu/11/../../../../lib -L/lib/x86_64-linux-gnu -L/lib/../lib -L/usr/lib/x86_64-linux-gnu -L/usr/lib/../lib -L/usr/lib/gcc/x86_64-linux-gnu/11/../../.. CMakeFiles/cmTC_000e0.dir/CMakeCXXCompilerABI.cpp.o -lstdc++ -lm -lgcc_s -lgcc -lc -lgcc_s -lgcc /usr/lib/gcc/x86_64-linux-gnu/11/crtendS.o /usr/lib/gcc/x86_64-linux-gnu/11/../../../x86_64-linux-gnu/crtn.o]
    arg [/usr/lib/gcc/x86_64-linux-gnu/11/collect2] ==> ignore
    arg [-plugin] ==> ignore
    arg [/usr/lib/gcc/x86_64-linux-gnu/11/liblto_plugin.so] ==> ignore
    arg [-plugin-opt=/usr/lib/gcc/x86_64-linux-gnu/11/lto-wrapper] ==> ignore
    arg [-plugin-opt=-fresolution=/tmp/ccyhK1iF.res] ==> ignore
    arg [-plugin-opt=-pass-through=-lgcc_s] ==> ignore
    arg [-plugin-opt=-pass-through=-lgcc] ==> ignore
    arg [-plugin-opt=-pass-through=-lc] ==> ignore
    arg [-plugin-opt=-pass-through=-lgcc_s] ==> ignore
    arg [-plugin-opt=-pass-through=-lgcc] ==> ignore
    arg [--build-id] ==> ignore
    arg [--eh-frame-hdr] ==> ignore
    arg [-m] ==> ignore
    arg [elf_x86_64] ==> ignore
    arg [--hash-style=gnu] ==> ignore
    arg [--as-needed] ==> ignore
    arg [-dynamic-linker] ==> ignore
    arg [/lib64/ld-linux-x86-64.so.2] ==> ignore
    arg [-pie] ==> ignore
    arg [-znow] ==> ignore
    arg [-zrelro] ==> ignore
    arg [-o] ==> ignore
    arg [cmTC_000e0] ==> ignore
    arg [/usr/lib/gcc/x86_64-linux-gnu/11/../../../x86_64-linux-gnu/Scrt1.o] ==> obj [/usr/lib/gcc/x86_64-linux-gnu/11/../../../x86_64-linux-gnu/Scrt1.o]
    arg [/usr/lib/gcc/x86_64-linux-gnu/11/../../../x86_64-linux-gnu/crti.o] ==> obj [/usr/lib/gcc/x86_64-linux-gnu/11/../../../x86_64-linux-gnu/crti.o]
    arg [/usr/lib/gcc/x86_64-linux-gnu/11/crtbeginS.o] ==> obj [/usr/lib/gcc/x86_64-linux-gnu/11/crtbeginS.o]
    arg [-L/usr/lib/gcc/x86_64-linux-gnu/11] ==> dir [/usr/lib/gcc/x86_64-linux-gnu/11]
    arg [-L/usr/lib/gcc/x86_64-linux-gnu/11/../../../x86_64-linux-gnu] ==> dir [/usr/lib/gcc/x86_64-linux-gnu/11/../../../x86_64-linux-gnu]
    arg [-L/usr/lib/gcc/x86_64-linux-gnu/11/../../../../lib] ==> dir [/usr/lib/gcc/x86_64-linux-gnu/11/../../../../lib]
    arg [-L/lib/x86_64-linux-gnu] ==> dir [/lib/x86_64-linux-gnu]
    arg [-L/lib/../lib] ==> dir [/lib/../lib]
    arg [-L/usr/lib/x86_64-linux-gnu] ==> dir [/usr/lib/x86_64-linux-gnu]
    arg [-L/usr/lib/../lib] ==> dir [/usr/lib/../lib]
    arg [-L/usr/lib/gcc/x86_64-linux-gnu/11/../../..] ==> dir [/usr/lib/gcc/x86_64-linux-gnu/11/../../..]
    arg [CMakeFiles/cmTC_000e0.dir/CMakeCXXCompilerABI.cpp.o] ==> ignore
    arg [-lstdc++] ==> lib [stdc++]
    arg [-lm] ==> lib [m]
    arg [-lgcc_s] ==> lib [gcc_s]
    arg [-lgcc] ==> lib [gcc]
    arg [-lc] ==> lib [c]
    arg [-lgcc_s] ==> lib [gcc_s]
    arg [-lgcc] ==> lib [gcc]
    arg [/usr/lib/gcc/x86_64-linux-gnu/11/crtendS.o] ==> obj [/usr/lib/gcc/x86_64-linux-gnu/11/crtendS.o]
    arg [/usr/lib/gcc/x86_64-linux-gnu/11/../../../x86_64-linux-gnu/crtn.o] ==> obj [/usr/lib/gcc/x86_64-linux-gnu/11/../../../x86_64-linux-gnu/crtn.o]
  collapse obj [/usr/lib/gcc/x86_64-linux-gnu/11/../../../x86_64-linux-gnu/Scrt1.o] ==> [/usr/lib/x86_64-linux-gnu/Scrt1.o]
  collapse obj [/usr/lib/gcc/x86_64-linux-gnu/11/../../../x86_64-linux-gnu/crti.o] ==> [/usr/lib/x86_64-linux-gnu/crti.o]
  collapse obj [/usr/lib/gcc/x86_64-linux-gnu/11/../../../x86_64-linux-gnu/crtn.o] ==> [/usr/lib/x86_64-linux-gnu/crtn.o]
  collapse library dir [/usr/lib/gcc/x86_64-linux-gnu/11] ==> [/usr/lib/gcc/x86_64-linux-gnu/11]
  collapse library dir [/usr/lib/gcc/x86_64-linux-gnu/11/../../../x86_64-linux-gnu] ==> [/usr/lib/x86_64-linux-gnu]
  collapse library dir [/usr/lib/gcc/x86_64-linux-gnu/11/../../../../lib] ==> [/usr/lib]
  collapse library dir [/lib/x86_64-linux-gnu] ==> [/lib/x86_64-linux-gnu]
  collapse library dir [/lib/../lib] ==> [/lib]
  collapse library dir [/usr/lib/x86_64-linux-gnu] ==> [/usr/lib/x86_64-linux-gnu]
  collapse library dir [/usr/lib/../lib] ==> [/usr/lib]
  collapse library dir [/usr/lib/gcc/x86_64-linux-gnu/11/../../..] ==> [/usr/lib]
  implicit libs: [stdc++;m;gcc_s;gcc;c;gcc_s;gcc]
  implicit objs: [/usr/lib/x86_64-linux-gnu/Scrt1.o;/usr/lib/x86_64-linux-gnu/crti.o;/usr/lib/gcc/x86_64-linux-gnu/11/crtbeginS.o;/usr/lib/gcc/x86_64-linux-gnu/11/crtendS.o;/usr/lib/x86_64-linux-gnu/crtn.o]
  implicit dirs: [/usr/lib/gcc/x86_64-linux-gnu/11;/usr/lib/x86_64-linux-gnu;/usr/lib;/lib/x86_64-linux-gnu;/lib]
  implicit fwks: []


Detecting C compiler ABI info compiled with the following output:
Change Dir: /home/czz/nvblox_ws/build/nvblox/CMakeFiles/CMakeTmp

Run Build Command(s):/usr/bin/gmake -f Makefile cmTC_b51a9/fast && /usr/bin/gmake  -f CMakeFiles/cmTC_b51a9.dir/build.make CMakeFiles/cmTC_b51a9.dir/build
gmake[1]: Entering directory '/home/czz/nvblox_ws/build/nvblox/CMakeFiles/CMakeTmp'
Building C object CMakeFiles/cmTC_b51a9.dir/CMakeCCompilerABI.c.o
/usr/bin/cc   -v -o CMakeFiles/cmTC_b51a9.dir/CMakeCCompilerABI.c.o -c /usr/share/cmake-3.22/Modules/CMakeCCompilerABI.c
Using built-in specs.
COLLECT_GCC=/usr/bin/cc
OFFLOAD_TARGET_NAMES=nvptx-none:amdgcn-amdhsa
OFFLOAD_TARGET_DEFAULT=1
Target: x86_64-linux-gnu
Configured with: ../src/configure -v --with-pkgversion='Ubuntu 11.4.0-1ubuntu1~22.04.3' --with-bugurl=file:///usr/share/doc/gcc-11/README.Bugs --enable-languages=c,ada,c++,go,brig,d,fortran,objc,obj-c++,m2 --prefix=/usr --with-gcc-major-version-only --program-suffix=-11 --program-prefix=x86_64-linux-gnu- --enable-shared --enable-linker-build-id --libexecdir=/usr/lib --without-included-gettext --enable-threads=posix --libdir=/usr/lib --enable-nls --enable-bootstrap --enable-clocale=gnu --enable-libstdcxx-debug --enable-libstdcxx-time=yes --with-default-libstdcxx-abi=new --enable-gnu-unique-object --disable-vtable-verify --enable-plugin --enable-default-pie --with-system-zlib --enable-libphobos-checking=release --with-target-system-zlib=auto --enable-objc-gc=auto --enable-multiarch --disable-werror --enable-cet --with-arch-32=i686 --with-abi=m64 --with-multilib-list=m32,m64,mx32 --enable-multilib --with-tune=generic --enable-offload-targets=nvptx-none=/build/gcc-11-0odw26/gcc-11-11.4.0/debian/tmp-nvptx/usr,amdgcn-amdhsa=/build/gcc-11-0odw26/gcc-11-11.4.0/debian/tmp-gcn/usr --without-cuda-driver --enable-checking=release --build=x86_64-linux-gnu --host=x86_64-linux-gnu --target=x86_64-linux-gnu --with-build-config=bootstrap-lto-lean --enable-link-serialization=2
Thread model: posix
Supported LTO compression algorithms: zlib zstd
gcc version 11.4.0 (Ubuntu 11.4.0-1ubuntu1~22.04.3) 
COLLECT_GCC_OPTIONS='-v' '-o' 'CMakeFiles/cmTC_b51a9.dir/CMakeCCompilerABI.c.o' '-c' '-mtune=generic' '-march=x86-64' '-dumpdir' 'CMakeFiles/cmTC_b51a9.dir/'
 /usr/lib/gcc/x86_64-linux-gnu/11/cc1 -quiet -v -imultiarch x86_64-linux-gnu /usr/share/cmake-3.22/Modules/CMakeCCompilerABI.c -quiet -dumpdir CMakeFiles/cmTC_b51a9.dir/ -dumpbase CMakeCCompilerABI.c.c -dumpbase-ext .c -mtune=generic -march=x86-64 -version -fasynchronous-unwind-tables -fstack-protector-strong -Wformat -Wformat-security -fstack-clash-protection -fcf-protection -o /tmp/cc43tLr7.s
GNU C17 (Ubuntu 11.4.0-1ubuntu1~22.04.3) version 11.4.0 (x86_64-linux-gnu)
	compiled by GNU C version 11.4.0, GMP version 6.2.1, MPFR version 4.1.0, MPC version 1.2.1, isl version isl-0.24-GMP

GGC heuristics: --param ggc-min-expand=100 --param ggc-min-heapsize=131072
ignoring nonexistent directory "/usr/local/include/x86_64-linux-gnu"
ignoring nonexistent directory "/usr/lib/gcc/x86_64-linux-gnu/11/include-fixed"
ignoring nonexistent directory "/usr/lib/gcc/x86_64-linux-gnu/11/../../../../x86_64-linux-gnu/include"
#include "..." search starts here:
#include <...> search starts here:
 /usr/lib/gcc/x86_64-linux-gnu/11/include
 /usr/local/include
 /usr/include/x86_64-linux-gnu
 /usr/include
End of search list.
GNU C17 (Ubuntu 11.4.0-1ubuntu1~22.04.3) version 11.4.0 (x86_64-linux-gnu)
	compiled by GNU C version 11.4.0, GMP version 6.2.1, MPFR version 4.1.0, MPC version 1.2.1, isl version isl-0.24-GMP

GGC heuristics: --param ggc-min-expand=100 --param ggc-min-heapsize=131072
Compiler executable checksum: 46ebede1f5b795a957a1e85cb61af9d8
COLLECT_GCC_OPTIONS='-v' '-o' 'CMakeFiles/cmTC_b51a9.dir/CMakeCCompilerABI.c.o' '-c' '-mtune=generic' '-march=x86-64' '-dumpdir' 'CMakeFiles/cmTC_b51a9.dir/'
 as -v --64 -o CMakeFiles/cmTC_b51a9.dir/CMakeCCompilerABI.c.o /tmp/cc43tLr7.s
GNU assembler version 2.38 (x86_64-linux-gnu) using BFD version (GNU Binutils for Ubuntu) 2.38
COMPILER_PATH=/usr/lib/gcc/x86_64-linux-gnu/11/:/usr/lib/gcc/x86_64-linux-gnu/11/:/usr/lib/gcc/x86_64-linux-gnu/:/usr/lib/gcc/x86_64-linux-gnu/11/:/usr/lib/gcc/x86_64-linux-gnu/
LIBRARY_PATH=/usr/lib/gcc/x86_64-linux-gnu/11/:/usr/lib/gcc/x86_64-linux-gnu/11/../../../x86_64-linux-gnu/:/usr/lib/gcc/x86_64-linux-gnu/11/../../../../lib/:/lib/x86_64-linux-gnu/:/lib/../lib/:/usr/lib/x86_64-linux-gnu/:/usr/lib/../lib/:/usr/lib/gcc/x86_64-linux-gnu/11/../../../:/lib/:/usr/lib/
COLLECT_GCC_OPTIONS='-v' '-o' 'CMakeFiles/cmTC_b51a9.dir/CMakeCCompilerABI.c.o' '-c' '-mtune=generic' '-march=x86-64' '-dumpdir' 'CMakeFiles/cmTC_b51a9.dir/CMakeCCompilerABI.c.'
Linking C executable cmTC_b51a9
/usr/bin/cmake -E cmake_link_script CMakeFiles/cmTC_b51a9.dir/link.txt --verbose=1
/usr/bin/cc  -v CMakeFiles/cmTC_b51a9.dir/CMakeCCompilerABI.c.o -o cmTC_b51a9 
Using built-in specs.
COLLECT_GCC=/usr/bin/cc
COLLECT_LTO_WRAPPER=/usr/lib/gcc/x86_64-linux-gnu/11/lto-wrapper
OFFLOAD_TARGET_NAMES=nvptx-none:amdgcn-amdhsa
OFFLOAD_TARGET_DEFAULT=1
Target: x86_64-linux-gnu
Configured with: ../src/configure -v --with-pkgversion='Ubuntu 11.4.0-1ubuntu1~22.04.3' --with-bugurl=file:///usr/share/doc/gcc-11/README.Bugs --enable-languages=c,ada,c++,go,brig,d,fortran,objc,obj-c++,m2 --prefix=/usr --with-gcc-major-version-only --program-suffix=-11 --program-prefix=x86_64-linux-gnu- --enable-shared --enable-linker-build-id --libexecdir=/usr/lib --without-included-gettext --enable-threads=posix --libdir=/usr/lib --enable-nls --enable-bootstrap --enable-clocale=gnu --enable-libstdcxx-debug --enable-libstdcxx-time=yes --with-default-libstdcxx-abi=new --enable-gnu-unique-object --disable-vtable-verify --enable-plugin --enable-default-pie --with-system-zlib --enable-libphobos-checking=release --with-target-system-zlib=auto --enable-objc-gc=auto --enable-multiarch --disable-werror --enable-cet --with-arch-32=i686 --with-abi=m64 --with-multilib-list=m32,m64,mx32 --enable-multilib --with-tune=generic --enable-offload-targets=nvptx-none=/build/gcc-11-0odw26/gcc-11-11.4.0/debian/tmp-nvptx/usr,amdgcn-amdhsa=/build/gcc-11-0odw26/gcc-11-11.4.0/debian/tmp-gcn/usr --without-cuda-driver --enable-checking=release --build=x86_64-linux-gnu --host=x86_64-linux-gnu --target=x86_64-linux-gnu --with-build-config=bootstrap-lto-lean --enable-link-serialization=2
Thread model: posix
Supported LTO compression algorithms: zlib zstd
gcc version 11.4.0 (Ubuntu 11.4.0-1ubuntu1~22.04.3) 
COMPILER_PATH=/usr/lib/gcc/x86_64-linux-gnu/11/:/usr/lib/gcc/x86_64-linux-gnu/11/:/usr/lib/gcc/x86_64-linux-gnu/:/usr/lib/gcc/x86_64-linux-gnu/11/:/usr/lib/gcc/x86_64-linux-gnu/
LIBRARY_PATH=/usr/lib/gcc/x86_64-linux-gnu/11/:/usr/lib/gcc/x86_64-linux-gnu/11/../../../x86_64-linux-gnu/:/usr/lib/gcc/x86_64-linux-gnu/11/../../../../lib/:/lib/x86_64-linux-gnu/:/lib/../lib/:/usr/lib/x86_64-linux-gnu/:/usr/lib/../lib/:/usr/lib/gcc/x86_64-linux-gnu/11/../../../:/lib/:/usr/lib/
COLLECT_GCC_OPTIONS='-v' '-o' 'cmTC_b51a9' '-mtune=generic' '-march=x86-64' '-dumpdir' 'cmTC_b51a9.'
 /usr/lib/gcc/x86_64-linux-gnu/11/collect2 -plugin /usr/lib/gcc/x86_64-linux-gnu/11/liblto_plugin.so -plugin-opt=/usr/lib/gcc/x86_64-linux-gnu/11/lto-wrapper -plugin-opt=-fresolution=/tmp/cc5DjCuO.res -plugin-opt=-pass-through=-lgcc -plugin-opt=-pass-through=-lgcc_s -plugin-opt=-pass-through=-lc -plugin-opt=-pass-through=-lgcc -plugin-opt=-pass-through=-lgcc_s --build-id --eh-frame-hdr -m elf_x86_64 --hash-style=gnu --as-needed -dynamic-linker /lib64/ld-linux-x86-64.so.2 -pie -z now -z relro -o cmTC_b51a9 /usr/lib/gcc/x86_64-linux-gnu/11/../../../x86_64-linux-gnu/Scrt1.o /usr/lib/gcc/x86_64-linux-gnu/11/../../../x86_64-linux-gnu/crti.o /usr/lib/gcc/x86_64-linux-gnu/11/crtbeginS.o -L/usr/lib/gcc/x86_64-linux-gnu/11 -L/usr/lib/gcc/x86_64-linux-gnu/11/../../../x86_64-linux-gnu -L/usr/lib/gcc/x86_64-linux-gnu/11/../../../../lib -L/lib/x86_64-linux-gnu -L/lib/../lib -L/usr/lib/x86_64-linux-gnu -L/usr/lib/../lib -L/usr/lib/gcc/x86_64-linux-gnu/11/../../.. CMakeFiles/cmTC_b51a9.dir/CMakeCCompilerABI.c.o -lgcc --push-state --as-needed -lgcc_s --pop-state -lc -lgcc --push-state --as-needed -lgcc_s --pop-state /usr/lib/gcc/x86_64-linux-gnu/11/crtendS.o /usr/lib/gcc/x86_64-linux-gnu/11/../../../x86_64-linux-gnu/crtn.o
COLLECT_GCC_OPTIONS='-v' '-o' 'cmTC_b51a9' '-mtune=generic' '-march=x86-64' '-dumpdir' 'cmTC_b51a9.'
gmake[1]: Leaving directory '/home/czz/nvblox_ws/build/nvblox/CMakeFiles/CMakeTmp'



Parsed C implicit include dir info from above output: rv=done
  found start of include info
  found start of implicit include info
    add: [/usr/lib/gcc/x86_64-linux-gnu/11/include]
    add: [/usr/local/include]
    add: [/usr/include/x86_64-linux-gnu]
    add: [/usr/include]
  end of search list found
  collapse include dir [/usr/lib/gcc/x86_64-linux-gnu/11/include] ==> [/usr/lib/gcc/x86_64-linux-gnu/11/include]
  collapse include dir [/usr/local/include] ==> [/usr/local/include]
  collapse include dir [/usr/include/x86_64-linux-gnu] ==> [/usr/include/x86_64-linux-gnu]
  collapse include dir [/usr/include] ==> [/usr/include]
  implicit include dirs: [/usr/lib/gcc/x86_64-linux-gnu/11/include;/usr/local/include;/usr/include/x86_64-linux-gnu;/usr/include]


Parsed C implicit link information from above output:
  link line regex: [^( *|.*[/\])(ld|CMAKE_LINK_STARTFILE-NOTFOUND|([^/\]+-)?ld|collect2)[^/\]*( |$)]
  ignore line: [Change Dir: /home/czz/nvblox_ws/build/nvblox/CMakeFiles/CMakeTmp]
  ignore line: []
  ignore line: [Run Build Command(s):/usr/bin/gmake -f Makefile cmTC_b51a9/fast && /usr/bin/gmake  -f CMakeFiles/cmTC_b51a9.dir/build.make CMakeFiles/cmTC_b51a9.dir/build]
  ignore line: [gmake[1]: Entering directory '/home/czz/nvblox_ws/build/nvblox/CMakeFiles/CMakeTmp']
  ignore line: [Building C object CMakeFiles/cmTC_b51a9.dir/CMakeCCompilerABI.c.o]
  ignore line: [/usr/bin/cc   -v -o CMakeFiles/cmTC_b51a9.dir/CMakeCCompilerABI.c.o -c /usr/share/cmake-3.22/Modules/CMakeCCompilerABI.c]
  ignore line: [Using built-in specs.]
  ignore line: [COLLECT_GCC=/usr/bin/cc]
  ignore line: [OFFLOAD_TARGET_NAMES=nvptx-none:amdgcn-amdhsa]
  ignore line: [OFFLOAD_TARGET_DEFAULT=1]
  ignore line: [Target: x86_64-linux-gnu]
  ignore line: [Configured with: ../src/configure -v --with-pkgversion='Ubuntu 11.4.0-1ubuntu1~22.04.3' --with-bugurl=file:///usr/share/doc/gcc-11/README.Bugs --enable-languages=c ada c++ go brig d fortran objc obj-c++ m2 --prefix=/usr --with-gcc-major-version-only --program-suffix=-11 --program-prefix=x86_64-linux-gnu- --enable-shared --enable-linker-build-id --libexecdir=/usr/lib --without-included-gettext --enable-threads=posix --libdir=/usr/lib --enable-nls --enable-bootstrap --enable-clocale=gnu --enable-libstdcxx-debug --enable-libstdcxx-time=yes --with-default-libstdcxx-abi=new --enable-gnu-unique-object --disable-vtable-verify --enable-plugin --enable-default-pie --with-system-zlib --enable-libphobos-checking=release --with-target-system-zlib=auto --enable-objc-gc=auto --enable-multiarch --disable-werror --enable-cet --with-arch-32=i686 --with-abi=m64 --with-multilib-list=m32 m64 mx32 --enable-multilib --with-tune=generic --enable-offload-targets=nvptx-none=/build/gcc-11-0odw26/gcc-11-11.4.0/debian/tmp-nvptx/usr amdgcn-amdhsa=/build/gcc-11-0odw26/gcc-11-11.4.0/debian/tmp-gcn/usr --without-cuda-driver --enable-checking=release --build=x86_64-linux-gnu --host=x86_64-linux-gnu --target=x86_64-linux-gnu --with-build-config=bootstrap-lto-lean --enable-link-serialization=2]
  ignore line: [Thread model: posix]
  ignore line: [Supported LTO compression algorithms: zlib zstd]
  ignore line: [gcc version 11.4.0 (Ubuntu 11.4.0-1ubuntu1~22.04.3) ]
  ignore line: [COLLECT_GCC_OPTIONS='-v' '-o' 'CMakeFiles/cmTC_b51a9.dir/CMakeCCompilerABI.c.o' '-c' '-mtune=generic' '-march=x86-64' '-dumpdir' 'CMakeFiles/cmTC_b51a9.dir/']
  ignore line: [ /usr/lib/gcc/x86_64-linux-gnu/11/cc1 -quiet -v -imultiarch x86_64-linux-gnu /usr/share/cmake-3.22/Modules/CMakeCCompilerABI.c -quiet -dumpdir CMakeFiles/cmTC_b51a9.dir/ -dumpbase CMakeCCompilerABI.c.c -dumpbase-ext .c -mtune=generic -march=x86-64 -version -fasynchronous-unwind-tables -fstack-protector-strong -Wformat -Wformat-security -fstack-clash-protection -fcf-protection -o /tmp/cc43tLr7.s]
  ignore line: [GNU C17 (Ubuntu 11.4.0-1ubuntu1~22.04.3) version 11.4.0 (x86_64-linux-gnu)]
  ignore line: [	compiled by GNU C version 11.4.0  GMP version 6.2.1  MPFR version 4.1.0  MPC version 1.2.1  isl version isl-0.24-GMP]
  ignore line: []
  ignore line: [GGC heuristics: --param ggc-min-expand=100 --param ggc-min-heapsize=131072]
  ignore line: [ignoring nonexistent directory "/usr/local/include/x86_64-linux-gnu"]
  ignore line: [ignoring nonexistent directory "/usr/lib/gcc/x86_64-linux-gnu/11/include-fixed"]
  ignore line: [ignoring nonexistent directory "/usr/lib/gcc/x86_64-linux-gnu/11/../../../../x86_64-linux-gnu/include"]
  ignore line: [#include "..." search starts here:]
  ignore line: [#include <...> search starts here:]
  ignore line: [ /usr/lib/gcc/x86_64-linux-gnu/11/include]
  ignore line: [ /usr/local/include]
  ignore line: [ /usr/include/x86_64-linux-gnu]
  ignore line: [ /usr/include]
  ignore line: [End of search list.]
  ignore line: [GNU C17 (Ubuntu 11.4.0-1ubuntu1~22.04.3) version 11.4.0 (x86_64-linux-gnu)]
  ignore line: [	compiled by GNU C version 11.4.0  GMP version 6.2.1  MPFR version 4.1.0  MPC version 1.2.1  isl version isl-0.24-GMP]
  ignore line: []
  ignore line: [GGC heuristics: --param ggc-min-expand=100 --param ggc-min-heapsize=131072]
  ignore line: [Compiler executable checksum: 46ebede1f5b795a957a1e85cb61af9d8]
  ignore line: [COLLECT_GCC_OPTIONS='-v' '-o' 'CMakeFiles/cmTC_b51a9.dir/CMakeCCompilerABI.c.o' '-c' '-mtune=generic' '-march=x86-64' '-dumpdir' 'CMakeFiles/cmTC_b51a9.dir/']
  ignore line: [ as -v --64 -o CMakeFiles/cmTC_b51a9.dir/CMakeCCompilerABI.c.o /tmp/cc43tLr7.s]
  ignore line: [GNU assembler version 2.38 (x86_64-linux-gnu) using BFD version (GNU Binutils for Ubuntu) 2.38]
  ignore line: [COMPILER_PATH=/usr/lib/gcc/x86_64-linux-gnu/11/:/usr/lib/gcc/x86_64-linux-gnu/11/:/usr/lib/gcc/x86_64-linux-gnu/:/usr/lib/gcc/x86_64-linux-gnu/11/:/usr/lib/gcc/x86_64-linux-gnu/]
  ignore line: [LIBRARY_PATH=/usr/lib/gcc/x86_64-linux-gnu/11/:/usr/lib/gcc/x86_64-linux-gnu/11/../../../x86_64-linux-gnu/:/usr/lib/gcc/x86_64-linux-gnu/11/../../../../lib/:/lib/x86_64-linux-gnu/:/lib/../lib/:/usr/lib/x86_64-linux-gnu/:/usr/lib/../lib/:/usr/lib/gcc/x86_64-linux-gnu/11/../../../:/lib/:/usr/lib/]
  ignore line: [COLLECT_GCC_OPTIONS='-v' '-o' 'CMakeFiles/cmTC_b51a9.dir/CMakeCCompilerABI.c.o' '-c' '-mtune=generic' '-march=x86-64' '-dumpdir' 'CMakeFiles/cmTC_b51a9.dir/CMakeCCompilerABI.c.']
  ignore line: [Linking C executable cmTC_b51a9]
  ignore line: [/usr/bin/cmake -E cmake_link_script CMakeFiles/cmTC_b51a9.dir/link.txt --verbose=1]
  ignore line: [/usr/bin/cc  -v CMakeFiles/cmTC_b51a9.dir/CMakeCCompilerABI.c.o -o cmTC_b51a9 ]
  ignore line: [Using built-in specs.]
  ignore line: [COLLECT_GCC=/usr/bin/cc]
  ignore line: [COLLECT_LTO_WRAPPER=/usr/lib/gcc/x86_64-linux-gnu/11/lto-wrapper]
  ignore line: [OFFLOAD_TARGET_NAMES=nvptx-none:amdgcn-amdhsa]
  ignore line: [OFFLOAD_TARGET_DEFAULT=1]
  ignore line: [Target: x86_64-linux-gnu]
  ignore line: [Configured with: ../src/configure -v --with-pkgversion='Ubuntu 11.4.0-1ubuntu1~22.04.3' --with-bugurl=file:///usr/share/doc/gcc-11/README.Bugs --enable-languages=c ada c++ go brig d fortran objc obj-c++ m2 --prefix=/usr --with-gcc-major-version-only --program-suffix=-11 --program-prefix=x86_64-linux-gnu- --enable-shared --enable-linker-build-id --libexecdir=/usr/lib --without-included-gettext --enable-threads=posix --libdir=/usr/lib --enable-nls --enable-bootstrap --enable-clocale=gnu --enable-libstdcxx-debug --enable-libstdcxx-time=yes --with-default-libstdcxx-abi=new --enable-gnu-unique-object --disable-vtable-verify --enable-plugin --enable-default-pie --with-system-zlib --enable-libphobos-checking=release --with-target-system-zlib=auto --enable-objc-gc=auto --enable-multiarch --disable-werror --enable-cet --with-arch-32=i686 --with-abi=m64 --with-multilib-list=m32 m64 mx32 --enable-multilib --with-tune=generic --enable-offload-targets=nvptx-none=/build/gcc-11-0odw26/gcc-11-11.4.0/debian/tmp-nvptx/usr amdgcn-amdhsa=/build/gcc-11-0odw26/gcc-11-11.4.0/debian/tmp-gcn/usr --without-cuda-driver --enable-checking=release --build=x86_64-linux-gnu --host=x86_64-linux-gnu --target=x86_64-linux-gnu --with-build-config=bootstrap-lto-lean --enable-link-serialization=2]
  ignore line: [Thread model: posix]
  ignore line: [Supported LTO compression algorithms: zlib zstd]
  ignore line: [gcc version 11.4.0 (Ubuntu 11.4.0-1ubuntu1~22.04.3) ]
  ignore line: [COMPILER_PATH=/usr/lib/gcc/x86_64-linux-gnu/11/:/usr/lib/gcc/x86_64-linux-gnu/11/:/usr/lib/gcc/x86_64-linux-gnu/:/usr/lib/gcc/x86_64-linux-gnu/11/:/usr/lib/gcc/x86_64-linux-gnu/]
  ignore line: [LIBRARY_PATH=/usr/lib/gcc/x86_64-linux-gnu/11/:/usr/lib/gcc/x86_64-linux-gnu/11/../../../x86_64-linux-gnu/:/usr/lib/gcc/x86_64-linux-gnu/11/../../../../lib/:/lib/x86_64-linux-gnu/:/lib/../lib/:/usr/lib/x86_64-linux-gnu/:/usr/lib/../lib/:/usr/lib/gcc/x86_64-linux-gnu/11/../../../:/lib/:/usr/lib/]
  ignore line: [COLLECT_GCC_OPTIONS='-v' '-o' 'cmTC_b51a9' '-mtune=generic' '-march=x86-64' '-dumpdir' 'cmTC_b51a9.']
  link line: [ /usr/lib/gcc/x86_64-linux-gnu/11/collect2 -plugin /usr/lib/gcc/x86_64-linux-gnu/11/liblto_plugin.so -plugin-opt=/usr/lib/gcc/x86_64-linux-gnu/11/lto-wrapper -plugin-opt=-fresolution=/tmp/cc5DjCuO.res -plugin-opt=-pass-through=-lgcc -plugin-opt=-pass-through=-lgcc_s -plugin-opt=-pass-through=-lc -plugin-opt=-pass-through=-lgcc -plugin-opt=-pass-through=-lgcc_s --build-id --eh-frame-hdr -m elf_x86_64 --hash-style=gnu --as-needed -dynamic-linker /lib64/ld-linux-x86-64.so.2 -pie -z now -z relro -o cmTC_b51a9 /usr/lib/gcc/x86_64-linux-gnu/11/../../../x86_64-linux-gnu/Scrt1.o /usr/lib/gcc/x86_64-linux-gnu/11/../../../x86_64-linux-gnu/crti.o /usr/lib/gcc/x86_64-linux-gnu/11/crtbeginS.o -L/usr/lib/gcc/x86_64-linux-gnu/11 -L/usr/lib/gcc/x86_64-linux-gnu/11/../../../x86_64-linux-gnu -L/usr/lib/gcc/x86_64-linux-gnu/11/../../../../lib -L/lib/x86_64-linux-gnu -L/lib/../lib -L/usr/lib/x86_64-linux-gnu -L/usr/lib/../lib -L/usr/lib/gcc/x86_64-linux-gnu/11/../../.. CMakeFiles/cmTC_b51a9.dir/CMakeCCompilerABI.c.o -lgcc --push-state --as-needed -lgcc_s --pop-state -lc -lgcc --push-state --as-needed -lgcc_s --pop-state /usr/lib/gcc/x86_64-linux-gnu/11/crtendS.o /usr/lib/gcc/x86_64-linux-gnu/11/../../../x86_64-linux-gnu/crtn.o]
    arg [/usr/lib/gcc/x86_64-linux-gnu/11/collect2] ==> ignore
    arg [-plugin] ==> ignore
    arg [/usr/lib/gcc/x86_64-linux-gnu/11/liblto_plugin.so] ==> ignore
    arg [-plugin-opt=/usr/lib/gcc/x86_64-linux-gnu/11/lto-wrapper] ==> ignore
    arg [-plugin-opt=-fresolution=/tmp/cc5DjCuO.res] ==> ignore
    arg [-plugin-opt=-pass-through=-lgcc] ==> ignore
    arg [-plugin-opt=-pass-through=-lgcc_s] ==> ignore
    arg [-plugin-opt=-pass-through=-lc] ==> ignore
    arg [-plugin-opt=-pass-through=-lgcc] ==> ignore
    arg [-plugin-opt=-pass-through=-lgcc_s] ==> ignore
    arg [--build-id] ==> ignore
    arg [--eh-frame-hdr] ==> ignore
    arg [-m] ==> ignore
    arg [elf_x86_64] ==> ignore
    arg [--hash-style=gnu] ==> ignore
    arg [--as-needed] ==> ignore
    arg [-dynamic-linker] ==> ignore
    arg [/lib64/ld-linux-x86-64.so.2] ==> ignore
    arg [-pie] ==> ignore
    arg [-znow] ==> ignore
    arg [-zrelro] ==> ignore
    arg [-o] ==> ignore
    arg [cmTC_b51a9] ==> ignore
    arg [/usr/lib/gcc/x86_64-linux-gnu/11/../../../x86_64-linux-gnu/Scrt1.o] ==> obj [/usr/lib/gcc/x86_64-linux-gnu/11/../../../x86_64-linux-gnu/Scrt1.o]
    arg [/usr/lib/gcc/x86_64-linux-gnu/11/../../../x86_64-linux-gnu/crti.o] ==> obj [/usr/lib/gcc/x86_64-linux-gnu/11/../../../x86_64-linux-gnu/crti.o]
    arg [/usr/lib/gcc/x86_64-linux-gnu/11/crtbeginS.o] ==> obj [/usr/lib/gcc/x86_64-linux-gnu/11/crtbeginS.o]
    arg [-L/usr/lib/gcc/x86_64-linux-gnu/11] ==> dir [/usr/lib/gcc/x86_64-linux-gnu/11]
    arg [-L/usr/lib/gcc/x86_64-linux-gnu/11/../../../x86_64-linux-gnu] ==> dir [/usr/lib/gcc/x86_64-linux-gnu/11/../../../x86_64-linux-gnu]
    arg [-L/usr/lib/gcc/x86_64-linux-gnu/11/../../../../lib] ==> dir [/usr/lib/gcc/x86_64-linux-gnu/11/../../../../lib]
    arg [-L/lib/x86_64-linux-gnu] ==> dir [/lib/x86_64-linux-gnu]
    arg [-L/lib/../lib] ==> dir [/lib/../lib]
    arg [-L/usr/lib/x86_64-linux-gnu] ==> dir [/usr/lib/x86_64-linux-gnu]
    arg [-L/usr/lib/../lib] ==> dir [/usr/lib/../lib]
    arg [-L/usr/lib/gcc/x86_64-linux-gnu/11/../../..] ==> dir [/usr/lib/gcc/x86_64-linux-gnu/11/../../..]
    arg [CMakeFiles/cmTC_b51a9.dir/CMakeCCompilerABI.c.o] ==> ignore
    arg [-lgcc] ==> lib [gcc]
    arg [--push-state] ==> ignore
    arg [--as-needed] ==> ignore
    arg [-lgcc_s] ==> lib [gcc_s]
    arg [--pop-state] ==> ignore
    arg [-lc] ==> lib [c]
    arg [-lgcc] ==> lib [gcc]
    arg [--push-state] ==> ignore
    arg [--as-needed] ==> ignore
    arg [-lgcc_s] ==> lib [gcc_s]
    arg [--pop-state] ==> ignore
    arg [/usr/lib/gcc/x86_64-linux-gnu/11/crtendS.o] ==> obj [/usr/lib/gcc/x86_64-linux-gnu/11/crtendS.o]
    arg [/usr/lib/gcc/x86_64-linux-gnu/11/../../../x86_64-linux-gnu/crtn.o] ==> obj [/usr/lib/gcc/x86_64-linux-gnu/11/../../../x86_64-linux-gnu/crtn.o]
  collapse obj [/usr/lib/gcc/x86_64-linux-gnu/11/../../../x86_64-linux-gnu/Scrt1.o] ==> [/usr/lib/x86_64-linux-gnu/Scrt1.o]
  collapse obj [/usr/lib/gcc/x86_64-linux-gnu/11/../../../x86_64-linux-gnu/crti.o] ==> [/usr/lib/x86_64-linux-gnu/crti.o]
  collapse obj [/usr/lib/gcc/x86_64-linux-gnu/11/../../../x86_64-linux-gnu/crtn.o] ==> [/usr/lib/x86_64-linux-gnu/crtn.o]
  collapse library dir [/usr/lib/gcc/x86_64-linux-gnu/11] ==> [/usr/lib/gcc/x86_64-linux-gnu/11]
  collapse library dir [/usr/lib/gcc/x86_64-linux-gnu/11/../../../x86_64-linux-gnu] ==> [/usr/lib/x86_64-linux-gnu]
  collapse library dir [/usr/lib/gcc/x86_64-linux-gnu/11/../../../../lib] ==> [/usr/lib]
  collapse library dir [/lib/x86_64-linux-gnu] ==> [/lib/x86_64-linux-gnu]
  collapse library dir [/lib/../lib] ==> [/lib]
  collapse library dir [/usr/lib/x86_64-linux-gnu] ==> [/usr/lib/x86_64-linux-gnu]
  collapse library dir [/usr/lib/../lib] ==> [/usr/lib]
  collapse library dir [/usr/lib/gcc/x86_64-linux-gnu/11/../../..] ==> [/usr/lib]
  implicit libs: [gcc;gcc_s;c;gcc;gcc_s]
  implicit objs: [/usr/lib/x86_64-linux-gnu/Scrt1.o;/usr/lib/x86_64-linux-gnu/crti.o;/usr/lib/gcc/x86_64-linux-gnu/11/crtbeginS.o;/usr/lib/gcc/x86_64-linux-gnu/11/crtendS.o;/usr/lib/x86_64-linux-gnu/crtn.o]
  implicit dirs: [/usr/lib/gcc/x86_64-linux-gnu/11;/usr/lib/x86_64-linux-gnu;/usr/lib;/lib/x86_64-linux-gnu;/lib]
  implicit fwks: []


Detecting CUDA compiler ABI info compiled with the following output:
Change Dir: /home/czz/nvblox_ws/build/nvblox/CMakeFiles/CMakeTmp

Run Build Command(s):/usr/bin/gmake -f Makefile cmTC_fe6ab/fast && /usr/bin/gmake  -f CMakeFiles/cmTC_fe6ab.dir/build.make CMakeFiles/cmTC_fe6ab.dir/build
gmake[1]: Entering directory '/home/czz/nvblox_ws/build/nvblox/CMakeFiles/CMakeTmp'
Building CUDA object CMakeFiles/cmTC_fe6ab.dir/CMakeCUDACompilerABI.cu.o
/usr/local/cuda/bin/nvcc -forward-unknown-to-host-compiler   --generate-code=arch=compute_52,code=[compute_52,sm_52]   -Xcompiler=-v -MD -MT CMakeFiles/cmTC_fe6ab.dir/CMakeCUDACompilerABI.cu.o -MF CMakeFiles/cmTC_fe6ab.dir/CMakeCUDACompilerABI.cu.o.d -x cu -c /usr/share/cmake-3.22/Modules/CMakeCUDACompilerABI.cu -o CMakeFiles/cmTC_fe6ab.dir/CMakeCUDACompilerABI.cu.o
Using built-in specs.
COLLECT_GCC=gcc
OFFLOAD_TARGET_NAMES=nvptx-none:amdgcn-amdhsa
OFFLOAD_TARGET_DEFAULT=1
Target: x86_64-linux-gnu
Configured with: ../src/configure -v --with-pkgversion='Ubuntu 11.4.0-1ubuntu1~22.04.3' --with-bugurl=file:///usr/share/doc/gcc-11/README.Bugs --enable-languages=c,ada,c++,go,brig,d,fortran,objc,obj-c++,m2 --prefix=/usr --with-gcc-major-version-only --program-suffix=-11 --program-prefix=x86_64-linux-gnu- --enable-shared --enable-linker-build-id --libexecdir=/usr/lib --without-included-gettext --enable-threads=posix --libdir=/usr/lib --enable-nls --enable-bootstrap --enable-clocale=gnu --enable-libstdcxx-debug --enable-libstdcxx-time=yes --with-default-libstdcxx-abi=new --enable-gnu-unique-object --disable-vtable-verify --enable-plugin --enable-default-pie --with-system-zlib --enable-libphobos-checking=release --with-target-system-zlib=auto --enable-objc-gc=auto --enable-multiarch --disable-werror --enable-cet --with-arch-32=i686 --with-abi=m64 --with-multilib-list=m32,m64,mx32 --enable-multilib --with-tune=generic --enable-offload-targets=nvptx-none=/build/gcc-11-0odw26/gcc-11-11.4.0/debian/tmp-nvptx/usr,amdgcn-amdhsa=/build/gcc-11-0odw26/gcc-11-11.4.0/debian/tmp-gcn/usr --without-cuda-driver --enable-checking=release --build=x86_64-linux-gnu --host=x86_64-linux-gnu --target=x86_64-linux-gnu --with-build-config=bootstrap-lto-lean --enable-link-serialization=2
Thread model: posix
Supported LTO compression algorithms: zlib zstd
gcc version 11.4.0 (Ubuntu 11.4.0-1ubuntu1~22.04.3) 
COLLECT_GCC_OPTIONS='-D' '__CUDA_ARCH__=520' '-D' '__CUDA_ARCH_LIST__=520' '-D' '__NV_LEGACY_LAUNCH' '-E' '-D' 'CUDA_DOUBLE_MATH_FUNCTIONS' '-D' '__CUDACC__' '-D' '__NVCC__' '-v' '-I' '/usr/local/cuda/bin/../targets/x86_64-linux/include' '-D' '__CUDACC_VER_MAJOR__=12' '-D' '__CUDACC_VER_MINOR__=6' '-D' '__CUDACC_VER_BUILD__=20' '-D' '__CUDA_API_VER_MAJOR__=12' '-D' '__CUDA_API_VER_MINOR__=6' '-D' '__NVCC_DIAG_PRAGMA_SUPPORT__=1' '-include' 'cuda_runtime.h' '-m64' '-o' '/tmp/tmpxft_00002972_00000000-7_CMakeCUDACompilerABI.cpp1.ii' '-mtune=generic' '-march=x86-64' '-dumpdir' '/tmp/'
 /usr/lib/gcc/x86_64-linux-gnu/11/cc1plus -E -quiet -v -I /usr/local/cuda/bin/../targets/x86_64-linux/include -imultiarch x86_64-linux-gnu -D_GNU_SOURCE -D __CUDA_ARCH__=520 -D __CUDA_ARCH_LIST__=520 -D __NV_LEGACY_LAUNCH -D CUDA_DOUBLE_MATH_FUNCTIONS -D __CUDACC__ -D __NVCC__ -D __CUDACC_VER_MAJOR__=12 -D __CUDACC_VER_MINOR__=6 -D __CUDACC_VER_BUILD__=20 -D __CUDA_API_VER_MAJOR__=12 -D __CUDA_API_VER_MINOR__=6 -D __NVCC_DIAG_PRAGMA_SUPPORT__=1 -include cuda_runtime.h /usr/share/cmake-3.22/Modules/CMakeCUDACompilerABI.cu -o /tmp/tmpxft_00002972_00000000-7_CMakeCUDACompilerABI.cpp1.ii -m64 -mtune=generic -march=x86-64 -fasynchronous-unwind-tables -fstack-protector-strong -Wformat -Wformat-security -fstack-clash-protection -fcf-protection -dumpdir /tmp/ -dumpbase tmpxft_00002972_00000000-7_CMakeCUDACompilerABI.cpp1.cu -dumpbase-ext .cu
ignoring duplicate directory "/usr/include/x86_64-linux-gnu/c++/11"
ignoring nonexistent directory "/usr/local/include/x86_64-linux-gnu"
ignoring nonexistent directory "/usr/lib/gcc/x86_64-linux-gnu/11/include-fixed"
ignoring nonexistent directory "/usr/lib/gcc/x86_64-linux-gnu/11/../../../../x86_64-linux-gnu/include"
#include "..." search starts here:
#include <...> search starts here:
 /usr/local/cuda/bin/../targets/x86_64-linux/include
 /usr/include/c++/11
 /usr/include/x86_64-linux-gnu/c++/11
 /usr/include/c++/11/backward
 /usr/lib/gcc/x86_64-linux-gnu/11/include
 /usr/local/include
 /usr/include/x86_64-linux-gnu
 /usr/include
End of search list.
COMPILER_PATH=/usr/lib/gcc/x86_64-linux-gnu/11/:/usr/lib/gcc/x86_64-linux-gnu/11/:/usr/lib/gcc/x86_64-linux-gnu/:/usr/lib/gcc/x86_64-linux-gnu/11/:/usr/lib/gcc/x86_64-linux-gnu/
LIBRARY_PATH=/usr/lib/gcc/x86_64-linux-gnu/11/:/usr/lib/gcc/x86_64-linux-gnu/11/../../../x86_64-linux-gnu/:/usr/lib/gcc/x86_64-linux-gnu/11/../../../../lib/:/lib/x86_64-linux-gnu/:/lib/../lib/:/usr/lib/x86_64-linux-gnu/:/usr/lib/../lib/:/usr/lib/gcc/x86_64-linux-gnu/11/../../../:/lib/:/usr/lib/
COLLECT_GCC_OPTIONS='-D' '__CUDA_ARCH__=520' '-D' '__CUDA_ARCH_LIST__=520' '-D' '__NV_LEGACY_LAUNCH' '-E' '-D' 'CUDA_DOUBLE_MATH_FUNCTIONS' '-D' '__CUDACC__' '-D' '__NVCC__' '-v' '-I' '/usr/local/cuda/bin/../targets/x86_64-linux/include' '-D' '__CUDACC_VER_MAJOR__=12' '-D' '__CUDACC_VER_MINOR__=6' '-D' '__CUDACC_VER_BUILD__=20' '-D' '__CUDA_API_VER_MAJOR__=12' '-D' '__CUDA_API_VER_MINOR__=6' '-D' '__NVCC_DIAG_PRAGMA_SUPPORT__=1' '-include' 'cuda_runtime.h' '-m64' '-o' '/tmp/tmpxft_00002972_00000000-7_CMakeCUDACompilerABI.cpp1.ii' '-mtune=generic' '-march=x86-64' '-dumpdir' '/tmp/tmpxft_00002972_00000000-7_CMakeCUDACompilerABI.cpp1.'
Using built-in specs.
COLLECT_GCC=gcc
OFFLOAD_TARGET_NAMES=nvptx-none:amdgcn-amdhsa
OFFLOAD_TARGET_DEFAULT=1
Target: x86_64-linux-gnu
Configured with: ../src/configure -v --with-pkgversion='Ubuntu 11.4.0-1ubuntu1~22.04.3' --with-bugurl=file:///usr/share/doc/gcc-11/README.Bugs --enable-languages=c,ada,c++,go,brig,d,fortran,objc,obj-c++,m2 --prefix=/usr --with-gcc-major-version-only --program-suffix=-11 --program-prefix=x86_64-linux-gnu- --enable-shared --enable-linker-build-id --libexecdir=/usr/lib --without-included-gettext --enable-threads=posix --libdir=/usr/lib --enable-nls --enable-bootstrap --enable-clocale=gnu --enable-libstdcxx-debug --enable-libstdcxx-time=yes --with-default-libstdcxx-abi=new --enable-gnu-unique-object --disable-vtable-verify --enable-plugin --enable-default-pie --with-system-zlib --enable-libphobos-checking=release --with-target-system-zlib=auto --enable-objc-gc=auto --enable-multiarch --disable-werror --enable-cet --with-arch-32=i686 --with-abi=m64 --with-multilib-list=m32,m64,mx32 --enable-multilib --with-tune=generic --enable-offload-targets=nvptx-none=/build/gcc-11-0odw26/gcc-11-11.4.0/debian/tmp-nvptx/usr,amdgcn-amdhsa=/build/gcc-11-0odw26/gcc-11-11.4.0/debian/tmp-gcn/usr --without-cuda-driver --enable-checking=release --build=x86_64-linux-gnu --host=x86_64-linux-gnu --target=x86_64-linux-gnu --with-build-config=bootstrap-lto-lean --enable-link-serialization=2
Thread model: posix
Supported LTO compression algorithms: zlib zstd
gcc version 11.4.0 (Ubuntu 11.4.0-1ubuntu1~22.04.3) 
COLLECT_GCC_OPTIONS='-D' '__CUDA_ARCH_LIST__=520' '-D' '__NV_LEGACY_LAUNCH' '-E' '-D' '__CUDACC__' '-D' '__NVCC__' '-v' '-I' '/usr/local/cuda/bin/../targets/x86_64-linux/include' '-D' '__CUDACC_VER_MAJOR__=12' '-D' '__CUDACC_VER_MINOR__=6' '-D' '__CUDACC_VER_BUILD__=20' '-D' '__CUDA_API_VER_MAJOR__=12' '-D' '__CUDA_API_VER_MINOR__=6' '-D' '__NVCC_DIAG_PRAGMA_SUPPORT__=1' '-include' 'cuda_runtime.h' '-m64' '-o' '/tmp/tmpxft_00002972_00000000-5_CMakeCUDACompilerABI.cpp4.ii' '-mtune=generic' '-march=x86-64' '-dumpdir' '/tmp/'
 /usr/lib/gcc/x86_64-linux-gnu/11/cc1plus -E -quiet -v -I /usr/local/cuda/bin/../targets/x86_64-linux/include -imultiarch x86_64-linux-gnu -D_GNU_SOURCE -D __CUDA_ARCH_LIST__=520 -D __NV_LEGACY_LAUNCH -D __CUDACC__ -D __NVCC__ -D __CUDACC_VER_MAJOR__=12 -D __CUDACC_VER_MINOR__=6 -D __CUDACC_VER_BUILD__=20 -D __CUDA_API_VER_MAJOR__=12 -D __CUDA_API_VER_MINOR__=6 -D __NVCC_DIAG_PRAGMA_SUPPORT__=1 -include cuda_runtime.h /usr/share/cmake-3.22/Modules/CMakeCUDACompilerABI.cu -o /tmp/tmpxft_00002972_00000000-5_CMakeCUDACompilerABI.cpp4.ii -m64 -mtune=generic -march=x86-64 -fasynchronous-unwind-tables -fstack-protector-strong -Wformat -Wformat-security -fstack-clash-protection -fcf-protection -dumpdir /tmp/ -dumpbase tmpxft_00002972_00000000-5_CMakeCUDACompilerABI.cpp4.cu -dumpbase-ext .cu
ignoring duplicate directory "/usr/include/x86_64-linux-gnu/c++/11"
ignoring nonexistent directory "/usr/local/include/x86_64-linux-gnu"
ignoring nonexistent directory "/usr/lib/gcc/x86_64-linux-gnu/11/include-fixed"
ignoring nonexistent directory "/usr/lib/gcc/x86_64-linux-gnu/11/../../../../x86_64-linux-gnu/include"
#include "..." search starts here:
#include <...> search starts here:
 /usr/local/cuda/bin/../targets/x86_64-linux/include
 /usr/include/c++/11
 /usr/include/x86_64-linux-gnu/c++/11
 /usr/include/c++/11/backward
 /usr/lib/gcc/x86_64-linux-gnu/11/include
 /usr/local/include
 /usr/include/x86_64-linux-gnu
 /usr/include
End of search list.
COMPILER_PATH=/usr/lib/gcc/x86_64-linux-gnu/11/:/usr/lib/gcc/x86_64-linux-gnu/11/:/usr/lib/gcc/x86_64-linux-gnu/:/usr/lib/gcc/x86_64-linux-gnu/11/:/usr/lib/gcc/x86_64-linux-gnu/
LIBRARY_PATH=/usr/lib/gcc/x86_64-linux-gnu/11/:/usr/lib/gcc/x86_64-linux-gnu/11/../../../x86_64-linux-gnu/:/usr/lib/gcc/x86_64-linux-gnu/11/../../../../lib/:/lib/x86_64-linux-gnu/:/lib/../lib/:/usr/lib/x86_64-linux-gnu/:/usr/lib/../lib/:/usr/lib/gcc/x86_64-linux-gnu/11/../../../:/lib/:/usr/lib/
COLLECT_GCC_OPTIONS='-D' '__CUDA_ARCH_LIST__=520' '-D' '__NV_LEGACY_LAUNCH' '-E' '-D' '__CUDACC__' '-D' '__NVCC__' '-v' '-I' '/usr/local/cuda/bin/../targets/x86_64-linux/include' '-D' '__CUDACC_VER_MAJOR__=12' '-D' '__CUDACC_VER_MINOR__=6' '-D' '__CUDACC_VER_BUILD__=20' '-D' '__CUDA_API_VER_MAJOR__=12' '-D' '__CUDA_API_VER_MINOR__=6' '-D' '__NVCC_DIAG_PRAGMA_SUPPORT__=1' '-include' 'cuda_runtime.h' '-m64' '-o' '/tmp/tmpxft_00002972_00000000-5_CMakeCUDACompilerABI.cpp4.ii' '-mtune=generic' '-march=x86-64' '-dumpdir' '/tmp/tmpxft_00002972_00000000-5_CMakeCUDACompilerABI.cpp4.'
Using built-in specs.
COLLECT_GCC=gcc
OFFLOAD_TARGET_NAMES=nvptx-none:amdgcn-amdhsa
OFFLOAD_TARGET_DEFAULT=1
Target: x86_64-linux-gnu
Configured with: ../src/configure -v --with-pkgversion='Ubuntu 11.4.0-1ubuntu1~22.04.3' --with-bugurl=file:///usr/share/doc/gcc-11/README.Bugs --enable-languages=c,ada,c++,go,brig,d,fortran,objc,obj-c++,m2 --prefix=/usr --with-gcc-major-version-only --program-suffix=-11 --program-prefix=x86_64-linux-gnu- --enable-shared --enable-linker-build-id --libexecdir=/usr/lib --without-included-gettext --enable-threads=posix --libdir=/usr/lib --enable-nls --enable-bootstrap --enable-clocale=gnu --enable-libstdcxx-debug --enable-libstdcxx-time=yes --with-default-libstdcxx-abi=new --enable-gnu-unique-object --disable-vtable-verify --enable-plugin --enable-default-pie --with-system-zlib --enable-libphobos-checking=release --with-target-system-zlib=auto --enable-objc-gc=auto --enable-multiarch --disable-werror --enable-cet --with-arch-32=i686 --with-abi=m64 --with-multilib-list=m32,m64,mx32 --enable-multilib --with-tune=generic --enable-offload-targets=nvptx-none=/build/gcc-11-0odw26/gcc-11-11.4.0/debian/tmp-nvptx/usr,amdgcn-amdhsa=/build/gcc-11-0odw26/gcc-11-11.4.0/debian/tmp-gcn/usr --without-cuda-driver --enable-checking=release --build=x86_64-linux-gnu --host=x86_64-linux-gnu --target=x86_64-linux-gnu --with-build-config=bootstrap-lto-lean --enable-link-serialization=2
Thread model: posix
Supported LTO compression algorithms: zlib zstd
gcc version 11.4.0 (Ubuntu 11.4.0-1ubuntu1~22.04.3) 
COLLECT_GCC_OPTIONS='-D' '__CUDA_ARCH__=520' '-D' '__CUDA_ARCH_LIST__=520' '-D' '__NV_LEGACY_LAUNCH' '-c' '-D' 'CUDA_DOUBLE_MATH_FUNCTIONS' '-v' '-Wno-psabi' '-I' '/usr/local/cuda/bin/../targets/x86_64-linux/include' '-m64' '-o' 'CMakeFiles/cmTC_fe6ab.dir/CMakeCUDACompilerABI.cu.o' '-mtune=generic' '-march=x86-64' '-dumpdir' 'CMakeFiles/cmTC_fe6ab.dir/'
 /usr/lib/gcc/x86_64-linux-gnu/11/cc1plus -quiet -v -I /usr/local/cuda/bin/../targets/x86_64-linux/include -imultiarch x86_64-linux-gnu -D_GNU_SOURCE -D __CUDA_ARCH__=520 -D __CUDA_ARCH_LIST__=520 -D __NV_LEGACY_LAUNCH -D CUDA_DOUBLE_MATH_FUNCTIONS /tmp/tmpxft_00002972_00000000-6_CMakeCUDACompilerABI.cudafe1.cpp -quiet -dumpdir CMakeFiles/cmTC_fe6ab.dir/ -dumpbase CMakeCUDACompilerABI.cu.cpp -dumpbase-ext .cpp -m64 -mtune=generic -march=x86-64 -Wno-psabi -version -fasynchronous-unwind-tables -fstack-protector-strong -Wformat -Wformat-security -fstack-clash-protection -fcf-protection -o /tmp/ccVB8XHX.s
GNU C++17 (Ubuntu 11.4.0-1ubuntu1~22.04.3) version 11.4.0 (x86_64-linux-gnu)
	compiled by GNU C version 11.4.0, GMP version 6.2.1, MPFR version 4.1.0, MPC version 1.2.1, isl version isl-0.24-GMP

GGC heuristics: --param ggc-min-expand=100 --param ggc-min-heapsize=131072
ignoring duplicate directory "/usr/include/x86_64-linux-gnu/c++/11"
ignoring nonexistent directory "/usr/local/include/x86_64-linux-gnu"
ignoring nonexistent directory "/usr/lib/gcc/x86_64-linux-gnu/11/include-fixed"
ignoring nonexistent directory "/usr/lib/gcc/x86_64-linux-gnu/11/../../../../x86_64-linux-gnu/include"
#include "..." search starts here:
#include <...> search starts here:
 /usr/local/cuda/bin/../targets/x86_64-linux/include
 /usr/include/c++/11
 /usr/include/x86_64-linux-gnu/c++/11
 /usr/include/c++/11/backward
 /usr/lib/gcc/x86_64-linux-gnu/11/include
 /usr/local/include
 /usr/include/x86_64-linux-gnu
 /usr/include
End of search list.
GNU C++17 (Ubuntu 11.4.0-1ubuntu1~22.04.3) version 11.4.0 (x86_64-linux-gnu)
	compiled by GNU C version 11.4.0, GMP version 6.2.1, MPFR version 4.1.0, MPC version 1.2.1, isl version isl-0.24-GMP

GGC heuristics: --param ggc-min-expand=100 --param ggc-min-heapsize=131072
Compiler executable checksum: ac7fa628ee459f217e6fdb88b3db0bde
COLLECT_GCC_OPTIONS='-D' '__CUDA_ARCH__=520' '-D' '__CUDA_ARCH_LIST__=520' '-D' '__NV_LEGACY_LAUNCH' '-c' '-D' 'CUDA_DOUBLE_MATH_FUNCTIONS' '-v' '-Wno-psabi' '-I' '/usr/local/cuda/bin/../targets/x86_64-linux/include' '-m64' '-o' 'CMakeFiles/cmTC_fe6ab.dir/CMakeCUDACompilerABI.cu.o' '-mtune=generic' '-march=x86-64' '-dumpdir' 'CMakeFiles/cmTC_fe6ab.dir/'
 as -v -I /usr/local/cuda/bin/../targets/x86_64-linux/include --64 -o CMakeFiles/cmTC_fe6ab.dir/CMakeCUDACompilerABI.cu.o /tmp/ccVB8XHX.s
GNU assembler version 2.38 (x86_64-linux-gnu) using BFD version (GNU Binutils for Ubuntu) 2.38
COMPILER_PATH=/usr/lib/gcc/x86_64-linux-gnu/11/:/usr/lib/gcc/x86_64-linux-gnu/11/:/usr/lib/gcc/x86_64-linux-gnu/:/usr/lib/gcc/x86_64-linux-gnu/11/:/usr/lib/gcc/x86_64-linux-gnu/
LIBRARY_PATH=/usr/lib/gcc/x86_64-linux-gnu/11/:/usr/lib/gcc/x86_64-linux-gnu/11/../../../x86_64-linux-gnu/:/usr/lib/gcc/x86_64-linux-gnu/11/../../../../lib/:/lib/x86_64-linux-gnu/:/lib/../lib/:/usr/lib/x86_64-linux-gnu/:/usr/lib/../lib/:/usr/lib/gcc/x86_64-linux-gnu/11/../../../:/lib/:/usr/lib/
COLLECT_GCC_OPTIONS='-D' '__CUDA_ARCH__=520' '-D' '__CUDA_ARCH_LIST__=520' '-D' '__NV_LEGACY_LAUNCH' '-c' '-D' 'CUDA_DOUBLE_MATH_FUNCTIONS' '-v' '-Wno-psabi' '-I' '/usr/local/cuda/bin/../targets/x86_64-linux/include' '-m64' '-o' 'CMakeFiles/cmTC_fe6ab.dir/CMakeCUDACompilerABI.cu.o' '-mtune=generic' '-march=x86-64' '-dumpdir' 'CMakeFiles/cmTC_fe6ab.dir/CMakeCUDACompilerABI.cu.'
Linking CUDA executable cmTC_fe6ab
/usr/bin/cmake -E cmake_link_script CMakeFiles/cmTC_fe6ab.dir/link.txt --verbose=1
/usr/bin/g++  -v CMakeFiles/cmTC_fe6ab.dir/CMakeCUDACompilerABI.cu.o -o cmTC_fe6ab  -lcudadevrt -lcudart_static -lrt -lpthread -ldl  -L"/usr/local/cuda/targets/x86_64-linux/lib/stubs" -L"/usr/local/cuda/targets/x86_64-linux/lib"
Using built-in specs.
COLLECT_GCC=/usr/bin/g++
COLLECT_LTO_WRAPPER=/usr/lib/gcc/x86_64-linux-gnu/11/lto-wrapper
OFFLOAD_TARGET_NAMES=nvptx-none:amdgcn-amdhsa
OFFLOAD_TARGET_DEFAULT=1
Target: x86_64-linux-gnu
Configured with: ../src/configure -v --with-pkgversion='Ubuntu 11.4.0-1ubuntu1~22.04.3' --with-bugurl=file:///usr/share/doc/gcc-11/README.Bugs --enable-languages=c,ada,c++,go,brig,d,fortran,objc,obj-c++,m2 --prefix=/usr --with-gcc-major-version-only --program-suffix=-11 --program-prefix=x86_64-linux-gnu- --enable-shared --enable-linker-build-id --libexecdir=/usr/lib --without-included-gettext --enable-threads=posix --libdir=/usr/lib --enable-nls --enable-bootstrap --enable-clocale=gnu --enable-libstdcxx-debug --enable-libstdcxx-time=yes --with-default-libstdcxx-abi=new --enable-gnu-unique-object --disable-vtable-verify --enable-plugin --enable-default-pie --with-system-zlib --enable-libphobos-checking=release --with-target-system-zlib=auto --enable-objc-gc=auto --enable-multiarch --disable-werror --enable-cet --with-arch-32=i686 --with-abi=m64 --with-multilib-list=m32,m64,mx32 --enable-multilib --with-tune=generic --enable-offload-targets=nvptx-none=/build/gcc-11-0odw26/gcc-11-11.4.0/debian/tmp-nvptx/usr,amdgcn-amdhsa=/build/gcc-11-0odw26/gcc-11-11.4.0/debian/tmp-gcn/usr --without-cuda-driver --enable-checking=release --build=x86_64-linux-gnu --host=x86_64-linux-gnu --target=x86_64-linux-gnu --with-build-config=bootstrap-lto-lean --enable-link-serialization=2
Thread model: posix
Supported LTO compression algorithms: zlib zstd
gcc version 11.4.0 (Ubuntu 11.4.0-1ubuntu1~22.04.3) 
COMPILER_PATH=/usr/lib/gcc/x86_64-linux-gnu/11/:/usr/lib/gcc/x86_64-linux-gnu/11/:/usr/lib/gcc/x86_64-linux-gnu/:/usr/lib/gcc/x86_64-linux-gnu/11/:/usr/lib/gcc/x86_64-linux-gnu/
LIBRARY_PATH=/usr/lib/gcc/x86_64-linux-gnu/11/:/usr/lib/gcc/x86_64-linux-gnu/11/../../../x86_64-linux-gnu/:/usr/lib/gcc/x86_64-linux-gnu/11/../../../../lib/:/lib/x86_64-linux-gnu/:/lib/../lib/:/usr/lib/x86_64-linux-gnu/:/usr/lib/../lib/:/usr/lib/gcc/x86_64-linux-gnu/11/../../../:/lib/:/usr/lib/
COLLECT_GCC_OPTIONS='-v' '-o' 'cmTC_fe6ab' '-L/usr/local/cuda/targets/x86_64-linux/lib/stubs' '-L/usr/local/cuda/targets/x86_64-linux/lib' '-shared-libgcc' '-mtune=generic' '-march=x86-64' '-dumpdir' 'cmTC_fe6ab.'
 /usr/lib/gcc/x86_64-linux-gnu/11/collect2 -plugin /usr/lib/gcc/x86_64-linux-gnu/11/liblto_plugin.so -plugin-opt=/usr/lib/gcc/x86_64-linux-gnu/11/lto-wrapper -plugin-opt=-fresolution=/tmp/cca7HNxP.res -plugin-opt=-pass-through=-lgcc_s -plugin-opt=-pass-through=-lgcc -plugin-opt=-pass-through=-lc -plugin-opt=-pass-through=-lgcc_s -plugin-opt=-pass-through=-lgcc --build-id --eh-frame-hdr -m elf_x86_64 --hash-style=gnu --as-needed -dynamic-linker /lib64/ld-linux-x86-64.so.2 -pie -z now -z relro -o cmTC_fe6ab /usr/lib/gcc/x86_64-linux-gnu/11/../../../x86_64-linux-gnu/Scrt1.o /usr/lib/gcc/x86_64-linux-gnu/11/../../../x86_64-linux-gnu/crti.o /usr/lib/gcc/x86_64-linux-gnu/11/crtbeginS.o -L/usr/local/cuda/targets/x86_64-linux/lib/stubs -L/usr/local/cuda/targets/x86_64-linux/lib -L/usr/lib/gcc/x86_64-linux-gnu/11 -L/usr/lib/gcc/x86_64-linux-gnu/11/../../../x86_64-linux-gnu -L/usr/lib/gcc/x86_64-linux-gnu/11/../../../../lib -L/lib/x86_64-linux-gnu -L/lib/../lib -L/usr/lib/x86_64-linux-gnu -L/usr/lib/../lib -L/usr/lib/gcc/x86_64-linux-gnu/11/../../.. CMakeFiles/cmTC_fe6ab.dir/CMakeCUDACompilerABI.cu.o -lcudadevrt -lcudart_static -lrt -lpthread -ldl -lstdc++ -lm -lgcc_s -lgcc -lc -lgcc_s -lgcc /usr/lib/gcc/x86_64-linux-gnu/11/crtendS.o /usr/lib/gcc/x86_64-linux-gnu/11/../../../x86_64-linux-gnu/crtn.o
COLLECT_GCC_OPTIONS='-v' '-o' 'cmTC_fe6ab' '-L/usr/local/cuda/targets/x86_64-linux/lib/stubs' '-L/usr/local/cuda/targets/x86_64-linux/lib' '-shared-libgcc' '-mtune=generic' '-march=x86-64' '-dumpdir' 'cmTC_fe6ab.'
gmake[1]: Leaving directory '/home/czz/nvblox_ws/build/nvblox/CMakeFiles/CMakeTmp'



Parsed CUDA implicit include dir info from above output: rv=done
  found start of include info
  found start of implicit include info
    add: [/usr/local/cuda/bin/../targets/x86_64-linux/include]
    add: [/usr/include/c++/11]
    add: [/usr/include/x86_64-linux-gnu/c++/11]
    add: [/usr/include/c++/11/backward]
    add: [/usr/lib/gcc/x86_64-linux-gnu/11/include]
    add: [/usr/local/include]
    add: [/usr/include/x86_64-linux-gnu]
    add: [/usr/include]
  end of search list found
  collapse include dir [/usr/local/cuda/bin/../targets/x86_64-linux/include] ==> [/usr/local/cuda/targets/x86_64-linux/include]
  collapse include dir [/usr/include/c++/11] ==> [/usr/include/c++/11]
  collapse include dir [/usr/include/x86_64-linux-gnu/c++/11] ==> [/usr/include/x86_64-linux-gnu/c++/11]
  collapse include dir [/usr/include/c++/11/backward] ==> [/usr/include/c++/11/backward]
  collapse include dir [/usr/lib/gcc/x86_64-linux-gnu/11/include] ==> [/usr/lib/gcc/x86_64-linux-gnu/11/include]
  collapse include dir [/usr/local/include] ==> [/usr/local/include]
  collapse include dir [/usr/include/x86_64-linux-gnu] ==> [/usr/include/x86_64-linux-gnu]
  collapse include dir [/usr/include] ==> [/usr/include]
  implicit include dirs: [/usr/local/cuda/targets/x86_64-linux/include;/usr/include/c++/11;/usr/include/x86_64-linux-gnu/c++/11;/usr/include/c++/11/backward;/usr/lib/gcc/x86_64-linux-gnu/11/include;/usr/local/include;/usr/include/x86_64-linux-gnu;/usr/include]


Parsed CUDA implicit link information from above output:
  link line regex: [^( *|.*[/\])(ld|CMAKE_LINK_STARTFILE-NOTFOUND|([^/\]+-)?ld|collect2)[^/\]*( |$)]
  ignore line: [Change Dir: /home/czz/nvblox_ws/build/nvblox/CMakeFiles/CMakeTmp]
  ignore line: []
  ignore line: [Run Build Command(s):/usr/bin/gmake -f Makefile cmTC_fe6ab/fast && /usr/bin/gmake  -f CMakeFiles/cmTC_fe6ab.dir/build.make CMakeFiles/cmTC_fe6ab.dir/build]
  ignore line: [gmake[1]: Entering directory '/home/czz/nvblox_ws/build/nvblox/CMakeFiles/CMakeTmp']
  ignore line: [Building CUDA object CMakeFiles/cmTC_fe6ab.dir/CMakeCUDACompilerABI.cu.o]
  ignore line: [/usr/local/cuda/bin/nvcc -forward-unknown-to-host-compiler   --generate-code=arch=compute_52 code=[compute_52 sm_52]   -Xcompiler=-v -MD -MT CMakeFiles/cmTC_fe6ab.dir/CMakeCUDACompilerABI.cu.o -MF CMakeFiles/cmTC_fe6ab.dir/CMakeCUDACompilerABI.cu.o.d -x cu -c /usr/share/cmake-3.22/Modules/CMakeCUDACompilerABI.cu -o CMakeFiles/cmTC_fe6ab.dir/CMakeCUDACompilerABI.cu.o]
  ignore line: [Using built-in specs.]
  ignore line: [COLLECT_GCC=gcc]
  ignore line: [OFFLOAD_TARGET_NAMES=nvptx-none:amdgcn-amdhsa]
  ignore line: [OFFLOAD_TARGET_DEFAULT=1]
  ignore line: [Target: x86_64-linux-gnu]
  ignore line: [Configured with: ../src/configure -v --with-pkgversion='Ubuntu 11.4.0-1ubuntu1~22.04.3' --with-bugurl=file:///usr/share/doc/gcc-11/README.Bugs --enable-languages=c ada c++ go brig d fortran objc obj-c++ m2 --prefix=/usr --with-gcc-major-version-only --program-suffix=-11 --program-prefix=x86_64-linux-gnu- --enable-shared --enable-linker-build-id --libexecdir=/usr/lib --without-included-gettext --enable-threads=posix --libdir=/usr/lib --enable-nls --enable-bootstrap --enable-clocale=gnu --enable-libstdcxx-debug --enable-libstdcxx-time=yes --with-default-libstdcxx-abi=new --enable-gnu-unique-object --disable-vtable-verify --enable-plugin --enable-default-pie --with-system-zlib --enable-libphobos-checking=release --with-target-system-zlib=auto --enable-objc-gc=auto --enable-multiarch --disable-werror --enable-cet --with-arch-32=i686 --with-abi=m64 --with-multilib-list=m32 m64 mx32 --enable-multilib --with-tune=generic --enable-offload-targets=nvptx-none=/build/gcc-11-0odw26/gcc-11-11.4.0/debian/tmp-nvptx/usr amdgcn-amdhsa=/build/gcc-11-0odw26/gcc-11-11.4.0/debian/tmp-gcn/usr --without-cuda-driver --enable-checking=release --build=x86_64-linux-gnu --host=x86_64-linux-gnu --target=x86_64-linux-gnu --with-build-config=bootstrap-lto-lean --enable-link-serialization=2]
  ignore line: [Thread model: posix]
  ignore line: [Supported LTO compression algorithms: zlib zstd]
  ignore line: [gcc version 11.4.0 (Ubuntu 11.4.0-1ubuntu1~22.04.3) ]
  ignore line: [COLLECT_GCC_OPTIONS='-D' '__CUDA_ARCH__=520' '-D' '__CUDA_ARCH_LIST__=520' '-D' '__NV_LEGACY_LAUNCH' '-E' '-D' 'CUDA_DOUBLE_MATH_FUNCTIONS' '-D' '__CUDACC__' '-D' '__NVCC__' '-v' '-I' '/usr/local/cuda/bin/../targets/x86_64-linux/include' '-D' '__CUDACC_VER_MAJOR__=12' '-D' '__CUDACC_VER_MINOR__=6' '-D' '__CUDACC_VER_BUILD__=20' '-D' '__CUDA_API_VER_MAJOR__=12' '-D' '__CUDA_API_VER_MINOR__=6' '-D' '__NVCC_DIAG_PRAGMA_SUPPORT__=1' '-include' 'cuda_runtime.h' '-m64' '-o' '/tmp/tmpxft_00002972_00000000-7_CMakeCUDACompilerABI.cpp1.ii' '-mtune=generic' '-march=x86-64' '-dumpdir' '/tmp/']
  ignore line: [ /usr/lib/gcc/x86_64-linux-gnu/11/cc1plus -E -quiet -v -I /usr/local/cuda/bin/../targets/x86_64-linux/include -imultiarch x86_64-linux-gnu -D_GNU_SOURCE -D __CUDA_ARCH__=520 -D __CUDA_ARCH_LIST__=520 -D __NV_LEGACY_LAUNCH -D CUDA_DOUBLE_MATH_FUNCTIONS -D __CUDACC__ -D __NVCC__ -D __CUDACC_VER_MAJOR__=12 -D __CUDACC_VER_MINOR__=6 -D __CUDACC_VER_BUILD__=20 -D __CUDA_API_VER_MAJOR__=12 -D __CUDA_API_VER_MINOR__=6 -D __NVCC_DIAG_PRAGMA_SUPPORT__=1 -include cuda_runtime.h /usr/share/cmake-3.22/Modules/CMakeCUDACompilerABI.cu -o /tmp/tmpxft_00002972_00000000-7_CMakeCUDACompilerABI.cpp1.ii -m64 -mtune=generic -march=x86-64 -fasynchronous-unwind-tables -fstack-protector-strong -Wformat -Wformat-security -fstack-clash-protection -fcf-protection -dumpdir /tmp/ -dumpbase tmpxft_00002972_00000000-7_CMakeCUDACompilerABI.cpp1.cu -dumpbase-ext .cu]
  ignore line: [ignoring duplicate directory "/usr/include/x86_64-linux-gnu/c++/11"]
  ignore line: [ignoring nonexistent directory "/usr/local/include/x86_64-linux-gnu"]
  ignore line: [ignoring nonexistent directory "/usr/lib/gcc/x86_64-linux-gnu/11/include-fixed"]
  ignore line: [ignoring nonexistent directory "/usr/lib/gcc/x86_64-linux-gnu/11/../../../../x86_64-linux-gnu/include"]
  ignore line: [#include "..." search starts here:]
  ignore line: [#include <...> search starts here:]
  ignore line: [ /usr/local/cuda/bin/../targets/x86_64-linux/include]
  ignore line: [ /usr/include/c++/11]
  ignore line: [ /usr/include/x86_64-linux-gnu/c++/11]
  ignore line: [ /usr/include/c++/11/backward]
  ignore line: [ /usr/lib/gcc/x86_64-linux-gnu/11/include]
  ignore line: [ /usr/local/include]
  ignore line: [ /usr/include/x86_64-linux-gnu]
  ignore line: [ /usr/include]
  ignore line: [End of search list.]
  ignore line: [COMPILER_PATH=/usr/lib/gcc/x86_64-linux-gnu/11/:/usr/lib/gcc/x86_64-linux-gnu/11/:/usr/lib/gcc/x86_64-linux-gnu/:/usr/lib/gcc/x86_64-linux-gnu/11/:/usr/lib/gcc/x86_64-linux-gnu/]
  ignore line: [LIBRARY_PATH=/usr/lib/gcc/x86_64-linux-gnu/11/:/usr/lib/gcc/x86_64-linux-gnu/11/../../../x86_64-linux-gnu/:/usr/lib/gcc/x86_64-linux-gnu/11/../../../../lib/:/lib/x86_64-linux-gnu/:/lib/../lib/:/usr/lib/x86_64-linux-gnu/:/usr/lib/../lib/:/usr/lib/gcc/x86_64-linux-gnu/11/../../../:/lib/:/usr/lib/]
  ignore line: [COLLECT_GCC_OPTIONS='-D' '__CUDA_ARCH__=520' '-D' '__CUDA_ARCH_LIST__=520' '-D' '__NV_LEGACY_LAUNCH' '-E' '-D' 'CUDA_DOUBLE_MATH_FUNCTIONS' '-D' '__CUDACC__' '-D' '__NVCC__' '-v' '-I' '/usr/local/cuda/bin/../targets/x86_64-linux/include' '-D' '__CUDACC_VER_MAJOR__=12' '-D' '__CUDACC_VER_MINOR__=6' '-D' '__CUDACC_VER_BUILD__=20' '-D' '__CUDA_API_VER_MAJOR__=12' '-D' '__CUDA_API_VER_MINOR__=6' '-D' '__NVCC_DIAG_PRAGMA_SUPPORT__=1' '-include' 'cuda_runtime.h' '-m64' '-o' '/tmp/tmpxft_00002972_00000000-7_CMakeCUDACompilerABI.cpp1.ii' '-mtune=generic' '-march=x86-64' '-dumpdir' '/tmp/tmpxft_00002972_00000000-7_CMakeCUDACompilerABI.cpp1.']
  ignore line: [Using built-in specs.]
  ignore line: [COLLECT_GCC=gcc]
  ignore line: [OFFLOAD_TARGET_NAMES=nvptx-none:amdgcn-amdhsa]
  ignore line: [OFFLOAD_TARGET_DEFAULT=1]
  ignore line: [Target: x86_64-linux-gnu]
  ignore line: [Configured with: ../src/configure -v --with-pkgversion='Ubuntu 11.4.0-1ubuntu1~22.04.3' --with-bugurl=file:///usr/share/doc/gcc-11/README.Bugs --enable-languages=c ada c++ go brig d fortran objc obj-c++ m2 --prefix=/usr --with-gcc-major-version-only --program-suffix=-11 --program-prefix=x86_64-linux-gnu- --enable-shared --enable-linker-build-id --libexecdir=/usr/lib --without-included-gettext --enable-threads=posix --libdir=/usr/lib --enable-nls --enable-bootstrap --enable-clocale=gnu --enable-libstdcxx-debug --enable-libstdcxx-time=yes --with-default-libstdcxx-abi=new --enable-gnu-unique-object --disable-vtable-verify --enable-plugin --enable-default-pie --with-system-zlib --enable-libphobos-checking=release --with-target-system-zlib=auto --enable-objc-gc=auto --enable-multiarch --disable-werror --enable-cet --with-arch-32=i686 --with-abi=m64 --with-multilib-list=m32 m64 mx32 --enable-multilib --with-tune=generic --enable-offload-targets=nvptx-none=/build/gcc-11-0odw26/gcc-11-11.4.0/debian/tmp-nvptx/usr amdgcn-amdhsa=/build/gcc-11-0odw26/gcc-11-11.4.0/debian/tmp-gcn/usr --without-cuda-driver --enable-checking=release --build=x86_64-linux-gnu --host=x86_64-linux-gnu --target=x86_64-linux-gnu --with-build-config=bootstrap-lto-lean --enable-link-serialization=2]
  ignore line: [Thread model: posix]
  ignore line: [Supported LTO compression algorithms: zlib zstd]
  ignore line: [gcc version 11.4.0 (Ubuntu 11.4.0-1ubuntu1~22.04.3) ]
  ignore line: [COLLECT_GCC_OPTIONS='-D' '__CUDA_ARCH_LIST__=520' '-D' '__NV_LEGACY_LAUNCH' '-E' '-D' '__CUDACC__' '-D' '__NVCC__' '-v' '-I' '/usr/local/cuda/bin/../targets/x86_64-linux/include' '-D' '__CUDACC_VER_MAJOR__=12' '-D' '__CUDACC_VER_MINOR__=6' '-D' '__CUDACC_VER_BUILD__=20' '-D' '__CUDA_API_VER_MAJOR__=12' '-D' '__CUDA_API_VER_MINOR__=6' '-D' '__NVCC_DIAG_PRAGMA_SUPPORT__=1' '-include' 'cuda_runtime.h' '-m64' '-o' '/tmp/tmpxft_00002972_00000000-5_CMakeCUDACompilerABI.cpp4.ii' '-mtune=generic' '-march=x86-64' '-dumpdir' '/tmp/']
  ignore line: [ /usr/lib/gcc/x86_64-linux-gnu/11/cc1plus -E -quiet -v -I /usr/local/cuda/bin/../targets/x86_64-linux/include -imultiarch x86_64-linux-gnu -D_GNU_SOURCE -D __CUDA_ARCH_LIST__=520 -D __NV_LEGACY_LAUNCH -D __CUDACC__ -D __NVCC__ -D __CUDACC_VER_MAJOR__=12 -D __CUDACC_VER_MINOR__=6 -D __CUDACC_VER_BUILD__=20 -D __CUDA_API_VER_MAJOR__=12 -D __CUDA_API_VER_MINOR__=6 -D __NVCC_DIAG_PRAGMA_SUPPORT__=1 -include cuda_runtime.h /usr/share/cmake-3.22/Modules/CMakeCUDACompilerABI.cu -o /tmp/tmpxft_00002972_00000000-5_CMakeCUDACompilerABI.cpp4.ii -m64 -mtune=generic -march=x86-64 -fasynchronous-unwind-tables -fstack-protector-strong -Wformat -Wformat-security -fstack-clash-protection -fcf-protection -dumpdir /tmp/ -dumpbase tmpxft_00002972_00000000-5_CMakeCUDACompilerABI.cpp4.cu -dumpbase-ext .cu]
  ignore line: [ignoring duplicate directory "/usr/include/x86_64-linux-gnu/c++/11"]
  ignore line: [ignoring nonexistent directory "/usr/local/include/x86_64-linux-gnu"]
  ignore line: [ignoring nonexistent directory "/usr/lib/gcc/x86_64-linux-gnu/11/include-fixed"]
  ignore line: [ignoring nonexistent directory "/usr/lib/gcc/x86_64-linux-gnu/11/../../../../x86_64-linux-gnu/include"]
  ignore line: [#include "..." search starts here:]
  ignore line: [#include <...> search starts here:]
  ignore line: [ /usr/local/cuda/bin/../targets/x86_64-linux/include]
  ignore line: [ /usr/include/c++/11]
  ignore line: [ /usr/include/x86_64-linux-gnu/c++/11]
  ignore line: [ /usr/include/c++/11/backward]
  ignore line: [ /usr/lib/gcc/x86_64-linux-gnu/11/include]
  ignore line: [ /usr/local/include]
  ignore line: [ /usr/include/x86_64-linux-gnu]
  ignore line: [ /usr/include]
  ignore line: [End of search list.]
  ignore line: [COMPILER_PATH=/usr/lib/gcc/x86_64-linux-gnu/11/:/usr/lib/gcc/x86_64-linux-gnu/11/:/usr/lib/gcc/x86_64-linux-gnu/:/usr/lib/gcc/x86_64-linux-gnu/11/:/usr/lib/gcc/x86_64-linux-gnu/]
  ignore line: [LIBRARY_PATH=/usr/lib/gcc/x86_64-linux-gnu/11/:/usr/lib/gcc/x86_64-linux-gnu/11/../../../x86_64-linux-gnu/:/usr/lib/gcc/x86_64-linux-gnu/11/../../../../lib/:/lib/x86_64-linux-gnu/:/lib/../lib/:/usr/lib/x86_64-linux-gnu/:/usr/lib/../lib/:/usr/lib/gcc/x86_64-linux-gnu/11/../../../:/lib/:/usr/lib/]
  ignore line: [COLLECT_GCC_OPTIONS='-D' '__CUDA_ARCH_LIST__=520' '-D' '__NV_LEGACY_LAUNCH' '-E' '-D' '__CUDACC__' '-D' '__NVCC__' '-v' '-I' '/usr/local/cuda/bin/../targets/x86_64-linux/include' '-D' '__CUDACC_VER_MAJOR__=12' '-D' '__CUDACC_VER_MINOR__=6' '-D' '__CUDACC_VER_BUILD__=20' '-D' '__CUDA_API_VER_MAJOR__=12' '-D' '__CUDA_API_VER_MINOR__=6' '-D' '__NVCC_DIAG_PRAGMA_SUPPORT__=1' '-include' 'cuda_runtime.h' '-m64' '-o' '/tmp/tmpxft_00002972_00000000-5_CMakeCUDACompilerABI.cpp4.ii' '-mtune=generic' '-march=x86-64' '-dumpdir' '/tmp/tmpxft_00002972_00000000-5_CMakeCUDACompilerABI.cpp4.']
  ignore line: [Using built-in specs.]
  ignore line: [COLLECT_GCC=gcc]
  ignore line: [OFFLOAD_TARGET_NAMES=nvptx-none:amdgcn-amdhsa]
  ignore line: [OFFLOAD_TARGET_DEFAULT=1]
  ignore line: [Target: x86_64-linux-gnu]
  ignore line: [Configured with: ../src/configure -v --with-pkgversion='Ubuntu 11.4.0-1ubuntu1~22.04.3' --with-bugurl=file:///usr/share/doc/gcc-11/README.Bugs --enable-languages=c ada c++ go brig d fortran objc obj-c++ m2 --prefix=/usr --with-gcc-major-version-only --program-suffix=-11 --program-prefix=x86_64-linux-gnu- --enable-shared --enable-linker-build-id --libexecdir=/usr/lib --without-included-gettext --enable-threads=posix --libdir=/usr/lib --enable-nls --enable-bootstrap --enable-clocale=gnu --enable-libstdcxx-debug --enable-libstdcxx-time=yes --with-default-libstdcxx-abi=new --enable-gnu-unique-object --disable-vtable-verify --enable-plugin --enable-default-pie --with-system-zlib --enable-libphobos-checking=release --with-target-system-zlib=auto --enable-objc-gc=auto --enable-multiarch --disable-werror --enable-cet --with-arch-32=i686 --with-abi=m64 --with-multilib-list=m32 m64 mx32 --enable-multilib --with-tune=generic --enable-offload-targets=nvptx-none=/build/gcc-11-0odw26/gcc-11-11.4.0/debian/tmp-nvptx/usr amdgcn-amdhsa=/build/gcc-11-0odw26/gcc-11-11.4.0/debian/tmp-gcn/usr --without-cuda-driver --enable-checking=release --build=x86_64-linux-gnu --host=x86_64-linux-gnu --target=x86_64-linux-gnu --with-build-config=bootstrap-lto-lean --enable-link-serialization=2]
  ignore line: [Thread model: posix]
  ignore line: [Supported LTO compression algorithms: zlib zstd]
  ignore line: [gcc version 11.4.0 (Ubuntu 11.4.0-1ubuntu1~22.04.3) ]
  ignore line: [COLLECT_GCC_OPTIONS='-D' '__CUDA_ARCH__=520' '-D' '__CUDA_ARCH_LIST__=520' '-D' '__NV_LEGACY_LAUNCH' '-c' '-D' 'CUDA_DOUBLE_MATH_FUNCTIONS' '-v' '-Wno-psabi' '-I' '/usr/local/cuda/bin/../targets/x86_64-linux/include' '-m64' '-o' 'CMakeFiles/cmTC_fe6ab.dir/CMakeCUDACompilerABI.cu.o' '-mtune=generic' '-march=x86-64' '-dumpdir' 'CMakeFiles/cmTC_fe6ab.dir/']
  ignore line: [ /usr/lib/gcc/x86_64-linux-gnu/11/cc1plus -quiet -v -I /usr/local/cuda/bin/../targets/x86_64-linux/include -imultiarch x86_64-linux-gnu -D_GNU_SOURCE -D __CUDA_ARCH__=520 -D __CUDA_ARCH_LIST__=520 -D __NV_LEGACY_LAUNCH -D CUDA_DOUBLE_MATH_FUNCTIONS /tmp/tmpxft_00002972_00000000-6_CMakeCUDACompilerABI.cudafe1.cpp -quiet -dumpdir CMakeFiles/cmTC_fe6ab.dir/ -dumpbase CMakeCUDACompilerABI.cu.cpp -dumpbase-ext .cpp -m64 -mtune=generic -march=x86-64 -Wno-psabi -version -fasynchronous-unwind-tables -fstack-protector-strong -Wformat -Wformat-security -fstack-clash-protection -fcf-protection -o /tmp/ccVB8XHX.s]
  ignore line: [GNU C++17 (Ubuntu 11.4.0-1ubuntu1~22.04.3) version 11.4.0 (x86_64-linux-gnu)]
  ignore line: [	compiled by GNU C version 11.4.0  GMP version 6.2.1  MPFR version 4.1.0  MPC version 1.2.1  isl version isl-0.24-GMP]
  ignore line: []
  ignore line: [GGC heuristics: --param ggc-min-expand=100 --param ggc-min-heapsize=131072]
  ignore line: [ignoring duplicate directory "/usr/include/x86_64-linux-gnu/c++/11"]
  ignore line: [ignoring nonexistent directory "/usr/local/include/x86_64-linux-gnu"]
  ignore line: [ignoring nonexistent directory "/usr/lib/gcc/x86_64-linux-gnu/11/include-fixed"]
  ignore line: [ignoring nonexistent directory "/usr/lib/gcc/x86_64-linux-gnu/11/../../../../x86_64-linux-gnu/include"]
  ignore line: [#include "..." search starts here:]
  ignore line: [#include <...> search starts here:]
  ignore line: [ /usr/local/cuda/bin/../targets/x86_64-linux/include]
  ignore line: [ /usr/include/c++/11]
  ignore line: [ /usr/include/x86_64-linux-gnu/c++/11]
  ignore line: [ /usr/include/c++/11/backward]
  ignore line: [ /usr/lib/gcc/x86_64-linux-gnu/11/include]
  ignore line: [ /usr/local/include]
  ignore line: [ /usr/include/x86_64-linux-gnu]
  ignore line: [ /usr/include]
  ignore line: [End of search list.]
  ignore line: [GNU C++17 (Ubuntu 11.4.0-1ubuntu1~22.04.3) version 11.4.0 (x86_64-linux-gnu)]
  ignore line: [	compiled by GNU C version 11.4.0  GMP version 6.2.1  MPFR version 4.1.0  MPC version 1.2.1  isl version isl-0.24-GMP]
  ignore line: []
  ignore line: [GGC heuristics: --param ggc-min-expand=100 --param ggc-min-heapsize=131072]
  ignore line: [Compiler executable checksum: ac7fa628ee459f217e6fdb88b3db0bde]
  ignore line: [COLLECT_GCC_OPTIONS='-D' '__CUDA_ARCH__=520' '-D' '__CUDA_ARCH_LIST__=520' '-D' '__NV_LEGACY_LAUNCH' '-c' '-D' 'CUDA_DOUBLE_MATH_FUNCTIONS' '-v' '-Wno-psabi' '-I' '/usr/local/cuda/bin/../targets/x86_64-linux/include' '-m64' '-o' 'CMakeFiles/cmTC_fe6ab.dir/CMakeCUDACompilerABI.cu.o' '-mtune=generic' '-march=x86-64' '-dumpdir' 'CMakeFiles/cmTC_fe6ab.dir/']
  ignore line: [ as -v -I /usr/local/cuda/bin/../targets/x86_64-linux/include --64 -o CMakeFiles/cmTC_fe6ab.dir/CMakeCUDACompilerABI.cu.o /tmp/ccVB8XHX.s]
  ignore line: [GNU assembler version 2.38 (x86_64-linux-gnu) using BFD version (GNU Binutils for Ubuntu) 2.38]
  ignore line: [COMPILER_PATH=/usr/lib/gcc/x86_64-linux-gnu/11/:/usr/lib/gcc/x86_64-linux-gnu/11/:/usr/lib/gcc/x86_64-linux-gnu/:/usr/lib/gcc/x86_64-linux-gnu/11/:/usr/lib/gcc/x86_64-linux-gnu/]
  ignore line: [LIBRARY_PATH=/usr/lib/gcc/x86_64-linux-gnu/11/:/usr/lib/gcc/x86_64-linux-gnu/11/../../../x86_64-linux-gnu/:/usr/lib/gcc/x86_64-linux-gnu/11/../../../../lib/:/lib/x86_64-linux-gnu/:/lib/../lib/:/usr/lib/x86_64-linux-gnu/:/usr/lib/../lib/:/usr/lib/gcc/x86_64-linux-gnu/11/../../../:/lib/:/usr/lib/]
  ignore line: [COLLECT_GCC_OPTIONS='-D' '__CUDA_ARCH__=520' '-D' '__CUDA_ARCH_LIST__=520' '-D' '__NV_LEGACY_LAUNCH' '-c' '-D' 'CUDA_DOUBLE_MATH_FUNCTIONS' '-v' '-Wno-psabi' '-I' '/usr/local/cuda/bin/../targets/x86_64-linux/include' '-m64' '-o' 'CMakeFiles/cmTC_fe6ab.dir/CMakeCUDACompilerABI.cu.o' '-mtune=generic' '-march=x86-64' '-dumpdir' 'CMakeFiles/cmTC_fe6ab.dir/CMakeCUDACompilerABI.cu.']
  ignore line: [Linking CUDA executable cmTC_fe6ab]
  ignore line: [/usr/bin/cmake -E cmake_link_script CMakeFiles/cmTC_fe6ab.dir/link.txt --verbose=1]
  ignore line: [/usr/bin/g++  -v CMakeFiles/cmTC_fe6ab.dir/CMakeCUDACompilerABI.cu.o -o cmTC_fe6ab  -lcudadevrt -lcudart_static -lrt -lpthread -ldl  -L"/usr/local/cuda/targets/x86_64-linux/lib/stubs" -L"/usr/local/cuda/targets/x86_64-linux/lib"]
  ignore line: [Using built-in specs.]
  ignore line: [COLLECT_GCC=/usr/bin/g++]
  ignore line: [COLLECT_LTO_WRAPPER=/usr/lib/gcc/x86_64-linux-gnu/11/lto-wrapper]
  ignore line: [OFFLOAD_TARGET_NAMES=nvptx-none:amdgcn-amdhsa]
  ignore line: [OFFLOAD_TARGET_DEFAULT=1]
  ignore line: [Target: x86_64-linux-gnu]
  ignore line: [Configured with: ../src/configure -v --with-pkgversion='Ubuntu 11.4.0-1ubuntu1~22.04.3' --with-bugurl=file:///usr/share/doc/gcc-11/README.Bugs --enable-languages=c ada c++ go brig d fortran objc obj-c++ m2 --prefix=/usr --with-gcc-major-version-only --program-suffix=-11 --program-prefix=x86_64-linux-gnu- --enable-shared --enable-linker-build-id --libexecdir=/usr/lib --without-included-gettext --enable-threads=posix --libdir=/usr/lib --enable-nls --enable-bootstrap --enable-clocale=gnu --enable-libstdcxx-debug --enable-libstdcxx-time=yes --with-default-libstdcxx-abi=new --enable-gnu-unique-object --disable-vtable-verify --enable-plugin --enable-default-pie --with-system-zlib --enable-libphobos-checking=release --with-target-system-zlib=auto --enable-objc-gc=auto --enable-multiarch --disable-werror --enable-cet --with-arch-32=i686 --with-abi=m64 --with-multilib-list=m32 m64 mx32 --enable-multilib --with-tune=generic --enable-offload-targets=nvptx-none=/build/gcc-11-0odw26/gcc-11-11.4.0/debian/tmp-nvptx/usr amdgcn-amdhsa=/build/gcc-11-0odw26/gcc-11-11.4.0/debian/tmp-gcn/usr --without-cuda-driver --enable-checking=release --build=x86_64-linux-gnu --host=x86_64-linux-gnu --target=x86_64-linux-gnu --with-build-config=bootstrap-lto-lean --enable-link-serialization=2]
  ignore line: [Thread model: posix]
  ignore line: [Supported LTO compression algorithms: zlib zstd]
  ignore line: [gcc version 11.4.0 (Ubuntu 11.4.0-1ubuntu1~22.04.3) ]
  ignore line: [COMPILER_PATH=/usr/lib/gcc/x86_64-linux-gnu/11/:/usr/lib/gcc/x86_64-linux-gnu/11/:/usr/lib/gcc/x86_64-linux-gnu/:/usr/lib/gcc/x86_64-linux-gnu/11/:/usr/lib/gcc/x86_64-linux-gnu/]
  ignore line: [LIBRARY_PATH=/usr/lib/gcc/x86_64-linux-gnu/11/:/usr/lib/gcc/x86_64-linux-gnu/11/../../../x86_64-linux-gnu/:/usr/lib/gcc/x86_64-linux-gnu/11/../../../../lib/:/lib/x86_64-linux-gnu/:/lib/../lib/:/usr/lib/x86_64-linux-gnu/:/usr/lib/../lib/:/usr/lib/gcc/x86_64-linux-gnu/11/../../../:/lib/:/usr/lib/]
  ignore line: [COLLECT_GCC_OPTIONS='-v' '-o' 'cmTC_fe6ab' '-L/usr/local/cuda/targets/x86_64-linux/lib/stubs' '-L/usr/local/cuda/targets/x86_64-linux/lib' '-shared-libgcc' '-mtune=generic' '-march=x86-64' '-dumpdir' 'cmTC_fe6ab.']
  link line: [ /usr/lib/gcc/x86_64-linux-gnu/11/collect2 -plugin /usr/lib/gcc/x86_64-linux-gnu/11/liblto_plugin.so -plugin-opt=/usr/lib/gcc/x86_64-linux-gnu/11/lto-wrapper -plugin-opt=-fresolution=/tmp/cca7HNxP.res -plugin-opt=-pass-through=-lgcc_s -plugin-opt=-pass-through=-lgcc -plugin-opt=-pass-through=-lc -plugin-opt=-pass-through=-lgcc_s -plugin-opt=-pass-through=-lgcc --build-id --eh-frame-hdr -m elf_x86_64 --hash-style=gnu --as-needed -dynamic-linker /lib64/ld-linux-x86-64.so.2 -pie -z now -z relro -o cmTC_fe6ab /usr/lib/gcc/x86_64-linux-gnu/11/../../../x86_64-linux-gnu/Scrt1.o /usr/lib/gcc/x86_64-linux-gnu/11/../../../x86_64-linux-gnu/crti.o /usr/lib/gcc/x86_64-linux-gnu/11/crtbeginS.o -L/usr/local/cuda/targets/x86_64-linux/lib/stubs -L/usr/local/cuda/targets/x86_64-linux/lib -L/usr/lib/gcc/x86_64-linux-gnu/11 -L/usr/lib/gcc/x86_64-linux-gnu/11/../../../x86_64-linux-gnu -L/usr/lib/gcc/x86_64-linux-gnu/11/../../../../lib -L/lib/x86_64-linux-gnu -L/lib/../lib -L/usr/lib/x86_64-linux-gnu -L/usr/lib/../lib -L/usr/lib/gcc/x86_64-linux-gnu/11/../../.. CMakeFiles/cmTC_fe6ab.dir/CMakeCUDACompilerABI.cu.o -lcudadevrt -lcudart_static -lrt -lpthread -ldl -lstdc++ -lm -lgcc_s -lgcc -lc -lgcc_s -lgcc /usr/lib/gcc/x86_64-linux-gnu/11/crtendS.o /usr/lib/gcc/x86_64-linux-gnu/11/../../../x86_64-linux-gnu/crtn.o]
    arg [/usr/lib/gcc/x86_64-linux-gnu/11/collect2] ==> ignore
    arg [-plugin] ==> ignore
    arg [/usr/lib/gcc/x86_64-linux-gnu/11/liblto_plugin.so] ==> ignore
    arg [-plugin-opt=/usr/lib/gcc/x86_64-linux-gnu/11/lto-wrapper] ==> ignore
    arg [-plugin-opt=-fresolution=/tmp/cca7HNxP.res] ==> ignore
    arg [-plugin-opt=-pass-through=-lgcc_s] ==> ignore
    arg [-plugin-opt=-pass-through=-lgcc] ==> ignore
    arg [-plugin-opt=-pass-through=-lc] ==> ignore
    arg [-plugin-opt=-pass-through=-lgcc_s] ==> ignore
    arg [-plugin-opt=-pass-through=-lgcc] ==> ignore
    arg [--build-id] ==> ignore
    arg [--eh-frame-hdr] ==> ignore
    arg [-m] ==> ignore
    arg [elf_x86_64] ==> ignore
    arg [--hash-style=gnu] ==> ignore
    arg [--as-needed] ==> ignore
    arg [-dynamic-linker] ==> ignore
    arg [/lib64/ld-linux-x86-64.so.2] ==> ignore
    arg [-pie] ==> ignore
    arg [-znow] ==> ignore
    arg [-zrelro] ==> ignore
    arg [-o] ==> ignore
    arg [cmTC_fe6ab] ==> ignore
    arg [/usr/lib/gcc/x86_64-linux-gnu/11/../../../x86_64-linux-gnu/Scrt1.o] ==> obj [/usr/lib/gcc/x86_64-linux-gnu/11/../../../x86_64-linux-gnu/Scrt1.o]
    arg [/usr/lib/gcc/x86_64-linux-gnu/11/../../../x86_64-linux-gnu/crti.o] ==> obj [/usr/lib/gcc/x86_64-linux-gnu/11/../../../x86_64-linux-gnu/crti.o]
    arg [/usr/lib/gcc/x86_64-linux-gnu/11/crtbeginS.o] ==> obj [/usr/lib/gcc/x86_64-linux-gnu/11/crtbeginS.o]
    arg [-L/usr/local/cuda/targets/x86_64-linux/lib/stubs] ==> dir [/usr/local/cuda/targets/x86_64-linux/lib/stubs]
    arg [-L/usr/local/cuda/targets/x86_64-linux/lib] ==> dir [/usr/local/cuda/targets/x86_64-linux/lib]
    arg [-L/usr/lib/gcc/x86_64-linux-gnu/11] ==> dir [/usr/lib/gcc/x86_64-linux-gnu/11]
    arg [-L/usr/lib/gcc/x86_64-linux-gnu/11/../../../x86_64-linux-gnu] ==> dir [/usr/lib/gcc/x86_64-linux-gnu/11/../../../x86_64-linux-gnu]
    arg [-L/usr/lib/gcc/x86_64-linux-gnu/11/../../../../lib] ==> dir [/usr/lib/gcc/x86_64-linux-gnu/11/../../../../lib]
    arg [-L/lib/x86_64-linux-gnu] ==> dir [/lib/x86_64-linux-gnu]
    arg [-L/lib/../lib] ==> dir [/lib/../lib]
    arg [-L/usr/lib/x86_64-linux-gnu] ==> dir [/usr/lib/x86_64-linux-gnu]
    arg [-L/usr/lib/../lib] ==> dir [/usr/lib/../lib]
    arg [-L/usr/lib/gcc/x86_64-linux-gnu/11/../../..] ==> dir [/usr/lib/gcc/x86_64-linux-gnu/11/../../..]
    arg [CMakeFiles/cmTC_fe6ab.dir/CMakeCUDACompilerABI.cu.o] ==> ignore
    arg [-lcudadevrt] ==> lib [cudadevrt]
    arg [-lcudart_static] ==> lib [cudart_static]
    arg [-lrt] ==> lib [rt]
    arg [-lpthread] ==> lib [pthread]
    arg [-ldl] ==> lib [dl]
    arg [-lstdc++] ==> lib [stdc++]
    arg [-lm] ==> lib [m]
    arg [-lgcc_s] ==> lib [gcc_s]
    arg [-lgcc] ==> lib [gcc]
    arg [-lc] ==> lib [c]
    arg [-lgcc_s] ==> lib [gcc_s]
    arg [-lgcc] ==> lib [gcc]
    arg [/usr/lib/gcc/x86_64-linux-gnu/11/crtendS.o] ==> obj [/usr/lib/gcc/x86_64-linux-gnu/11/crtendS.o]
    arg [/usr/lib/gcc/x86_64-linux-gnu/11/../../../x86_64-linux-gnu/crtn.o] ==> obj [/usr/lib/gcc/x86_64-linux-gnu/11/../../../x86_64-linux-gnu/crtn.o]
  collapse obj [/usr/lib/gcc/x86_64-linux-gnu/11/../../../x86_64-linux-gnu/Scrt1.o] ==> [/usr/lib/x86_64-linux-gnu/Scrt1.o]
  collapse obj [/usr/lib/gcc/x86_64-linux-gnu/11/../../../x86_64-linux-gnu/crti.o] ==> [/usr/lib/x86_64-linux-gnu/crti.o]
  collapse obj [/usr/lib/gcc/x86_64-linux-gnu/11/../../../x86_64-linux-gnu/crtn.o] ==> [/usr/lib/x86_64-linux-gnu/crtn.o]
  collapse library dir [/usr/local/cuda/targets/x86_64-linux/lib/stubs] ==> [/usr/local/cuda/targets/x86_64-linux/lib/stubs]
  collapse library dir [/usr/local/cuda/targets/x86_64-linux/lib] ==> [/usr/local/cuda/targets/x86_64-linux/lib]
  collapse library dir [/usr/lib/gcc/x86_64-linux-gnu/11] ==> [/usr/lib/gcc/x86_64-linux-gnu/11]
  collapse library dir [/usr/lib/gcc/x86_64-linux-gnu/11/../../../x86_64-linux-gnu] ==> [/usr/lib/x86_64-linux-gnu]
  collapse library dir [/usr/lib/gcc/x86_64-linux-gnu/11/../../../../lib] ==> [/usr/lib]
  collapse library dir [/lib/x86_64-linux-gnu] ==> [/lib/x86_64-linux-gnu]
  collapse library dir [/lib/../lib] ==> [/lib]
  collapse library dir [/usr/lib/x86_64-linux-gnu] ==> [/usr/lib/x86_64-linux-gnu]
  collapse library dir [/usr/lib/../lib] ==> [/usr/lib]
  collapse library dir [/usr/lib/gcc/x86_64-linux-gnu/11/../../..] ==> [/usr/lib]
  implicit libs: [cudadevrt;cudart_static;rt;pthread;dl;stdc++;m;gcc_s;gcc;c;gcc_s;gcc]
  implicit objs: [/usr/lib/x86_64-linux-gnu/Scrt1.o;/usr/lib/x86_64-linux-gnu/crti.o;/usr/lib/gcc/x86_64-linux-gnu/11/crtbeginS.o;/usr/lib/gcc/x86_64-linux-gnu/11/crtendS.o;/usr/lib/x86_64-linux-gnu/crtn.o]
  implicit dirs: [/usr/local/cuda/targets/x86_64-linux/lib/stubs;/usr/local/cuda/targets/x86_64-linux/lib;/usr/lib/gcc/x86_64-linux-gnu/11;/usr/lib/x86_64-linux-gnu;/usr/lib;/lib/x86_64-linux-gnu;/lib]
  implicit fwks: []


Determining if the include file pthread.h exists passed with the following output:
Change Dir: /home/czz/nvblox_ws/build/nvblox/CMakeFiles/CMakeTmp

Run Build Command(s):/usr/bin/gmake -f Makefile cmTC_7836d/fast && /usr/bin/gmake  -f CMakeFiles/cmTC_7836d.dir/build.make CMakeFiles/cmTC_7836d.dir/build
gmake[1]: 进入目录“/home/czz/nvblox_ws/build/nvblox/CMakeFiles/CMakeTmp”
Building C object CMakeFiles/cmTC_7836d.dir/CheckIncludeFile.c.o
/usr/bin/cc    -o CMakeFiles/cmTC_7836d.dir/CheckIncludeFile.c.o -c /home/czz/nvblox_ws/build/nvblox/CMakeFiles/CMakeTmp/CheckIncludeFile.c
Linking C executable cmTC_7836d
/usr/bin/cmake -E cmake_link_script CMakeFiles/cmTC_7836d.dir/link.txt --verbose=1
/usr/bin/cc CMakeFiles/cmTC_7836d.dir/CheckIncludeFile.c.o -o cmTC_7836d 
gmake[1]: 离开目录“/home/czz/nvblox_ws/build/nvblox/CMakeFiles/CMakeTmp”



Performing C SOURCE FILE Test CMAKE_HAVE_LIBC_PTHREAD succeeded with the following output:
Change Dir: /home/czz/nvblox_ws/build/nvblox/CMakeFiles/CMakeTmp

Run Build Command(s):/usr/bin/gmake -f Makefile cmTC_ccafc/fast && /usr/bin/gmake  -f CMakeFiles/cmTC_ccafc.dir/build.make CMakeFiles/cmTC_ccafc.dir/build
gmake[1]: 进入目录“/home/czz/nvblox_ws/build/nvblox/CMakeFiles/CMakeTmp”
Building C object CMakeFiles/cmTC_ccafc.dir/src.c.o
/usr/bin/cc -DCMAKE_HAVE_LIBC_PTHREAD   -o CMakeFiles/cmTC_ccafc.dir/src.c.o -c /home/czz/nvblox_ws/build/nvblox/CMakeFiles/CMakeTmp/src.c
Linking C executable cmTC_ccafc
/usr/bin/cmake -E cmake_link_script CMakeFiles/cmTC_ccafc.dir/link.txt --verbose=1
/usr/bin/cc CMakeFiles/cmTC_ccafc.dir/src.c.o -o cmTC_ccafc 
gmake[1]: 离开目录“/home/czz/nvblox_ws/build/nvblox/CMakeFiles/CMakeTmp”


Source file was:
#include <pthread.h>

static void* test_func(void* data)
{
  return data;
}

int main(void)
{
  pthread_t thread;
  pthread_create(&thread, NULL, test_func, NULL);
  pthread_detach(thread);
  pthread_cancel(thread);
  pthread_join(thread, NULL);
  pthread_atfork(NULL, NULL, NULL);
  pthread_exit(NULL);

  return 0;
}

Determining if the include file unistd.h exists passed with the following output:
Change Dir: /home/czz/nvblox_ws/build/nvblox/CMakeFiles/CMakeTmp

Run Build Command(s):/usr/bin/gmake -f Makefile cmTC_23ea0/fast && /usr/bin/gmake  -f CMakeFiles/cmTC_23ea0.dir/build.make CMakeFiles/cmTC_23ea0.dir/build
gmake[1]: 进入目录“/home/czz/nvblox_ws/build/nvblox/CMakeFiles/CMakeTmp”
Building CXX object CMakeFiles/cmTC_23ea0.dir/CheckIncludeFile.cxx.o
/usr/bin/c++    -o CMakeFiles/cmTC_23ea0.dir/CheckIncludeFile.cxx.o -c /home/czz/nvblox_ws/build/nvblox/CMakeFiles/CMakeTmp/CheckIncludeFile.cxx
Linking CXX executable cmTC_23ea0
/usr/bin/cmake -E cmake_link_script CMakeFiles/cmTC_23ea0.dir/link.txt --verbose=1
/usr/bin/c++ -rdynamic CMakeFiles/cmTC_23ea0.dir/CheckIncludeFile.cxx.o -o cmTC_23ea0 
gmake[1]: 离开目录“/home/czz/nvblox_ws/build/nvblox/CMakeFiles/CMakeTmp”



Determining if the include file stdint.h exists passed with the following output:
Change Dir: /home/czz/nvblox_ws/build/nvblox/CMakeFiles/CMakeTmp

Run Build Command(s):/usr/bin/gmake -f Makefile cmTC_176ca/fast && /usr/bin/gmake  -f CMakeFiles/cmTC_176ca.dir/build.make CMakeFiles/cmTC_176ca.dir/build
gmake[1]: 进入目录“/home/czz/nvblox_ws/build/nvblox/CMakeFiles/CMakeTmp”
Building CXX object CMakeFiles/cmTC_176ca.dir/CheckIncludeFile.cxx.o
/usr/bin/c++    -o CMakeFiles/cmTC_176ca.dir/CheckIncludeFile.cxx.o -c /home/czz/nvblox_ws/build/nvblox/CMakeFiles/CMakeTmp/CheckIncludeFile.cxx
Linking CXX executable cmTC_176ca
/usr/bin/cmake -E cmake_link_script CMakeFiles/cmTC_176ca.dir/link.txt --verbose=1
/usr/bin/c++ -rdynamic CMakeFiles/cmTC_176ca.dir/CheckIncludeFile.cxx.o -o cmTC_176ca 
gmake[1]: 离开目录“/home/czz/nvblox_ws/build/nvblox/CMakeFiles/CMakeTmp”



Determining if the include file inttypes.h exists passed with the following output:
Change Dir: /home/czz/nvblox_ws/build/nvblox/CMakeFiles/CMakeTmp

Run Build Command(s):/usr/bin/gmake -f Makefile cmTC_df325/fast && /usr/bin/gmake  -f CMakeFiles/cmTC_df325.dir/build.make CMakeFiles/cmTC_df325.dir/build
gmake[1]: 进入目录“/home/czz/nvblox_ws/build/nvblox/CMakeFiles/CMakeTmp”
Building CXX object CMakeFiles/cmTC_df325.dir/CheckIncludeFile.cxx.o
/usr/bin/c++    -o CMakeFiles/cmTC_df325.dir/CheckIncludeFile.cxx.o -c /home/czz/nvblox_ws/build/nvblox/CMakeFiles/CMakeTmp/CheckIncludeFile.cxx
Linking CXX executable cmTC_df325
/usr/bin/cmake -E cmake_link_script CMakeFiles/cmTC_df325.dir/link.txt --verbose=1
/usr/bin/c++ -rdynamic CMakeFiles/cmTC_df325.dir/CheckIncludeFile.cxx.o -o cmTC_df325 
gmake[1]: 离开目录“/home/czz/nvblox_ws/build/nvblox/CMakeFiles/CMakeTmp”



Determining if the include file sys/types.h exists passed with the following output:
Change Dir: /home/czz/nvblox_ws/build/nvblox/CMakeFiles/CMakeTmp

Run Build Command(s):/usr/bin/gmake -f Makefile cmTC_0cb65/fast && /usr/bin/gmake  -f CMakeFiles/cmTC_0cb65.dir/build.make CMakeFiles/cmTC_0cb65.dir/build
gmake[1]: 进入目录“/home/czz/nvblox_ws/build/nvblox/CMakeFiles/CMakeTmp”
Building CXX object CMakeFiles/cmTC_0cb65.dir/CheckIncludeFile.cxx.o
/usr/bin/c++    -o CMakeFiles/cmTC_0cb65.dir/CheckIncludeFile.cxx.o -c /home/czz/nvblox_ws/build/nvblox/CMakeFiles/CMakeTmp/CheckIncludeFile.cxx
Linking CXX executable cmTC_0cb65
/usr/bin/cmake -E cmake_link_script CMakeFiles/cmTC_0cb65.dir/link.txt --verbose=1
/usr/bin/c++ -rdynamic CMakeFiles/cmTC_0cb65.dir/CheckIncludeFile.cxx.o -o cmTC_0cb65 
gmake[1]: 离开目录“/home/czz/nvblox_ws/build/nvblox/CMakeFiles/CMakeTmp”



Determining if the include file sys/stat.h exists passed with the following output:
Change Dir: /home/czz/nvblox_ws/build/nvblox/CMakeFiles/CMakeTmp

Run Build Command(s):/usr/bin/gmake -f Makefile cmTC_a07f0/fast && /usr/bin/gmake  -f CMakeFiles/cmTC_a07f0.dir/build.make CMakeFiles/cmTC_a07f0.dir/build
gmake[1]: 进入目录“/home/czz/nvblox_ws/build/nvblox/CMakeFiles/CMakeTmp”
Building CXX object CMakeFiles/cmTC_a07f0.dir/CheckIncludeFile.cxx.o
/usr/bin/c++    -o CMakeFiles/cmTC_a07f0.dir/CheckIncludeFile.cxx.o -c /home/czz/nvblox_ws/build/nvblox/CMakeFiles/CMakeTmp/CheckIncludeFile.cxx
Linking CXX executable cmTC_a07f0
/usr/bin/cmake -E cmake_link_script CMakeFiles/cmTC_a07f0.dir/link.txt --verbose=1
/usr/bin/c++ -rdynamic CMakeFiles/cmTC_a07f0.dir/CheckIncludeFile.cxx.o -o cmTC_a07f0 
gmake[1]: 离开目录“/home/czz/nvblox_ws/build/nvblox/CMakeFiles/CMakeTmp”



Determining if the include file fnmatch.h exists passed with the following output:
Change Dir: /home/czz/nvblox_ws/build/nvblox/CMakeFiles/CMakeTmp

Run Build Command(s):/usr/bin/gmake -f Makefile cmTC_c9895/fast && /usr/bin/gmake  -f CMakeFiles/cmTC_c9895.dir/build.make CMakeFiles/cmTC_c9895.dir/build
gmake[1]: 进入目录“/home/czz/nvblox_ws/build/nvblox/CMakeFiles/CMakeTmp”
Building CXX object CMakeFiles/cmTC_c9895.dir/CheckIncludeFile.cxx.o
/usr/bin/c++    -o CMakeFiles/cmTC_c9895.dir/CheckIncludeFile.cxx.o -c /home/czz/nvblox_ws/build/nvblox/CMakeFiles/CMakeTmp/CheckIncludeFile.cxx
Linking CXX executable cmTC_c9895
/usr/bin/cmake -E cmake_link_script CMakeFiles/cmTC_c9895.dir/link.txt --verbose=1
/usr/bin/c++ -rdynamic CMakeFiles/cmTC_c9895.dir/CheckIncludeFile.cxx.o -o cmTC_c9895 
gmake[1]: 离开目录“/home/czz/nvblox_ws/build/nvblox/CMakeFiles/CMakeTmp”



Determining if the include file stddef.h exists passed with the following output:
Change Dir: /home/czz/nvblox_ws/build/nvblox/CMakeFiles/CMakeTmp

Run Build Command(s):/usr/bin/gmake -f Makefile cmTC_48a41/fast && /usr/bin/gmake  -f CMakeFiles/cmTC_48a41.dir/build.make CMakeFiles/cmTC_48a41.dir/build
gmake[1]: 进入目录“/home/czz/nvblox_ws/build/nvblox/CMakeFiles/CMakeTmp”
Building CXX object CMakeFiles/cmTC_48a41.dir/CheckIncludeFile.cxx.o
/usr/bin/c++    -o CMakeFiles/cmTC_48a41.dir/CheckIncludeFile.cxx.o -c /home/czz/nvblox_ws/build/nvblox/CMakeFiles/CMakeTmp/CheckIncludeFile.cxx
Linking CXX executable cmTC_48a41
/usr/bin/cmake -E cmake_link_script CMakeFiles/cmTC_48a41.dir/link.txt --verbose=1
/usr/bin/c++ -rdynamic CMakeFiles/cmTC_48a41.dir/CheckIncludeFile.cxx.o -o cmTC_48a41 
gmake[1]: 离开目录“/home/czz/nvblox_ws/build/nvblox/CMakeFiles/CMakeTmp”



Determining size of uint32_t passed with the following output:
Change Dir: /home/czz/nvblox_ws/build/nvblox/CMakeFiles/CMakeTmp

Run Build Command(s):/usr/bin/gmake -f Makefile cmTC_65d49/fast && /usr/bin/gmake  -f CMakeFiles/cmTC_65d49.dir/build.make CMakeFiles/cmTC_65d49.dir/build
gmake[1]: 进入目录“/home/czz/nvblox_ws/build/nvblox/CMakeFiles/CMakeTmp”
Building CXX object CMakeFiles/cmTC_65d49.dir/uint32_t.cpp.o
/usr/bin/c++    -o CMakeFiles/cmTC_65d49.dir/uint32_t.cpp.o -c /home/czz/nvblox_ws/build/nvblox/CMakeFiles/CheckTypeSize/uint32_t.cpp
Linking CXX executable cmTC_65d49
/usr/bin/cmake -E cmake_link_script CMakeFiles/cmTC_65d49.dir/link.txt --verbose=1
/usr/bin/c++ -rdynamic CMakeFiles/cmTC_65d49.dir/uint32_t.cpp.o -o cmTC_65d49 
gmake[1]: 离开目录“/home/czz/nvblox_ws/build/nvblox/CMakeFiles/CMakeTmp”



Determining if the strtoll exist passed with the following output:
Change Dir: /home/czz/nvblox_ws/build/nvblox/CMakeFiles/CMakeTmp

Run Build Command(s):/usr/bin/gmake -f Makefile cmTC_efa20/fast && /usr/bin/gmake  -f CMakeFiles/cmTC_efa20.dir/build.make CMakeFiles/cmTC_efa20.dir/build
gmake[1]: 进入目录“/home/czz/nvblox_ws/build/nvblox/CMakeFiles/CMakeTmp”
Building CXX object CMakeFiles/cmTC_efa20.dir/CheckSymbolExists.cxx.o
/usr/bin/c++    -o CMakeFiles/cmTC_efa20.dir/CheckSymbolExists.cxx.o -c /home/czz/nvblox_ws/build/nvblox/CMakeFiles/CMakeTmp/CheckSymbolExists.cxx
Linking CXX executable cmTC_efa20
/usr/bin/cmake -E cmake_link_script CMakeFiles/cmTC_efa20.dir/link.txt --verbose=1
/usr/bin/c++ -rdynamic CMakeFiles/cmTC_efa20.dir/CheckSymbolExists.cxx.o -o cmTC_efa20 
gmake[1]: 离开目录“/home/czz/nvblox_ws/build/nvblox/CMakeFiles/CMakeTmp”


File /home/czz/nvblox_ws/build/nvblox/CMakeFiles/CMakeTmp/CheckSymbolExists.cxx:
/* */
#include <stdlib.h>

int main(int argc, char** argv)
{
  (void)argv;
#ifndef strtoll
  return ((int*)(&strtoll))[argc];
#else
  (void)argc;
  return 0;
#endif
}
Determining size of pthread_rwlock_t passed with the following output:
Change Dir: /home/czz/nvblox_ws/build/nvblox/CMakeFiles/CMakeTmp

Run Build Command(s):/usr/bin/gmake -f Makefile cmTC_87c84/fast && /usr/bin/gmake  -f CMakeFiles/cmTC_87c84.dir/build.make CMakeFiles/cmTC_87c84.dir/build
gmake[1]: 进入目录“/home/czz/nvblox_ws/build/nvblox/CMakeFiles/CMakeTmp”
Building CXX object CMakeFiles/cmTC_87c84.dir/RWLOCK.cpp.o
/usr/bin/c++    -o CMakeFiles/cmTC_87c84.dir/RWLOCK.cpp.o -c /home/czz/nvblox_ws/build/nvblox/CMakeFiles/CheckTypeSize/RWLOCK.cpp
Linking CXX executable cmTC_87c84
/usr/bin/cmake -E cmake_link_script CMakeFiles/cmTC_87c84.dir/link.txt --verbose=1
/usr/bin/c++ -rdynamic CMakeFiles/cmTC_87c84.dir/RWLOCK.cpp.o -o cmTC_87c84 
gmake[1]: 离开目录“/home/czz/nvblox_ws/build/nvblox/CMakeFiles/CMakeTmp”



Determining if the include file dlfcn.h exists passed with the following output:
Change Dir: /home/czz/nvblox_ws/build/nvblox/CMakeFiles/CMakeTmp

Run Build Command(s):/usr/bin/gmake -f Makefile cmTC_cc627/fast && /usr/bin/gmake  -f CMakeFiles/cmTC_cc627.dir/build.make CMakeFiles/cmTC_cc627.dir/build
gmake[1]: 进入目录“/home/czz/nvblox_ws/build/nvblox/CMakeFiles/CMakeTmp”
Building CXX object CMakeFiles/cmTC_cc627.dir/CheckIncludeFile.cxx.o
/usr/bin/c++    -o CMakeFiles/cmTC_cc627.dir/CheckIncludeFile.cxx.o -c /home/czz/nvblox_ws/build/nvblox/CMakeFiles/CMakeTmp/CheckIncludeFile.cxx
Linking CXX executable cmTC_cc627
/usr/bin/cmake -E cmake_link_script CMakeFiles/cmTC_cc627.dir/link.txt --verbose=1
/usr/bin/c++ -rdynamic CMakeFiles/cmTC_cc627.dir/CheckIncludeFile.cxx.o -o cmTC_cc627 
gmake[1]: 离开目录“/home/czz/nvblox_ws/build/nvblox/CMakeFiles/CMakeTmp”



Determining if the include file execinfo.h exists passed with the following output:
Change Dir: /home/czz/nvblox_ws/build/nvblox/CMakeFiles/CMakeTmp

Run Build Command(s):/usr/bin/gmake -f Makefile cmTC_d5de9/fast && /usr/bin/gmake  -f CMakeFiles/cmTC_d5de9.dir/build.make CMakeFiles/cmTC_d5de9.dir/build
gmake[1]: 进入目录“/home/czz/nvblox_ws/build/nvblox/CMakeFiles/CMakeTmp”
Building CXX object CMakeFiles/cmTC_d5de9.dir/CheckIncludeFile.cxx.o
/usr/bin/c++    -o CMakeFiles/cmTC_d5de9.dir/CheckIncludeFile.cxx.o -c /home/czz/nvblox_ws/build/nvblox/CMakeFiles/CMakeTmp/CheckIncludeFile.cxx
Linking CXX executable cmTC_d5de9
/usr/bin/cmake -E cmake_link_script CMakeFiles/cmTC_d5de9.dir/link.txt --verbose=1
/usr/bin/c++ -rdynamic CMakeFiles/cmTC_d5de9.dir/CheckIncludeFile.cxx.o -o cmTC_d5de9 
gmake[1]: 离开目录“/home/czz/nvblox_ws/build/nvblox/CMakeFiles/CMakeTmp”



Determining if the include file glob.h exists passed with the following output:
Change Dir: /home/czz/nvblox_ws/build/nvblox/CMakeFiles/CMakeTmp

Run Build Command(s):/usr/bin/gmake -f Makefile cmTC_83acc/fast && /usr/bin/gmake  -f CMakeFiles/cmTC_83acc.dir/build.make CMakeFiles/cmTC_83acc.dir/build
gmake[1]: 进入目录“/home/czz/nvblox_ws/build/nvblox/CMakeFiles/CMakeTmp”
Building CXX object CMakeFiles/cmTC_83acc.dir/CheckIncludeFile.cxx.o
/usr/bin/c++    -o CMakeFiles/cmTC_83acc.dir/CheckIncludeFile.cxx.o -c /home/czz/nvblox_ws/build/nvblox/CMakeFiles/CMakeTmp/CheckIncludeFile.cxx
Linking CXX executable cmTC_83acc
/usr/bin/cmake -E cmake_link_script CMakeFiles/cmTC_83acc.dir/link.txt --verbose=1
/usr/bin/c++ -rdynamic CMakeFiles/cmTC_83acc.dir/CheckIncludeFile.cxx.o -o cmTC_83acc 
gmake[1]: 离开目录“/home/czz/nvblox_ws/build/nvblox/CMakeFiles/CMakeTmp”



Determining if the include file memory.h exists passed with the following output:
Change Dir: /home/czz/nvblox_ws/build/nvblox/CMakeFiles/CMakeTmp

Run Build Command(s):/usr/bin/gmake -f Makefile cmTC_a3f69/fast && /usr/bin/gmake  -f CMakeFiles/cmTC_a3f69.dir/build.make CMakeFiles/cmTC_a3f69.dir/build
gmake[1]: 进入目录“/home/czz/nvblox_ws/build/nvblox/CMakeFiles/CMakeTmp”
Building CXX object CMakeFiles/cmTC_a3f69.dir/CheckIncludeFile.cxx.o
/usr/bin/c++    -o CMakeFiles/cmTC_a3f69.dir/CheckIncludeFile.cxx.o -c /home/czz/nvblox_ws/build/nvblox/CMakeFiles/CMakeTmp/CheckIncludeFile.cxx
Linking CXX executable cmTC_a3f69
/usr/bin/cmake -E cmake_link_script CMakeFiles/cmTC_a3f69.dir/link.txt --verbose=1
/usr/bin/c++ -rdynamic CMakeFiles/cmTC_a3f69.dir/CheckIncludeFile.cxx.o -o cmTC_a3f69 
gmake[1]: 离开目录“/home/czz/nvblox_ws/build/nvblox/CMakeFiles/CMakeTmp”



Determining if the include file pwd.h exists passed with the following output:
Change Dir: /home/czz/nvblox_ws/build/nvblox/CMakeFiles/CMakeTmp

Run Build Command(s):/usr/bin/gmake -f Makefile cmTC_9b46a/fast && /usr/bin/gmake  -f CMakeFiles/cmTC_9b46a.dir/build.make CMakeFiles/cmTC_9b46a.dir/build
gmake[1]: 进入目录“/home/czz/nvblox_ws/build/nvblox/CMakeFiles/CMakeTmp”
Building CXX object CMakeFiles/cmTC_9b46a.dir/CheckIncludeFile.cxx.o
/usr/bin/c++    -o CMakeFiles/cmTC_9b46a.dir/CheckIncludeFile.cxx.o -c /home/czz/nvblox_ws/build/nvblox/CMakeFiles/CMakeTmp/CheckIncludeFile.cxx
Linking CXX executable cmTC_9b46a
/usr/bin/cmake -E cmake_link_script CMakeFiles/cmTC_9b46a.dir/link.txt --verbose=1
/usr/bin/c++ -rdynamic CMakeFiles/cmTC_9b46a.dir/CheckIncludeFile.cxx.o -o cmTC_9b46a 
gmake[1]: 离开目录“/home/czz/nvblox_ws/build/nvblox/CMakeFiles/CMakeTmp”



Determining if the include file strings.h exists passed with the following output:
Change Dir: /home/czz/nvblox_ws/build/nvblox/CMakeFiles/CMakeTmp

Run Build Command(s):/usr/bin/gmake -f Makefile cmTC_ac43b/fast && /usr/bin/gmake  -f CMakeFiles/cmTC_ac43b.dir/build.make CMakeFiles/cmTC_ac43b.dir/build
gmake[1]: 进入目录“/home/czz/nvblox_ws/build/nvblox/CMakeFiles/CMakeTmp”
Building CXX object CMakeFiles/cmTC_ac43b.dir/CheckIncludeFile.cxx.o
/usr/bin/c++    -o CMakeFiles/cmTC_ac43b.dir/CheckIncludeFile.cxx.o -c /home/czz/nvblox_ws/build/nvblox/CMakeFiles/CMakeTmp/CheckIncludeFile.cxx
Linking CXX executable cmTC_ac43b
/usr/bin/cmake -E cmake_link_script CMakeFiles/cmTC_ac43b.dir/link.txt --verbose=1
/usr/bin/c++ -rdynamic CMakeFiles/cmTC_ac43b.dir/CheckIncludeFile.cxx.o -o cmTC_ac43b 
gmake[1]: 离开目录“/home/czz/nvblox_ws/build/nvblox/CMakeFiles/CMakeTmp”



Determining if the include file sys/syscall.h exists passed with the following output:
Change Dir: /home/czz/nvblox_ws/build/nvblox/CMakeFiles/CMakeTmp

Run Build Command(s):/usr/bin/gmake -f Makefile cmTC_27a2b/fast && /usr/bin/gmake  -f CMakeFiles/cmTC_27a2b.dir/build.make CMakeFiles/cmTC_27a2b.dir/build
gmake[1]: 进入目录“/home/czz/nvblox_ws/build/nvblox/CMakeFiles/CMakeTmp”
Building CXX object CMakeFiles/cmTC_27a2b.dir/CheckIncludeFile.cxx.o
/usr/bin/c++    -o CMakeFiles/cmTC_27a2b.dir/CheckIncludeFile.cxx.o -c /home/czz/nvblox_ws/build/nvblox/CMakeFiles/CMakeTmp/CheckIncludeFile.cxx
Linking CXX executable cmTC_27a2b
/usr/bin/cmake -E cmake_link_script CMakeFiles/cmTC_27a2b.dir/link.txt --verbose=1
/usr/bin/c++ -rdynamic CMakeFiles/cmTC_27a2b.dir/CheckIncludeFile.cxx.o -o cmTC_27a2b 
gmake[1]: 离开目录“/home/czz/nvblox_ws/build/nvblox/CMakeFiles/CMakeTmp”



Determining if the include file sys/time.h exists passed with the following output:
Change Dir: /home/czz/nvblox_ws/build/nvblox/CMakeFiles/CMakeTmp

Run Build Command(s):/usr/bin/gmake -f Makefile cmTC_c160a/fast && /usr/bin/gmake  -f CMakeFiles/cmTC_c160a.dir/build.make CMakeFiles/cmTC_c160a.dir/build
gmake[1]: 进入目录“/home/czz/nvblox_ws/build/nvblox/CMakeFiles/CMakeTmp”
Building CXX object CMakeFiles/cmTC_c160a.dir/CheckIncludeFile.cxx.o
/usr/bin/c++    -o CMakeFiles/cmTC_c160a.dir/CheckIncludeFile.cxx.o -c /home/czz/nvblox_ws/build/nvblox/CMakeFiles/CMakeTmp/CheckIncludeFile.cxx
Linking CXX executable cmTC_c160a
/usr/bin/cmake -E cmake_link_script CMakeFiles/cmTC_c160a.dir/link.txt --verbose=1
/usr/bin/c++ -rdynamic CMakeFiles/cmTC_c160a.dir/CheckIncludeFile.cxx.o -o cmTC_c160a 
gmake[1]: 离开目录“/home/czz/nvblox_ws/build/nvblox/CMakeFiles/CMakeTmp”



Determining if the include file sys/utsname.h exists passed with the following output:
Change Dir: /home/czz/nvblox_ws/build/nvblox/CMakeFiles/CMakeTmp

Run Build Command(s):/usr/bin/gmake -f Makefile cmTC_4d940/fast && /usr/bin/gmake  -f CMakeFiles/cmTC_4d940.dir/build.make CMakeFiles/cmTC_4d940.dir/build
gmake[1]: 进入目录“/home/czz/nvblox_ws/build/nvblox/CMakeFiles/CMakeTmp”
Building CXX object CMakeFiles/cmTC_4d940.dir/CheckIncludeFile.cxx.o
/usr/bin/c++    -o CMakeFiles/cmTC_4d940.dir/CheckIncludeFile.cxx.o -c /home/czz/nvblox_ws/build/nvblox/CMakeFiles/CMakeTmp/CheckIncludeFile.cxx
Linking CXX executable cmTC_4d940
/usr/bin/cmake -E cmake_link_script CMakeFiles/cmTC_4d940.dir/link.txt --verbose=1
/usr/bin/c++ -rdynamic CMakeFiles/cmTC_4d940.dir/CheckIncludeFile.cxx.o -o cmTC_4d940 
gmake[1]: 离开目录“/home/czz/nvblox_ws/build/nvblox/CMakeFiles/CMakeTmp”



Determining if the include file sys/wait.h exists passed with the following output:
Change Dir: /home/czz/nvblox_ws/build/nvblox/CMakeFiles/CMakeTmp

Run Build Command(s):/usr/bin/gmake -f Makefile cmTC_09477/fast && /usr/bin/gmake  -f CMakeFiles/cmTC_09477.dir/build.make CMakeFiles/cmTC_09477.dir/build
gmake[1]: 进入目录“/home/czz/nvblox_ws/build/nvblox/CMakeFiles/CMakeTmp”
Building CXX object CMakeFiles/cmTC_09477.dir/CheckIncludeFile.cxx.o
/usr/bin/c++    -o CMakeFiles/cmTC_09477.dir/CheckIncludeFile.cxx.o -c /home/czz/nvblox_ws/build/nvblox/CMakeFiles/CMakeTmp/CheckIncludeFile.cxx
Linking CXX executable cmTC_09477
/usr/bin/cmake -E cmake_link_script CMakeFiles/cmTC_09477.dir/link.txt --verbose=1
/usr/bin/c++ -rdynamic CMakeFiles/cmTC_09477.dir/CheckIncludeFile.cxx.o -o cmTC_09477 
gmake[1]: 离开目录“/home/czz/nvblox_ws/build/nvblox/CMakeFiles/CMakeTmp”



Determining if the include file syscall.h exists passed with the following output:
Change Dir: /home/czz/nvblox_ws/build/nvblox/CMakeFiles/CMakeTmp

Run Build Command(s):/usr/bin/gmake -f Makefile cmTC_2535c/fast && /usr/bin/gmake  -f CMakeFiles/cmTC_2535c.dir/build.make CMakeFiles/cmTC_2535c.dir/build
gmake[1]: 进入目录“/home/czz/nvblox_ws/build/nvblox/CMakeFiles/CMakeTmp”
Building CXX object CMakeFiles/cmTC_2535c.dir/CheckIncludeFile.cxx.o
/usr/bin/c++    -o CMakeFiles/cmTC_2535c.dir/CheckIncludeFile.cxx.o -c /home/czz/nvblox_ws/build/nvblox/CMakeFiles/CMakeTmp/CheckIncludeFile.cxx
Linking CXX executable cmTC_2535c
/usr/bin/cmake -E cmake_link_script CMakeFiles/cmTC_2535c.dir/link.txt --verbose=1
/usr/bin/c++ -rdynamic CMakeFiles/cmTC_2535c.dir/CheckIncludeFile.cxx.o -o cmTC_2535c 
gmake[1]: 离开目录“/home/czz/nvblox_ws/build/nvblox/CMakeFiles/CMakeTmp”



Determining if the include file syslog.h exists passed with the following output:
Change Dir: /home/czz/nvblox_ws/build/nvblox/CMakeFiles/CMakeTmp

Run Build Command(s):/usr/bin/gmake -f Makefile cmTC_5e233/fast && /usr/bin/gmake  -f CMakeFiles/cmTC_5e233.dir/build.make CMakeFiles/cmTC_5e233.dir/build
gmake[1]: 进入目录“/home/czz/nvblox_ws/build/nvblox/CMakeFiles/CMakeTmp”
Building CXX object CMakeFiles/cmTC_5e233.dir/CheckIncludeFile.cxx.o
/usr/bin/c++    -o CMakeFiles/cmTC_5e233.dir/CheckIncludeFile.cxx.o -c /home/czz/nvblox_ws/build/nvblox/CMakeFiles/CMakeTmp/CheckIncludeFile.cxx
Linking CXX executable cmTC_5e233
/usr/bin/cmake -E cmake_link_script CMakeFiles/cmTC_5e233.dir/link.txt --verbose=1
/usr/bin/c++ -rdynamic CMakeFiles/cmTC_5e233.dir/CheckIncludeFile.cxx.o -o cmTC_5e233 
gmake[1]: 离开目录“/home/czz/nvblox_ws/build/nvblox/CMakeFiles/CMakeTmp”



Determining if the include file ucontext.h exists passed with the following output:
Change Dir: /home/czz/nvblox_ws/build/nvblox/CMakeFiles/CMakeTmp

Run Build Command(s):/usr/bin/gmake -f Makefile cmTC_41115/fast && /usr/bin/gmake  -f CMakeFiles/cmTC_41115.dir/build.make CMakeFiles/cmTC_41115.dir/build
gmake[1]: 进入目录“/home/czz/nvblox_ws/build/nvblox/CMakeFiles/CMakeTmp”
Building CXX object CMakeFiles/cmTC_41115.dir/CheckIncludeFile.cxx.o
/usr/bin/c++    -o CMakeFiles/cmTC_41115.dir/CheckIncludeFile.cxx.o -c /home/czz/nvblox_ws/build/nvblox/CMakeFiles/CMakeTmp/CheckIncludeFile.cxx
Linking CXX executable cmTC_41115
/usr/bin/cmake -E cmake_link_script CMakeFiles/cmTC_41115.dir/link.txt --verbose=1
/usr/bin/c++ -rdynamic CMakeFiles/cmTC_41115.dir/CheckIncludeFile.cxx.o -o cmTC_41115 
gmake[1]: 离开目录“/home/czz/nvblox_ws/build/nvblox/CMakeFiles/CMakeTmp”



Determining if the include file ext/hash_map exists passed with the following output:
Change Dir: /home/czz/nvblox_ws/build/nvblox/CMakeFiles/CMakeTmp

Run Build Command(s):/usr/bin/gmake -f Makefile cmTC_5798b/fast && /usr/bin/gmake  -f CMakeFiles/cmTC_5798b.dir/build.make CMakeFiles/cmTC_5798b.dir/build
gmake[1]: 进入目录“/home/czz/nvblox_ws/build/nvblox/CMakeFiles/CMakeTmp”
Building CXX object CMakeFiles/cmTC_5798b.dir/CheckIncludeFile.cxx.o
/usr/bin/c++    -o CMakeFiles/cmTC_5798b.dir/CheckIncludeFile.cxx.o -c /home/czz/nvblox_ws/build/nvblox/CMakeFiles/CMakeTmp/CheckIncludeFile.cxx
In file included from /usr/include/c++/11/ext/hash_map:60,
                 from /home/czz/nvblox_ws/build/nvblox/CMakeFiles/CMakeTmp/CheckIncludeFile.cxx:1:
/usr/include/c++/11/backward/backward_warning.h:32:2: warning: #warning This file includes at least one deprecated or antiquated header which may be removed without further notice at a future date. Please use a non-deprecated interface with equivalent functionality instead. For a listing of replacement headers and interfaces, consult the file backward_warning.h. To disable this warning use -Wno-deprecated. [-Wcpp]
   32 | #warning \
      |  ^~~~~~~
Linking CXX executable cmTC_5798b
/usr/bin/cmake -E cmake_link_script CMakeFiles/cmTC_5798b.dir/link.txt --verbose=1
/usr/bin/c++ -rdynamic CMakeFiles/cmTC_5798b.dir/CheckIncludeFile.cxx.o -o cmTC_5798b 
gmake[1]: 离开目录“/home/czz/nvblox_ws/build/nvblox/CMakeFiles/CMakeTmp”



Determining if the include file ext/hash_set exists passed with the following output:
Change Dir: /home/czz/nvblox_ws/build/nvblox/CMakeFiles/CMakeTmp

Run Build Command(s):/usr/bin/gmake -f Makefile cmTC_62ab3/fast && /usr/bin/gmake  -f CMakeFiles/cmTC_62ab3.dir/build.make CMakeFiles/cmTC_62ab3.dir/build
gmake[1]: 进入目录“/home/czz/nvblox_ws/build/nvblox/CMakeFiles/CMakeTmp”
Building CXX object CMakeFiles/cmTC_62ab3.dir/CheckIncludeFile.cxx.o
/usr/bin/c++    -o CMakeFiles/cmTC_62ab3.dir/CheckIncludeFile.cxx.o -c /home/czz/nvblox_ws/build/nvblox/CMakeFiles/CMakeTmp/CheckIncludeFile.cxx
In file included from /usr/include/c++/11/ext/hash_set:60,
                 from /home/czz/nvblox_ws/build/nvblox/CMakeFiles/CMakeTmp/CheckIncludeFile.cxx:1:
/usr/include/c++/11/backward/backward_warning.h:32:2: warning: #warning This file includes at least one deprecated or antiquated header which may be removed without further notice at a future date. Please use a non-deprecated interface with equivalent functionality instead. For a listing of replacement headers and interfaces, consult the file backward_warning.h. To disable this warning use -Wno-deprecated. [-Wcpp]
   32 | #warning \
      |  ^~~~~~~
Linking CXX executable cmTC_62ab3
/usr/bin/cmake -E cmake_link_script CMakeFiles/cmTC_62ab3.dir/link.txt --verbose=1
/usr/bin/c++ -rdynamic CMakeFiles/cmTC_62ab3.dir/CheckIncludeFile.cxx.o -o cmTC_62ab3 
gmake[1]: 离开目录“/home/czz/nvblox_ws/build/nvblox/CMakeFiles/CMakeTmp”



Determining if the include file ext/slist exists passed with the following output:
Change Dir: /home/czz/nvblox_ws/build/nvblox/CMakeFiles/CMakeTmp

Run Build Command(s):/usr/bin/gmake -f Makefile cmTC_faaf3/fast && /usr/bin/gmake  -f CMakeFiles/cmTC_faaf3.dir/build.make CMakeFiles/cmTC_faaf3.dir/build
gmake[1]: 进入目录“/home/czz/nvblox_ws/build/nvblox/CMakeFiles/CMakeTmp”
Building CXX object CMakeFiles/cmTC_faaf3.dir/CheckIncludeFile.cxx.o
/usr/bin/c++    -o CMakeFiles/cmTC_faaf3.dir/CheckIncludeFile.cxx.o -c /home/czz/nvblox_ws/build/nvblox/CMakeFiles/CMakeTmp/CheckIncludeFile.cxx
Linking CXX executable cmTC_faaf3
/usr/bin/cmake -E cmake_link_script CMakeFiles/cmTC_faaf3.dir/link.txt --verbose=1
/usr/bin/c++ -rdynamic CMakeFiles/cmTC_faaf3.dir/CheckIncludeFile.cxx.o -o cmTC_faaf3 
gmake[1]: 离开目录“/home/czz/nvblox_ws/build/nvblox/CMakeFiles/CMakeTmp”



Determining if the include file tr1/unordered_map exists passed with the following output:
Change Dir: /home/czz/nvblox_ws/build/nvblox/CMakeFiles/CMakeTmp

Run Build Command(s):/usr/bin/gmake -f Makefile cmTC_5be26/fast && /usr/bin/gmake  -f CMakeFiles/cmTC_5be26.dir/build.make CMakeFiles/cmTC_5be26.dir/build
gmake[1]: 进入目录“/home/czz/nvblox_ws/build/nvblox/CMakeFiles/CMakeTmp”
Building CXX object CMakeFiles/cmTC_5be26.dir/CheckIncludeFile.cxx.o
/usr/bin/c++    -o CMakeFiles/cmTC_5be26.dir/CheckIncludeFile.cxx.o -c /home/czz/nvblox_ws/build/nvblox/CMakeFiles/CMakeTmp/CheckIncludeFile.cxx
Linking CXX executable cmTC_5be26
/usr/bin/cmake -E cmake_link_script CMakeFiles/cmTC_5be26.dir/link.txt --verbose=1
/usr/bin/c++ -rdynamic CMakeFiles/cmTC_5be26.dir/CheckIncludeFile.cxx.o -o cmTC_5be26 
gmake[1]: 离开目录“/home/czz/nvblox_ws/build/nvblox/CMakeFiles/CMakeTmp”



Determining if the include file tr1/unordered_set exists passed with the following output:
Change Dir: /home/czz/nvblox_ws/build/nvblox/CMakeFiles/CMakeTmp

Run Build Command(s):/usr/bin/gmake -f Makefile cmTC_be4f7/fast && /usr/bin/gmake  -f CMakeFiles/cmTC_be4f7.dir/build.make CMakeFiles/cmTC_be4f7.dir/build
gmake[1]: 进入目录“/home/czz/nvblox_ws/build/nvblox/CMakeFiles/CMakeTmp”
Building CXX object CMakeFiles/cmTC_be4f7.dir/CheckIncludeFile.cxx.o
/usr/bin/c++    -o CMakeFiles/cmTC_be4f7.dir/CheckIncludeFile.cxx.o -c /home/czz/nvblox_ws/build/nvblox/CMakeFiles/CMakeTmp/CheckIncludeFile.cxx
Linking CXX executable cmTC_be4f7
/usr/bin/cmake -E cmake_link_script CMakeFiles/cmTC_be4f7.dir/link.txt --verbose=1
/usr/bin/c++ -rdynamic CMakeFiles/cmTC_be4f7.dir/CheckIncludeFile.cxx.o -o cmTC_be4f7 
gmake[1]: 离开目录“/home/czz/nvblox_ws/build/nvblox/CMakeFiles/CMakeTmp”



Determining if the include file unordered_map exists passed with the following output:
Change Dir: /home/czz/nvblox_ws/build/nvblox/CMakeFiles/CMakeTmp

Run Build Command(s):/usr/bin/gmake -f Makefile cmTC_f8480/fast && /usr/bin/gmake  -f CMakeFiles/cmTC_f8480.dir/build.make CMakeFiles/cmTC_f8480.dir/build
gmake[1]: 进入目录“/home/czz/nvblox_ws/build/nvblox/CMakeFiles/CMakeTmp”
Building CXX object CMakeFiles/cmTC_f8480.dir/CheckIncludeFile.cxx.o
/usr/bin/c++    -o CMakeFiles/cmTC_f8480.dir/CheckIncludeFile.cxx.o -c /home/czz/nvblox_ws/build/nvblox/CMakeFiles/CMakeTmp/CheckIncludeFile.cxx
Linking CXX executable cmTC_f8480
/usr/bin/cmake -E cmake_link_script CMakeFiles/cmTC_f8480.dir/link.txt --verbose=1
/usr/bin/c++ -rdynamic CMakeFiles/cmTC_f8480.dir/CheckIncludeFile.cxx.o -o cmTC_f8480 
gmake[1]: 离开目录“/home/czz/nvblox_ws/build/nvblox/CMakeFiles/CMakeTmp”



Determining if the include file unordered_set exists passed with the following output:
Change Dir: /home/czz/nvblox_ws/build/nvblox/CMakeFiles/CMakeTmp

Run Build Command(s):/usr/bin/gmake -f Makefile cmTC_b1609/fast && /usr/bin/gmake  -f CMakeFiles/cmTC_b1609.dir/build.make CMakeFiles/cmTC_b1609.dir/build
gmake[1]: 进入目录“/home/czz/nvblox_ws/build/nvblox/CMakeFiles/CMakeTmp”
Building CXX object CMakeFiles/cmTC_b1609.dir/CheckIncludeFile.cxx.o
/usr/bin/c++    -o CMakeFiles/cmTC_b1609.dir/CheckIncludeFile.cxx.o -c /home/czz/nvblox_ws/build/nvblox/CMakeFiles/CMakeTmp/CheckIncludeFile.cxx
Linking CXX executable cmTC_b1609
/usr/bin/cmake -E cmake_link_script CMakeFiles/cmTC_b1609.dir/link.txt --verbose=1
/usr/bin/c++ -rdynamic CMakeFiles/cmTC_b1609.dir/CheckIncludeFile.cxx.o -o cmTC_b1609 
gmake[1]: 离开目录“/home/czz/nvblox_ws/build/nvblox/CMakeFiles/CMakeTmp”



Determining size of u_int16_t passed with the following output:
Change Dir: /home/czz/nvblox_ws/build/nvblox/CMakeFiles/CMakeTmp

Run Build Command(s):/usr/bin/gmake -f Makefile cmTC_9e3e7/fast && /usr/bin/gmake  -f CMakeFiles/cmTC_9e3e7.dir/build.make CMakeFiles/cmTC_9e3e7.dir/build
gmake[1]: 进入目录“/home/czz/nvblox_ws/build/nvblox/CMakeFiles/CMakeTmp”
Building CXX object CMakeFiles/cmTC_9e3e7.dir/HAVE_U_INT16_T.cpp.o
/usr/bin/c++    -o CMakeFiles/cmTC_9e3e7.dir/HAVE_U_INT16_T.cpp.o -c /home/czz/nvblox_ws/build/nvblox/CMakeFiles/CheckTypeSize/HAVE_U_INT16_T.cpp
Linking CXX executable cmTC_9e3e7
/usr/bin/cmake -E cmake_link_script CMakeFiles/cmTC_9e3e7.dir/link.txt --verbose=1
/usr/bin/c++ -rdynamic CMakeFiles/cmTC_9e3e7.dir/HAVE_U_INT16_T.cpp.o -o cmTC_9e3e7 
gmake[1]: 离开目录“/home/czz/nvblox_ws/build/nvblox/CMakeFiles/CMakeTmp”



Determining size of uint16_t passed with the following output:
Change Dir: /home/czz/nvblox_ws/build/nvblox/CMakeFiles/CMakeTmp

Run Build Command(s):/usr/bin/gmake -f Makefile cmTC_2bb87/fast && /usr/bin/gmake  -f CMakeFiles/cmTC_2bb87.dir/build.make CMakeFiles/cmTC_2bb87.dir/build
gmake[1]: 进入目录“/home/czz/nvblox_ws/build/nvblox/CMakeFiles/CMakeTmp”
Building CXX object CMakeFiles/cmTC_2bb87.dir/HAVE_UINT16_T.cpp.o
/usr/bin/c++    -o CMakeFiles/cmTC_2bb87.dir/HAVE_UINT16_T.cpp.o -c /home/czz/nvblox_ws/build/nvblox/CMakeFiles/CheckTypeSize/HAVE_UINT16_T.cpp
Linking CXX executable cmTC_2bb87
/usr/bin/cmake -E cmake_link_script CMakeFiles/cmTC_2bb87.dir/link.txt --verbose=1
/usr/bin/c++ -rdynamic CMakeFiles/cmTC_2bb87.dir/HAVE_UINT16_T.cpp.o -o cmTC_2bb87 
gmake[1]: 离开目录“/home/czz/nvblox_ws/build/nvblox/CMakeFiles/CMakeTmp”



Determining if the function dladdr exists passed with the following output:
Change Dir: /home/czz/nvblox_ws/build/nvblox/CMakeFiles/CMakeTmp

Run Build Command(s):/usr/bin/gmake -f Makefile cmTC_dd349/fast && /usr/bin/gmake  -f CMakeFiles/cmTC_dd349.dir/build.make CMakeFiles/cmTC_dd349.dir/build
gmake[1]: 进入目录“/home/czz/nvblox_ws/build/nvblox/CMakeFiles/CMakeTmp”
Building C object CMakeFiles/cmTC_dd349.dir/CheckFunctionExists.c.o
/usr/bin/cc   -DCHECK_FUNCTION_EXISTS=dladdr -o CMakeFiles/cmTC_dd349.dir/CheckFunctionExists.c.o -c /usr/share/cmake-3.22/Modules/CheckFunctionExists.c
Linking C executable cmTC_dd349
/usr/bin/cmake -E cmake_link_script CMakeFiles/cmTC_dd349.dir/link.txt --verbose=1
/usr/bin/cc  -DCHECK_FUNCTION_EXISTS=dladdr -rdynamic CMakeFiles/cmTC_dd349.dir/CheckFunctionExists.c.o -o cmTC_dd349 
gmake[1]: 离开目录“/home/czz/nvblox_ws/build/nvblox/CMakeFiles/CMakeTmp”



Determining if the function fcntl exists passed with the following output:
Change Dir: /home/czz/nvblox_ws/build/nvblox/CMakeFiles/CMakeTmp

Run Build Command(s):/usr/bin/gmake -f Makefile cmTC_d65d1/fast && /usr/bin/gmake  -f CMakeFiles/cmTC_d65d1.dir/build.make CMakeFiles/cmTC_d65d1.dir/build
gmake[1]: 进入目录“/home/czz/nvblox_ws/build/nvblox/CMakeFiles/CMakeTmp”
Building C object CMakeFiles/cmTC_d65d1.dir/CheckFunctionExists.c.o
/usr/bin/cc   -DCHECK_FUNCTION_EXISTS=fcntl -o CMakeFiles/cmTC_d65d1.dir/CheckFunctionExists.c.o -c /usr/share/cmake-3.22/Modules/CheckFunctionExists.c
Linking C executable cmTC_d65d1
/usr/bin/cmake -E cmake_link_script CMakeFiles/cmTC_d65d1.dir/link.txt --verbose=1
/usr/bin/cc  -DCHECK_FUNCTION_EXISTS=fcntl -rdynamic CMakeFiles/cmTC_d65d1.dir/CheckFunctionExists.c.o -o cmTC_d65d1 
gmake[1]: 离开目录“/home/czz/nvblox_ws/build/nvblox/CMakeFiles/CMakeTmp”



Determining if the function pread exists passed with the following output:
Change Dir: /home/czz/nvblox_ws/build/nvblox/CMakeFiles/CMakeTmp

Run Build Command(s):/usr/bin/gmake -f Makefile cmTC_bbd38/fast && /usr/bin/gmake  -f CMakeFiles/cmTC_bbd38.dir/build.make CMakeFiles/cmTC_bbd38.dir/build
gmake[1]: 进入目录“/home/czz/nvblox_ws/build/nvblox/CMakeFiles/CMakeTmp”
Building C object CMakeFiles/cmTC_bbd38.dir/CheckFunctionExists.c.o
/usr/bin/cc   -DCHECK_FUNCTION_EXISTS=pread -o CMakeFiles/cmTC_bbd38.dir/CheckFunctionExists.c.o -c /usr/share/cmake-3.22/Modules/CheckFunctionExists.c
Linking C executable cmTC_bbd38
/usr/bin/cmake -E cmake_link_script CMakeFiles/cmTC_bbd38.dir/link.txt --verbose=1
/usr/bin/cc  -DCHECK_FUNCTION_EXISTS=pread -rdynamic CMakeFiles/cmTC_bbd38.dir/CheckFunctionExists.c.o -o cmTC_bbd38 
gmake[1]: 离开目录“/home/czz/nvblox_ws/build/nvblox/CMakeFiles/CMakeTmp”



Determining if the function pwrite exists passed with the following output:
Change Dir: /home/czz/nvblox_ws/build/nvblox/CMakeFiles/CMakeTmp

Run Build Command(s):/usr/bin/gmake -f Makefile cmTC_b9260/fast && /usr/bin/gmake  -f CMakeFiles/cmTC_b9260.dir/build.make CMakeFiles/cmTC_b9260.dir/build
gmake[1]: 进入目录“/home/czz/nvblox_ws/build/nvblox/CMakeFiles/CMakeTmp”
Building C object CMakeFiles/cmTC_b9260.dir/CheckFunctionExists.c.o
/usr/bin/cc   -DCHECK_FUNCTION_EXISTS=pwrite -o CMakeFiles/cmTC_b9260.dir/CheckFunctionExists.c.o -c /usr/share/cmake-3.22/Modules/CheckFunctionExists.c
Linking C executable cmTC_b9260
/usr/bin/cmake -E cmake_link_script CMakeFiles/cmTC_b9260.dir/link.txt --verbose=1
/usr/bin/cc  -DCHECK_FUNCTION_EXISTS=pwrite -rdynamic CMakeFiles/cmTC_b9260.dir/CheckFunctionExists.c.o -o cmTC_b9260 
gmake[1]: 离开目录“/home/czz/nvblox_ws/build/nvblox/CMakeFiles/CMakeTmp”



Determining if the function sigaction exists passed with the following output:
Change Dir: /home/czz/nvblox_ws/build/nvblox/CMakeFiles/CMakeTmp

Run Build Command(s):/usr/bin/gmake -f Makefile cmTC_d9e05/fast && /usr/bin/gmake  -f CMakeFiles/cmTC_d9e05.dir/build.make CMakeFiles/cmTC_d9e05.dir/build
gmake[1]: 进入目录“/home/czz/nvblox_ws/build/nvblox/CMakeFiles/CMakeTmp”
Building C object CMakeFiles/cmTC_d9e05.dir/CheckFunctionExists.c.o
/usr/bin/cc   -DCHECK_FUNCTION_EXISTS=sigaction -o CMakeFiles/cmTC_d9e05.dir/CheckFunctionExists.c.o -c /usr/share/cmake-3.22/Modules/CheckFunctionExists.c
Linking C executable cmTC_d9e05
/usr/bin/cmake -E cmake_link_script CMakeFiles/cmTC_d9e05.dir/link.txt --verbose=1
/usr/bin/cc  -DCHECK_FUNCTION_EXISTS=sigaction -rdynamic CMakeFiles/cmTC_d9e05.dir/CheckFunctionExists.c.o -o cmTC_d9e05 
gmake[1]: 离开目录“/home/czz/nvblox_ws/build/nvblox/CMakeFiles/CMakeTmp”



Determining if the function sigaltstack exists passed with the following output:
Change Dir: /home/czz/nvblox_ws/build/nvblox/CMakeFiles/CMakeTmp

Run Build Command(s):/usr/bin/gmake -f Makefile cmTC_25c1e/fast && /usr/bin/gmake  -f CMakeFiles/cmTC_25c1e.dir/build.make CMakeFiles/cmTC_25c1e.dir/build
gmake[1]: 进入目录“/home/czz/nvblox_ws/build/nvblox/CMakeFiles/CMakeTmp”
Building C object CMakeFiles/cmTC_25c1e.dir/CheckFunctionExists.c.o
/usr/bin/cc   -DCHECK_FUNCTION_EXISTS=sigaltstack -o CMakeFiles/cmTC_25c1e.dir/CheckFunctionExists.c.o -c /usr/share/cmake-3.22/Modules/CheckFunctionExists.c
Linking C executable cmTC_25c1e
/usr/bin/cmake -E cmake_link_script CMakeFiles/cmTC_25c1e.dir/link.txt --verbose=1
/usr/bin/cc  -DCHECK_FUNCTION_EXISTS=sigaltstack -rdynamic CMakeFiles/cmTC_25c1e.dir/CheckFunctionExists.c.o -o cmTC_25c1e 
gmake[1]: 离开目录“/home/czz/nvblox_ws/build/nvblox/CMakeFiles/CMakeTmp”



Performing C++ SOURCE FILE Test HAVE_NO_DEPRECATED succeeded with the following output:
Change Dir: /home/czz/nvblox_ws/build/nvblox/CMakeFiles/CMakeTmp

Run Build Command(s):/usr/bin/gmake -f Makefile cmTC_8480b/fast && /usr/bin/gmake  -f CMakeFiles/cmTC_8480b.dir/build.make CMakeFiles/cmTC_8480b.dir/build
gmake[1]: Entering directory '/home/czz/nvblox_ws/build/nvblox/CMakeFiles/CMakeTmp'
Building CXX object CMakeFiles/cmTC_8480b.dir/src.cxx.o
/usr/bin/c++ -DHAVE_NO_DEPRECATED  -Wdeprecated -o CMakeFiles/cmTC_8480b.dir/src.cxx.o -c /home/czz/nvblox_ws/build/nvblox/CMakeFiles/CMakeTmp/src.cxx
Linking CXX executable cmTC_8480b
/usr/bin/cmake -E cmake_link_script CMakeFiles/cmTC_8480b.dir/link.txt --verbose=1
/usr/bin/c++ CMakeFiles/cmTC_8480b.dir/src.cxx.o -o cmTC_8480b 
gmake[1]: Leaving directory '/home/czz/nvblox_ws/build/nvblox/CMakeFiles/CMakeTmp'


Source file was:
int main() { return 0; }
Performing C++ SOURCE FILE Test HAVE___ATTRIBUTE__ succeeded with the following output:
Change Dir: /home/czz/nvblox_ws/build/nvblox/CMakeFiles/CMakeTmp

Run Build Command(s):/usr/bin/gmake -f Makefile cmTC_ba508/fast && /usr/bin/gmake  -f CMakeFiles/cmTC_ba508.dir/build.make CMakeFiles/cmTC_ba508.dir/build
gmake[1]: 进入目录“/home/czz/nvblox_ws/build/nvblox/CMakeFiles/CMakeTmp”
Building CXX object CMakeFiles/cmTC_ba508.dir/src.cxx.o
/usr/bin/c++ -DHAVE___ATTRIBUTE__   -o CMakeFiles/cmTC_ba508.dir/src.cxx.o -c /home/czz/nvblox_ws/build/nvblox/CMakeFiles/CMakeTmp/src.cxx
Linking CXX executable cmTC_ba508
/usr/bin/cmake -E cmake_link_script CMakeFiles/cmTC_ba508.dir/link.txt --verbose=1
/usr/bin/c++ CMakeFiles/cmTC_ba508.dir/src.cxx.o -o cmTC_ba508 
gmake[1]: 离开目录“/home/czz/nvblox_ws/build/nvblox/CMakeFiles/CMakeTmp”


Source file was:

#include <cstdlib>
static void foo(void) __attribute__ ((unused));
int main(void) { return 0; }

Performing C++ SOURCE FILE Test HAVE___ATTRIBUTE__VISIBILITY_DEFAULT succeeded with the following output:
Change Dir: /home/czz/nvblox_ws/build/nvblox/CMakeFiles/CMakeTmp

Run Build Command(s):/usr/bin/gmake -f Makefile cmTC_a2d44/fast && /usr/bin/gmake  -f CMakeFiles/cmTC_a2d44.dir/build.make CMakeFiles/cmTC_a2d44.dir/build
gmake[1]: 进入目录“/home/czz/nvblox_ws/build/nvblox/CMakeFiles/CMakeTmp”
Building CXX object CMakeFiles/cmTC_a2d44.dir/src.cxx.o
/usr/bin/c++ -DHAVE___ATTRIBUTE__VISIBILITY_DEFAULT   -o CMakeFiles/cmTC_a2d44.dir/src.cxx.o -c /home/czz/nvblox_ws/build/nvblox/CMakeFiles/CMakeTmp/src.cxx
/home/czz/nvblox_ws/build/nvblox/CMakeFiles/CMakeTmp/src.cxx:3:61: warning: ‘visibility’ attribute ignored [-Wattributes]
    3 | static void foo(void) __attribute__ ((visibility("default")));
      |                                                             ^
Linking CXX executable cmTC_a2d44
/usr/bin/cmake -E cmake_link_script CMakeFiles/cmTC_a2d44.dir/link.txt --verbose=1
/usr/bin/c++ CMakeFiles/cmTC_a2d44.dir/src.cxx.o -o cmTC_a2d44 
gmake[1]: 离开目录“/home/czz/nvblox_ws/build/nvblox/CMakeFiles/CMakeTmp”


Source file was:

#include <cstdlib>
static void foo(void) __attribute__ ((visibility("default")));
int main(void) { return 0; }

Performing C++ SOURCE FILE Test HAVE___ATTRIBUTE__VISIBILITY_HIDDEN succeeded with the following output:
Change Dir: /home/czz/nvblox_ws/build/nvblox/CMakeFiles/CMakeTmp

Run Build Command(s):/usr/bin/gmake -f Makefile cmTC_dfb8c/fast && /usr/bin/gmake  -f CMakeFiles/cmTC_dfb8c.dir/build.make CMakeFiles/cmTC_dfb8c.dir/build
gmake[1]: 进入目录“/home/czz/nvblox_ws/build/nvblox/CMakeFiles/CMakeTmp”
Building CXX object CMakeFiles/cmTC_dfb8c.dir/src.cxx.o
/usr/bin/c++ -DHAVE___ATTRIBUTE__VISIBILITY_HIDDEN   -o CMakeFiles/cmTC_dfb8c.dir/src.cxx.o -c /home/czz/nvblox_ws/build/nvblox/CMakeFiles/CMakeTmp/src.cxx
/home/czz/nvblox_ws/build/nvblox/CMakeFiles/CMakeTmp/src.cxx:3:60: warning: ‘visibility’ attribute ignored [-Wattributes]
    3 | static void foo(void) __attribute__ ((visibility("hidden")));
      |                                                            ^
Linking CXX executable cmTC_dfb8c
/usr/bin/cmake -E cmake_link_script CMakeFiles/cmTC_dfb8c.dir/link.txt --verbose=1
/usr/bin/c++ CMakeFiles/cmTC_dfb8c.dir/src.cxx.o -o cmTC_dfb8c 
gmake[1]: 离开目录“/home/czz/nvblox_ws/build/nvblox/CMakeFiles/CMakeTmp”


Source file was:

#include <cstdlib>
static void foo(void) __attribute__ ((visibility("hidden")));
int main(void) { return 0; }

Performing C++ SOURCE FILE Test HAVE___BUILTIN_EXPECT succeeded with the following output:
Change Dir: /home/czz/nvblox_ws/build/nvblox/CMakeFiles/CMakeTmp

Run Build Command(s):/usr/bin/gmake -f Makefile cmTC_356d0/fast && /usr/bin/gmake  -f CMakeFiles/cmTC_356d0.dir/build.make CMakeFiles/cmTC_356d0.dir/build
gmake[1]: 进入目录“/home/czz/nvblox_ws/build/nvblox/CMakeFiles/CMakeTmp”
Building CXX object CMakeFiles/cmTC_356d0.dir/src.cxx.o
/usr/bin/c++ -DHAVE___BUILTIN_EXPECT   -o CMakeFiles/cmTC_356d0.dir/src.cxx.o -c /home/czz/nvblox_ws/build/nvblox/CMakeFiles/CMakeTmp/src.cxx
Linking CXX executable cmTC_356d0
/usr/bin/cmake -E cmake_link_script CMakeFiles/cmTC_356d0.dir/link.txt --verbose=1
/usr/bin/c++ CMakeFiles/cmTC_356d0.dir/src.cxx.o -o cmTC_356d0 
gmake[1]: 离开目录“/home/czz/nvblox_ws/build/nvblox/CMakeFiles/CMakeTmp”


Source file was:

int main(void) { if (__builtin_expect(0, 0)) return 1; return 0; }

Performing C++ SOURCE FILE Test HAVE___SYNC_VAL_COMPARE_AND_SWAP succeeded with the following output:
Change Dir: /home/czz/nvblox_ws/build/nvblox/CMakeFiles/CMakeTmp

Run Build Command(s):/usr/bin/gmake -f Makefile cmTC_3160c/fast && /usr/bin/gmake  -f CMakeFiles/cmTC_3160c.dir/build.make CMakeFiles/cmTC_3160c.dir/build
gmake[1]: 进入目录“/home/czz/nvblox_ws/build/nvblox/CMakeFiles/CMakeTmp”
Building CXX object CMakeFiles/cmTC_3160c.dir/src.cxx.o
/usr/bin/c++ -DHAVE___SYNC_VAL_COMPARE_AND_SWAP   -o CMakeFiles/cmTC_3160c.dir/src.cxx.o -c /home/czz/nvblox_ws/build/nvblox/CMakeFiles/CMakeTmp/src.cxx
Linking CXX executable cmTC_3160c
/usr/bin/cmake -E cmake_link_script CMakeFiles/cmTC_3160c.dir/link.txt --verbose=1
/usr/bin/c++ CMakeFiles/cmTC_3160c.dir/src.cxx.o -o cmTC_3160c 
gmake[1]: 离开目录“/home/czz/nvblox_ws/build/nvblox/CMakeFiles/CMakeTmp”


Source file was:

int main(void)
{
  int a; if (__sync_val_compare_and_swap(&a, 0, 1)) return 1; return 0;
}

Performing C++ SOURCE FILE Test STL_STD_NAMESPACE succeeded with the following output:
Change Dir: /home/czz/nvblox_ws/build/nvblox/CMakeFiles/CMakeTmp

Run Build Command(s):/usr/bin/gmake -f Makefile cmTC_d9e06/fast && /usr/bin/gmake  -f CMakeFiles/cmTC_d9e06.dir/build.make CMakeFiles/cmTC_d9e06.dir/build
gmake[1]: 进入目录“/home/czz/nvblox_ws/build/nvblox/CMakeFiles/CMakeTmp”
Building CXX object CMakeFiles/cmTC_d9e06.dir/src.cxx.o
/usr/bin/c++ -DSTL_STD_NAMESPACE   -o CMakeFiles/cmTC_d9e06.dir/src.cxx.o -c /home/czz/nvblox_ws/build/nvblox/CMakeFiles/CMakeTmp/src.cxx
Linking CXX executable cmTC_d9e06
/usr/bin/cmake -E cmake_link_script CMakeFiles/cmTC_d9e06.dir/link.txt --verbose=1
/usr/bin/c++ CMakeFiles/cmTC_d9e06.dir/src.cxx.o -o cmTC_d9e06 
gmake[1]: 离开目录“/home/czz/nvblox_ws/build/nvblox/CMakeFiles/CMakeTmp”


Source file was:

#include <vector>
std::vector<int> t; int main() { }

Performing C++ SOURCE FILE Test HAVE_USING_OPERATOR succeeded with the following output:
Change Dir: /home/czz/nvblox_ws/build/nvblox/CMakeFiles/CMakeTmp

Run Build Command(s):/usr/bin/gmake -f Makefile cmTC_5a077/fast && /usr/bin/gmake  -f CMakeFiles/cmTC_5a077.dir/build.make CMakeFiles/cmTC_5a077.dir/build
gmake[1]: 进入目录“/home/czz/nvblox_ws/build/nvblox/CMakeFiles/CMakeTmp”
Building CXX object CMakeFiles/cmTC_5a077.dir/src.cxx.o
/usr/bin/c++ -DHAVE_USING_OPERATOR   -o CMakeFiles/cmTC_5a077.dir/src.cxx.o -c /home/czz/nvblox_ws/build/nvblox/CMakeFiles/CMakeTmp/src.cxx
Linking CXX executable cmTC_5a077
/usr/bin/cmake -E cmake_link_script CMakeFiles/cmTC_5a077.dir/link.txt --verbose=1
/usr/bin/c++ CMakeFiles/cmTC_5a077.dir/src.cxx.o -o cmTC_5a077 
gmake[1]: 离开目录“/home/czz/nvblox_ws/build/nvblox/CMakeFiles/CMakeTmp”


Source file was:

#include <iostream>
std::ostream& operator<<(std::ostream&, struct s);
using ::operator<<;
int main() { }

Performing C++ SOURCE FILE Test HAVE_NAMESPACES succeeded with the following output:
Change Dir: /home/czz/nvblox_ws/build/nvblox/CMakeFiles/CMakeTmp

Run Build Command(s):/usr/bin/gmake -f Makefile cmTC_a1aa5/fast && /usr/bin/gmake  -f CMakeFiles/cmTC_a1aa5.dir/build.make CMakeFiles/cmTC_a1aa5.dir/build
gmake[1]: 进入目录“/home/czz/nvblox_ws/build/nvblox/CMakeFiles/CMakeTmp”
Building CXX object CMakeFiles/cmTC_a1aa5.dir/src.cxx.o
/usr/bin/c++ -DHAVE_NAMESPACES   -o CMakeFiles/cmTC_a1aa5.dir/src.cxx.o -c /home/czz/nvblox_ws/build/nvblox/CMakeFiles/CMakeTmp/src.cxx
Linking CXX executable cmTC_a1aa5
/usr/bin/cmake -E cmake_link_script CMakeFiles/cmTC_a1aa5.dir/link.txt --verbose=1
/usr/bin/c++ CMakeFiles/cmTC_a1aa5.dir/src.cxx.o -o cmTC_a1aa5 
gmake[1]: 离开目录“/home/czz/nvblox_ws/build/nvblox/CMakeFiles/CMakeTmp”


Source file was:

namespace Outer { namespace Inner { int i = 0; }}
using namespace Outer::Inner;;
int main() { return i; }

Performing C++ SOURCE FILE Test HAVE_GCC_TLS succeeded with the following output:
Change Dir: /home/czz/nvblox_ws/build/nvblox/CMakeFiles/CMakeTmp

Run Build Command(s):/usr/bin/gmake -f Makefile cmTC_73e9a/fast && /usr/bin/gmake  -f CMakeFiles/cmTC_73e9a.dir/build.make CMakeFiles/cmTC_73e9a.dir/build
gmake[1]: 进入目录“/home/czz/nvblox_ws/build/nvblox/CMakeFiles/CMakeTmp”
Building CXX object CMakeFiles/cmTC_73e9a.dir/src.cxx.o
/usr/bin/c++ -DHAVE_GCC_TLS   -o CMakeFiles/cmTC_73e9a.dir/src.cxx.o -c /home/czz/nvblox_ws/build/nvblox/CMakeFiles/CMakeTmp/src.cxx
Linking CXX executable cmTC_73e9a
/usr/bin/cmake -E cmake_link_script CMakeFiles/cmTC_73e9a.dir/link.txt --verbose=1
/usr/bin/c++ CMakeFiles/cmTC_73e9a.dir/src.cxx.o -o cmTC_73e9a 
gmake[1]: 离开目录“/home/czz/nvblox_ws/build/nvblox/CMakeFiles/CMakeTmp”


Source file was:

__thread int tls;
int main() { }

Performing C++ SOURCE FILE Test HAVE_CXX11_TLS succeeded with the following output:
Change Dir: /home/czz/nvblox_ws/build/nvblox/CMakeFiles/CMakeTmp

Run Build Command(s):/usr/bin/gmake -f Makefile cmTC_49e2d/fast && /usr/bin/gmake  -f CMakeFiles/cmTC_49e2d.dir/build.make CMakeFiles/cmTC_49e2d.dir/build
gmake[1]: 进入目录“/home/czz/nvblox_ws/build/nvblox/CMakeFiles/CMakeTmp”
Building CXX object CMakeFiles/cmTC_49e2d.dir/src.cxx.o
/usr/bin/c++ -DHAVE_CXX11_TLS   -o CMakeFiles/cmTC_49e2d.dir/src.cxx.o -c /home/czz/nvblox_ws/build/nvblox/CMakeFiles/CMakeTmp/src.cxx
Linking CXX executable cmTC_49e2d
/usr/bin/cmake -E cmake_link_script CMakeFiles/cmTC_49e2d.dir/link.txt --verbose=1
/usr/bin/c++ CMakeFiles/cmTC_49e2d.dir/src.cxx.o -o cmTC_49e2d 
gmake[1]: 离开目录“/home/czz/nvblox_ws/build/nvblox/CMakeFiles/CMakeTmp”


Source file was:

thread_local int tls;
int main() { }

Performing C++ SOURCE FILE Test HAVE_ALIGNED_STORAGE succeeded with the following output:
Change Dir: /home/czz/nvblox_ws/build/nvblox/CMakeFiles/CMakeTmp

Run Build Command(s):/usr/bin/gmake -f Makefile cmTC_553d3/fast && /usr/bin/gmake  -f CMakeFiles/cmTC_553d3.dir/build.make CMakeFiles/cmTC_553d3.dir/build
gmake[1]: 进入目录“/home/czz/nvblox_ws/build/nvblox/CMakeFiles/CMakeTmp”
Building CXX object CMakeFiles/cmTC_553d3.dir/src.cxx.o
/usr/bin/c++ -DHAVE_ALIGNED_STORAGE   -o CMakeFiles/cmTC_553d3.dir/src.cxx.o -c /home/czz/nvblox_ws/build/nvblox/CMakeFiles/CMakeTmp/src.cxx
Linking CXX executable cmTC_553d3
/usr/bin/cmake -E cmake_link_script CMakeFiles/cmTC_553d3.dir/link.txt --verbose=1
/usr/bin/c++ CMakeFiles/cmTC_553d3.dir/src.cxx.o -o cmTC_553d3 
gmake[1]: 离开目录“/home/czz/nvblox_ws/build/nvblox/CMakeFiles/CMakeTmp”


Source file was:

#include <type_traits>
std::aligned_storage<sizeof(char), alignof(char)>::type data;
int main() { }

Performing C++ SOURCE FILE Test HAVE_CXX11_ATOMIC succeeded with the following output:
Change Dir: /home/czz/nvblox_ws/build/nvblox/CMakeFiles/CMakeTmp

Run Build Command(s):/usr/bin/gmake -f Makefile cmTC_c7b87/fast && /usr/bin/gmake  -f CMakeFiles/cmTC_c7b87.dir/build.make CMakeFiles/cmTC_c7b87.dir/build
gmake[1]: 进入目录“/home/czz/nvblox_ws/build/nvblox/CMakeFiles/CMakeTmp”
Building CXX object CMakeFiles/cmTC_c7b87.dir/src.cxx.o
/usr/bin/c++ -DHAVE_CXX11_ATOMIC   -o CMakeFiles/cmTC_c7b87.dir/src.cxx.o -c /home/czz/nvblox_ws/build/nvblox/CMakeFiles/CMakeTmp/src.cxx
Linking CXX executable cmTC_c7b87
/usr/bin/cmake -E cmake_link_script CMakeFiles/cmTC_c7b87.dir/link.txt --verbose=1
/usr/bin/c++ CMakeFiles/cmTC_c7b87.dir/src.cxx.o -o cmTC_c7b87 
gmake[1]: 离开目录“/home/czz/nvblox_ws/build/nvblox/CMakeFiles/CMakeTmp”


Source file was:

#include <atomic>
std::atomic<int> i;
int main() { }

Performing C++ SOURCE FILE Test HAVE_CXX11_NULLPTR_T succeeded with the following output:
Change Dir: /home/czz/nvblox_ws/build/nvblox/CMakeFiles/CMakeTmp

Run Build Command(s):/usr/bin/gmake -f Makefile cmTC_0e79b/fast && /usr/bin/gmake  -f CMakeFiles/cmTC_0e79b.dir/build.make CMakeFiles/cmTC_0e79b.dir/build
gmake[1]: 进入目录“/home/czz/nvblox_ws/build/nvblox/CMakeFiles/CMakeTmp”
Building CXX object CMakeFiles/cmTC_0e79b.dir/src.cxx.o
/usr/bin/c++ -DHAVE_CXX11_NULLPTR_T   -o CMakeFiles/cmTC_0e79b.dir/src.cxx.o -c /home/czz/nvblox_ws/build/nvblox/CMakeFiles/CMakeTmp/src.cxx
Linking CXX executable cmTC_0e79b
/usr/bin/cmake -E cmake_link_script CMakeFiles/cmTC_0e79b.dir/link.txt --verbose=1
/usr/bin/c++ CMakeFiles/cmTC_0e79b.dir/src.cxx.o -o cmTC_0e79b 
gmake[1]: 离开目录“/home/czz/nvblox_ws/build/nvblox/CMakeFiles/CMakeTmp”


Source file was:

#include <cstddef>
void foo(std::nullptr_t) {}
int main(void) { foo(nullptr); }

Performing C++ SOURCE FILE Test HAVE_LOCALTIME_R succeeded with the following output:
Change Dir: /home/czz/nvblox_ws/build/nvblox/CMakeFiles/CMakeTmp

Run Build Command(s):/usr/bin/gmake -f Makefile cmTC_4d475/fast && /usr/bin/gmake  -f CMakeFiles/cmTC_4d475.dir/build.make CMakeFiles/cmTC_4d475.dir/build
gmake[1]: 进入目录“/home/czz/nvblox_ws/build/nvblox/CMakeFiles/CMakeTmp”
Building CXX object CMakeFiles/cmTC_4d475.dir/src.cxx.o
/usr/bin/c++ -DHAVE_LOCALTIME_R   -o CMakeFiles/cmTC_4d475.dir/src.cxx.o -c /home/czz/nvblox_ws/build/nvblox/CMakeFiles/CMakeTmp/src.cxx
Linking CXX executable cmTC_4d475
/usr/bin/cmake -E cmake_link_script CMakeFiles/cmTC_4d475.dir/link.txt --verbose=1
/usr/bin/c++ CMakeFiles/cmTC_4d475.dir/src.cxx.o -o cmTC_4d475 
gmake[1]: 离开目录“/home/czz/nvblox_ws/build/nvblox/CMakeFiles/CMakeTmp”


Source file was:

#include <cstdlib>
#include <time.h>
int main()
{
    time_t timep;
    struct tm result;
    localtime_r(&timep, &result);
    return EXIT_SUCCESS;
}

Performing C++ SOURCE FILE Test COMPILER_HAS_HIDDEN_VISIBILITY succeeded with the following output:
Change Dir: /home/czz/nvblox_ws/build/nvblox/CMakeFiles/CMakeTmp

Run Build Command(s):/usr/bin/gmake -f Makefile cmTC_854a8/fast && /usr/bin/gmake  -f CMakeFiles/cmTC_854a8.dir/build.make CMakeFiles/cmTC_854a8.dir/build
gmake[1]: Entering directory '/home/czz/nvblox_ws/build/nvblox/CMakeFiles/CMakeTmp'
Building CXX object CMakeFiles/cmTC_854a8.dir/src.cxx.o
/usr/bin/c++ -DCOMPILER_HAS_HIDDEN_VISIBILITY  -fvisibility=hidden -o CMakeFiles/cmTC_854a8.dir/src.cxx.o -c /home/czz/nvblox_ws/build/nvblox/CMakeFiles/CMakeTmp/src.cxx
Linking CXX executable cmTC_854a8
/usr/bin/cmake -E cmake_link_script CMakeFiles/cmTC_854a8.dir/link.txt --verbose=1
/usr/bin/c++ CMakeFiles/cmTC_854a8.dir/src.cxx.o -o cmTC_854a8 
gmake[1]: Leaving directory '/home/czz/nvblox_ws/build/nvblox/CMakeFiles/CMakeTmp'


Source file was:
int main() { return 0; }
Performing C++ SOURCE FILE Test COMPILER_HAS_HIDDEN_INLINE_VISIBILITY succeeded with the following output:
Change Dir: /home/czz/nvblox_ws/build/nvblox/CMakeFiles/CMakeTmp

Run Build Command(s):/usr/bin/gmake -f Makefile cmTC_232df/fast && /usr/bin/gmake  -f CMakeFiles/cmTC_232df.dir/build.make CMakeFiles/cmTC_232df.dir/build
gmake[1]: Entering directory '/home/czz/nvblox_ws/build/nvblox/CMakeFiles/CMakeTmp'
Building CXX object CMakeFiles/cmTC_232df.dir/src.cxx.o
/usr/bin/c++ -DCOMPILER_HAS_HIDDEN_INLINE_VISIBILITY  -fvisibility-inlines-hidden -o CMakeFiles/cmTC_232df.dir/src.cxx.o -c /home/czz/nvblox_ws/build/nvblox/CMakeFiles/CMakeTmp/src.cxx
Linking CXX executable cmTC_232df
/usr/bin/cmake -E cmake_link_script CMakeFiles/cmTC_232df.dir/link.txt --verbose=1
/usr/bin/c++ CMakeFiles/cmTC_232df.dir/src.cxx.o -o cmTC_232df 
gmake[1]: Leaving directory '/home/czz/nvblox_ws/build/nvblox/CMakeFiles/CMakeTmp'


Source file was:
int main() { return 0; }
Performing C++ SOURCE FILE Test COMPILER_HAS_DEPRECATED_ATTR succeeded with the following output:
Change Dir: /home/czz/nvblox_ws/build/nvblox/CMakeFiles/CMakeTmp

Run Build Command(s):/usr/bin/gmake -f Makefile cmTC_fdd03/fast && /usr/bin/gmake  -f CMakeFiles/cmTC_fdd03.dir/build.make CMakeFiles/cmTC_fdd03.dir/build
gmake[1]: 进入目录“/home/czz/nvblox_ws/build/nvblox/CMakeFiles/CMakeTmp”
Building CXX object CMakeFiles/cmTC_fdd03.dir/src.cxx.o
/usr/bin/c++ -DCOMPILER_HAS_DEPRECATED_ATTR   -o CMakeFiles/cmTC_fdd03.dir/src.cxx.o -c /home/czz/nvblox_ws/build/nvblox/CMakeFiles/CMakeTmp/src.cxx
/home/czz/nvblox_ws/build/nvblox/CMakeFiles/CMakeTmp/src.cxx: In function ‘int main()’:
/home/czz/nvblox_ws/build/nvblox/CMakeFiles/CMakeTmp/src.cxx:2:33: warning: ‘int somefunc()’ is deprecated [-Wdeprecated-declarations]
    2 |     int main() { return somefunc();}
      |                         ~~~~~~~~^~
/home/czz/nvblox_ws/build/nvblox/CMakeFiles/CMakeTmp/src.cxx:1:37: note: declared here
    1 | __attribute__((__deprecated__)) int somefunc() { return 0; }
      |                                     ^~~~~~~~
Linking CXX executable cmTC_fdd03
/usr/bin/cmake -E cmake_link_script CMakeFiles/cmTC_fdd03.dir/link.txt --verbose=1
/usr/bin/c++ CMakeFiles/cmTC_fdd03.dir/src.cxx.o -o cmTC_fdd03 
gmake[1]: 离开目录“/home/czz/nvblox_ws/build/nvblox/CMakeFiles/CMakeTmp”


Source file was:
__attribute__((__deprecated__)) int somefunc() { return 0; }
    int main() { return somefunc();}
Determining if the function shm_open exists in the rt passed with the following output:
Change Dir: /home/czz/nvblox_ws/build/nvblox/CMakeFiles/CMakeTmp

Run Build Command(s):/usr/bin/gmake -f Makefile cmTC_013e3/fast && /usr/bin/gmake  -f CMakeFiles/cmTC_013e3.dir/build.make CMakeFiles/cmTC_013e3.dir/build
gmake[1]: 进入目录“/home/czz/nvblox_ws/build/nvblox/CMakeFiles/CMakeTmp”
Building C object CMakeFiles/cmTC_013e3.dir/CheckFunctionExists.c.o
/usr/bin/cc   -DCHECK_FUNCTION_EXISTS=shm_open -o CMakeFiles/cmTC_013e3.dir/CheckFunctionExists.c.o -c /usr/share/cmake-3.22/Modules/CheckFunctionExists.c
Linking C executable cmTC_013e3
/usr/bin/cmake -E cmake_link_script CMakeFiles/cmTC_013e3.dir/link.txt --verbose=1
/usr/bin/cc  -DCHECK_FUNCTION_EXISTS=shm_open CMakeFiles/cmTC_013e3.dir/CheckFunctionExists.c.o -o cmTC_013e3  -lrt 
gmake[1]: 离开目录“/home/czz/nvblox_ws/build/nvblox/CMakeFiles/CMakeTmp”



Performing C++ SOURCE FILE Test HAVE_CXX_FLAG_WALL succeeded with the following output:
Change Dir: /home/czz/nvblox_ws/build/nvblox/CMakeFiles/CMakeTmp

Run Build Command(s):/usr/bin/gmake -f Makefile cmTC_71bfd/fast && /usr/bin/gmake  -f CMakeFiles/cmTC_71bfd.dir/build.make CMakeFiles/cmTC_71bfd.dir/build
gmake[1]: Entering directory '/home/czz/nvblox_ws/build/nvblox/CMakeFiles/CMakeTmp'
Building CXX object CMakeFiles/cmTC_71bfd.dir/src.cxx.o
/usr/bin/c++ -DHAVE_CXX_FLAG_WALL  -Wall   -Wall -std=c++14 -o CMakeFiles/cmTC_71bfd.dir/src.cxx.o -c /home/czz/nvblox_ws/build/nvblox/CMakeFiles/CMakeTmp/src.cxx
Linking CXX executable cmTC_71bfd
/usr/bin/cmake -E cmake_link_script CMakeFiles/cmTC_71bfd.dir/link.txt --verbose=1
/usr/bin/c++   -Wall CMakeFiles/cmTC_71bfd.dir/src.cxx.o -o cmTC_71bfd 
gmake[1]: Leaving directory '/home/czz/nvblox_ws/build/nvblox/CMakeFiles/CMakeTmp'


Source file was:
int main() { return 0; }
Performing C++ SOURCE FILE Test HAVE_CXX_FLAG_WEXTRA succeeded with the following output:
Change Dir: /home/czz/nvblox_ws/build/nvblox/CMakeFiles/CMakeTmp

Run Build Command(s):/usr/bin/gmake -f Makefile cmTC_294b9/fast && /usr/bin/gmake  -f CMakeFiles/cmTC_294b9.dir/build.make CMakeFiles/cmTC_294b9.dir/build
gmake[1]: Entering directory '/home/czz/nvblox_ws/build/nvblox/CMakeFiles/CMakeTmp'
Building CXX object CMakeFiles/cmTC_294b9.dir/src.cxx.o
/usr/bin/c++ -DHAVE_CXX_FLAG_WEXTRA  -Wall  -Wextra   -Wextra -std=c++14 -o CMakeFiles/cmTC_294b9.dir/src.cxx.o -c /home/czz/nvblox_ws/build/nvblox/CMakeFiles/CMakeTmp/src.cxx
Linking CXX executable cmTC_294b9
/usr/bin/cmake -E cmake_link_script CMakeFiles/cmTC_294b9.dir/link.txt --verbose=1
/usr/bin/c++   -Wall  -Wextra CMakeFiles/cmTC_294b9.dir/src.cxx.o -o cmTC_294b9 
gmake[1]: Leaving directory '/home/czz/nvblox_ws/build/nvblox/CMakeFiles/CMakeTmp'


Source file was:
int main() { return 0; }
Performing C++ SOURCE FILE Test HAVE_CXX_FLAG_WSHADOW succeeded with the following output:
Change Dir: /home/czz/nvblox_ws/build/nvblox/CMakeFiles/CMakeTmp

Run Build Command(s):/usr/bin/gmake -f Makefile cmTC_118bd/fast && /usr/bin/gmake  -f CMakeFiles/cmTC_118bd.dir/build.make CMakeFiles/cmTC_118bd.dir/build
gmake[1]: Entering directory '/home/czz/nvblox_ws/build/nvblox/CMakeFiles/CMakeTmp'
Building CXX object CMakeFiles/cmTC_118bd.dir/src.cxx.o
/usr/bin/c++ -DHAVE_CXX_FLAG_WSHADOW  -Wall  -Wextra  -Wshadow   -Wshadow -std=c++14 -o CMakeFiles/cmTC_118bd.dir/src.cxx.o -c /home/czz/nvblox_ws/build/nvblox/CMakeFiles/CMakeTmp/src.cxx
Linking CXX executable cmTC_118bd
/usr/bin/cmake -E cmake_link_script CMakeFiles/cmTC_118bd.dir/link.txt --verbose=1
/usr/bin/c++   -Wall  -Wextra  -Wshadow CMakeFiles/cmTC_118bd.dir/src.cxx.o -o cmTC_118bd 
gmake[1]: Leaving directory '/home/czz/nvblox_ws/build/nvblox/CMakeFiles/CMakeTmp'


Source file was:
int main() { return 0; }
Performing C++ SOURCE FILE Test HAVE_CXX_FLAG_WFLOAT_EQUAL succeeded with the following output:
Change Dir: /home/czz/nvblox_ws/build/nvblox/CMakeFiles/CMakeTmp

Run Build Command(s):/usr/bin/gmake -f Makefile cmTC_45489/fast && /usr/bin/gmake  -f CMakeFiles/cmTC_45489.dir/build.make CMakeFiles/cmTC_45489.dir/build
gmake[1]: Entering directory '/home/czz/nvblox_ws/build/nvblox/CMakeFiles/CMakeTmp'
Building CXX object CMakeFiles/cmTC_45489.dir/src.cxx.o
/usr/bin/c++ -DHAVE_CXX_FLAG_WFLOAT_EQUAL  -Wall  -Wextra  -Wshadow  -Wfloat-equal   -Wfloat-equal -std=c++14 -o CMakeFiles/cmTC_45489.dir/src.cxx.o -c /home/czz/nvblox_ws/build/nvblox/CMakeFiles/CMakeTmp/src.cxx
Linking CXX executable cmTC_45489
/usr/bin/cmake -E cmake_link_script CMakeFiles/cmTC_45489.dir/link.txt --verbose=1
/usr/bin/c++   -Wall  -Wextra  -Wshadow  -Wfloat-equal CMakeFiles/cmTC_45489.dir/src.cxx.o -o cmTC_45489 
gmake[1]: Leaving directory '/home/czz/nvblox_ws/build/nvblox/CMakeFiles/CMakeTmp'


Source file was:
int main() { return 0; }
Performing C++ SOURCE FILE Test HAVE_CXX_FLAG_WOLD_STYLE_CAST succeeded with the following output:
Change Dir: /home/czz/nvblox_ws/build/nvblox/CMakeFiles/CMakeTmp

Run Build Command(s):/usr/bin/gmake -f Makefile cmTC_8a4df/fast && /usr/bin/gmake  -f CMakeFiles/cmTC_8a4df.dir/build.make CMakeFiles/cmTC_8a4df.dir/build
gmake[1]: Entering directory '/home/czz/nvblox_ws/build/nvblox/CMakeFiles/CMakeTmp'
Building CXX object CMakeFiles/cmTC_8a4df.dir/src.cxx.o
/usr/bin/c++ -DHAVE_CXX_FLAG_WOLD_STYLE_CAST  -Wall  -Wextra  -Wshadow  -Wfloat-equal  -Wold-style-cast   -Wold-style-cast -std=c++14 -o CMakeFiles/cmTC_8a4df.dir/src.cxx.o -c /home/czz/nvblox_ws/build/nvblox/CMakeFiles/CMakeTmp/src.cxx
Linking CXX executable cmTC_8a4df
/usr/bin/cmake -E cmake_link_script CMakeFiles/cmTC_8a4df.dir/link.txt --verbose=1
/usr/bin/c++   -Wall  -Wextra  -Wshadow  -Wfloat-equal  -Wold-style-cast CMakeFiles/cmTC_8a4df.dir/src.cxx.o -o cmTC_8a4df 
gmake[1]: Leaving directory '/home/czz/nvblox_ws/build/nvblox/CMakeFiles/CMakeTmp'


Source file was:
int main() { return 0; }
Performing C++ SOURCE FILE Test HAVE_CXX_FLAG_WCONVERSION succeeded with the following output:
Change Dir: /home/czz/nvblox_ws/build/nvblox/CMakeFiles/CMakeTmp

Run Build Command(s):/usr/bin/gmake -f Makefile cmTC_ef85c/fast && /usr/bin/gmake  -f CMakeFiles/cmTC_ef85c.dir/build.make CMakeFiles/cmTC_ef85c.dir/build
gmake[1]: Entering directory '/home/czz/nvblox_ws/build/nvblox/CMakeFiles/CMakeTmp'
Building CXX object CMakeFiles/cmTC_ef85c.dir/src.cxx.o
/usr/bin/c++ -DHAVE_CXX_FLAG_WCONVERSION  -Wall  -Wextra  -Wshadow  -Wfloat-equal  -Wold-style-cast  -Wconversion   -Wconversion -std=c++14 -o CMakeFiles/cmTC_ef85c.dir/src.cxx.o -c /home/czz/nvblox_ws/build/nvblox/CMakeFiles/CMakeTmp/src.cxx
Linking CXX executable cmTC_ef85c
/usr/bin/cmake -E cmake_link_script CMakeFiles/cmTC_ef85c.dir/link.txt --verbose=1
/usr/bin/c++   -Wall  -Wextra  -Wshadow  -Wfloat-equal  -Wold-style-cast  -Wconversion CMakeFiles/cmTC_ef85c.dir/src.cxx.o -o cmTC_ef85c 
gmake[1]: Leaving directory '/home/czz/nvblox_ws/build/nvblox/CMakeFiles/CMakeTmp'


Source file was:
int main() { return 0; }
Performing C++ SOURCE FILE Test HAVE_CXX_FLAG_WSUGGEST_OVERRIDE succeeded with the following output:
Change Dir: /home/czz/nvblox_ws/build/nvblox/CMakeFiles/CMakeTmp

Run Build Command(s):/usr/bin/gmake -f Makefile cmTC_aa3df/fast && /usr/bin/gmake  -f CMakeFiles/cmTC_aa3df.dir/build.make CMakeFiles/cmTC_aa3df.dir/build
gmake[1]: Entering directory '/home/czz/nvblox_ws/build/nvblox/CMakeFiles/CMakeTmp'
Building CXX object CMakeFiles/cmTC_aa3df.dir/src.cxx.o
/usr/bin/c++ -DHAVE_CXX_FLAG_WSUGGEST_OVERRIDE  -Wall  -Wextra  -Wshadow  -Wfloat-equal  -Wold-style-cast  -Wconversion  -Wsuggest-override   -Wsuggest-override -std=c++14 -o CMakeFiles/cmTC_aa3df.dir/src.cxx.o -c /home/czz/nvblox_ws/build/nvblox/CMakeFiles/CMakeTmp/src.cxx
Linking CXX executable cmTC_aa3df
/usr/bin/cmake -E cmake_link_script CMakeFiles/cmTC_aa3df.dir/link.txt --verbose=1
/usr/bin/c++   -Wall  -Wextra  -Wshadow  -Wfloat-equal  -Wold-style-cast  -Wconversion  -Wsuggest-override CMakeFiles/cmTC_aa3df.dir/src.cxx.o -o cmTC_aa3df 
gmake[1]: Leaving directory '/home/czz/nvblox_ws/build/nvblox/CMakeFiles/CMakeTmp'


Source file was:
int main() { return 0; }
Performing C++ SOURCE FILE Test HAVE_CXX_FLAG_PEDANTIC succeeded with the following output:
Change Dir: /home/czz/nvblox_ws/build/nvblox/CMakeFiles/CMakeTmp

Run Build Command(s):/usr/bin/gmake -f Makefile cmTC_98658/fast && /usr/bin/gmake  -f CMakeFiles/cmTC_98658.dir/build.make CMakeFiles/cmTC_98658.dir/build
gmake[1]: Entering directory '/home/czz/nvblox_ws/build/nvblox/CMakeFiles/CMakeTmp'
Building CXX object CMakeFiles/cmTC_98658.dir/src.cxx.o
/usr/bin/c++ -DHAVE_CXX_FLAG_PEDANTIC  -Wall  -Wextra  -Wshadow  -Wfloat-equal  -Wold-style-cast  -Wconversion  -Wsuggest-override  -pedantic   -pedantic -std=c++14 -o CMakeFiles/cmTC_98658.dir/src.cxx.o -c /home/czz/nvblox_ws/build/nvblox/CMakeFiles/CMakeTmp/src.cxx
Linking CXX executable cmTC_98658
/usr/bin/cmake -E cmake_link_script CMakeFiles/cmTC_98658.dir/link.txt --verbose=1
/usr/bin/c++   -Wall  -Wextra  -Wshadow  -Wfloat-equal  -Wold-style-cast  -Wconversion  -Wsuggest-override  -pedantic CMakeFiles/cmTC_98658.dir/src.cxx.o -o cmTC_98658 
gmake[1]: Leaving directory '/home/czz/nvblox_ws/build/nvblox/CMakeFiles/CMakeTmp'


Source file was:
int main() { return 0; }
Performing C++ SOURCE FILE Test HAVE_CXX_FLAG_PEDANTIC_ERRORS succeeded with the following output:
Change Dir: /home/czz/nvblox_ws/build/nvblox/CMakeFiles/CMakeTmp

Run Build Command(s):/usr/bin/gmake -f Makefile cmTC_492bd/fast && /usr/bin/gmake  -f CMakeFiles/cmTC_492bd.dir/build.make CMakeFiles/cmTC_492bd.dir/build
gmake[1]: Entering directory '/home/czz/nvblox_ws/build/nvblox/CMakeFiles/CMakeTmp'
Building CXX object CMakeFiles/cmTC_492bd.dir/src.cxx.o
/usr/bin/c++ -DHAVE_CXX_FLAG_PEDANTIC_ERRORS  -Wall  -Wextra  -Wshadow  -Wfloat-equal  -Wold-style-cast  -Wconversion  -Wsuggest-override  -pedantic  -pedantic-errors   -pedantic-errors -std=c++14 -o CMakeFiles/cmTC_492bd.dir/src.cxx.o -c /home/czz/nvblox_ws/build/nvblox/CMakeFiles/CMakeTmp/src.cxx
Linking CXX executable cmTC_492bd
/usr/bin/cmake -E cmake_link_script CMakeFiles/cmTC_492bd.dir/link.txt --verbose=1
/usr/bin/c++   -Wall  -Wextra  -Wshadow  -Wfloat-equal  -Wold-style-cast  -Wconversion  -Wsuggest-override  -pedantic  -pedantic-errors CMakeFiles/cmTC_492bd.dir/src.cxx.o -o cmTC_492bd 
gmake[1]: Leaving directory '/home/czz/nvblox_ws/build/nvblox/CMakeFiles/CMakeTmp'


Source file was:
int main() { return 0; }
Performing C++ SOURCE FILE Test HAVE_CXX_FLAG_FSTRICT_ALIASING succeeded with the following output:
Change Dir: /home/czz/nvblox_ws/build/nvblox/CMakeFiles/CMakeTmp

Run Build Command(s):/usr/bin/gmake -f Makefile cmTC_25829/fast && /usr/bin/gmake  -f CMakeFiles/cmTC_25829.dir/build.make CMakeFiles/cmTC_25829.dir/build
gmake[1]: Entering directory '/home/czz/nvblox_ws/build/nvblox/CMakeFiles/CMakeTmp'
Building CXX object CMakeFiles/cmTC_25829.dir/src.cxx.o
/usr/bin/c++ -DHAVE_CXX_FLAG_FSTRICT_ALIASING  -Wall  -Wextra  -Wshadow  -Wfloat-equal  -Wold-style-cast  -Wconversion  -Wsuggest-override  -pedantic  -pedantic-errors  -fstrict-aliasing   -fstrict-aliasing -std=c++14 -o CMakeFiles/cmTC_25829.dir/src.cxx.o -c /home/czz/nvblox_ws/build/nvblox/CMakeFiles/CMakeTmp/src.cxx
Linking CXX executable cmTC_25829
/usr/bin/cmake -E cmake_link_script CMakeFiles/cmTC_25829.dir/link.txt --verbose=1
/usr/bin/c++   -Wall  -Wextra  -Wshadow  -Wfloat-equal  -Wold-style-cast  -Wconversion  -Wsuggest-override  -pedantic  -pedantic-errors  -fstrict-aliasing CMakeFiles/cmTC_25829.dir/src.cxx.o -o cmTC_25829 
gmake[1]: Leaving directory '/home/czz/nvblox_ws/build/nvblox/CMakeFiles/CMakeTmp'


Source file was:
int main() { return 0; }
Performing C++ SOURCE FILE Test HAVE_CXX_FLAG_WNO_DEPRECATED_DECLARATIONS succeeded with the following output:
Change Dir: /home/czz/nvblox_ws/build/nvblox/CMakeFiles/CMakeTmp

Run Build Command(s):/usr/bin/gmake -f Makefile cmTC_e3e58/fast && /usr/bin/gmake  -f CMakeFiles/cmTC_e3e58.dir/build.make CMakeFiles/cmTC_e3e58.dir/build
gmake[1]: Entering directory '/home/czz/nvblox_ws/build/nvblox/CMakeFiles/CMakeTmp'
Building CXX object CMakeFiles/cmTC_e3e58.dir/src.cxx.o
/usr/bin/c++ -DHAVE_CXX_FLAG_WNO_DEPRECATED_DECLARATIONS  -Wall  -Wextra  -Wshadow  -Wfloat-equal  -Wold-style-cast  -Wconversion  -Wsuggest-override  -pedantic  -pedantic-errors  -fstrict-aliasing  -Wno-deprecated-declarations   -Wno-deprecated-declarations -std=c++14 -o CMakeFiles/cmTC_e3e58.dir/src.cxx.o -c /home/czz/nvblox_ws/build/nvblox/CMakeFiles/CMakeTmp/src.cxx
Linking CXX executable cmTC_e3e58
/usr/bin/cmake -E cmake_link_script CMakeFiles/cmTC_e3e58.dir/link.txt --verbose=1
/usr/bin/c++   -Wall  -Wextra  -Wshadow  -Wfloat-equal  -Wold-style-cast  -Wconversion  -Wsuggest-override  -pedantic  -pedantic-errors  -fstrict-aliasing  -Wno-deprecated-declarations CMakeFiles/cmTC_e3e58.dir/src.cxx.o -o cmTC_e3e58 
gmake[1]: Leaving directory '/home/czz/nvblox_ws/build/nvblox/CMakeFiles/CMakeTmp'


Source file was:
int main() { return 0; }
Performing C++ SOURCE FILE Test HAVE_CXX_FLAG_WSTRICT_ALIASING succeeded with the following output:
Change Dir: /home/czz/nvblox_ws/build/nvblox/CMakeFiles/CMakeTmp

Run Build Command(s):/usr/bin/gmake -f Makefile cmTC_24642/fast && /usr/bin/gmake  -f CMakeFiles/cmTC_24642.dir/build.make CMakeFiles/cmTC_24642.dir/build
gmake[1]: Entering directory '/home/czz/nvblox_ws/build/nvblox/CMakeFiles/CMakeTmp'
Building CXX object CMakeFiles/cmTC_24642.dir/src.cxx.o
/usr/bin/c++ -DHAVE_CXX_FLAG_WSTRICT_ALIASING  -Wall  -Wextra  -Wshadow  -Wfloat-equal  -Wold-style-cast  -Wconversion  -Wsuggest-override  -pedantic  -pedantic-errors  -fstrict-aliasing  -Wno-deprecated-declarations  -Wstrict-aliasing   -Wstrict-aliasing -std=c++14 -o CMakeFiles/cmTC_24642.dir/src.cxx.o -c /home/czz/nvblox_ws/build/nvblox/CMakeFiles/CMakeTmp/src.cxx
Linking CXX executable cmTC_24642
/usr/bin/cmake -E cmake_link_script CMakeFiles/cmTC_24642.dir/link.txt --verbose=1
/usr/bin/c++   -Wall  -Wextra  -Wshadow  -Wfloat-equal  -Wold-style-cast  -Wconversion  -Wsuggest-override  -pedantic  -pedantic-errors  -fstrict-aliasing  -Wno-deprecated-declarations  -Wstrict-aliasing CMakeFiles/cmTC_24642.dir/src.cxx.o -o cmTC_24642 
gmake[1]: Leaving directory '/home/czz/nvblox_ws/build/nvblox/CMakeFiles/CMakeTmp'


Source file was:
int main() { return 0; }
Performing C++ SOURCE FILE Test HAVE_CXX_FLAG_COVERAGE succeeded with the following output:
Change Dir: /home/czz/nvblox_ws/build/nvblox/CMakeFiles/CMakeTmp

Run Build Command(s):/usr/bin/gmake -f Makefile cmTC_f0733/fast && /usr/bin/gmake  -f CMakeFiles/cmTC_f0733.dir/build.make CMakeFiles/cmTC_f0733.dir/build
gmake[1]: Entering directory '/home/czz/nvblox_ws/build/nvblox/CMakeFiles/CMakeTmp'
Building CXX object CMakeFiles/cmTC_f0733.dir/src.cxx.o
/usr/bin/c++ -DHAVE_CXX_FLAG_COVERAGE  -Wall  -Wextra  -Wshadow  -Wfloat-equal  -Wold-style-cast  -Wconversion  -Wsuggest-override  -pedantic  -pedantic-errors  -fstrict-aliasing  -Wno-deprecated-declarations  -Wstrict-aliasing  --coverage   --coverage -std=c++14 -o CMakeFiles/cmTC_f0733.dir/src.cxx.o -c /home/czz/nvblox_ws/build/nvblox/CMakeFiles/CMakeTmp/src.cxx
Linking CXX executable cmTC_f0733
/usr/bin/cmake -E cmake_link_script CMakeFiles/cmTC_f0733.dir/link.txt --verbose=1
/usr/bin/c++   -Wall  -Wextra  -Wshadow  -Wfloat-equal  -Wold-style-cast  -Wconversion  -Wsuggest-override  -pedantic  -pedantic-errors  -fstrict-aliasing  -Wno-deprecated-declarations  -Wstrict-aliasing  --coverage CMakeFiles/cmTC_f0733.dir/src.cxx.o -o cmTC_f0733 
gmake[1]: Leaving directory '/home/czz/nvblox_ws/build/nvblox/CMakeFiles/CMakeTmp'


Source file was:
int main() { return 0; }
