[0.000000] (-) TimerEvent: {}
[0.000185] (-) JobUnselected: {'identifier': 'my_nvblox'}
[0.000203] (nvblox) JobQueued: {'identifier': 'nvblox', 'dependencies': OrderedDict()}
[0.000474] (nvblox) JobStarted: {'identifier': 'nvblox'}
[0.006988] (nvblox) JobProgress: {'identifier': 'nvblox', 'progress': 'cmake'}
[0.007440] (nvblox) Command: {'cmd': ['/usr/bin/cmake', '/home/czz/nvblox_ws/src/nvblox', '-DBUILD_PYTORCH_WRAPPER=OFF', '-DCMAKE_BUILD_TYPE=Release', '-DCMAKE_INSTALL_PREFIX=/home/czz/nvblox_ws/install/nvblox'], 'cwd': '/home/czz/nvblox_ws/build/nvblox', 'env': OrderedDict([('LESSOPEN', '| /usr/bin/lesspipe %s'), ('LANGUAGE', 'zh_CN:en'), ('USER', 'czz'), ('TRT_INC_PATH', '/usr/include/x86_64-linux-gnu'), ('LC_TIME', 'en_US.UTF-8'), ('XDG_SESSION_TYPE', 'x11'), ('SHLVL', '1'), ('LD_LIBRARY_PATH', '/usr/local/cuda/lib64:/home/czz/workspaces/isaac_ros-dev/install/realsense_splitter/lib:/home/czz/workspaces/isaac_ros-dev/install/realsense2_camera/lib:/home/czz/workspaces/isaac_ros-dev/install/realsense2_camera_msgs/lib:/home/czz/workspaces/isaac_ros-dev/install/nvblox_ros/lib:/home/czz/workspaces/isaac_ros-dev/install/nvblox_rviz_plugin/lib:/home/czz/workspaces/isaac_ros-dev/install/nvblox_image_padding/lib:/home/czz/workspaces/isaac_ros-dev/install/nvblox_ros_common/lib:/home/czz/workspaces/isaac_ros-dev/install/nvblox_nav2/lib:/home/czz/workspaces/isaac_ros-dev/install/nvblox_msgs/lib:/home/czz/workspaces/isaac_ros-dev/install/isaac_ros_visual_slam/lib:/home/czz/workspaces/isaac_ros-dev/install/isaac_ros_visual_slam_interfaces/lib:/home/czz/workspaces/isaac_ros-dev/install/isaac_ros_common/lib:/home/czz/ros_pack/install/moveit_task_constructor_visualization/lib:/home/czz/ros_pack/install/moveit_task_constructor_demo/lib:/home/czz/ros_pack/install/moveit_task_constructor_capabilities/lib:/home/czz/ros_pack/install/moveit_task_constructor_core/lib:/home/czz/ros_pack/install/rviz_marker_tools/lib:/home/czz/ros_pack/install/negotiated_examples/lib:/home/czz/ros_pack/install/negotiated/lib:/home/czz/ros_pack/install/negotiated_interfaces/lib:/home/czz/ros_pack/install/moveit_task_constructor_msgs/lib:/usr/lib/x86_64-linux-gnu/gazebo-11/plugins:/opt/ros/humble/opt/rviz_ogre_vendor/lib:/opt/ros/humble/lib/x86_64-linux-gnu:/opt/ros/humble/lib::/opt/tritonserver/lib'), ('HOME', '/home/czz'), ('OLDPWD', '/home/czz/nvblox_ws'), ('DESKTOP_SESSION', 'ubuntu'), ('ROS_PYTHON_VERSION', '3'), ('GNOME_SHELL_SESSION_MODE', 'ubuntu'), ('GTK_MODULES', 'gail:atk-bridge'), ('LC_MONETARY', 'en_US.UTF-8'), ('SYSTEMD_EXEC_PID', '2267'), ('DBUS_SESSION_BUS_ADDRESS', 'unix:path=/run/user/1000/bus'), ('COLORTERM', 'truecolor'), ('COLCON_PREFIX_PATH', '/home/czz/ros_pack/install:/home/czz/workspaces/isaac_ros-dev/install'), ('ROS_DISTRO', 'humble'), ('GTK_IM_MODULE', 'ibus'), ('LOGNAME', 'czz'), ('_', '/usr/bin/colcon'), ('ROS_VERSION', '2'), ('XDG_SESSION_CLASS', 'user'), ('USERNAME', 'czz'), ('TERM', 'xterm-256color'), ('GNOME_DESKTOP_SESSION_ID', 'this-is-deprecated'), ('ISAAC_ROS_WS', '/home/czz/workspaces/isaac_ros-dev/'), ('ROS_LOCALHOST_ONLY', '0'), ('WINDOWPATH', '2'), ('PATH', '/usr/local/cuda/bin:/home/czz/workspaces/isaac_ros-dev/install/nvblox_ros/bin:/home/czz/workspaces/isaac_ros-dev/install/isaac_ros_common/bin:/opt/ros/humble/bin:/home/czz/.local/bin:/usr/local/sbin:/usr/local/bin:/usr/sbin:/usr/bin:/sbin:/bin:/usr/games:/usr/local/games:/snap/bin:/snap/bin:/opt/nvidia/tao'), ('SESSION_MANAGER', 'local/czz-Legion-Y7000P-IRH8:@/tmp/.ICE-unix/2003,unix/czz-Legion-Y7000P-IRH8:/tmp/.ICE-unix/2003'), ('PAPERSIZE', 'letter'), ('XDG_MENU_PREFIX', 'gnome-'), ('LC_ADDRESS', 'en_US.UTF-8'), ('GNOME_TERMINAL_SCREEN', '/org/gnome/Terminal/screen/da6a2967_2c73_4933_ad70_9c15650b4bcf'), ('XDG_RUNTIME_DIR', '/run/user/1000'), ('DISPLAY', ':1'), ('LANG', 'zh_CN.UTF-8'), ('XDG_CURRENT_DESKTOP', 'ubuntu:GNOME'), ('LC_TELEPHONE', 'en_US.UTF-8'), ('XMODIFIERS', '@im=ibus'), ('XDG_SESSION_DESKTOP', 'ubuntu'), ('XAUTHORITY', '/run/user/1000/gdm/Xauthority'), ('LS_COLORS', 'rs=0:di=01;34:ln=01;36:mh=00:pi=40;33:so=01;35:do=01;35:bd=40;33;01:cd=40;33;01:or=40;31;01:mi=00:su=37;41:sg=30;43:ca=30;41:tw=30;42:ow=34;42:st=37;44:ex=01;32:*.tar=01;31:*.tgz=01;31:*.arc=01;31:*.arj=01;31:*.taz=01;31:*.lha=01;31:*.lz4=01;31:*.lzh=01;31:*.lzma=01;31:*.tlz=01;31:*.txz=01;31:*.tzo=01;31:*.t7z=01;31:*.zip=01;31:*.z=01;31:*.dz=01;31:*.gz=01;31:*.lrz=01;31:*.lz=01;31:*.lzo=01;31:*.xz=01;31:*.zst=01;31:*.tzst=01;31:*.bz2=01;31:*.bz=01;31:*.tbz=01;31:*.tbz2=01;31:*.tz=01;31:*.deb=01;31:*.rpm=01;31:*.jar=01;31:*.war=01;31:*.ear=01;31:*.sar=01;31:*.rar=01;31:*.alz=01;31:*.ace=01;31:*.zoo=01;31:*.cpio=01;31:*.7z=01;31:*.rz=01;31:*.cab=01;31:*.wim=01;31:*.swm=01;31:*.dwm=01;31:*.esd=01;31:*.jpg=01;35:*.jpeg=01;35:*.mjpg=01;35:*.mjpeg=01;35:*.gif=01;35:*.bmp=01;35:*.pbm=01;35:*.pgm=01;35:*.ppm=01;35:*.tga=01;35:*.xbm=01;35:*.xpm=01;35:*.tif=01;35:*.tiff=01;35:*.png=01;35:*.svg=01;35:*.svgz=01;35:*.mng=01;35:*.pcx=01;35:*.mov=01;35:*.mpg=01;35:*.mpeg=01;35:*.m2v=01;35:*.mkv=01;35:*.webm=01;35:*.webp=01;35:*.ogm=01;35:*.mp4=01;35:*.m4v=01;35:*.mp4v=01;35:*.vob=01;35:*.qt=01;35:*.nuv=01;35:*.wmv=01;35:*.asf=01;35:*.rm=01;35:*.rmvb=01;35:*.flc=01;35:*.avi=01;35:*.fli=01;35:*.flv=01;35:*.gl=01;35:*.dl=01;35:*.xcf=01;35:*.xwd=01;35:*.yuv=01;35:*.cgm=01;35:*.emf=01;35:*.ogv=01;35:*.ogx=01;35:*.aac=00;36:*.au=00;36:*.flac=00;36:*.m4a=00;36:*.mid=00;36:*.midi=00;36:*.mka=00;36:*.mp3=00;36:*.mpc=00;36:*.ogg=00;36:*.ra=00;36:*.wav=00;36:*.oga=00;36:*.opus=00;36:*.spx=00;36:*.xspf=00;36:'), ('GNOME_TERMINAL_SERVICE', ':1.122'), ('SSH_AGENT_LAUNCHER', 'gnome-keyring'), ('SSH_AUTH_SOCK', '/run/user/1000/keyring/ssh'), ('AMENT_PREFIX_PATH', '/home/czz/workspaces/isaac_ros-dev/install/isaac_ros_nvblox:/home/czz/workspaces/isaac_ros-dev/install/nvblox_examples_bringup:/home/czz/workspaces/isaac_ros-dev/install/semantic_label_conversion:/home/czz/workspaces/isaac_ros-dev/install/realsense_splitter:/home/czz/workspaces/isaac_ros-dev/install/realsense2_description:/home/czz/workspaces/isaac_ros-dev/install/realsense2_camera:/home/czz/workspaces/isaac_ros-dev/install/realsense2_camera_msgs:/home/czz/workspaces/isaac_ros-dev/install/nvblox_ros:/home/czz/workspaces/isaac_ros-dev/install/nvblox_rviz_plugin:/home/czz/workspaces/isaac_ros-dev/install/nvblox_ros_python_utils:/home/czz/workspaces/isaac_ros-dev/install/nvblox_image_padding:/home/czz/workspaces/isaac_ros-dev/install/nvblox_ros_common:/home/czz/workspaces/isaac_ros-dev/install/nvblox_nav2:/home/czz/workspaces/isaac_ros-dev/install/nvblox_msgs:/home/czz/workspaces/isaac_ros-dev/install/isaac_ros_visual_slam:/home/czz/workspaces/isaac_ros-dev/install/isaac_ros_visual_slam_interfaces:/home/czz/workspaces/isaac_ros-dev/install/isaac_ros_test_cmake:/home/czz/workspaces/isaac_ros-dev/install/isaac_ros_test:/home/czz/workspaces/isaac_ros-dev/install/isaac_ros_launch_utils:/home/czz/workspaces/isaac_ros-dev/install/isaac_ros_common:/home/czz/workspaces/isaac_ros-dev/install/isaac_common:/home/czz/ros_pack/install/moveit_task_constructor_visualization:/home/czz/ros_pack/install/moveit_task_constructor_demo:/home/czz/ros_pack/install/moveit_task_constructor_capabilities:/home/czz/ros_pack/install/moveit_task_constructor_core:/home/czz/ros_pack/install/rviz_marker_tools:/home/czz/ros_pack/install/negotiated_examples:/home/czz/ros_pack/install/negotiated:/home/czz/ros_pack/install/negotiated_interfaces:/home/czz/ros_pack/install/moveit_task_constructor_msgs:/opt/ros/humble'), ('SHELL', '/bin/bash'), ('LC_NAME', 'en_US.UTF-8'), ('QT_ACCESSIBILITY', '1'), ('GDMSESSION', 'ubuntu'), ('LESSCLOSE', '/usr/bin/lesspipe %s %s'), ('CMAKE_MODULE_PATH', '/home/czz/ros_pack/install/moveit_task_constructor_core/share/moveit_task_constructor_core/cmake'), ('LC_MEASUREMENT', 'en_US.UTF-8'), ('GPG_AGENT_INFO', '/run/user/1000/gnupg/S.gpg-agent:0:1'), ('LC_IDENTIFICATION', 'en_US.UTF-8'), ('QT_IM_MODULE', 'ibus'), ('PWD', '/home/czz/nvblox_ws/build/nvblox'), ('LC_ALL', 'en_US.UTF-8'), ('XDG_CONFIG_DIRS', '/etc/xdg/xdg-ubuntu:/etc/xdg'), ('XDG_DATA_DIRS', '/usr/share/ubuntu:/usr/share/gnome:/home/czz/.local/share/flatpak/exports/share:/var/lib/flatpak/exports/share:/usr/local/share/:/usr/share/:/var/lib/snapd/desktop'), ('PYTHONPATH', '/home/czz/workspaces/isaac_ros-dev/install/realsense2_camera_msgs/local/lib/python3.10/dist-packages:/home/czz/workspaces/isaac_ros-dev/build/nvblox_ros_python_utils:/home/czz/workspaces/isaac_ros-dev/install/nvblox_ros_python_utils/lib/python3.10/site-packages:/home/czz/workspaces/isaac_ros-dev/install/nvblox_msgs/local/lib/python3.10/dist-packages:/home/czz/workspaces/isaac_ros-dev/install/isaac_ros_visual_slam_interfaces/local/lib/python3.10/dist-packages:/home/czz/workspaces/isaac_ros-dev/build/isaac_ros_test:/home/czz/workspaces/isaac_ros-dev/install/isaac_ros_test/lib/python3.10/site-packages:/home/czz/workspaces/isaac_ros-dev/build/isaac_ros_launch_utils:/home/czz/workspaces/isaac_ros-dev/install/isaac_ros_launch_utils/lib/python3.10/site-packages:/home/czz/workspaces/isaac_ros-dev/install/isaac_ros_common/local/lib/python3.10/dist-packages:/home/czz/ros_pack/install/moveit_task_constructor_core/local/lib/python3.10/dist-packages:/home/czz/ros_pack/install/negotiated_interfaces/local/lib/python3.10/dist-packages:/home/czz/ros_pack/install/moveit_task_constructor_msgs/local/lib/python3.10/dist-packages:/opt/ros/humble/lib/python3.10/site-packages:/opt/ros/humble/local/lib/python3.10/dist-packages:/usr/local/lib'), ('LC_NUMERIC', 'en_US.UTF-8'), ('LC_PAPER', 'en_US.UTF-8'), ('COLCON', '1'), ('VTE_VERSION', '6800'), ('CMAKE_PREFIX_PATH', '/home/czz/workspaces/isaac_ros-dev/install/isaac_ros_nvblox:/home/czz/workspaces/isaac_ros-dev/install/nvblox_examples_bringup:/home/czz/workspaces/isaac_ros-dev/install/semantic_label_conversion:/home/czz/workspaces/isaac_ros-dev/install/realsense_splitter:/home/czz/workspaces/isaac_ros-dev/install/realsense2_description:/home/czz/workspaces/isaac_ros-dev/install/realsense2_camera:/home/czz/workspaces/isaac_ros-dev/install/realsense2_camera_msgs:/home/czz/workspaces/isaac_ros-dev/install/nvblox_ros:/home/czz/workspaces/isaac_ros-dev/install/nvblox_rviz_plugin:/home/czz/workspaces/isaac_ros-dev/install/nvblox_image_padding:/home/czz/workspaces/isaac_ros-dev/install/nvblox_ros_common:/home/czz/workspaces/isaac_ros-dev/install/nvblox_nav2:/home/czz/workspaces/isaac_ros-dev/install/nvblox_msgs:/home/czz/workspaces/isaac_ros-dev/install/isaac_ros_visual_slam:/home/czz/workspaces/isaac_ros-dev/install/isaac_ros_visual_slam_interfaces:/home/czz/workspaces/isaac_ros-dev/install/isaac_ros_test_cmake:/home/czz/workspaces/isaac_ros-dev/install/isaac_ros_common:/home/czz/workspaces/isaac_ros-dev/install/isaac_common:/home/czz/ros_pack/install/moveit_task_constructor_visualization:/home/czz/ros_pack/install/moveit_task_constructor_demo:/home/czz/ros_pack/install/moveit_task_constructor_capabilities:/home/czz/ros_pack/install/moveit_task_constructor_core:/home/czz/ros_pack/install/rviz_marker_tools:/home/czz/ros_pack/install/negotiated_examples:/home/czz/ros_pack/install/negotiated:/home/czz/ros_pack/install/negotiated_interfaces:/home/czz/ros_pack/install/moveit_task_constructor_msgs'), ('TRT_LIB_PATH', '/usr/lib/x86_64-linux-gnu')]), 'shell': False}
[0.020262] (nvblox) StdoutLine: {'line': b'-- TORCH_CUDA_ARCH_LIST: 8.9\n'}
[0.020329] (nvblox) StdoutLine: {'line': b'-- Building without pre-C++11 ABI support (PyTorch wrapper disabled)\n'}
[0.021371] (nvblox) StdoutLine: {'line': b'-- Found CUDAToolkit: /usr/local/cuda/include (found version "12.6.20") \n'}
[0.038262] (nvblox) StdoutLine: {'line': b'-- Downloading 3rdparty dependencies\n'}
[0.038320] (nvblox) StdoutLine: {'line': b'-- Downloading GFLAGS\n'}
[0.099893] (-) TimerEvent: {}
[0.200158] (-) TimerEvent: {}
[0.300361] (-) TimerEvent: {}
[0.400820] (-) TimerEvent: {}
[0.501251] (-) TimerEvent: {}
[0.601450] (-) TimerEvent: {}
[0.701767] (-) TimerEvent: {}
[0.802178] (-) TimerEvent: {}
[0.902377] (-) TimerEvent: {}
[1.002566] (-) TimerEvent: {}
[1.102866] (-) TimerEvent: {}
[1.203294] (-) TimerEvent: {}
[1.303542] (-) TimerEvent: {}
[1.403828] (-) TimerEvent: {}
[1.504063] (-) TimerEvent: {}
[1.604313] (-) TimerEvent: {}
[1.704716] (-) TimerEvent: {}
[1.805121] (-) TimerEvent: {}
[1.905442] (-) TimerEvent: {}
[2.005640] (-) TimerEvent: {}
[2.105954] (-) TimerEvent: {}
[2.161552] (nvblox) StderrLine: {'line': b'\x1b[33mCMake Warning (dev) at /home/czz/nvblox_ws/build/nvblox/_deps/ext_gflags-src/CMakeLists.txt:94 (project):\n'}
[2.161716] (nvblox) StderrLine: {'line': b'  Policy CMP0048 is not set: project() command manages VERSION variables.\n'}
[2.161775] (nvblox) StderrLine: {'line': b'  Run "cmake --help-policy CMP0048" for policy details.  Use the cmake_policy\n'}
[2.161830] (nvblox) StderrLine: {'line': b'  command to set the policy and suppress this warning.\n'}
[2.161882] (nvblox) StderrLine: {'line': b'\n'}
[2.161933] (nvblox) StderrLine: {'line': b'  The following variable(s) would be set to empty:\n'}
[2.161983] (nvblox) StderrLine: {'line': b'\n'}
[2.162034] (nvblox) StderrLine: {'line': b'    PROJECT_VERSION\n'}
[2.162083] (nvblox) StderrLine: {'line': b'    PROJECT_VERSION_MAJOR\n'}
[2.162132] (nvblox) StderrLine: {'line': b'    PROJECT_VERSION_MINOR\n'}
[2.162194] (nvblox) StderrLine: {'line': b'    PROJECT_VERSION_PATCH\n'}
[2.162248] (nvblox) StderrLine: {'line': b'This warning is for project developers.  Use -Wno-dev to suppress it.\n'}
[2.162300] (nvblox) StderrLine: {'line': b'\x1b[0m\n'}
[2.163572] (nvblox) StdoutLine: {'line': b'-- Looking for C++ include unistd.h\n'}
[2.206085] (-) TimerEvent: {}
[2.221398] (nvblox) StdoutLine: {'line': b'-- Looking for C++ include unistd.h - found\n'}
[2.221534] (nvblox) StdoutLine: {'line': b'-- Looking for C++ include stdint.h\n'}
[2.280392] (nvblox) StdoutLine: {'line': b'-- Looking for C++ include stdint.h - found\n'}
[2.280576] (nvblox) StdoutLine: {'line': b'-- Looking for C++ include inttypes.h\n'}
[2.306276] (-) TimerEvent: {}
[2.339369] (nvblox) StdoutLine: {'line': b'-- Looking for C++ include inttypes.h - found\n'}
[2.339550] (nvblox) StdoutLine: {'line': b'-- Looking for C++ include sys/types.h\n'}
[2.396575] (nvblox) StdoutLine: {'line': b'-- Looking for C++ include sys/types.h - found\n'}
[2.396725] (nvblox) StdoutLine: {'line': b'-- Looking for C++ include sys/stat.h\n'}
[2.406383] (-) TimerEvent: {}
[2.456601] (nvblox) StdoutLine: {'line': b'-- Looking for C++ include sys/stat.h - found\n'}
[2.456753] (nvblox) StdoutLine: {'line': b'-- Looking for C++ include fnmatch.h\n'}
[2.506505] (-) TimerEvent: {}
[2.512608] (nvblox) StdoutLine: {'line': b'-- Looking for C++ include fnmatch.h - found\n'}
[2.512946] (nvblox) StdoutLine: {'line': b'-- Looking for C++ include stddef.h\n'}
[2.566835] (nvblox) StdoutLine: {'line': b'-- Looking for C++ include stddef.h - found\n'}
[2.566980] (nvblox) StdoutLine: {'line': b'-- Check size of uint32_t\n'}
[2.606645] (-) TimerEvent: {}
[2.624479] (nvblox) StdoutLine: {'line': b'-- Check size of uint32_t - done\n'}
[2.625034] (nvblox) StdoutLine: {'line': b'-- Looking for strtoll\n'}
[2.687805] (nvblox) StdoutLine: {'line': b'-- Looking for strtoll - found\n'}
[2.689017] (nvblox) StdoutLine: {'line': b'-- Check size of pthread_rwlock_t\n'}
[2.706818] (-) TimerEvent: {}
[2.742282] (nvblox) StdoutLine: {'line': b'-- Check size of pthread_rwlock_t - done\n'}
[2.746362] (nvblox) StdoutLine: {'line': b'-- Downloading SQLITE\n'}
[2.806925] (-) TimerEvent: {}
[2.907117] (-) TimerEvent: {}
[3.007307] (-) TimerEvent: {}
[3.107493] (-) TimerEvent: {}
[3.207688] (-) TimerEvent: {}
[3.307970] (-) TimerEvent: {}
[3.408172] (-) TimerEvent: {}
[3.508409] (-) TimerEvent: {}
[3.608644] (-) TimerEvent: {}
[3.708879] (-) TimerEvent: {}
[3.809084] (-) TimerEvent: {}
[3.909287] (-) TimerEvent: {}
[4.009541] (-) TimerEvent: {}
[4.109824] (-) TimerEvent: {}
[4.210116] (-) TimerEvent: {}
[4.310311] (-) TimerEvent: {}
[4.410590] (-) TimerEvent: {}
[4.510892] (-) TimerEvent: {}
[4.611255] (-) TimerEvent: {}
[4.711481] (-) TimerEvent: {}
[4.811750] (-) TimerEvent: {}
[4.912044] (-) TimerEvent: {}
[5.012413] (-) TimerEvent: {}
[5.112617] (-) TimerEvent: {}
[5.212841] (-) TimerEvent: {}
[5.313104] (-) TimerEvent: {}
[5.413322] (-) TimerEvent: {}
[5.513557] (-) TimerEvent: {}
[5.613885] (-) TimerEvent: {}
[5.714324] (-) TimerEvent: {}
[5.814816] (-) TimerEvent: {}
[5.915196] (-) TimerEvent: {}
[6.015432] (-) TimerEvent: {}
[6.115876] (-) TimerEvent: {}
[6.216194] (-) TimerEvent: {}
[6.316399] (-) TimerEvent: {}
[6.416653] (-) TimerEvent: {}
[6.516930] (-) TimerEvent: {}
[6.617259] (-) TimerEvent: {}
[6.717518] (-) TimerEvent: {}
[6.817825] (-) TimerEvent: {}
[6.918182] (-) TimerEvent: {}
[7.018377] (-) TimerEvent: {}
[7.118669] (-) TimerEvent: {}
[7.219090] (-) TimerEvent: {}
[7.319550] (-) TimerEvent: {}
[7.420067] (-) TimerEvent: {}
[7.520362] (-) TimerEvent: {}
[7.620565] (-) TimerEvent: {}
[7.720786] (-) TimerEvent: {}
[7.821138] (-) TimerEvent: {}
[7.921437] (-) TimerEvent: {}
[8.021832] (-) TimerEvent: {}
[8.122159] (-) TimerEvent: {}
[8.222569] (-) TimerEvent: {}
[8.322932] (-) TimerEvent: {}
[8.423277] (-) TimerEvent: {}
[8.523613] (-) TimerEvent: {}
[8.624003] (-) TimerEvent: {}
[8.724425] (-) TimerEvent: {}
[8.824787] (-) TimerEvent: {}
[8.925245] (-) TimerEvent: {}
[9.025639] (-) TimerEvent: {}
[9.125878] (-) TimerEvent: {}
[9.226088] (-) TimerEvent: {}
[9.326318] (-) TimerEvent: {}
[9.426566] (-) TimerEvent: {}
[9.526872] (-) TimerEvent: {}
[9.627046] (-) TimerEvent: {}
[9.727288] (-) TimerEvent: {}
[9.827575] (-) TimerEvent: {}
[9.927849] (-) TimerEvent: {}
[10.028079] (-) TimerEvent: {}
[10.128295] (-) TimerEvent: {}
[10.228494] (-) TimerEvent: {}
[10.328785] (-) TimerEvent: {}
[10.429020] (-) TimerEvent: {}
[10.529300] (-) TimerEvent: {}
[10.629510] (-) TimerEvent: {}
[10.729815] (-) TimerEvent: {}
[10.830263] (-) TimerEvent: {}
[10.930683] (-) TimerEvent: {}
[11.030900] (-) TimerEvent: {}
[11.131106] (-) TimerEvent: {}
[11.231374] (-) TimerEvent: {}
[11.331677] (-) TimerEvent: {}
[11.431888] (-) TimerEvent: {}
[11.532137] (-) TimerEvent: {}
[11.632348] (-) TimerEvent: {}
[11.732561] (-) TimerEvent: {}
[11.833012] (-) TimerEvent: {}
[11.933434] (-) TimerEvent: {}
[12.033878] (-) TimerEvent: {}
[12.134288] (-) TimerEvent: {}
[12.234596] (-) TimerEvent: {}
[12.334793] (-) TimerEvent: {}
[12.434988] (-) TimerEvent: {}
[12.535373] (-) TimerEvent: {}
[12.635666] (-) TimerEvent: {}
[12.735867] (-) TimerEvent: {}
[12.836344] (-) TimerEvent: {}
[12.936762] (-) TimerEvent: {}
[13.037174] (-) TimerEvent: {}
[13.137646] (-) TimerEvent: {}
[13.238082] (-) TimerEvent: {}
[13.338468] (-) TimerEvent: {}
[13.438895] (-) TimerEvent: {}
[13.539302] (-) TimerEvent: {}
[13.639736] (-) TimerEvent: {}
[13.740169] (-) TimerEvent: {}
[13.840575] (-) TimerEvent: {}
[13.940778] (-) TimerEvent: {}
[14.041251] (-) TimerEvent: {}
[14.141693] (-) TimerEvent: {}
[14.242006] (-) TimerEvent: {}
[14.342198] (-) TimerEvent: {}
[14.442671] (-) TimerEvent: {}
[14.543138] (-) TimerEvent: {}
[14.643354] (-) TimerEvent: {}
[14.743554] (-) TimerEvent: {}
[14.843863] (-) TimerEvent: {}
[14.944183] (-) TimerEvent: {}
[15.044387] (-) TimerEvent: {}
[15.144768] (-) TimerEvent: {}
[15.245178] (-) TimerEvent: {}
[15.345619] (-) TimerEvent: {}
[15.445943] (-) TimerEvent: {}
[15.546377] (-) TimerEvent: {}
[15.646825] (-) TimerEvent: {}
[15.747251] (-) TimerEvent: {}
[15.847695] (-) TimerEvent: {}
[15.948033] (-) TimerEvent: {}
[16.048373] (-) TimerEvent: {}
[16.148665] (-) TimerEvent: {}
[16.248872] (-) TimerEvent: {}
[16.349108] (-) TimerEvent: {}
[16.449396] (-) TimerEvent: {}
[16.549718] (-) TimerEvent: {}
[16.649959] (-) TimerEvent: {}
[16.750281] (-) TimerEvent: {}
[16.836629] (nvblox) StdoutLine: {'line': b'-- Downloading Eigen\n'}
[16.843197] (nvblox) StdoutLine: {'line': b'-- Downloading STDGPU\n'}
[16.850332] (-) TimerEvent: {}
[16.950526] (-) TimerEvent: {}
[17.050849] (-) TimerEvent: {}
[17.151161] (-) TimerEvent: {}
[17.251344] (-) TimerEvent: {}
[17.351544] (-) TimerEvent: {}
[17.451795] (-) TimerEvent: {}
[17.552105] (-) TimerEvent: {}
[17.652420] (-) TimerEvent: {}
[17.752604] (-) TimerEvent: {}
[17.852897] (-) TimerEvent: {}
[17.953229] (-) TimerEvent: {}
[18.053419] (-) TimerEvent: {}
[18.153635] (-) TimerEvent: {}
[18.253940] (-) TimerEvent: {}
[18.354262] (-) TimerEvent: {}
[18.454594] (-) TimerEvent: {}
[18.554942] (-) TimerEvent: {}
[18.655165] (-) TimerEvent: {}
[18.755371] (-) TimerEvent: {}
[18.855623] (-) TimerEvent: {}
[18.955851] (-) TimerEvent: {}
[19.056164] (-) TimerEvent: {}
[19.156377] (-) TimerEvent: {}
[19.256599] (-) TimerEvent: {}
[19.356836] (-) TimerEvent: {}
[19.457138] (-) TimerEvent: {}
[19.557484] (-) TimerEvent: {}
[19.657790] (-) TimerEvent: {}
[19.758092] (-) TimerEvent: {}
[19.858274] (-) TimerEvent: {}
[19.958561] (-) TimerEvent: {}
[20.058791] (-) TimerEvent: {}
[20.159019] (-) TimerEvent: {}
[20.259246] (-) TimerEvent: {}
[20.359419] (-) TimerEvent: {}
[20.459631] (-) TimerEvent: {}
[20.559863] (-) TimerEvent: {}
[20.599771] (nvblox) StdoutLine: {'line': b'-- Configuring with CMake 3.22.1\n'}
[20.612724] (nvblox) StdoutLine: {'line': b'-- Could NOT find ClangFormat: Found unsuitable version "14.0.0-1ubuntu1.1", but required is exact version "10" (found /usr/bin/clang-format)\n'}
[20.630284] (nvblox) StdoutLine: {'line': b'-- Found thrust: /usr/local/cuda/include (found suitable version "2.5.0", minimum required is "1.9.9") \n'}
[20.632292] (nvblox) StdoutLine: {'line': b'-- Found CUDAToolkit: /usr/local/cuda/include (found suitable version "12.6.20", minimum required is "11.0") \n'}
[20.643136] (nvblox) StdoutLine: {'line': b'-- \n'}
[20.643176] (nvblox) StdoutLine: {'line': b'-- ************************ stdgpu Configuration Summary *************************\n'}
[20.643204] (nvblox) StdoutLine: {'line': b'-- \n'}
[20.643230] (nvblox) StdoutLine: {'line': b'-- General:\n'}
[20.643254] (nvblox) StdoutLine: {'line': b'--   Version                                   :   1.3.0\n'}
[20.643277] (nvblox) StdoutLine: {'line': b'--   System                                    :   Linux\n'}
[20.643299] (nvblox) StdoutLine: {'line': b'--   Build type                                :   Release\n'}
[20.643322] (nvblox) StdoutLine: {'line': b'-- \n'}
[20.643343] (nvblox) StdoutLine: {'line': b'-- Build:\n'}
[20.643365] (nvblox) StdoutLine: {'line': b'--   STDGPU_BACKEND                            :   STDGPU_BACKEND_CUDA\n'}
[20.643387] (nvblox) StdoutLine: {'line': b'--   STDGPU_BUILD_SHARED_LIBS                  :   OFF\n'}
[20.643409] (nvblox) StdoutLine: {'line': b'--   STDGPU_SETUP_COMPILER_FLAGS               :   OFF\n'}
[20.643432] (nvblox) StdoutLine: {'line': b'--   STDGPU_COMPILE_WARNING_AS_ERROR           :   OFF\n'}
[20.643453] (nvblox) StdoutLine: {'line': b'--   STDGPU_ANALYZE_WITH_CLANG_TIDY            :   OFF\n'}
[20.643475] (nvblox) StdoutLine: {'line': b'--   STDGPU_ANALYZE_WITH_CPPCHECK              :   OFF\n'}
[20.643497] (nvblox) StdoutLine: {'line': b'-- \n'}
[20.643520] (nvblox) StdoutLine: {'line': b'-- Configuration:\n'}
[20.643541] (nvblox) StdoutLine: {'line': b'--   STDGPU_ENABLE_CONTRACT_CHECKS             :   OFF\n'}
[20.643565] (nvblox) StdoutLine: {'line': b'--   STDGPU_USE_32_BIT_INDEX                   :   ON\n'}
[20.643586] (nvblox) StdoutLine: {'line': b'-- \n'}
[20.643607] (nvblox) StdoutLine: {'line': b'-- Examples:\n'}
[20.643628] (nvblox) StdoutLine: {'line': b'--   STDGPU_BUILD_EXAMPLES                     :   OFF\n'}
[20.643649] (nvblox) StdoutLine: {'line': b'-- \n'}
[20.643670] (nvblox) StdoutLine: {'line': b'-- Benchmarks:\n'}
[20.643691] (nvblox) StdoutLine: {'line': b'--   STDGPU_BUILD_BENCHMARKS                   :   OFF\n'}
[20.643712] (nvblox) StdoutLine: {'line': b'-- \n'}
[20.643733] (nvblox) StdoutLine: {'line': b'-- Tests:\n'}
[20.643753] (nvblox) StdoutLine: {'line': b'--   STDGPU_BUILD_TESTS                        :   OFF\n'}
[20.643778] (nvblox) StdoutLine: {'line': b'--   STDGPU_BUILD_TEST_COVERAGE                :   OFF\n'}
[20.643801] (nvblox) StdoutLine: {'line': b'-- \n'}
[20.643824] (nvblox) StdoutLine: {'line': b'-- Documentation:\n'}
[20.643848] (nvblox) StdoutLine: {'line': b'--   STDGPU_BUILD_DOCUMENTATION                :   OFF\n'}
[20.643871] (nvblox) StdoutLine: {'line': b'-- \n'}
[20.643894] (nvblox) StdoutLine: {'line': b'-- *******************************************************************************\n'}
[20.643933] (nvblox) StdoutLine: {'line': b'-- \n'}
[20.643956] (nvblox) StdoutLine: {'line': b'-- Downloading GLOG\n'}
[20.659972] (-) TimerEvent: {}
[20.760173] (-) TimerEvent: {}
[20.860349] (-) TimerEvent: {}
[20.960531] (-) TimerEvent: {}
[21.060827] (-) TimerEvent: {}
[21.161115] (-) TimerEvent: {}
[21.261313] (-) TimerEvent: {}
[21.361519] (-) TimerEvent: {}
[21.461735] (-) TimerEvent: {}
[21.562031] (-) TimerEvent: {}
[21.662193] (-) TimerEvent: {}
[21.762391] (-) TimerEvent: {}
[21.862620] (-) TimerEvent: {}
[21.962929] (-) TimerEvent: {}
[22.063238] (-) TimerEvent: {}
[22.163545] (-) TimerEvent: {}
[22.263853] (-) TimerEvent: {}
[22.364137] (-) TimerEvent: {}
[22.464338] (-) TimerEvent: {}
[22.564543] (-) TimerEvent: {}
[22.664768] (-) TimerEvent: {}
[22.765056] (-) TimerEvent: {}
[22.795531] (nvblox) StdoutLine: {'line': b'-- Found GTest: /usr/lib/x86_64-linux-gnu/cmake/GTest/GTestConfig.cmake (found version "1.11.0")  \n'}
[22.799395] (nvblox) StdoutLine: {'line': b'-- Found Unwind: /usr/include/x86_64-linux-gnu (found version "1.3.2") \n'}
[22.799482] (nvblox) StdoutLine: {'line': b'-- Looking for C++ include dlfcn.h\n'}
[22.859922] (nvblox) StdoutLine: {'line': b'-- Looking for C++ include dlfcn.h - found\n'}
[22.860066] (nvblox) StdoutLine: {'line': b'-- Looking for C++ include execinfo.h\n'}
[22.865183] (-) TimerEvent: {}
[22.921894] (nvblox) StdoutLine: {'line': b'-- Looking for C++ include execinfo.h - found\n'}
[22.922057] (nvblox) StdoutLine: {'line': b'-- Looking for C++ include glob.h\n'}
[22.965341] (-) TimerEvent: {}
[22.985313] (nvblox) StdoutLine: {'line': b'-- Looking for C++ include glob.h - found\n'}
[22.985572] (nvblox) StdoutLine: {'line': b'-- Looking for C++ include memory.h\n'}
[23.052335] (nvblox) StdoutLine: {'line': b'-- Looking for C++ include memory.h - found\n'}
[23.052557] (nvblox) StdoutLine: {'line': b'-- Looking for C++ include pwd.h\n'}
[23.065467] (-) TimerEvent: {}
[23.111640] (nvblox) StdoutLine: {'line': b'-- Looking for C++ include pwd.h - found\n'}
[23.111809] (nvblox) StdoutLine: {'line': b'-- Looking for C++ include strings.h\n'}
[23.165555] (-) TimerEvent: {}
[23.181046] (nvblox) StdoutLine: {'line': b'-- Looking for C++ include strings.h - found\n'}
[23.181417] (nvblox) StdoutLine: {'line': b'-- Looking for C++ include sys/syscall.h\n'}
[23.247930] (nvblox) StdoutLine: {'line': b'-- Looking for C++ include sys/syscall.h - found\n'}
[23.248063] (nvblox) StdoutLine: {'line': b'-- Looking for C++ include sys/time.h\n'}
[23.265765] (-) TimerEvent: {}
[23.316038] (nvblox) StdoutLine: {'line': b'-- Looking for C++ include sys/time.h - found\n'}
[23.316484] (nvblox) StdoutLine: {'line': b'-- Looking for C++ include sys/utsname.h\n'}
[23.365892] (-) TimerEvent: {}
[23.381308] (nvblox) StdoutLine: {'line': b'-- Looking for C++ include sys/utsname.h - found\n'}
[23.381579] (nvblox) StdoutLine: {'line': b'-- Looking for C++ include sys/wait.h\n'}
[23.452386] (nvblox) StdoutLine: {'line': b'-- Looking for C++ include sys/wait.h - found\n'}
[23.452600] (nvblox) StdoutLine: {'line': b'-- Looking for C++ include syscall.h\n'}
[23.465981] (-) TimerEvent: {}
[23.513524] (nvblox) StdoutLine: {'line': b'-- Looking for C++ include syscall.h - found\n'}
[23.513827] (nvblox) StdoutLine: {'line': b'-- Looking for C++ include syslog.h\n'}
[23.566196] (-) TimerEvent: {}
[23.575540] (nvblox) StdoutLine: {'line': b'-- Looking for C++ include syslog.h - found\n'}
[23.575790] (nvblox) StdoutLine: {'line': b'-- Looking for C++ include ucontext.h\n'}
[23.636767] (nvblox) StdoutLine: {'line': b'-- Looking for C++ include ucontext.h - found\n'}
[23.637015] (nvblox) StdoutLine: {'line': b'-- Looking for C++ include ext/hash_map\n'}
[23.666345] (-) TimerEvent: {}
[23.766589] (-) TimerEvent: {}
[23.866855] (-) TimerEvent: {}
[23.869883] (nvblox) StdoutLine: {'line': b'-- Looking for C++ include ext/hash_map - found\n'}
[23.870102] (nvblox) StdoutLine: {'line': b'-- Looking for C++ include ext/hash_set\n'}
[23.966983] (-) TimerEvent: {}
[24.067194] (-) TimerEvent: {}
[24.078236] (nvblox) StdoutLine: {'line': b'-- Looking for C++ include ext/hash_set - found\n'}
[24.078625] (nvblox) StdoutLine: {'line': b'-- Looking for C++ include ext/slist\n'}
[24.167317] (-) TimerEvent: {}
[24.220459] (nvblox) StdoutLine: {'line': b'-- Looking for C++ include ext/slist - found\n'}
[24.220817] (nvblox) StdoutLine: {'line': b'-- Looking for C++ include tr1/unordered_map\n'}
[24.267445] (-) TimerEvent: {}
[24.319033] (nvblox) StdoutLine: {'line': b'-- Looking for C++ include tr1/unordered_map - found\n'}
[24.319157] (nvblox) StdoutLine: {'line': b'-- Looking for C++ include tr1/unordered_set\n'}
[24.367633] (-) TimerEvent: {}
[24.411842] (nvblox) StdoutLine: {'line': b'-- Looking for C++ include tr1/unordered_set - found\n'}
[24.411976] (nvblox) StdoutLine: {'line': b'-- Looking for C++ include unordered_map\n'}
[24.467829] (-) TimerEvent: {}
[24.524606] (nvblox) StdoutLine: {'line': b'-- Looking for C++ include unordered_map - found\n'}
[24.524849] (nvblox) StdoutLine: {'line': b'-- Looking for C++ include unordered_set\n'}
[24.568057] (-) TimerEvent: {}
[24.637867] (nvblox) StdoutLine: {'line': b'-- Looking for C++ include unordered_set - found\n'}
[24.638104] (nvblox) StdoutLine: {'line': b'-- Check size of unsigned __int16\n'}
[24.661482] (nvblox) StdoutLine: {'line': b'-- Check size of unsigned __int16 - failed\n'}
[24.661826] (nvblox) StdoutLine: {'line': b'-- Check size of u_int16_t\n'}
[24.668178] (-) TimerEvent: {}
[24.718201] (nvblox) StdoutLine: {'line': b'-- Check size of u_int16_t - done\n'}
[24.718427] (nvblox) StdoutLine: {'line': b'-- Check size of uint16_t\n'}
[24.768256] (-) TimerEvent: {}
[24.778410] (nvblox) StdoutLine: {'line': b'-- Check size of uint16_t - done\n'}
[24.778562] (nvblox) StdoutLine: {'line': b'-- Looking for dladdr\n'}
[24.833672] (nvblox) StdoutLine: {'line': b'-- Looking for dladdr - found\n'}
[24.833816] (nvblox) StdoutLine: {'line': b'-- Looking for fcntl\n'}
[24.868355] (-) TimerEvent: {}
[24.891630] (nvblox) StdoutLine: {'line': b'-- Looking for fcntl - found\n'}
[24.891770] (nvblox) StdoutLine: {'line': b'-- Looking for pread\n'}
[24.944253] (nvblox) StdoutLine: {'line': b'-- Looking for pread - found\n'}
[24.944515] (nvblox) StdoutLine: {'line': b'-- Looking for pwrite\n'}
[24.968428] (-) TimerEvent: {}
[25.001088] (nvblox) StdoutLine: {'line': b'-- Looking for pwrite - found\n'}
[25.001201] (nvblox) StdoutLine: {'line': b'-- Looking for sigaction\n'}
[25.055569] (nvblox) StdoutLine: {'line': b'-- Looking for sigaction - found\n'}
[25.055715] (nvblox) StdoutLine: {'line': b'-- Looking for sigaltstack\n'}
[25.068518] (-) TimerEvent: {}
[25.109518] (nvblox) StdoutLine: {'line': b'-- Looking for sigaltstack - found\n'}
[25.110098] (nvblox) StdoutLine: {'line': b'-- Performing Test HAVE_NO_DEPRECATED\n'}
[25.168605] (-) TimerEvent: {}
[25.169333] (nvblox) StdoutLine: {'line': b'-- Performing Test HAVE_NO_DEPRECATED - Success\n'}
[25.169754] (nvblox) StdoutLine: {'line': b'-- Performing Test HAVE_NO_UNNAMED_TYPE_TEMPLATE_ARGS\n'}
[25.193335] (nvblox) StdoutLine: {'line': b'-- Performing Test HAVE_NO_UNNAMED_TYPE_TEMPLATE_ARGS - Failed\n'}
[25.194388] (nvblox) StdoutLine: {'line': b'-- Looking for snprintf\n'}
[25.215986] (nvblox) StdoutLine: {'line': b'-- Looking for snprintf - not found\n'}
[25.216129] (nvblox) StdoutLine: {'line': b'-- Looking for UnDecorateSymbolName in dbghelp\n'}
[25.265917] (nvblox) StdoutLine: {'line': b'-- Looking for UnDecorateSymbolName in dbghelp - not found\n'}
[25.266102] (nvblox) StdoutLine: {'line': b'-- Performing Test HAVE___ATTRIBUTE__\n'}
[25.268714] (-) TimerEvent: {}
[25.330992] (nvblox) StdoutLine: {'line': b'-- Performing Test HAVE___ATTRIBUTE__ - Success\n'}
[25.331133] (nvblox) StdoutLine: {'line': b'-- Performing Test HAVE___ATTRIBUTE__VISIBILITY_DEFAULT\n'}
[25.368902] (-) TimerEvent: {}
[25.394850] (nvblox) StdoutLine: {'line': b'-- Performing Test HAVE___ATTRIBUTE__VISIBILITY_DEFAULT - Success\n'}
[25.395084] (nvblox) StdoutLine: {'line': b'-- Performing Test HAVE___ATTRIBUTE__VISIBILITY_HIDDEN\n'}
[25.463905] (nvblox) StdoutLine: {'line': b'-- Performing Test HAVE___ATTRIBUTE__VISIBILITY_HIDDEN - Success\n'}
[25.464052] (nvblox) StdoutLine: {'line': b'-- Performing Test HAVE___BUILTIN_EXPECT\n'}
[25.469022] (-) TimerEvent: {}
[25.520902] (nvblox) StdoutLine: {'line': b'-- Performing Test HAVE___BUILTIN_EXPECT - Success\n'}
[25.521041] (nvblox) StdoutLine: {'line': b'-- Performing Test HAVE___SYNC_VAL_COMPARE_AND_SWAP\n'}
[25.569262] (-) TimerEvent: {}
[25.578522] (nvblox) StdoutLine: {'line': b'-- Performing Test HAVE___SYNC_VAL_COMPARE_AND_SWAP - Success\n'}
[25.578745] (nvblox) StdoutLine: {'line': b'-- Performing Test HAVE___DECLSPEC\n'}
[25.600246] (nvblox) StdoutLine: {'line': b'-- Performing Test HAVE___DECLSPEC - Failed\n'}
[25.600380] (nvblox) StdoutLine: {'line': b'-- Performing Test STL_NO_NAMESPACE\n'}
[25.649703] (nvblox) StdoutLine: {'line': b'-- Performing Test STL_NO_NAMESPACE - Failed\n'}
[25.649825] (nvblox) StdoutLine: {'line': b'-- Performing Test STL_STD_NAMESPACE\n'}
[25.669344] (-) TimerEvent: {}
[25.759987] (nvblox) StdoutLine: {'line': b'-- Performing Test STL_STD_NAMESPACE - Success\n'}
[25.760123] (nvblox) StdoutLine: {'line': b'-- Performing Test HAVE_USING_OPERATOR\n'}
[25.769420] (-) TimerEvent: {}
[25.869611] (-) TimerEvent: {}
[25.936169] (nvblox) StdoutLine: {'line': b'-- Performing Test HAVE_USING_OPERATOR - Success\n'}
[25.936300] (nvblox) StdoutLine: {'line': b'-- Performing Test HAVE_NAMESPACES\n'}
[25.969727] (-) TimerEvent: {}
[25.994675] (nvblox) StdoutLine: {'line': b'-- Performing Test HAVE_NAMESPACES - Success\n'}
[25.994959] (nvblox) StdoutLine: {'line': b'-- Performing Test HAVE_GCC_TLS\n'}
[26.053666] (nvblox) StdoutLine: {'line': b'-- Performing Test HAVE_GCC_TLS - Success\n'}
[26.053905] (nvblox) StdoutLine: {'line': b'-- Performing Test HAVE_MSVC_TLS\n'}
[26.069816] (-) TimerEvent: {}
[26.074676] (nvblox) StdoutLine: {'line': b'-- Performing Test HAVE_MSVC_TLS - Failed\n'}
[26.074845] (nvblox) StdoutLine: {'line': b'-- Performing Test HAVE_CXX11_TLS\n'}
[26.131990] (nvblox) StdoutLine: {'line': b'-- Performing Test HAVE_CXX11_TLS - Success\n'}
[26.132132] (nvblox) StdoutLine: {'line': b'-- Performing Test HAVE_ALIGNED_STORAGE\n'}
[26.170036] (-) TimerEvent: {}
[26.193180] (nvblox) StdoutLine: {'line': b'-- Performing Test HAVE_ALIGNED_STORAGE - Success\n'}
[26.193331] (nvblox) StdoutLine: {'line': b'-- Performing Test HAVE_CXX11_ATOMIC\n'}
[26.267588] (nvblox) StdoutLine: {'line': b'-- Performing Test HAVE_CXX11_ATOMIC - Success\n'}
[26.267801] (nvblox) StdoutLine: {'line': b'-- Performing Test HAVE_CXX11_NULLPTR_T\n'}
[26.270220] (-) TimerEvent: {}
[26.326668] (nvblox) StdoutLine: {'line': b'-- Performing Test HAVE_CXX11_NULLPTR_T - Success\n'}
[26.370364] (-) TimerEvent: {}
[26.470614] (-) TimerEvent: {}
[26.570950] (-) TimerEvent: {}
[26.671264] (-) TimerEvent: {}
[26.771560] (-) TimerEvent: {}
[26.871847] (-) TimerEvent: {}
[26.972115] (-) TimerEvent: {}
[27.072408] (-) TimerEvent: {}
[27.115431] (nvblox) StdoutLine: {'line': b'-- Performing Test HAVE_LOCALTIME_R\n'}
[27.172558] (-) TimerEvent: {}
[27.181918] (nvblox) StdoutLine: {'line': b'-- Performing Test HAVE_LOCALTIME_R - Success\n'}
[27.184078] (nvblox) StdoutLine: {'line': b'-- Performing Test COMPILER_HAS_HIDDEN_VISIBILITY\n'}
[27.245444] (nvblox) StdoutLine: {'line': b'-- Performing Test COMPILER_HAS_HIDDEN_VISIBILITY - Success\n'}
[27.245817] (nvblox) StdoutLine: {'line': b'-- Performing Test COMPILER_HAS_HIDDEN_INLINE_VISIBILITY\n'}
[27.272689] (-) TimerEvent: {}
[27.303316] (nvblox) StdoutLine: {'line': b'-- Performing Test COMPILER_HAS_HIDDEN_INLINE_VISIBILITY - Success\n'}
[27.303491] (nvblox) StdoutLine: {'line': b'-- Performing Test COMPILER_HAS_DEPRECATED_ATTR\n'}
[27.360916] (nvblox) StdoutLine: {'line': b'-- Performing Test COMPILER_HAS_DEPRECATED_ATTR - Success\n'}
[27.362272] (nvblox) StdoutLine: {'line': b'-- Downloading GTEST\n'}
[27.372929] (-) TimerEvent: {}
[27.473268] (-) TimerEvent: {}
[27.573778] (-) TimerEvent: {}
[27.674316] (-) TimerEvent: {}
[27.774890] (-) TimerEvent: {}
[27.875369] (-) TimerEvent: {}
[27.975878] (-) TimerEvent: {}
[28.076271] (-) TimerEvent: {}
[28.176836] (-) TimerEvent: {}
[28.277262] (-) TimerEvent: {}
[28.377775] (-) TimerEvent: {}
[28.478221] (-) TimerEvent: {}
[28.578431] (-) TimerEvent: {}
[28.678850] (-) TimerEvent: {}
[28.779228] (-) TimerEvent: {}
[28.879645] (-) TimerEvent: {}
[28.979956] (-) TimerEvent: {}
[29.080499] (-) TimerEvent: {}
[29.180816] (-) TimerEvent: {}
[29.281031] (-) TimerEvent: {}
[29.381294] (-) TimerEvent: {}
[29.481501] (-) TimerEvent: {}
[29.581763] (-) TimerEvent: {}
[29.681977] (-) TimerEvent: {}
[29.782212] (-) TimerEvent: {}
[29.855474] (nvblox) StdoutLine: {'line': b'-- Downloading benchmark\n'}
[29.882401] (-) TimerEvent: {}
[29.982771] (-) TimerEvent: {}
[30.083132] (-) TimerEvent: {}
[30.183551] (-) TimerEvent: {}
[30.283939] (-) TimerEvent: {}
[30.384438] (-) TimerEvent: {}
[30.484765] (-) TimerEvent: {}
[30.585197] (-) TimerEvent: {}
[30.685610] (-) TimerEvent: {}
[30.786021] (-) TimerEvent: {}
[30.886446] (-) TimerEvent: {}
[30.986866] (-) TimerEvent: {}
[31.087253] (-) TimerEvent: {}
[31.187668] (-) TimerEvent: {}
[31.288111] (-) TimerEvent: {}
[31.388469] (-) TimerEvent: {}
[31.488898] (-) TimerEvent: {}
[31.589331] (-) TimerEvent: {}
[31.689671] (-) TimerEvent: {}
[31.789870] (-) TimerEvent: {}
[31.890147] (-) TimerEvent: {}
[31.990324] (-) TimerEvent: {}
[32.090529] (-) TimerEvent: {}
[32.121811] (nvblox) StdoutLine: {'line': b'-- Failed to find LLVM FileCheck\n'}
[32.122811] (nvblox) StdoutLine: {'line': b'-- Found Git: /usr/bin/git (found version "2.34.1") \n'}
[32.125316] (nvblox) StdoutLine: {'line': b'-- Google Benchmark version: v1.9.0, normalized to 1.9.0\n'}
[32.125694] (nvblox) StdoutLine: {'line': b'-- Looking for shm_open in rt\n'}
[32.175818] (nvblox) StdoutLine: {'line': b'-- Looking for shm_open in rt - found\n'}
[32.176219] (nvblox) StdoutLine: {'line': b'-- Performing Test HAVE_CXX_FLAG_WALL\n'}
[32.190638] (-) TimerEvent: {}
[32.230165] (nvblox) StdoutLine: {'line': b'-- Performing Test HAVE_CXX_FLAG_WALL - Success\n'}
[32.230627] (nvblox) StdoutLine: {'line': b'-- Performing Test HAVE_CXX_FLAG_WEXTRA\n'}
[32.287262] (nvblox) StdoutLine: {'line': b'-- Performing Test HAVE_CXX_FLAG_WEXTRA - Success\n'}
[32.287700] (nvblox) StdoutLine: {'line': b'-- Performing Test HAVE_CXX_FLAG_WSHADOW\n'}
[32.290735] (-) TimerEvent: {}
[32.340899] (nvblox) StdoutLine: {'line': b'-- Performing Test HAVE_CXX_FLAG_WSHADOW - Success\n'}
[32.341366] (nvblox) StdoutLine: {'line': b'-- Performing Test HAVE_CXX_FLAG_WFLOAT_EQUAL\n'}
[32.390950] (-) TimerEvent: {}
[32.396172] (nvblox) StdoutLine: {'line': b'-- Performing Test HAVE_CXX_FLAG_WFLOAT_EQUAL - Success\n'}
[32.396831] (nvblox) StdoutLine: {'line': b'-- Performing Test HAVE_CXX_FLAG_WOLD_STYLE_CAST\n'}
[32.446453] (nvblox) StdoutLine: {'line': b'-- Performing Test HAVE_CXX_FLAG_WOLD_STYLE_CAST - Success\n'}
[32.446891] (nvblox) StdoutLine: {'line': b'-- Performing Test HAVE_CXX_FLAG_WCONVERSION\n'}
[32.491147] (-) TimerEvent: {}
[32.501181] (nvblox) StdoutLine: {'line': b'-- Performing Test HAVE_CXX_FLAG_WCONVERSION - Success\n'}
[32.501657] (nvblox) StdoutLine: {'line': b'-- Performing Test HAVE_CXX_FLAG_WSUGGEST_OVERRIDE\n'}
[32.556768] (nvblox) StdoutLine: {'line': b'-- Performing Test HAVE_CXX_FLAG_WSUGGEST_OVERRIDE - Success\n'}
[32.557156] (nvblox) StdoutLine: {'line': b'-- Performing Test HAVE_CXX_FLAG_PEDANTIC\n'}
[32.591248] (-) TimerEvent: {}
[32.617436] (nvblox) StdoutLine: {'line': b'-- Performing Test HAVE_CXX_FLAG_PEDANTIC - Success\n'}
[32.617813] (nvblox) StdoutLine: {'line': b'-- Performing Test HAVE_CXX_FLAG_PEDANTIC_ERRORS\n'}
[32.674089] (nvblox) StdoutLine: {'line': b'-- Performing Test HAVE_CXX_FLAG_PEDANTIC_ERRORS - Success\n'}
[32.674517] (nvblox) StdoutLine: {'line': b'-- Performing Test HAVE_CXX_FLAG_WSHORTEN_64_TO_32\n'}
[32.691319] (-) TimerEvent: {}
[32.699002] (nvblox) StdoutLine: {'line': b'-- Performing Test HAVE_CXX_FLAG_WSHORTEN_64_TO_32 - Failed\n'}
[32.699360] (nvblox) StdoutLine: {'line': b'-- Performing Test HAVE_CXX_FLAG_FSTRICT_ALIASING\n'}
[32.752805] (nvblox) StdoutLine: {'line': b'-- Performing Test HAVE_CXX_FLAG_FSTRICT_ALIASING - Success\n'}
[32.753357] (nvblox) StdoutLine: {'line': b'-- Performing Test HAVE_CXX_FLAG_WNO_DEPRECATED_DECLARATIONS\n'}
[32.791441] (-) TimerEvent: {}
[32.806577] (nvblox) StdoutLine: {'line': b'-- Performing Test HAVE_CXX_FLAG_WNO_DEPRECATED_DECLARATIONS - Success\n'}
[32.807023] (nvblox) StdoutLine: {'line': b'-- Performing Test HAVE_CXX_FLAG_WSTRICT_ALIASING\n'}
[32.861491] (nvblox) StdoutLine: {'line': b'-- Performing Test HAVE_CXX_FLAG_WSTRICT_ALIASING - Success\n'}
[32.862174] (nvblox) StdoutLine: {'line': b'-- Performing Test HAVE_CXX_FLAG_WD654\n'}
[32.879927] (nvblox) StdoutLine: {'line': b'-- Performing Test HAVE_CXX_FLAG_WD654 - Failed\n'}
[32.880285] (nvblox) StdoutLine: {'line': b'-- Performing Test HAVE_CXX_FLAG_WTHREAD_SAFETY\n'}
[32.891538] (-) TimerEvent: {}
[32.905575] (nvblox) StdoutLine: {'line': b'-- Performing Test HAVE_CXX_FLAG_WTHREAD_SAFETY - Failed\n'}
[32.906363] (nvblox) StdoutLine: {'line': b'-- Performing Test HAVE_CXX_FLAG_COVERAGE\n'}
[32.966590] (nvblox) StdoutLine: {'line': b'-- Performing Test HAVE_CXX_FLAG_COVERAGE - Success\n'}
[32.966824] (nvblox) StdoutLine: {'line': b'-- Compiling and running to test HAVE_STD_REGEX\n'}
[32.991739] (-) TimerEvent: {}
[33.092117] (-) TimerEvent: {}
[33.192404] (-) TimerEvent: {}
[33.292749] (-) TimerEvent: {}
[33.393122] (-) TimerEvent: {}
[33.493660] (-) TimerEvent: {}
[33.593966] (-) TimerEvent: {}
[33.694275] (-) TimerEvent: {}
[33.794621] (-) TimerEvent: {}
[33.894964] (-) TimerEvent: {}
[33.995294] (-) TimerEvent: {}
[33.997461] (nvblox) StdoutLine: {'line': b'-- Performing Test HAVE_STD_REGEX -- success\n'}
[33.997557] (nvblox) StdoutLine: {'line': b'-- Compiling and running to test HAVE_GNU_POSIX_REGEX\n'}
[34.016955] (nvblox) StdoutLine: {'line': b'-- Performing Test HAVE_GNU_POSIX_REGEX -- failed to compile\n'}
[34.017039] (nvblox) StdoutLine: {'line': b'-- Compiling and running to test HAVE_POSIX_REGEX\n'}
[34.095495] (-) TimerEvent: {}
[34.137606] (nvblox) StdoutLine: {'line': b'-- Performing Test HAVE_POSIX_REGEX -- success\n'}
[34.137730] (nvblox) StdoutLine: {'line': b'-- Compiling and running to test HAVE_STEADY_CLOCK\n'}
[34.195581] (-) TimerEvent: {}
[34.227408] (nvblox) StdoutLine: {'line': b'-- Performing Test HAVE_STEADY_CLOCK -- success\n'}
[34.228467] (nvblox) StdoutLine: {'line': b'-- Compiling and running to test HAVE_PTHREAD_AFFINITY\n'}
[34.290161] (nvblox) StdoutLine: {'line': b'-- Performing Test HAVE_PTHREAD_AFFINITY -- success\n'}
[34.293157] (nvblox) StdoutLine: {'line': b'-- Adding nvblox static library: nvblox_gpu_hash\n'}
[34.293511] (nvblox) StdoutLine: {'line': b'-- Adding nvblox shared library: nvblox_lib\n'}
[34.293717] (nvblox) StdoutLine: {'line': b'-- Adding nvblox executable library: sphere_benchmark\n'}
[34.294230] (nvblox) StdoutLine: {'line': b'-- Adding nvblox shared library: nvblox_datasets\n'}
[34.294389] (nvblox) StdoutLine: {'line': b'-- Adding nvblox executable library: fuse_3dmatch\n'}
[34.294561] (nvblox) StdoutLine: {'line': b'-- Adding nvblox executable library: fuse_replica\n'}
[34.294713] (nvblox) StdoutLine: {'line': b'-- Adding nvblox executable library: fuse_redwood\n'}
[34.294825] (nvblox) StdoutLine: {'line': b'-- Adding nvblox executable library: fuse_cusfm\n'}
[34.295041] (nvblox) StdoutLine: {'line': b'-- Adding nvblox executable library: fuse_lidarply\n'}
[34.295453] (nvblox) StdoutLine: {'line': b'-- Adding nvblox executable library: esdf_query\n'}
[34.295627] (-) TimerEvent: {}
[34.295756] (nvblox) StdoutLine: {'line': b'-- Adding nvblox executable library: load_map_and_mesh\n'}
[34.297038] (nvblox) StdoutLine: {'line': b'-- Installing: /home/czz/nvblox_ws/build/nvblox/nvblox/tests/data\n'}
[34.297070] (nvblox) StdoutLine: {'line': b'-- Installing: /home/czz/nvblox_ws/build/nvblox/nvblox/tests/data/3dmatch\n'}
[34.297094] (nvblox) StdoutLine: {'line': b'-- Installing: /home/czz/nvblox_ws/build/nvblox/nvblox/tests/data/3dmatch/camera-intrinsics.txt\n'}
[34.297360] (nvblox) StdoutLine: {'line': b'-- Installing: /home/czz/nvblox_ws/build/nvblox/nvblox/tests/data/3dmatch/seq-01\n'}
[34.297387] (nvblox) StdoutLine: {'line': b'-- Installing: /home/czz/nvblox_ws/build/nvblox/nvblox/tests/data/3dmatch/seq-01/frame-000422.pose.txt\n'}
[34.297494] (nvblox) StdoutLine: {'line': b'-- Installing: /home/czz/nvblox_ws/build/nvblox/nvblox/tests/data/3dmatch/seq-01/frame-000116.depth.png\n'}
[34.298178] (nvblox) StdoutLine: {'line': b'-- Installing: /home/czz/nvblox_ws/build/nvblox/nvblox/tests/data/3dmatch/seq-01/frame-000116.color.png\n'}
[34.298987] (nvblox) StdoutLine: {'line': b'-- Installing: /home/czz/nvblox_ws/build/nvblox/nvblox/tests/data/3dmatch/seq-01/frame-000422.color.png\n'}
[34.299754] (nvblox) StdoutLine: {'line': b'-- Installing: /home/czz/nvblox_ws/build/nvblox/nvblox/tests/data/3dmatch/seq-01/frame-000002.pose.txt\n'}
[34.299783] (nvblox) StdoutLine: {'line': b'-- Installing: /home/czz/nvblox_ws/build/nvblox/nvblox/tests/data/3dmatch/seq-01/frame-000001.depth.png\n'}
[34.300334] (nvblox) StdoutLine: {'line': b'-- Installing: /home/czz/nvblox_ws/build/nvblox/nvblox/tests/data/3dmatch/seq-01/frame-000116.pose.txt\n'}
[34.300437] (nvblox) StdoutLine: {'line': b'-- Installing: /home/czz/nvblox_ws/build/nvblox/nvblox/tests/data/3dmatch/seq-01/frame-000002.color.png\n'}
[34.301495] (nvblox) StdoutLine: {'line': b'-- Installing: /home/czz/nvblox_ws/build/nvblox/nvblox/tests/data/3dmatch/seq-01/frame-000000.color.png\n'}
[34.302746] (nvblox) StdoutLine: {'line': b'-- Installing: /home/czz/nvblox_ws/build/nvblox/nvblox/tests/data/3dmatch/seq-01/frame-000001.pose.txt\n'}
[34.302793] (nvblox) StdoutLine: {'line': b'-- Installing: /home/czz/nvblox_ws/build/nvblox/nvblox/tests/data/3dmatch/seq-01/frame-000001.color.png\n'}
[34.303753] (nvblox) StdoutLine: {'line': b'-- Installing: /home/czz/nvblox_ws/build/nvblox/nvblox/tests/data/3dmatch/seq-01/frame-000002.depth.png\n'}
[34.304247] (nvblox) StdoutLine: {'line': b'-- Installing: /home/czz/nvblox_ws/build/nvblox/nvblox/tests/data/3dmatch/seq-01/frame-000000.depth.png\n'}
[34.304815] (nvblox) StdoutLine: {'line': b'-- Installing: /home/czz/nvblox_ws/build/nvblox/nvblox/tests/data/3dmatch/seq-01/frame-000422.depth.png\n'}
[34.305248] (nvblox) StdoutLine: {'line': b'-- Installing: /home/czz/nvblox_ws/build/nvblox/nvblox/tests/data/3dmatch/seq-01/frame-000000.pose.txt\n'}
[34.305331] (nvblox) StdoutLine: {'line': b'-- Installing: /home/czz/nvblox_ws/build/nvblox/nvblox/tests/data/lidarply\n'}
[34.305369] (nvblox) StdoutLine: {'line': b'-- Installing: /home/czz/nvblox_ws/build/nvblox/nvblox/tests/data/lidarply/lidar-intrinsics.txt\n'}
[34.305537] (nvblox) StdoutLine: {'line': b'-- Installing: /home/czz/nvblox_ws/build/nvblox/nvblox/tests/data/lidarply/seq-01\n'}
[34.305575] (nvblox) StdoutLine: {'line': b'-- Installing: /home/czz/nvblox_ws/build/nvblox/nvblox/tests/data/lidarply/seq-01/frame-000001.timestamp.txt\n'}
[34.305664] (nvblox) StdoutLine: {'line': b'-- Installing: /home/czz/nvblox_ws/build/nvblox/nvblox/tests/data/lidarply/seq-01/frame-000001.pointcloud.ply\n'}
[34.311220] (nvblox) StdoutLine: {'line': b'-- Installing: /home/czz/nvblox_ws/build/nvblox/nvblox/tests/data/lidarply/seq-01/frame-000002.pose.txt\n'}
[34.311292] (nvblox) StdoutLine: {'line': b'-- Installing: /home/czz/nvblox_ws/build/nvblox/nvblox/tests/data/lidarply/seq-01/frame-000001.pose.txt\n'}
[34.311382] (nvblox) StdoutLine: {'line': b'-- Installing: /home/czz/nvblox_ws/build/nvblox/nvblox/tests/data/lidarply/seq-01/frame-000000.pointcloud.ply\n'}
[34.316952] (nvblox) StdoutLine: {'line': b'-- Installing: /home/czz/nvblox_ws/build/nvblox/nvblox/tests/data/lidarply/seq-01/frame-000002.timestamp.txt\n'}
[34.317065] (nvblox) StdoutLine: {'line': b'-- Installing: /home/czz/nvblox_ws/build/nvblox/nvblox/tests/data/lidarply/seq-01/frame-000000.timestamp.txt\n'}
[34.317161] (nvblox) StdoutLine: {'line': b'-- Installing: /home/czz/nvblox_ws/build/nvblox/nvblox/tests/data/lidarply/seq-01/frame-000000.pose.txt\n'}
[34.317261] (nvblox) StdoutLine: {'line': b'-- Installing: /home/czz/nvblox_ws/build/nvblox/nvblox/tests/data/human_dataset\n'}
[34.317297] (nvblox) StdoutLine: {'line': b'-- Installing: /home/czz/nvblox_ws/build/nvblox/nvblox/tests/data/human_dataset/depth_image_2.png\n'}
[34.317998] (nvblox) StdoutLine: {'line': b'-- Installing: /home/czz/nvblox_ws/build/nvblox/nvblox/tests/data/human_dataset/camera-intrinsics.txt\n'}
[34.318042] (nvblox) StdoutLine: {'line': b'-- Installing: /home/czz/nvblox_ws/build/nvblox/nvblox/tests/data/human_dataset/depth_image_1.png\n'}
[34.318875] (nvblox) StdoutLine: {'line': b'-- Installing: /home/czz/nvblox_ws/build/nvblox/nvblox/tests/data/replica\n'}
[34.318910] (nvblox) StdoutLine: {'line': b'-- Installing: /home/czz/nvblox_ws/build/nvblox/nvblox/tests/data/replica/office0\n'}
[34.318932] (nvblox) StdoutLine: {'line': b'-- Installing: /home/czz/nvblox_ws/build/nvblox/nvblox/tests/data/replica/office0/results\n'}
[34.318953] (nvblox) StdoutLine: {'line': b'-- Installing: /home/czz/nvblox_ws/build/nvblox/nvblox/tests/data/replica/office0/results/frame000003.jpg\n'}
[34.319891] (nvblox) StdoutLine: {'line': b'-- Installing: /home/czz/nvblox_ws/build/nvblox/nvblox/tests/data/replica/office0/results/frame000000.jpg\n'}
[34.320722] (nvblox) StdoutLine: {'line': b'-- Installing: /home/czz/nvblox_ws/build/nvblox/nvblox/tests/data/replica/office0/results/depth000001.png\n'}
[34.321693] (nvblox) StdoutLine: {'line': b'-- Installing: /home/czz/nvblox_ws/build/nvblox/nvblox/tests/data/replica/office0/results/depth000000.png\n'}
[34.322687] (nvblox) StdoutLine: {'line': b'-- Installing: /home/czz/nvblox_ws/build/nvblox/nvblox/tests/data/replica/office0/results/depth000003.png\n'}
[34.323670] (nvblox) StdoutLine: {'line': b'-- Installing: /home/czz/nvblox_ws/build/nvblox/nvblox/tests/data/replica/office0/results/depth000002.png\n'}
[34.324595] (nvblox) StdoutLine: {'line': b'-- Installing: /home/czz/nvblox_ws/build/nvblox/nvblox/tests/data/replica/office0/results/frame000001.jpg\n'}
[34.325359] (nvblox) StdoutLine: {'line': b'-- Installing: /home/czz/nvblox_ws/build/nvblox/nvblox/tests/data/replica/office0/results/frame000002.jpg\n'}
[34.326335] (nvblox) StdoutLine: {'line': b'-- Installing: /home/czz/nvblox_ws/build/nvblox/nvblox/tests/data/replica/office0/traj.txt\n'}
[34.327736] (nvblox) StdoutLine: {'line': b'-- Installing: /home/czz/nvblox_ws/build/nvblox/nvblox/tests/data/replica/office0_mesh.ply\n'}
[34.329413] (nvblox) StdoutLine: {'line': b'-- Installing: /home/czz/nvblox_ws/build/nvblox/nvblox/tests/data/replica/cam_params.json\n'}
[34.329567] (nvblox) StdoutLine: {'line': b'-- Installing: /home/czz/nvblox_ws/build/nvblox/nvblox/tests/data/orbbec\n'}
[34.329608] (nvblox) StdoutLine: {'line': b'-- Installing: /home/czz/nvblox_ws/build/nvblox/nvblox/tests/data/orbbec/camera-intrinsics.txt\n'}
[34.329768] (nvblox) StdoutLine: {'line': b'-- Installing: /home/czz/nvblox_ws/build/nvblox/nvblox/tests/data/orbbec/seq-01\n'}
[34.329807] (nvblox) StdoutLine: {'line': b'-- Installing: /home/czz/nvblox_ws/build/nvblox/nvblox/tests/data/orbbec/seq-01/frame-000000.depth.png\n'}
[34.333203] (nvblox) StdoutLine: {'line': b'-- Installing: /home/czz/nvblox_ws/build/nvblox/nvblox/tests/data/dynamic_mask\n'}
[34.333243] (nvblox) StdoutLine: {'line': b'-- Installing: /home/czz/nvblox_ws/build/nvblox/nvblox/tests/data/dynamic_mask/mask_21.png\n'}
[34.333429] (nvblox) StdoutLine: {'line': b'-- Adding nvblox static library: nvblox_test_utils\n'}
[34.333833] (nvblox) StdoutLine: {'line': b'-- Adding nvblox executable library: test_3d_interpolation\n'}
[34.334081] (nvblox) StdoutLine: {'line': b'-- Adding nvblox executable library: test_3dmatch\n'}
[34.334380] (nvblox) StdoutLine: {'line': b'-- Adding nvblox executable library: test_blox\n'}
[34.334671] (nvblox) StdoutLine: {'line': b'-- Adding nvblox executable library: test_shape_clearer\n'}
[34.334935] (nvblox) StdoutLine: {'line': b'-- Adding nvblox executable library: test_bounding_spheres\n'}
[34.335219] (nvblox) StdoutLine: {'line': b'-- Adding nvblox executable library: test_mask_preprocessor\n'}
[34.335507] (nvblox) StdoutLine: {'line': b'-- Adding nvblox executable library: test_mask_from_detections\n'}
[34.335765] (nvblox) StdoutLine: {'line': b'-- Adding nvblox executable library: test_cake\n'}
[34.336029] (nvblox) StdoutLine: {'line': b'-- Adding nvblox executable library: test_color_image\n'}
[34.336311] (nvblox) StdoutLine: {'line': b'-- Adding nvblox executable library: test_color_integrator\n'}
[34.336593] (nvblox) StdoutLine: {'line': b'-- Adding nvblox executable library: test_feature_integrator\n'}
[34.336863] (nvblox) StdoutLine: {'line': b'-- Adding nvblox executable library: test_cuda_stream\n'}
[34.337134] (nvblox) StdoutLine: {'line': b'-- Adding nvblox executable library: test_mono_image\n'}
[34.337401] (nvblox) StdoutLine: {'line': b'-- Adding nvblox executable library: test_depth_image\n'}
[34.337689] (nvblox) StdoutLine: {'line': b'-- Adding nvblox executable library: test_dynamics\n'}
[34.337942] (nvblox) StdoutLine: {'line': b'-- Adding nvblox executable library: test_for_memory_leaks\n'}
[34.338214] (nvblox) StdoutLine: {'line': b'-- Adding nvblox executable library: test_freespace_integrator\n'}
[34.338491] (nvblox) StdoutLine: {'line': b'-- Adding nvblox executable library: test_frustum\n'}
[34.338766] (nvblox) StdoutLine: {'line': b'-- Adding nvblox executable library: test_gpu_layer_view\n'}
[34.339068] (nvblox) StdoutLine: {'line': b'-- Adding nvblox executable library: test_image_io\n'}
[34.339295] (nvblox) StdoutLine: {'line': b'-- Adding nvblox executable library: test_image_masker\n'}
[34.339569] (nvblox) StdoutLine: {'line': b'-- Adding nvblox executable library: test_image_projector\n'}
[34.339840] (nvblox) StdoutLine: {'line': b'-- Adding nvblox executable library: test_indexing\n'}
[34.340102] (nvblox) StdoutLine: {'line': b'-- Adding nvblox executable library: test_interpolation_2d\n'}
[34.340375] (nvblox) StdoutLine: {'line': b'-- Adding nvblox executable library: test_layer\n'}
[34.340667] (nvblox) StdoutLine: {'line': b'-- Adding nvblox executable library: test_lidar\n'}
[34.340924] (nvblox) StdoutLine: {'line': b'-- Adding nvblox executable library: test_lidarply\n'}
[34.341186] (nvblox) StdoutLine: {'line': b'-- Adding nvblox executable library: test_lidar_integration\n'}
[34.341483] (nvblox) StdoutLine: {'line': b'-- Adding nvblox executable library: test_mapper\n'}
[34.341744] (nvblox) StdoutLine: {'line': b'-- Adding nvblox executable library: test_mesh_appearance\n'}
[34.342006] (nvblox) StdoutLine: {'line': b'-- Adding nvblox executable library: test_mesh\n'}
[34.342283] (nvblox) StdoutLine: {'line': b'-- Adding nvblox executable library: test_mesh_serializer\n'}
[34.342563] (nvblox) StdoutLine: {'line': b'-- Adding nvblox executable library: test_ply_io\n'}
[34.342827] (nvblox) StdoutLine: {'line': b'-- Adding nvblox executable library: test_nvtx_ranges\n'}
[34.343098] (nvblox) StdoutLine: {'line': b'-- Adding nvblox executable library: test_occupancy_decay\n'}
[34.343367] (nvblox) StdoutLine: {'line': b'-- Adding nvblox executable library: test_occupancy_integrator\n'}
[34.343642] (nvblox) StdoutLine: {'line': b'-- Adding nvblox executable library: test_orbbec\n'}
[34.343900] (nvblox) StdoutLine: {'line': b'-- Adding nvblox executable library: test_pointcloud\n'}
[34.344180] (nvblox) StdoutLine: {'line': b'-- Adding nvblox executable library: test_ray_caster\n'}
[34.344458] (nvblox) StdoutLine: {'line': b'-- Adding nvblox executable library: test_scene\n'}
[34.344784] (nvblox) StdoutLine: {'line': b'-- Adding nvblox executable library: test_serialization\n'}
[34.344992] (nvblox) StdoutLine: {'line': b'-- Adding nvblox executable library: test_sphere_tracing\n'}
[34.345289] (nvblox) StdoutLine: {'line': b'-- Adding nvblox executable library: test_time\n'}
[34.345558] (nvblox) StdoutLine: {'line': b'-- Adding nvblox executable library: test_timing\n'}
[34.345827] (nvblox) StdoutLine: {'line': b'-- Adding nvblox executable library: test_traits\n'}
[34.346139] (nvblox) StdoutLine: {'line': b'-- Adding nvblox executable library: test_tsdf_decay\n'}
[34.346356] (nvblox) StdoutLine: {'line': b'-- Adding nvblox executable library: test_tsdf_error\n'}
[34.346623] (nvblox) StdoutLine: {'line': b'-- Adding nvblox executable library: test_tsdf_integrator\n'}
[34.346982] (nvblox) StdoutLine: {'line': b'-- Adding nvblox executable library: test_tsdf_integrator_cuda_components\n'}
[34.347247] (nvblox) StdoutLine: {'line': b'-- Adding nvblox executable library: test_unified_3d_grid\n'}
[34.347507] (nvblox) StdoutLine: {'line': b'-- Adding nvblox executable library: test_unified_ptr\n'}
[34.347766] (nvblox) StdoutLine: {'line': b'-- Adding nvblox executable library: test_unified_vector\n'}
[34.348046] (nvblox) StdoutLine: {'line': b'-- Adding nvblox executable library: test_weighting_function\n'}
[34.348314] (nvblox) StdoutLine: {'line': b'-- Adding nvblox executable library: test_workspace_bounds\n'}
[34.348591] (nvblox) StdoutLine: {'line': b'-- Adding nvblox executable library: test_rates\n'}
[34.348850] (nvblox) StdoutLine: {'line': b'-- Adding nvblox executable library: test_layer_streamer\n'}
[34.349081] (nvblox) StdoutLine: {'line': b'-- Adding nvblox executable library: test_npp_image_operations\n'}
[34.349360] (nvblox) StdoutLine: {'line': b'-- Adding nvblox executable library: test_depth_image_preprocessing\n'}
[34.349708] (nvblox) StdoutLine: {'line': b'-- Adding nvblox executable library: test_layer_serializer_gpu\n'}
[34.349913] (nvblox) StdoutLine: {'line': b'-- Adding nvblox executable library: test_image_cache\n'}
[34.350186] (nvblox) StdoutLine: {'line': b'-- Adding nvblox executable library: test_params\n'}
[34.350471] (nvblox) StdoutLine: {'line': b'-- Adding nvblox executable library: test_block_memory_pool\n'}
[34.350743] (nvblox) StdoutLine: {'line': b'-- Adding nvblox executable library: test_delays\n'}
[34.351011] (nvblox) StdoutLine: {'line': b'-- Adding nvblox executable library: test_image_view\n'}
[34.351280] (nvblox) StdoutLine: {'line': b'-- Adding nvblox executable library: test_bitmask\n'}
[34.351556] (nvblox) StdoutLine: {'line': b'-- Adding nvblox executable library: test_blocks_to_update_tracker\n'}
[34.351840] (nvblox) StdoutLine: {'line': b'-- Adding nvblox executable library: test_nvblox_h\n'}
[34.352166] (nvblox) StdoutLine: {'line': b'-- Adding nvblox executable library: test_ransac_plane_fitter_cpu\n'}
[34.352417] (nvblox) StdoutLine: {'line': b'-- Adding nvblox executable library: test_ransac_plane_fitter\n'}
[34.352707] (nvblox) StdoutLine: {'line': b'-- Adding nvblox executable library: test_layer_cake_streamer\n'}
[34.352973] (nvblox) StdoutLine: {'line': b'-- Adding nvblox executable library: test_replica\n'}
[34.353240] (nvblox) StdoutLine: {'line': b'-- Adding nvblox executable library: test_checks\n'}
[34.353526] (nvblox) StdoutLine: {'line': b'-- Adding nvblox executable library: test_type_indexed_store\n'}
[34.353788] (nvblox) StdoutLine: {'line': b'-- Adding nvblox executable library: regression_test_query_after_clear\n'}
[34.354070] (nvblox) StdoutLine: {'line': b'-- Adding nvblox executable library: test_camera\n'}
[34.354343] (nvblox) StdoutLine: {'line': b'-- Adding nvblox executable library: test_layer_to_3d_grid\n'}
[34.354622] (nvblox) StdoutLine: {'line': b'-- Adding nvblox executable library: test_gpu_hash_interface\n'}
[34.354984] (nvblox) StdoutLine: {'line': b'-- Adding nvblox executable library: test_masked_image_view\n'}
[34.355179] (nvblox) StdoutLine: {'line': b'-- Adding nvblox executable library: test_esdf_integrator_slicing\n'}
[34.355460] (nvblox) StdoutLine: {'line': b'-- Adding nvblox executable library: test_plane\n'}
[34.355778] (nvblox) StdoutLine: {'line': b'-- Adding nvblox executable library: test_device_function_utils\n'}
[34.356011] (nvblox) StdoutLine: {'line': b'-- Adding nvblox executable library: test_zero_crossings_extractor\n'}
[34.356291] (nvblox) StdoutLine: {'line': b'-- Adding nvblox executable library: test_error_check\n'}
[34.356570] (nvblox) StdoutLine: {'line': b'-- Adding nvblox executable library: test_array\n'}
[34.356855] (nvblox) StdoutLine: {'line': b'-- Adding nvblox executable library: test_lidar_motion_compensation\n'}
[34.357141] (nvblox) StdoutLine: {'line': b'-- Adding nvblox executable library: test_esdf_integrator\n'}
[34.357427] (nvblox) StdoutLine: {'line': b'-- Adding nvblox executable library: test_fuser\n'}
[34.357753] (nvblox) StdoutLine: {'line': b'-- Adding nvblox executable library: test_mapper_block_allocation\n'}
[34.357975] (nvblox) StdoutLine: {'line': b'-- Adding nvblox executable library: test_multi_mapper\n'}
[34.358316] (nvblox) StdoutLine: {'line': b'-- Adding nvblox executable library: run_memcpy_on_default_cuda_stream\n'}
[34.358471] (nvblox) StdoutLine: {'line': b'-- Adding nvblox executable library: nvblox_benchmark\n'}
[34.358649] (nvblox) StdoutLine: {'line': b'-- Adding nvblox executable library: nvblox_benchmark_camera\n'}
[34.359112] (nvblox) StdoutLine: {'line': b'-- Adding nvblox executable library: test_bench\n'}
[34.361432] (nvblox) StdoutLine: {'line': b'-- Configuring done\n'}
[34.395733] (-) TimerEvent: {}
[34.490976] (nvblox) StdoutLine: {'line': b'-- Generating done\n'}
[34.495828] (-) TimerEvent: {}
[34.541364] (nvblox) StdoutLine: {'line': b'-- Build files have been written to: /home/czz/nvblox_ws/build/nvblox\n'}
[34.551013] (nvblox) CommandEnded: {'returncode': 0}
[34.552650] (nvblox) JobProgress: {'identifier': 'nvblox', 'progress': 'build'}
[34.552694] (nvblox) Command: {'cmd': ['/usr/bin/cmake', '--build', '/home/czz/nvblox_ws/build/nvblox', '--', '-j20', '-l20'], 'cwd': '/home/czz/nvblox_ws/build/nvblox', 'env': OrderedDict([('LESSOPEN', '| /usr/bin/lesspipe %s'), ('LANGUAGE', 'zh_CN:en'), ('USER', 'czz'), ('TRT_INC_PATH', '/usr/include/x86_64-linux-gnu'), ('LC_TIME', 'en_US.UTF-8'), ('XDG_SESSION_TYPE', 'x11'), ('SHLVL', '1'), ('LD_LIBRARY_PATH', '/usr/local/cuda/lib64:/home/czz/workspaces/isaac_ros-dev/install/realsense_splitter/lib:/home/czz/workspaces/isaac_ros-dev/install/realsense2_camera/lib:/home/czz/workspaces/isaac_ros-dev/install/realsense2_camera_msgs/lib:/home/czz/workspaces/isaac_ros-dev/install/nvblox_ros/lib:/home/czz/workspaces/isaac_ros-dev/install/nvblox_rviz_plugin/lib:/home/czz/workspaces/isaac_ros-dev/install/nvblox_image_padding/lib:/home/czz/workspaces/isaac_ros-dev/install/nvblox_ros_common/lib:/home/czz/workspaces/isaac_ros-dev/install/nvblox_nav2/lib:/home/czz/workspaces/isaac_ros-dev/install/nvblox_msgs/lib:/home/czz/workspaces/isaac_ros-dev/install/isaac_ros_visual_slam/lib:/home/czz/workspaces/isaac_ros-dev/install/isaac_ros_visual_slam_interfaces/lib:/home/czz/workspaces/isaac_ros-dev/install/isaac_ros_common/lib:/home/czz/ros_pack/install/moveit_task_constructor_visualization/lib:/home/czz/ros_pack/install/moveit_task_constructor_demo/lib:/home/czz/ros_pack/install/moveit_task_constructor_capabilities/lib:/home/czz/ros_pack/install/moveit_task_constructor_core/lib:/home/czz/ros_pack/install/rviz_marker_tools/lib:/home/czz/ros_pack/install/negotiated_examples/lib:/home/czz/ros_pack/install/negotiated/lib:/home/czz/ros_pack/install/negotiated_interfaces/lib:/home/czz/ros_pack/install/moveit_task_constructor_msgs/lib:/usr/lib/x86_64-linux-gnu/gazebo-11/plugins:/opt/ros/humble/opt/rviz_ogre_vendor/lib:/opt/ros/humble/lib/x86_64-linux-gnu:/opt/ros/humble/lib::/opt/tritonserver/lib'), ('HOME', '/home/czz'), ('OLDPWD', '/home/czz/nvblox_ws'), ('DESKTOP_SESSION', 'ubuntu'), ('ROS_PYTHON_VERSION', '3'), ('GNOME_SHELL_SESSION_MODE', 'ubuntu'), ('GTK_MODULES', 'gail:atk-bridge'), ('LC_MONETARY', 'en_US.UTF-8'), ('SYSTEMD_EXEC_PID', '2267'), ('DBUS_SESSION_BUS_ADDRESS', 'unix:path=/run/user/1000/bus'), ('COLORTERM', 'truecolor'), ('COLCON_PREFIX_PATH', '/home/czz/ros_pack/install:/home/czz/workspaces/isaac_ros-dev/install'), ('ROS_DISTRO', 'humble'), ('GTK_IM_MODULE', 'ibus'), ('LOGNAME', 'czz'), ('_', '/usr/bin/colcon'), ('ROS_VERSION', '2'), ('XDG_SESSION_CLASS', 'user'), ('USERNAME', 'czz'), ('TERM', 'xterm-256color'), ('GNOME_DESKTOP_SESSION_ID', 'this-is-deprecated'), ('ISAAC_ROS_WS', '/home/czz/workspaces/isaac_ros-dev/'), ('ROS_LOCALHOST_ONLY', '0'), ('WINDOWPATH', '2'), ('PATH', '/usr/local/cuda/bin:/home/czz/workspaces/isaac_ros-dev/install/nvblox_ros/bin:/home/czz/workspaces/isaac_ros-dev/install/isaac_ros_common/bin:/opt/ros/humble/bin:/home/czz/.local/bin:/usr/local/sbin:/usr/local/bin:/usr/sbin:/usr/bin:/sbin:/bin:/usr/games:/usr/local/games:/snap/bin:/snap/bin:/opt/nvidia/tao'), ('SESSION_MANAGER', 'local/czz-Legion-Y7000P-IRH8:@/tmp/.ICE-unix/2003,unix/czz-Legion-Y7000P-IRH8:/tmp/.ICE-unix/2003'), ('PAPERSIZE', 'letter'), ('XDG_MENU_PREFIX', 'gnome-'), ('LC_ADDRESS', 'en_US.UTF-8'), ('GNOME_TERMINAL_SCREEN', '/org/gnome/Terminal/screen/da6a2967_2c73_4933_ad70_9c15650b4bcf'), ('XDG_RUNTIME_DIR', '/run/user/1000'), ('DISPLAY', ':1'), ('LANG', 'zh_CN.UTF-8'), ('XDG_CURRENT_DESKTOP', 'ubuntu:GNOME'), ('LC_TELEPHONE', 'en_US.UTF-8'), ('XMODIFIERS', '@im=ibus'), ('XDG_SESSION_DESKTOP', 'ubuntu'), ('XAUTHORITY', '/run/user/1000/gdm/Xauthority'), ('LS_COLORS', 'rs=0:di=01;34:ln=01;36:mh=00:pi=40;33:so=01;35:do=01;35:bd=40;33;01:cd=40;33;01:or=40;31;01:mi=00:su=37;41:sg=30;43:ca=30;41:tw=30;42:ow=34;42:st=37;44:ex=01;32:*.tar=01;31:*.tgz=01;31:*.arc=01;31:*.arj=01;31:*.taz=01;31:*.lha=01;31:*.lz4=01;31:*.lzh=01;31:*.lzma=01;31:*.tlz=01;31:*.txz=01;31:*.tzo=01;31:*.t7z=01;31:*.zip=01;31:*.z=01;31:*.dz=01;31:*.gz=01;31:*.lrz=01;31:*.lz=01;31:*.lzo=01;31:*.xz=01;31:*.zst=01;31:*.tzst=01;31:*.bz2=01;31:*.bz=01;31:*.tbz=01;31:*.tbz2=01;31:*.tz=01;31:*.deb=01;31:*.rpm=01;31:*.jar=01;31:*.war=01;31:*.ear=01;31:*.sar=01;31:*.rar=01;31:*.alz=01;31:*.ace=01;31:*.zoo=01;31:*.cpio=01;31:*.7z=01;31:*.rz=01;31:*.cab=01;31:*.wim=01;31:*.swm=01;31:*.dwm=01;31:*.esd=01;31:*.jpg=01;35:*.jpeg=01;35:*.mjpg=01;35:*.mjpeg=01;35:*.gif=01;35:*.bmp=01;35:*.pbm=01;35:*.pgm=01;35:*.ppm=01;35:*.tga=01;35:*.xbm=01;35:*.xpm=01;35:*.tif=01;35:*.tiff=01;35:*.png=01;35:*.svg=01;35:*.svgz=01;35:*.mng=01;35:*.pcx=01;35:*.mov=01;35:*.mpg=01;35:*.mpeg=01;35:*.m2v=01;35:*.mkv=01;35:*.webm=01;35:*.webp=01;35:*.ogm=01;35:*.mp4=01;35:*.m4v=01;35:*.mp4v=01;35:*.vob=01;35:*.qt=01;35:*.nuv=01;35:*.wmv=01;35:*.asf=01;35:*.rm=01;35:*.rmvb=01;35:*.flc=01;35:*.avi=01;35:*.fli=01;35:*.flv=01;35:*.gl=01;35:*.dl=01;35:*.xcf=01;35:*.xwd=01;35:*.yuv=01;35:*.cgm=01;35:*.emf=01;35:*.ogv=01;35:*.ogx=01;35:*.aac=00;36:*.au=00;36:*.flac=00;36:*.m4a=00;36:*.mid=00;36:*.midi=00;36:*.mka=00;36:*.mp3=00;36:*.mpc=00;36:*.ogg=00;36:*.ra=00;36:*.wav=00;36:*.oga=00;36:*.opus=00;36:*.spx=00;36:*.xspf=00;36:'), ('GNOME_TERMINAL_SERVICE', ':1.122'), ('SSH_AGENT_LAUNCHER', 'gnome-keyring'), ('SSH_AUTH_SOCK', '/run/user/1000/keyring/ssh'), ('AMENT_PREFIX_PATH', '/home/czz/workspaces/isaac_ros-dev/install/isaac_ros_nvblox:/home/czz/workspaces/isaac_ros-dev/install/nvblox_examples_bringup:/home/czz/workspaces/isaac_ros-dev/install/semantic_label_conversion:/home/czz/workspaces/isaac_ros-dev/install/realsense_splitter:/home/czz/workspaces/isaac_ros-dev/install/realsense2_description:/home/czz/workspaces/isaac_ros-dev/install/realsense2_camera:/home/czz/workspaces/isaac_ros-dev/install/realsense2_camera_msgs:/home/czz/workspaces/isaac_ros-dev/install/nvblox_ros:/home/czz/workspaces/isaac_ros-dev/install/nvblox_rviz_plugin:/home/czz/workspaces/isaac_ros-dev/install/nvblox_ros_python_utils:/home/czz/workspaces/isaac_ros-dev/install/nvblox_image_padding:/home/czz/workspaces/isaac_ros-dev/install/nvblox_ros_common:/home/czz/workspaces/isaac_ros-dev/install/nvblox_nav2:/home/czz/workspaces/isaac_ros-dev/install/nvblox_msgs:/home/czz/workspaces/isaac_ros-dev/install/isaac_ros_visual_slam:/home/czz/workspaces/isaac_ros-dev/install/isaac_ros_visual_slam_interfaces:/home/czz/workspaces/isaac_ros-dev/install/isaac_ros_test_cmake:/home/czz/workspaces/isaac_ros-dev/install/isaac_ros_test:/home/czz/workspaces/isaac_ros-dev/install/isaac_ros_launch_utils:/home/czz/workspaces/isaac_ros-dev/install/isaac_ros_common:/home/czz/workspaces/isaac_ros-dev/install/isaac_common:/home/czz/ros_pack/install/moveit_task_constructor_visualization:/home/czz/ros_pack/install/moveit_task_constructor_demo:/home/czz/ros_pack/install/moveit_task_constructor_capabilities:/home/czz/ros_pack/install/moveit_task_constructor_core:/home/czz/ros_pack/install/rviz_marker_tools:/home/czz/ros_pack/install/negotiated_examples:/home/czz/ros_pack/install/negotiated:/home/czz/ros_pack/install/negotiated_interfaces:/home/czz/ros_pack/install/moveit_task_constructor_msgs:/opt/ros/humble'), ('SHELL', '/bin/bash'), ('LC_NAME', 'en_US.UTF-8'), ('QT_ACCESSIBILITY', '1'), ('GDMSESSION', 'ubuntu'), ('LESSCLOSE', '/usr/bin/lesspipe %s %s'), ('CMAKE_MODULE_PATH', '/home/czz/ros_pack/install/moveit_task_constructor_core/share/moveit_task_constructor_core/cmake'), ('LC_MEASUREMENT', 'en_US.UTF-8'), ('GPG_AGENT_INFO', '/run/user/1000/gnupg/S.gpg-agent:0:1'), ('LC_IDENTIFICATION', 'en_US.UTF-8'), ('QT_IM_MODULE', 'ibus'), ('PWD', '/home/czz/nvblox_ws/build/nvblox'), ('LC_ALL', 'en_US.UTF-8'), ('XDG_CONFIG_DIRS', '/etc/xdg/xdg-ubuntu:/etc/xdg'), ('XDG_DATA_DIRS', '/usr/share/ubuntu:/usr/share/gnome:/home/czz/.local/share/flatpak/exports/share:/var/lib/flatpak/exports/share:/usr/local/share/:/usr/share/:/var/lib/snapd/desktop'), ('PYTHONPATH', '/home/czz/workspaces/isaac_ros-dev/install/realsense2_camera_msgs/local/lib/python3.10/dist-packages:/home/czz/workspaces/isaac_ros-dev/build/nvblox_ros_python_utils:/home/czz/workspaces/isaac_ros-dev/install/nvblox_ros_python_utils/lib/python3.10/site-packages:/home/czz/workspaces/isaac_ros-dev/install/nvblox_msgs/local/lib/python3.10/dist-packages:/home/czz/workspaces/isaac_ros-dev/install/isaac_ros_visual_slam_interfaces/local/lib/python3.10/dist-packages:/home/czz/workspaces/isaac_ros-dev/build/isaac_ros_test:/home/czz/workspaces/isaac_ros-dev/install/isaac_ros_test/lib/python3.10/site-packages:/home/czz/workspaces/isaac_ros-dev/build/isaac_ros_launch_utils:/home/czz/workspaces/isaac_ros-dev/install/isaac_ros_launch_utils/lib/python3.10/site-packages:/home/czz/workspaces/isaac_ros-dev/install/isaac_ros_common/local/lib/python3.10/dist-packages:/home/czz/ros_pack/install/moveit_task_constructor_core/local/lib/python3.10/dist-packages:/home/czz/ros_pack/install/negotiated_interfaces/local/lib/python3.10/dist-packages:/home/czz/ros_pack/install/moveit_task_constructor_msgs/local/lib/python3.10/dist-packages:/opt/ros/humble/lib/python3.10/site-packages:/opt/ros/humble/local/lib/python3.10/dist-packages:/usr/local/lib'), ('LC_NUMERIC', 'en_US.UTF-8'), ('LC_PAPER', 'en_US.UTF-8'), ('COLCON', '1'), ('VTE_VERSION', '6800'), ('CMAKE_PREFIX_PATH', '/home/czz/workspaces/isaac_ros-dev/install/isaac_ros_nvblox:/home/czz/workspaces/isaac_ros-dev/install/nvblox_examples_bringup:/home/czz/workspaces/isaac_ros-dev/install/semantic_label_conversion:/home/czz/workspaces/isaac_ros-dev/install/realsense_splitter:/home/czz/workspaces/isaac_ros-dev/install/realsense2_description:/home/czz/workspaces/isaac_ros-dev/install/realsense2_camera:/home/czz/workspaces/isaac_ros-dev/install/realsense2_camera_msgs:/home/czz/workspaces/isaac_ros-dev/install/nvblox_ros:/home/czz/workspaces/isaac_ros-dev/install/nvblox_rviz_plugin:/home/czz/workspaces/isaac_ros-dev/install/nvblox_image_padding:/home/czz/workspaces/isaac_ros-dev/install/nvblox_ros_common:/home/czz/workspaces/isaac_ros-dev/install/nvblox_nav2:/home/czz/workspaces/isaac_ros-dev/install/nvblox_msgs:/home/czz/workspaces/isaac_ros-dev/install/isaac_ros_visual_slam:/home/czz/workspaces/isaac_ros-dev/install/isaac_ros_visual_slam_interfaces:/home/czz/workspaces/isaac_ros-dev/install/isaac_ros_test_cmake:/home/czz/workspaces/isaac_ros-dev/install/isaac_ros_common:/home/czz/workspaces/isaac_ros-dev/install/isaac_common:/home/czz/ros_pack/install/moveit_task_constructor_visualization:/home/czz/ros_pack/install/moveit_task_constructor_demo:/home/czz/ros_pack/install/moveit_task_constructor_capabilities:/home/czz/ros_pack/install/moveit_task_constructor_core:/home/czz/ros_pack/install/rviz_marker_tools:/home/czz/ros_pack/install/negotiated_examples:/home/czz/ros_pack/install/negotiated:/home/czz/ros_pack/install/negotiated_interfaces:/home/czz/ros_pack/install/moveit_task_constructor_msgs'), ('TRT_LIB_PATH', '/usr/lib/x86_64-linux-gnu')]), 'shell': False}
[34.590883] (nvblox) StdoutLine: {'line': b'[  1%] \x1b[34m\x1b[1mCopying find modules...\x1b[0m\n'}
[34.595797] (nvblox) StdoutLine: {'line': b'[  1%] \x1b[32mBuilding CXX object _deps/ext_gflags-build/CMakeFiles/gflags_static.dir/src/gflags.cc.o\x1b[0m\n'}
[34.596346] (-) TimerEvent: {}
[34.596537] (nvblox) StdoutLine: {'line': b'[  1%] \x1b[32mBuilding CXX object _deps/ext_stdgpu-build/src/stdgpu/CMakeFiles/stdgpu.dir/impl/device.cpp.o\x1b[0m\n'}
[34.596646] (nvblox) StdoutLine: {'line': b'[  1%] \x1b[32mBuilding CXX object _deps/ext_benchmark-build/src/CMakeFiles/benchmark.dir/benchmark_api_internal.cc.o\x1b[0m\n'}
[34.596720] (nvblox) StdoutLine: {'line': b'[  2%] \x1b[32mBuilding CXX object _deps/ext_benchmark-build/src/CMakeFiles/benchmark.dir/benchmark_name.cc.o\x1b[0m\n'}
[34.596787] (nvblox) StdoutLine: {'line': b'[  2%] \x1b[32mBuilding CXX object _deps/ext_gflags-build/CMakeFiles/gflags_static.dir/src/gflags_reporting.cc.o\x1b[0m\n'}
[34.597266] (nvblox) StdoutLine: {'line': b'[  2%] \x1b[32mBuilding CXX object _deps/ext_stdgpu-build/src/stdgpu/CMakeFiles/stdgpu.dir/cuda/impl/device.cpp.o\x1b[0m\n'}
[34.599236] (nvblox) StdoutLine: {'line': b'[  3%] \x1b[32mBuilding CXX object _deps/ext_stdgpu-build/src/stdgpu/CMakeFiles/stdgpu.dir/cuda/impl/memory.cpp.o\x1b[0m\n'}
[34.599697] (nvblox) StdoutLine: {'line': b'[  3%] \x1b[32mBuilding CXX object _deps/ext_stdgpu-build/src/stdgpu/CMakeFiles/stdgpu.dir/impl/memory.cpp.o\x1b[0m\n'}
[34.599983] (nvblox) StdoutLine: {'line': b'[  3%] \x1b[32mBuilding CXX object _deps/ext_benchmark-build/src/CMakeFiles/benchmark.dir/benchmark.cc.o\x1b[0m\n'}
[34.600055] (nvblox) StdoutLine: {'line': b'[  4%] \x1b[32mBuilding CXX object _deps/ext_benchmark-build/src/CMakeFiles/benchmark.dir/benchmark_register.cc.o\x1b[0m\n'}
[34.600123] (nvblox) StdoutLine: {'line': b'[  4%] \x1b[32mBuilding CXX object _deps/ext_stdgpu-build/src/stdgpu/CMakeFiles/stdgpu.dir/impl/iterator.cpp.o\x1b[0m\n'}
[34.600205] (nvblox) StdoutLine: {'line': b'[  4%] \x1b[32mBuilding CXX object _deps/ext_benchmark-build/src/CMakeFiles/benchmark.dir/check.cc.o\x1b[0m\n'}
[34.600278] (nvblox) StdoutLine: {'line': b'[  4%] \x1b[32mBuilding CXX object _deps/ext_benchmark-build/src/CMakeFiles/benchmark.dir/colorprint.cc.o\x1b[0m\n'}
[34.600347] (nvblox) StdoutLine: {'line': b'[  4%] \x1b[32mBuilding CXX object _deps/ext_benchmark-build/src/CMakeFiles/benchmark.dir/benchmark_runner.cc.o\x1b[0m\n'}
[34.600413] (nvblox) StdoutLine: {'line': b'[  4%] \x1b[32mBuilding CXX object _deps/ext_gtest-build/googletest/CMakeFiles/gtest.dir/src/gtest-all.cc.o\x1b[0m\n'}
[34.600476] (nvblox) StdoutLine: {'line': b'[  4%] \x1b[32mBuilding CXX object _deps/ext_gflags-build/CMakeFiles/gflags_static.dir/src/gflags_completions.cc.o\x1b[0m\n'}
[34.604283] (nvblox) StdoutLine: {'line': b'[  4%] \x1b[32mBuilding CXX object _deps/ext_gflags-build/CMakeFiles/gflags_nothreads_static.dir/src/gflags.cc.o\x1b[0m\n'}
[34.604914] (nvblox) StdoutLine: {'line': b'[  5%] \x1b[32mBuilding C object nvblox/CMakeFiles/sqlite3.dir/__/_deps/ext_sqlite3-src/sqlite3.c.o\x1b[0m\n'}
[34.608527] (nvblox) StdoutLine: {'line': b"[  5%] \x1b[34m\x1b[1mCreating directories for 'ext_eigen'\x1b[0m\n"}
[34.623202] (nvblox) StdoutLine: {'line': b'[  6%] \x1b[32mBuilding CXX object _deps/ext_gflags-build/CMakeFiles/gflags_nothreads_static.dir/src/gflags_reporting.cc.o\x1b[0m\n'}
[34.628008] (nvblox) StdoutLine: {'line': b'[  6%] \x1b[32mBuilding CXX object _deps/ext_glog-build/CMakeFiles/glog.dir/src/demangle.cc.o\x1b[0m\n'}
[34.699227] (-) TimerEvent: {}
[34.709899] (nvblox) StdoutLine: {'line': b"[  7%] \x1b[34m\x1b[1mPerforming download step (download, verify and extract) for 'ext_eigen'\x1b[0m\n"}
[34.719948] (nvblox) StdoutLine: {'line': b'-- Downloading...\n'}
[34.720487] (nvblox) StdoutLine: {'line': b"   dst='/home/czz/nvblox_ws/build/nvblox/nvblox/eigen/src/eigen-3.4.0.tar.gz'\n"}
[34.720879] (nvblox) StdoutLine: {'line': b"   timeout='none'\n"}
[34.721251] (nvblox) StdoutLine: {'line': b"   inactivity timeout='none'\n"}
[34.721671] (nvblox) StdoutLine: {'line': b"-- Using src='https://gitlab.com/libeigen/eigen/-/archive/3.4.0/eigen-3.4.0.tar.gz'\n"}
[34.799330] (-) TimerEvent: {}
[34.800985] (nvblox) StdoutLine: {'line': b'[  7%] \x1b[32mBuilding CXX object _deps/ext_gflags-build/CMakeFiles/gflags_nothreads_static.dir/src/gflags_completions.cc.o\x1b[0m\n'}
[34.899448] (-) TimerEvent: {}
[34.992351] (nvblox) StdoutLine: {'line': b'[  7%] \x1b[32mBuilding CXX object _deps/ext_glog-build/CMakeFiles/glog.dir/src/logging.cc.o\x1b[0m\n'}
[35.002230] (-) TimerEvent: {}
[35.006361] (nvblox) StdoutLine: {'line': b'[  7%] \x1b[32mBuilding CXX object _deps/ext_glog-build/CMakeFiles/glog.dir/src/raw_logging.cc.o\x1b[0m\n'}
[35.044962] (nvblox) StdoutLine: {'line': b'[  8%] \x1b[32mBuilding CXX object _deps/ext_benchmark-build/src/CMakeFiles/benchmark.dir/commandlineflags.cc.o\x1b[0m\n'}
[35.102339] (-) TimerEvent: {}
[35.202775] (-) TimerEvent: {}
[35.204248] (nvblox) StdoutLine: {'line': b'[  8%] \x1b[32mBuilding CXX object _deps/ext_benchmark-build/src/CMakeFiles/benchmark.dir/complexity.cc.o\x1b[0m\n'}
[35.302886] (-) TimerEvent: {}
[35.326604] (nvblox) StdoutLine: {'line': b'[  8%] \x1b[32mBuilding CXX object _deps/ext_benchmark-build/src/CMakeFiles/benchmark.dir/console_reporter.cc.o\x1b[0m\n'}
[35.342277] (nvblox) StdoutLine: {'line': b'[  9%] \x1b[32mBuilding CXX object _deps/ext_glog-build/CMakeFiles/glog.dir/src/symbolize.cc.o\x1b[0m\n'}
[35.361189] (nvblox) StdoutLine: {'line': b'[  9%] \x1b[32mBuilding CXX object _deps/ext_benchmark-build/src/CMakeFiles/benchmark.dir/counter.cc.o\x1b[0m\n'}
[35.385646] (nvblox) StdoutLine: {'line': b'[  9%] \x1b[32mBuilding CXX object _deps/ext_glog-build/CMakeFiles/glog.dir/src/utilities.cc.o\x1b[0m\n'}
[35.402995] (-) TimerEvent: {}
[35.419433] (nvblox) StdoutLine: {'line': b'[  9%] \x1b[32mBuilding CXX object _deps/ext_glog-build/CMakeFiles/glog.dir/src/vlog_is_on.cc.o\x1b[0m\n'}
[35.461740] (nvblox) StdoutLine: {'line': b'[  9%] \x1b[32mBuilding CXX object _deps/ext_glog-build/CMakeFiles/glog.dir/src/signalhandler.cc.o\x1b[0m\n'}
[35.503110] (-) TimerEvent: {}
[35.603561] (-) TimerEvent: {}
[35.691676] (nvblox) StdoutLine: {'line': b'[ 10%] \x1b[32mBuilding CXX object _deps/ext_benchmark-build/src/CMakeFiles/benchmark.dir/csv_reporter.cc.o\x1b[0m\n'}
[35.704214] (-) TimerEvent: {}
[35.711210] (nvblox) StdoutLine: {'line': b'[ 11%] \x1b[32m\x1b[1mLinking CXX static library ../../bin/libstdgpu.a\x1b[0m\n'}
[35.774146] (nvblox) StdoutLine: {'line': b'[ 11%] \x1b[32mBuilding CXX object _deps/ext_benchmark-build/src/CMakeFiles/benchmark.dir/json_reporter.cc.o\x1b[0m\n'}
[35.780222] (nvblox) StdoutLine: {'line': b'[ 11%] Built target stdgpu\n'}
[35.786248] (nvblox) StdoutLine: {'line': b'[ 11%] \x1b[32mBuilding CXX object _deps/ext_benchmark-build/src/CMakeFiles/benchmark.dir/perf_counters.cc.o\x1b[0m\n'}
[35.804319] (-) TimerEvent: {}
[35.825505] (nvblox) StdoutLine: {'line': b'[ 11%] \x1b[32mBuilding CXX object _deps/ext_benchmark-build/src/CMakeFiles/benchmark.dir/reporter.cc.o\x1b[0m\n'}
[35.879969] (nvblox) StdoutLine: {'line': b'[ 12%] \x1b[32mBuilding CXX object _deps/ext_benchmark-build/src/CMakeFiles/benchmark.dir/statistics.cc.o\x1b[0m\n'}
[35.880868] (nvblox) StdoutLine: {'line': b'[ 12%] \x1b[32mBuilding CXX object _deps/ext_benchmark-build/src/CMakeFiles/benchmark.dir/string_util.cc.o\x1b[0m\n'}
[35.884391] (nvblox) StdoutLine: {'line': b'[ 12%] \x1b[32mBuilding CXX object _deps/ext_benchmark-build/src/CMakeFiles/benchmark.dir/sysinfo.cc.o\x1b[0m\n'}
[35.904423] (-) TimerEvent: {}
[35.917209] (nvblox) StdoutLine: {'line': b'[ 12%] \x1b[32mBuilding CXX object _deps/ext_benchmark-build/src/CMakeFiles/benchmark.dir/timers.cc.o\x1b[0m\n'}
[36.004528] (-) TimerEvent: {}
[36.104846] (-) TimerEvent: {}
[36.205159] (-) TimerEvent: {}
[36.266147] (nvblox) StdoutLine: {'line': b'-- Downloading... done\n'}
[36.290461] (nvblox) StdoutLine: {'line': b'-- extracting...\n'}
[36.290617] (nvblox) StdoutLine: {'line': b"     src='/home/czz/nvblox_ws/build/nvblox/nvblox/eigen/src/eigen-3.4.0.tar.gz'\n"}
[36.290672] (nvblox) StdoutLine: {'line': b"     dst='/home/czz/nvblox_ws/build/nvblox/nvblox/eigen/src/ext_eigen'\n"}
[36.290713] (nvblox) StdoutLine: {'line': b'-- extracting... [tar xfz]\n'}
[36.305217] (-) TimerEvent: {}
[36.368467] (nvblox) StdoutLine: {'line': b'-- extracting... [analysis]\n'}
[36.368669] (nvblox) StdoutLine: {'line': b'-- extracting... [rename]\n'}
[36.368749] (nvblox) StdoutLine: {'line': b'-- extracting... [clean up]\n'}
[36.368794] (nvblox) StdoutLine: {'line': b'-- extracting... done\n'}
[36.387950] (nvblox) StdoutLine: {'line': b"[ 12%] \x1b[34m\x1b[1mNo update step for 'ext_eigen'\x1b[0m\n"}
[36.405323] (-) TimerEvent: {}
[36.408619] (nvblox) StdoutLine: {'line': b"[ 13%] \x1b[34m\x1b[1mNo patch step for 'ext_eigen'\x1b[0m\n"}
[36.429193] (nvblox) StdoutLine: {'line': b"[ 13%] \x1b[34m\x1b[1mPerforming configure step for 'ext_eigen'\x1b[0m\n"}
[36.472638] (nvblox) StdoutLine: {'line': b'-- The C compiler identification is GNU 11.4.0\n'}
[36.505426] (-) TimerEvent: {}
[36.524487] (nvblox) StdoutLine: {'line': b'-- The CXX compiler identification is GNU 11.4.0\n'}
[36.531386] (nvblox) StdoutLine: {'line': b'-- Detecting C compiler ABI info\n'}
[36.600779] (nvblox) StdoutLine: {'line': b'-- Detecting C compiler ABI info - done\n'}
[36.605524] (-) TimerEvent: {}
[36.607847] (nvblox) StdoutLine: {'line': b'-- Check for working C compiler: /usr/bin/cc - skipped\n'}
[36.608032] (nvblox) StdoutLine: {'line': b'-- Detecting C compile features\n'}
[36.608425] (nvblox) StdoutLine: {'line': b'-- Detecting C compile features - done\n'}
[36.611074] (nvblox) StdoutLine: {'line': b'-- Detecting CXX compiler ABI info\n'}
[36.687394] (nvblox) StdoutLine: {'line': b'-- Detecting CXX compiler ABI info - done\n'}
[36.694418] (nvblox) StdoutLine: {'line': b'-- Check for working CXX compiler: /usr/bin/c++ - skipped\n'}
[36.694619] (nvblox) StdoutLine: {'line': b'-- Detecting CXX compile features\n'}
[36.695026] (nvblox) StdoutLine: {'line': b'-- Detecting CXX compile features - done\n'}
[36.698245] (nvblox) StdoutLine: {'line': b'-- Performing Test EIGEN_COMPILER_SUPPORT_CPP11\n'}
[36.705620] (-) TimerEvent: {}
[36.775322] (nvblox) StdoutLine: {'line': b'-- Performing Test EIGEN_COMPILER_SUPPORT_CPP11 - Success\n'}
[36.776002] (nvblox) StdoutLine: {'line': b'-- Performing Test COMPILER_SUPPORT_std=cpp03\n'}
[36.805714] (-) TimerEvent: {}
[36.845091] (nvblox) StdoutLine: {'line': b'-- Performing Test COMPILER_SUPPORT_std=cpp03 - Success\n'}
[36.845602] (nvblox) StdoutLine: {'line': b'-- Performing Test standard_math_library_linked_to_automatically\n'}
[36.893637] (nvblox) StdoutLine: {'line': b'[ 14%] \x1b[32m\x1b[1mLinking CXX static library libglog.a\x1b[0m\n'}
[36.905817] (-) TimerEvent: {}
[36.956548] (nvblox) StdoutLine: {'line': b'-- Performing Test standard_math_library_linked_to_automatically - Success\n'}
[36.956799] (nvblox) StdoutLine: {'line': b'-- Standard libraries to link to explicitly: none\n'}
[36.956894] (nvblox) StdoutLine: {'line': b'-- Performing Test COMPILER_SUPPORT_WERROR\n'}
[36.957735] (nvblox) StdoutLine: {'line': b'[ 14%] Built target glog\n'}
[37.005923] (-) TimerEvent: {}
[37.018699] (nvblox) StdoutLine: {'line': b'-- Performing Test COMPILER_SUPPORT_WERROR - Success\n'}
[37.019281] (nvblox) StdoutLine: {'line': b'-- Performing Test COMPILER_SUPPORT_pedantic\n'}
[37.084409] (nvblox) StdoutLine: {'line': b'-- Performing Test COMPILER_SUPPORT_pedantic - Success\n'}
[37.084925] (nvblox) StdoutLine: {'line': b'-- Performing Test COMPILER_SUPPORT_Wall\n'}
[37.106022] (-) TimerEvent: {}
[37.149795] (nvblox) StdoutLine: {'line': b'-- Performing Test COMPILER_SUPPORT_Wall - Success\n'}
[37.150423] (nvblox) StdoutLine: {'line': b'-- Performing Test COMPILER_SUPPORT_Wextra\n'}
[37.157845] (nvblox) StdoutLine: {'line': b'[ 14%] \x1b[32m\x1b[1mLinking CXX static library libgflags.a\x1b[0m\n'}
[37.206117] (-) TimerEvent: {}
[37.210249] (nvblox) StdoutLine: {'line': b'-- Performing Test COMPILER_SUPPORT_Wextra - Success\n'}
[37.210894] (nvblox) StdoutLine: {'line': b'-- Performing Test COMPILER_SUPPORT_Wundef\n'}
[37.210992] (nvblox) StdoutLine: {'line': b'[ 14%] Built target gflags_static\n'}
[37.213102] (nvblox) StdoutLine: {'line': b'[ 14%] \x1b[32m\x1b[1mLinking CXX static library libgflags_nothreads.a\x1b[0m\n'}
[37.225102] (nvblox) StdoutLine: {'line': b'[ 14%] \x1b[32mBuilding CXX object _deps/ext_gflags-build/test/CMakeFiles/gflags_unittest_main.dir/gflags_unittest_main.cc.o\x1b[0m\n'}
[37.228614] (nvblox) StdoutLine: {'line': b'[ 14%] \x1b[32mBuilding CXX object _deps/ext_gflags-build/test/CMakeFiles/gflags_unittest-main.dir/gflags_unittest-main.cc.o\x1b[0m\n'}
[37.231684] (nvblox) StdoutLine: {'line': b'[ 15%] \x1b[32mBuilding CXX object _deps/ext_gflags-build/test/CMakeFiles/gflags_strip_flags_test.dir/gflags_strip_flags_test.cc.o\x1b[0m\n'}
[37.231880] (nvblox) StdoutLine: {'line': b'[ 15%] \x1b[32mBuilding CXX object _deps/ext_gflags-build/test/CMakeFiles/gflags_declare_test.dir/gflags_declare_test.cc.o\x1b[0m\n'}
[37.231937] (nvblox) StdoutLine: {'line': b'[ 15%] \x1b[32mBuilding CXX object _deps/ext_gflags-build/test/CMakeFiles/gflags_declare_test.dir/gflags_declare_flags.cc.o\x1b[0m\n'}
[37.231978] (nvblox) StdoutLine: {'line': b'[ 15%] \x1b[32mBuilding CXX object _deps/ext_gflags-build/test/CMakeFiles/gflags_unittest.dir/gflags_unittest.cc.o\x1b[0m\n'}
[37.259767] (nvblox) StdoutLine: {'line': b'[ 15%] Built target gflags_nothreads_static\n'}
[37.272439] (nvblox) StdoutLine: {'line': b'-- Performing Test COMPILER_SUPPORT_Wundef - Success\n'}
[37.272965] (nvblox) StdoutLine: {'line': b'-- Performing Test COMPILER_SUPPORT_Wcastalign\n'}
[37.306216] (-) TimerEvent: {}
[37.337121] (nvblox) StdoutLine: {'line': b'-- Performing Test COMPILER_SUPPORT_Wcastalign - Success\n'}
[37.337763] (nvblox) StdoutLine: {'line': b'-- Performing Test COMPILER_SUPPORT_Wcharsubscripts\n'}
[37.406309] (-) TimerEvent: {}
[37.407205] (nvblox) StdoutLine: {'line': b'-- Performing Test COMPILER_SUPPORT_Wcharsubscripts - Success\n'}
[37.407900] (nvblox) StdoutLine: {'line': b'-- Performing Test COMPILER_SUPPORT_Wnonvirtualdtor\n'}
[37.435377] (nvblox) StdoutLine: {'line': b'[ 16%] \x1b[32m\x1b[1mLinking CXX executable ../bin/gflags_strip_flags_test\x1b[0m\n'}
[37.469351] (nvblox) StdoutLine: {'line': b'-- Performing Test COMPILER_SUPPORT_Wnonvirtualdtor - Success\n'}
[37.469911] (nvblox) StdoutLine: {'line': b'-- Performing Test COMPILER_SUPPORT_Wunusedlocaltypedefs\n'}
[37.478773] (nvblox) StdoutLine: {'line': b'[ 16%] \x1b[32m\x1b[1mLinking CXX executable ../bin/gflags_declare_test\x1b[0m\n'}
[37.490585] (nvblox) StdoutLine: {'line': b'[ 16%] Built target gflags_strip_flags_test\n'}
[37.506441] (-) TimerEvent: {}
[37.538885] (nvblox) StdoutLine: {'line': b'-- Performing Test COMPILER_SUPPORT_Wunusedlocaltypedefs - Success\n'}
[37.539578] (nvblox) StdoutLine: {'line': b'-- Performing Test COMPILER_SUPPORT_Wpointerarith\n'}
[37.554093] (nvblox) StdoutLine: {'line': b'[ 16%] Built target gflags_declare_test\n'}
[37.606543] (-) TimerEvent: {}
[37.608551] (nvblox) StdoutLine: {'line': b'-- Performing Test COMPILER_SUPPORT_Wpointerarith - Success\n'}
[37.609062] (nvblox) StdoutLine: {'line': b'-- Performing Test COMPILER_SUPPORT_Wwritestrings\n'}
[37.675406] (nvblox) StdoutLine: {'line': b'-- Performing Test COMPILER_SUPPORT_Wwritestrings - Success\n'}
[37.675935] (nvblox) StdoutLine: {'line': b'-- Performing Test COMPILER_SUPPORT_Wformatsecurity\n'}
[37.706637] (-) TimerEvent: {}
[37.747001] (nvblox) StdoutLine: {'line': b'-- Performing Test COMPILER_SUPPORT_Wformatsecurity - Success\n'}
[37.747545] (nvblox) StdoutLine: {'line': b'-- Performing Test COMPILER_SUPPORT_Wshorten64to32\n'}
[37.774271] (nvblox) StdoutLine: {'line': b'-- Performing Test COMPILER_SUPPORT_Wshorten64to32 - Failed\n'}
[37.774848] (nvblox) StdoutLine: {'line': b'-- Performing Test COMPILER_SUPPORT_Wlogicalop\n'}
[37.806730] (-) TimerEvent: {}
[37.845675] (nvblox) StdoutLine: {'line': b'-- Performing Test COMPILER_SUPPORT_Wlogicalop - Success\n'}
[37.846350] (nvblox) StdoutLine: {'line': b'-- Performing Test COMPILER_SUPPORT_Wenumconversion\n'}
[37.906865] (-) TimerEvent: {}
[37.913635] (nvblox) StdoutLine: {'line': b'-- Performing Test COMPILER_SUPPORT_Wenumconversion - Success\n'}
[37.914178] (nvblox) StdoutLine: {'line': b'-- Performing Test COMPILER_SUPPORT_Wcpp11extensions\n'}
[37.940603] (nvblox) StdoutLine: {'line': b'-- Performing Test COMPILER_SUPPORT_Wcpp11extensions - Failed\n'}
[37.941172] (nvblox) StdoutLine: {'line': b'-- Performing Test COMPILER_SUPPORT_Wdoublepromotion\n'}
[38.005201] (nvblox) StdoutLine: {'line': b'[ 17%] \x1b[32m\x1b[1mLinking CXX static library libbenchmark.a\x1b[0m\n'}
[38.006432] (nvblox) StdoutLine: {'line': b'-- Performing Test COMPILER_SUPPORT_Wdoublepromotion - Success\n'}
[38.006924] (-) TimerEvent: {}
[38.007119] (nvblox) StdoutLine: {'line': b'-- Performing Test COMPILER_SUPPORT_Wshadow\n'}
[38.062346] (nvblox) StdoutLine: {'line': b'[ 17%] Built target benchmark\n'}
[38.068052] (nvblox) StdoutLine: {'line': b'-- Performing Test COMPILER_SUPPORT_Wshadow - Success\n'}
[38.068661] (nvblox) StdoutLine: {'line': b'-- Performing Test COMPILER_SUPPORT_Wnopsabi\n'}
[38.080886] (nvblox) StdoutLine: {'line': b'[ 17%] \x1b[32mBuilding CXX object _deps/ext_benchmark-build/src/CMakeFiles/benchmark_main.dir/benchmark_main.cc.o\x1b[0m\n'}
[38.107068] (-) TimerEvent: {}
[38.140946] (nvblox) StdoutLine: {'line': b'-- Performing Test COMPILER_SUPPORT_Wnopsabi - Success\n'}
[38.141452] (nvblox) StdoutLine: {'line': b'-- Performing Test COMPILER_SUPPORT_Wnovariadicmacros\n'}
[38.207202] (-) TimerEvent: {}
[38.208879] (nvblox) StdoutLine: {'line': b'-- Performing Test COMPILER_SUPPORT_Wnovariadicmacros - Success\n'}
[38.209333] (nvblox) StdoutLine: {'line': b'-- Performing Test COMPILER_SUPPORT_Wnolonglong\n'}
[38.268729] (nvblox) StdoutLine: {'line': b'[ 17%] \x1b[32m\x1b[1mLinking CXX static library libbenchmark_main.a\x1b[0m\n'}
[38.281462] (nvblox) StdoutLine: {'line': b'-- Performing Test COMPILER_SUPPORT_Wnolonglong - Success\n'}
[38.281891] (nvblox) StdoutLine: {'line': b'-- Performing Test COMPILER_SUPPORT_fnochecknew\n'}
[38.307367] (-) TimerEvent: {}
[38.325514] (nvblox) StdoutLine: {'line': b'[ 17%] Built target benchmark_main\n'}
[38.345957] (nvblox) StdoutLine: {'line': b'-- Performing Test COMPILER_SUPPORT_fnochecknew - Success\n'}
[38.346489] (nvblox) StdoutLine: {'line': b'-- Performing Test COMPILER_SUPPORT_fnocommon\n'}
[38.407517] (-) TimerEvent: {}
[38.416992] (nvblox) StdoutLine: {'line': b'-- Performing Test COMPILER_SUPPORT_fnocommon - Success\n'}
[38.417490] (nvblox) StdoutLine: {'line': b'-- Performing Test COMPILER_SUPPORT_fstrictaliasing\n'}
[38.483184] (nvblox) StdoutLine: {'line': b'-- Performing Test COMPILER_SUPPORT_fstrictaliasing - Success\n'}
[38.483772] (nvblox) StdoutLine: {'line': b'-- Performing Test COMPILER_SUPPORT_wd981\n'}
[38.488867] (nvblox) StdoutLine: {'line': b'[ 18%] \x1b[32m\x1b[1mLinking CXX executable ../bin/gflags_unittest-main\x1b[0m\n'}
[38.503913] (nvblox) StdoutLine: {'line': b'-- Performing Test COMPILER_SUPPORT_wd981 - Failed\n'}
[38.504513] (nvblox) StdoutLine: {'line': b'-- Performing Test COMPILER_SUPPORT_wd2304\n'}
[38.507594] (-) TimerEvent: {}
[38.526569] (nvblox) StdoutLine: {'line': b'-- Performing Test COMPILER_SUPPORT_wd2304 - Failed\n'}
[38.527185] (nvblox) StdoutLine: {'line': b'-- Performing Test COMPILER_SUPPORT_STRICTANSI\n'}
[38.549366] (nvblox) StdoutLine: {'line': b'-- Performing Test COMPILER_SUPPORT_STRICTANSI - Failed\n'}
[38.549657] (nvblox) StdoutLine: {'line': b'-- Performing Test COMPILER_SUPPORT_Qunusedarguments\n'}
[38.554634] (nvblox) StdoutLine: {'line': b'[ 18%] Built target gflags_unittest-main\n'}
[38.572683] (nvblox) StdoutLine: {'line': b'-- Performing Test COMPILER_SUPPORT_Qunusedarguments - Failed\n'}
[38.573001] (nvblox) StdoutLine: {'line': b'-- Performing Test COMPILER_SUPPORT_ansi\n'}
[38.607733] (-) TimerEvent: {}
[38.618706] (nvblox) StdoutLine: {'line': b'[ 18%] \x1b[32m\x1b[1mLinking CXX executable ../bin/gflags_unittest_main\x1b[0m\n'}
[38.640046] (nvblox) StdoutLine: {'line': b'-- Performing Test COMPILER_SUPPORT_ansi - Success\n'}
[38.640685] (nvblox) StdoutLine: {'line': b'-- Performing Test COMPILER_SUPPORT_OPENMP\n'}
[38.684248] (nvblox) StdoutLine: {'line': b'[ 18%] Built target gflags_unittest_main\n'}
[38.706815] (nvblox) StdoutLine: {'line': b'-- Performing Test COMPILER_SUPPORT_OPENMP - Success\n'}
[38.707840] (-) TimerEvent: {}
[38.731146] (nvblox) StdoutLine: {'line': b'-- Found unsuitable Qt version "5.15.3" from /usr/bin/qmake\n'}
[38.772385] (nvblox) StdoutLine: {'line': b'-- Looking for a Fortran compiler\n'}
[38.807982] (-) TimerEvent: {}
[38.834649] (nvblox) StdoutLine: {'line': b'[ 18%] \x1b[32m\x1b[1mLinking CXX executable ../bin/gflags_unittest\x1b[0m\n'}
[38.898509] (nvblox) StdoutLine: {'line': b'[ 18%] Built target gflags_unittest\n'}
[38.908173] (-) TimerEvent: {}
[38.957351] (nvblox) StdoutLine: {'line': b'-- Looking for a Fortran compiler - /usr/bin/f95\n'}
[39.002686] (nvblox) StdoutLine: {'line': b'-- The Fortran compiler identification is GNU 11.4.0\n'}
[39.008320] (-) TimerEvent: {}
[39.012526] (nvblox) StdoutLine: {'line': b'-- Detecting Fortran compiler ABI info\n'}
[39.077427] (nvblox) StdoutLine: {'line': b'-- Detecting Fortran compiler ABI info - done\n'}
[39.081615] (nvblox) StdoutLine: {'line': b'-- Check for working Fortran compiler: /usr/bin/f95 - skipped\n'}
[39.092385] (nvblox) StdoutLine: {'line': b'-- Found CHOLMOD: /usr/include/suitesparse  \n'}
[39.094958] (nvblox) StdoutLine: {'line': b'-- Found UMFPACK: /usr/include/suitesparse  \n'}
[39.096766] (nvblox) StdoutLine: {'line': b'-- Found KLU: /usr/include/suitesparse  \n'}
[39.103328] (nvblox) StdoutLine: {'line': b'-- Performing Test SUPERLU_HAS_GLOBAL_MEM_USAGE_T\n'}
[39.108398] (-) TimerEvent: {}
[39.170695] (nvblox) StdoutLine: {'line': b'-- Performing Test SUPERLU_HAS_GLOBAL_MEM_USAGE_T - Success\n'}
[39.170811] (nvblox) StdoutLine: {'line': b'-- Performing Test SUPERLU_HAS_CLEAN_ENUMS\n'}
[39.208530] (-) TimerEvent: {}
[39.232537] (nvblox) StdoutLine: {'line': b'-- Performing Test SUPERLU_HAS_CLEAN_ENUMS - Success\n'}
[39.233028] (nvblox) StdoutLine: {'line': b'-- Performing Test SUPERLU_HAS_GLOBALLU_T\n'}
[39.297355] (nvblox) StdoutLine: {'line': b'-- Performing Test SUPERLU_HAS_GLOBALLU_T - Success\n'}
[39.298070] (nvblox) StdoutLine: {'line': b'-- Found SuperLU: /usr/include/superlu (found suitable version "5.0", minimum required is "4.0") \n'}
[39.308656] (-) TimerEvent: {}
[39.409035] (-) TimerEvent: {}
[39.423040] (nvblox) StdoutLine: {'line': b"-- Checking for one of the modules 'hwloc'\n"}
[39.465913] (nvblox) StdoutLine: {'line': b'-- Performing Test HAVE_HWLOC_PARENT_MEMBER\n'}
[39.509088] (-) TimerEvent: {}
[39.534158] (nvblox) StdoutLine: {'line': b'-- Performing Test HAVE_HWLOC_PARENT_MEMBER - Success\n'}
[39.534418] (nvblox) StdoutLine: {'line': b'-- Performing Test HAVE_HWLOC_CACHE_ATTR\n'}
[39.601757] (nvblox) StdoutLine: {'line': b'-- Performing Test HAVE_HWLOC_CACHE_ATTR - Success\n'}
[39.601873] (nvblox) StdoutLine: {'line': b'-- Performing Test HAVE_HWLOC_OBJ_PU\n'}
[39.609289] (-) TimerEvent: {}
[39.665435] (nvblox) StdoutLine: {'line': b'-- Performing Test HAVE_HWLOC_OBJ_PU - Success\n'}
[39.665551] (nvblox) StdoutLine: {'line': b'-- Looking for hwloc_bitmap_free in hwloc\n'}
[39.709383] (-) TimerEvent: {}
[39.727743] (nvblox) StdoutLine: {'line': b'-- Looking for hwloc_bitmap_free in hwloc - found\n'}
[39.743627] (nvblox) StdoutLine: {'line': b'-- Looking for Fortran dgemm\n'}
[39.809535] (-) TimerEvent: {}
[39.811635] (nvblox) StdoutLine: {'line': b'-- Looking for Fortran dgemm - found\n'}
[39.817444] (nvblox) StdoutLine: {'line': b'-- Performing Test SCOTCH_Num_4\n'}
[39.841916] (nvblox) StdoutLine: {'line': b'-- Performing Test SCOTCH_Num_4 - Failed\n'}
[39.842084] (nvblox) StdoutLine: {'line': b'-- Performing Test SCOTCH_Num_8\n'}
[39.865412] (nvblox) StdoutLine: {'line': b'-- Performing Test SCOTCH_Num_8 - Failed\n'}
[39.866921] (nvblox) StdoutLine: {'line': b'-- A version of Pastix has been found but pastix_nompi.h does not exist in the include directory. Because Eigen tests require a version without MPI, we disable the Pastix backend.\n'}
[39.870295] (nvblox) StdoutLine: {'line': b'-- Found SPQR: /usr/include/suitesparse  \n'}
[39.878754] (nvblox) StdoutLine: {'line': b'-- Found unsuitable Qt version "5.15.3" from /usr/bin/qmake\n'}
[39.909770] (-) TimerEvent: {}
[39.962367] (nvblox) StdoutLine: {'line': b'-- Performing Test COMPILER_SUPPORT_FASTMATH\n'}
[40.009995] (-) TimerEvent: {}
[40.026939] (nvblox) StdoutLine: {'line': b'-- Performing Test COMPILER_SUPPORT_FASTMATH - Success\n'}
[40.046594] (nvblox) StdoutLine: {'line': b'-- Found Boost: /usr/lib/x86_64-linux-gnu/cmake/Boost-1.74.0/BoostConfig.cmake (found suitable version "1.74.0", minimum required is "1.53.0")  \n'}
[40.064547] (nvblox) StdoutLine: {'line': b'-- Found Threads: TRUE  \n'}
[40.065169] (nvblox) StdoutLine: {'line': b'-- Could NOT find GoogleHash (missing: GOOGLEHASH_INCLUDES GOOGLEHASH_COMPILE) \n'}
[40.067234] (nvblox) StdoutLine: {'line': b'-- Could NOT find Adolc (missing: ADOLC_INCLUDES ADOLC_LIBRARIES) \n'}
[40.076036] (nvblox) StdoutLine: {'line': b'-- Could NOT find MPFR (missing: MPFR_INCLUDES MPFR_LIBRARIES MPFR_VERSION_OK) (Required is at least version "1.0.0")\n'}
[40.080104] (nvblox) StdoutLine: {'line': b'-- Found PkgConfig: /usr/bin/pkg-config (found version "0.29.2") \n'}
[40.086523] (nvblox) StdoutLine: {'line': b'-- Could NOT find FFTW (missing: FFTW_INCLUDES FFTW_LIBRARIES) \n'}
[40.110222] (-) TimerEvent: {}
[40.111538] (nvblox) StdoutLine: {'line': b'-- Found CUDA: /usr/local/cuda (found suitable version "12.6", minimum required is "7.0") \n'}
[40.120886] (nvblox) StdoutLine: {'line': b'-- Found unsuitable Qt version "5.15.3" from /usr/bin/qmake\n'}
[40.121042] (nvblox) StdoutLine: {'line': b'-- Qt4 not found, so disabling the mandelbrot and opengl demos\n'}
[40.137019] (nvblox) StdoutLine: {'line': b'-- A version of Pastix has been found but pastix_nompi.h does not exist in the include directory. Because Eigen tests require a version without MPI, we disable the Pastix backend.\n'}
[40.138274] (nvblox) StdoutLine: {'line': b'-- ************************************************************\n'}
[40.138439] (nvblox) StdoutLine: {'line': b"-- ***    Eigen's unit tests configuration summary          ***\n"}
[40.138497] (nvblox) StdoutLine: {'line': b'-- ************************************************************\n'}
[40.138552] (nvblox) StdoutLine: {'line': b'-- \n'}
[40.138676] (nvblox) StdoutLine: {'line': b'-- Build type:        Release\n'}
[40.138774] (nvblox) StdoutLine: {'line': b'-- Build site:        czz-Legion-Y7000P-IRH8\n'}
[40.138803] (nvblox) StdoutLine: {'line': b'-- Build string:      linux-6.8.0-106-generic-_-11.4.0-sse2-64bit\n'}
[40.138840] (nvblox) StdoutLine: {'line': b'-- Enabled backends:  CHOLMOD,  UMFPACK,  KLU,  SuperLU,  SPQR,  Boost.Multiprecision, \n'}
[40.138864] (nvblox) StdoutLine: {'line': b'-- Disabled backends: PaStiX,  METIS,  Qt4 support,  GoogleHash,  Adolc,  MPFR C++,  fftw,  OpenGL, \n'}
[40.138888] (nvblox) StdoutLine: {'line': b'-- Default order:     Column-major\n'}
[40.138911] (nvblox) StdoutLine: {'line': b'-- Maximal matrix/vector size: 320\n'}
[40.138933] (nvblox) StdoutLine: {'line': b'-- SSE2:              Using architecture defaults\n'}
[40.138954] (nvblox) StdoutLine: {'line': b'-- SSE3:              Using architecture defaults\n'}
[40.138975] (nvblox) StdoutLine: {'line': b'-- SSSE3:             Using architecture defaults\n'}
[40.138996] (nvblox) StdoutLine: {'line': b'-- SSE4.1:            Using architecture defaults\n'}
[40.139017] (nvblox) StdoutLine: {'line': b'-- SSE4.2:            Using architecture defaults\n'}
[40.139037] (nvblox) StdoutLine: {'line': b'-- AVX:               Using architecture defaults\n'}
[40.139057] (nvblox) StdoutLine: {'line': b'-- AVX2:              Using architecture defaults\n'}
[40.139076] (nvblox) StdoutLine: {'line': b'-- FMA:               Using architecture defaults\n'}
[40.139096] (nvblox) StdoutLine: {'line': b'-- AVX512:            Using architecture defaults\n'}
[40.139116] (nvblox) StdoutLine: {'line': b'-- AVX512DQ:          Using architecture defaults\n'}
[40.139136] (nvblox) StdoutLine: {'line': b'-- Altivec:           Using architecture defaults\n'}
[40.139162] (nvblox) StdoutLine: {'line': b'-- VSX:               Using architecture defaults\n'}
[40.139184] (nvblox) StdoutLine: {'line': b'-- MIPS MSA:          Using architecture defaults\n'}
[40.139204] (nvblox) StdoutLine: {'line': b'-- ARM NEON:          Using architecture defaults\n'}
[40.139229] (nvblox) StdoutLine: {'line': b'-- ARMv8 NEON:        Using architecture defaults\n'}
[40.139248] (nvblox) StdoutLine: {'line': b'-- S390X ZVECTOR:     Using architecture defaults\n'}
[40.139268] (nvblox) StdoutLine: {'line': b'-- C++11:             OFF\n'}
[40.139290] (nvblox) StdoutLine: {'line': b'-- SYCL:              OFF\n'}
[40.139310] (nvblox) StdoutLine: {'line': b'-- CUDA:              OFF\n'}
[40.139329] (nvblox) StdoutLine: {'line': b'-- HIP:               OFF\n'}
[40.139348] (nvblox) StdoutLine: {'line': b'-- \n'}
[40.139368] (nvblox) StdoutLine: {'line': b'CXX:               /usr/bin/c++\n'}
[40.139388] (nvblox) StdoutLine: {'line': b' CXX_VERSION:       c++ (Ubuntu 11.4.0-1ubuntu1~22.04.3) 11.4.0\n'}
[40.139407] (nvblox) StdoutLine: {'line': b' CXX_FLAGS:          -std=c++03 -pedantic -Wall -Wextra -Wundef -Wcast-align -Wchar-subscripts -Wnon-virtual-dtor -Wunused-local-typedefs -Wpointer-arith -Wwrite-strings -Wformat-security -Wlogical-op -Wenum-conversion -Wdouble-promotion -Wshadow -Wno-psabi -Wno-variadic-macros -Wno-long-long -fno-check-new -fno-common -fstrict-aliasing -ansi\n'}
[40.139430] (nvblox) StdoutLine: {'line': b' Sparse lib flags:   ;/usr/lib/x86_64-linux-gnu/libcholmod.so;/usr/lib/x86_64-linux-gnu/libamd.so;/usr/lib/x86_64-linux-gnu/libcolamd.so;/usr/lib/x86_64-linux-gnu/libcamd.so;/usr/lib/x86_64-linux-gnu/libccolamd.so;eigen_blas;eigen_lapack;/usr/lib/x86_64-linux-gnu/libumfpack.so;/usr/lib/x86_64-linux-gnu/libcolamd.so;/usr/lib/x86_64-linux-gnu/libamd.so;/usr/lib/x86_64-linux-gnu/libcholmod.so;eigen_blas;/usr/lib/x86_64-linux-gnu/libklu.so;/usr/lib/x86_64-linux-gnu/libcolamd.so;/usr/lib/x86_64-linux-gnu/libamd.so;/usr/lib/x86_64-linux-gnu/libbtf.so;eigen_blas;/usr/lib/x86_64-linux-gnu/libsuperlu.so;eigen_blas;/usr/lib/x86_64-linux-gnu/libspqr.so;/usr/lib/x86_64-linux-gnu/libcholmod.so;/usr/lib/x86_64-linux-gnu/libcholmod.so;/usr/lib/x86_64-linux-gnu/libamd.so;/usr/lib/x86_64-linux-gnu/libcolamd.so;/usr/lib/x86_64-linux-gnu/libcamd.so;/usr/lib/x86_64-linux-gnu/libccolamd.so;eigen_lapack;eigen_blas\n'}
[40.139459] (nvblox) StdoutLine: {'line': b'\n'}
[40.139481] (nvblox) StdoutLine: {'line': b'-- ************************************************************\n'}
[40.139502] (nvblox) StdoutLine: {'line': b'-- \n'}
[40.139523] (nvblox) StdoutLine: {'line': b'-- Configured Eigen 3.4.0\n'}
[40.139544] (nvblox) StdoutLine: {'line': b'-- \n'}
[40.139565] (nvblox) StdoutLine: {'line': b'-- Available targets (use: make TARGET):\n'}
[40.139585] (nvblox) StdoutLine: {'line': b'-- ---------+--------------------------------------------------------------\n'}
[40.139606] (nvblox) StdoutLine: {'line': b'-- Target   |   Description\n'}
[40.139627] (nvblox) StdoutLine: {'line': b'-- ---------+--------------------------------------------------------------\n'}
[40.139648] (nvblox) StdoutLine: {'line': b'-- install  | Install Eigen. Headers will be installed to:\n'}
[40.139668] (nvblox) StdoutLine: {'line': b'--          |     <CMAKE_INSTALL_PREFIX>/<INCLUDE_INSTALL_DIR>\n'}
[40.139688] (nvblox) StdoutLine: {'line': b'--          |   Using the following values:\n'}
[40.139708] (nvblox) StdoutLine: {'line': b'--          |     CMAKE_INSTALL_PREFIX: /home/czz/nvblox_ws/build/nvblox/nvblox/eigen\n'}
[40.139728] (nvblox) StdoutLine: {'line': b'--          |     INCLUDE_INSTALL_DIR:  include/eigen3\n'}
[40.139748] (nvblox) StdoutLine: {'line': b'--          |   Change the install location of Eigen headers using:\n'}
[40.139770] (nvblox) StdoutLine: {'line': b'--          |     cmake . -DCMAKE_INSTALL_PREFIX=yourprefix\n'}
[40.139792] (nvblox) StdoutLine: {'line': b'--          |   Or:\n'}
[40.139844] (nvblox) StdoutLine: {'line': b'--          |     cmake . -DINCLUDE_INSTALL_DIR=yourdir\n'}
[40.139868] (nvblox) StdoutLine: {'line': b'-- doc      | Generate the API documentation, requires Doxygen & LaTeX\n'}
[40.139889] (nvblox) StdoutLine: {'line': b'-- check    | Build and run the unit-tests. Read this page:\n'}
[40.139910] (nvblox) StdoutLine: {'line': b'--          |   http://eigen.tuxfamily.org/index.php?title=Tests\n'}
[40.139933] (nvblox) StdoutLine: {'line': b'-- blas     | Build BLAS library (not the same thing as Eigen)\n'}
[40.139953] (nvblox) StdoutLine: {'line': b'-- uninstall| Remove files installed by the install target\n'}
[40.139972] (nvblox) StdoutLine: {'line': b'-- ---------+--------------------------------------------------------------\n'}
[40.139992] (nvblox) StdoutLine: {'line': b'-- \n'}
[40.140012] (nvblox) StdoutLine: {'line': b'-- Configuring done\n'}
[40.210441] (-) TimerEvent: {}
[40.310712] (-) TimerEvent: {}
[40.411101] (-) TimerEvent: {}
[40.511440] (-) TimerEvent: {}
[40.611717] (-) TimerEvent: {}
[40.672058] (nvblox) StdoutLine: {'line': b'[ 18%] \x1b[32m\x1b[1mLinking CXX static library ../../../lib/libgtest.a\x1b[0m\n'}
[40.711941] (-) TimerEvent: {}
[40.722320] (nvblox) StdoutLine: {'line': b'[ 18%] Built target gtest\n'}
[40.737797] (nvblox) StdoutLine: {'line': b'[ 18%] \x1b[32mBuilding CXX object _deps/ext_gtest-build/googletest/CMakeFiles/gtest_main.dir/src/gtest_main.cc.o\x1b[0m\n'}
[40.741054] (nvblox) StdoutLine: {'line': b'[ 18%] \x1b[32mBuilding CXX object _deps/ext_gtest-build/googlemock/CMakeFiles/gmock.dir/src/gmock-all.cc.o\x1b[0m\n'}
[40.812171] (-) TimerEvent: {}
[40.872745] (nvblox) StdoutLine: {'line': b'-- Generating done\n'}
[40.912333] (-) TimerEvent: {}
[40.921120] (nvblox) StdoutLine: {'line': b'-- Build files have been written to: /home/czz/nvblox_ws/build/nvblox/nvblox/eigen/src/ext_eigen-build\n'}
[40.974824] (nvblox) StdoutLine: {'line': b"[ 18%] \x1b[34m\x1b[1mPerforming build step for 'ext_eigen'\x1b[0m\n"}
[41.012486] (-) TimerEvent: {}
[41.112763] (-) TimerEvent: {}
[41.127525] (nvblox) StdoutLine: {'line': b"[ 18%] \x1b[34m\x1b[1mPerforming install step for 'ext_eigen'\x1b[0m\n"}
[41.198184] (nvblox) StdoutLine: {'line': b'[ 19%] \x1b[32m\x1b[1mLinking CXX static library ../../../lib/libgtest_main.a\x1b[0m\n'}
[41.212988] (-) TimerEvent: {}
[41.248981] (nvblox) StdoutLine: {'line': b'[ 19%] Built target gtest_main\n'}
[41.313210] (-) TimerEvent: {}
[41.352252] (nvblox) StdoutLine: {'line': b'\x1b[36mInstall the project...\x1b[0m\n'}
[41.358262] (nvblox) StdoutLine: {'line': b'-- Install configuration: "Release"\n'}
[41.358401] (nvblox) StdoutLine: {'line': b'-- Installing: /home/czz/nvblox_ws/build/nvblox/nvblox/eigen/include/eigen3/signature_of_eigen3_matrix_library\n'}
[41.358463] (nvblox) StdoutLine: {'line': b'-- Installing: /home/czz/nvblox_ws/build/nvblox/nvblox/eigen/share/pkgconfig/eigen3.pc\n'}
[41.358519] (nvblox) StdoutLine: {'line': b'-- Installing: /home/czz/nvblox_ws/build/nvblox/nvblox/eigen/include/eigen3/Eigen\n'}
[41.358671] (nvblox) StdoutLine: {'line': b'-- Installing: /home/czz/nvblox_ws/build/nvblox/nvblox/eigen/include/eigen3/Eigen/Jacobi\n'}
[41.358769] (nvblox) StdoutLine: {'line': b'-- Installing: /home/czz/nvblox_ws/build/nvblox/nvblox/eigen/include/eigen3/Eigen/SparseCore\n'}
[41.358830] (nvblox) StdoutLine: {'line': b'-- Installing: /home/czz/nvblox_ws/build/nvblox/nvblox/eigen/include/eigen3/Eigen/MetisSupport\n'}
[41.358889] (nvblox) StdoutLine: {'line': b'-- Installing: /home/czz/nvblox_ws/build/nvblox/nvblox/eigen/include/eigen3/Eigen/UmfPackSupport\n'}
[41.358944] (nvblox) StdoutLine: {'line': b'-- Installing: /home/czz/nvblox_ws/build/nvblox/nvblox/eigen/include/eigen3/Eigen/Eigenvalues\n'}
[41.359029] (nvblox) StdoutLine: {'line': b'-- Installing: /home/czz/nvblox_ws/build/nvblox/nvblox/eigen/include/eigen3/Eigen/SparseLU\n'}
[41.359105] (nvblox) StdoutLine: {'line': b'-- Installing: /home/czz/nvblox_ws/build/nvblox/nvblox/eigen/include/eigen3/Eigen/Dense\n'}
[41.359181] (nvblox) StdoutLine: {'line': b'-- Installing: /home/czz/nvblox_ws/build/nvblox/nvblox/eigen/include/eigen3/Eigen/PardisoSupport\n'}
[41.359242] (nvblox) StdoutLine: {'line': b'-- Installing: /home/czz/nvblox_ws/build/nvblox/nvblox/eigen/include/eigen3/Eigen/OrderingMethods\n'}
[41.359294] (nvblox) StdoutLine: {'line': b'-- Installing: /home/czz/nvblox_ws/build/nvblox/nvblox/eigen/include/eigen3/Eigen/SparseCholesky\n'}
[41.359371] (nvblox) StdoutLine: {'line': b'-- Installing: /home/czz/nvblox_ws/build/nvblox/nvblox/eigen/include/eigen3/Eigen/LU\n'}
[41.359443] (nvblox) StdoutLine: {'line': b'-- Installing: /home/czz/nvblox_ws/build/nvblox/nvblox/eigen/include/eigen3/Eigen/QR\n'}
[41.359505] (nvblox) StdoutLine: {'line': b'-- Installing: /home/czz/nvblox_ws/build/nvblox/nvblox/eigen/include/eigen3/Eigen/SparseQR\n'}
[41.359563] (nvblox) StdoutLine: {'line': b'-- Installing: /home/czz/nvblox_ws/build/nvblox/nvblox/eigen/include/eigen3/Eigen/StdList\n'}
[41.359616] (nvblox) StdoutLine: {'line': b'-- Installing: /home/czz/nvblox_ws/build/nvblox/nvblox/eigen/include/eigen3/Eigen/SuperLUSupport\n'}
[41.359670] (nvblox) StdoutLine: {'line': b'-- Installing: /home/czz/nvblox_ws/build/nvblox/nvblox/eigen/include/eigen3/Eigen/CholmodSupport\n'}
[41.359724] (nvblox) StdoutLine: {'line': b'-- Installing: /home/czz/nvblox_ws/build/nvblox/nvblox/eigen/include/eigen3/Eigen/Core\n'}
[41.359778] (nvblox) StdoutLine: {'line': b'-- Installing: /home/czz/nvblox_ws/build/nvblox/nvblox/eigen/include/eigen3/Eigen/StdVector\n'}
[41.359832] (nvblox) StdoutLine: {'line': b'-- Installing: /home/czz/nvblox_ws/build/nvblox/nvblox/eigen/include/eigen3/Eigen/KLUSupport\n'}
[41.359887] (nvblox) StdoutLine: {'line': b'-- Installing: /home/czz/nvblox_ws/build/nvblox/nvblox/eigen/include/eigen3/Eigen/Eigen\n'}
[41.359941] (nvblox) StdoutLine: {'line': b'-- Installing: /home/czz/nvblox_ws/build/nvblox/nvblox/eigen/include/eigen3/Eigen/Geometry\n'}
[41.359995] (nvblox) StdoutLine: {'line': b'-- Installing: /home/czz/nvblox_ws/build/nvblox/nvblox/eigen/include/eigen3/Eigen/SVD\n'}
[41.360050] (nvblox) StdoutLine: {'line': b'-- Installing: /home/czz/nvblox_ws/build/nvblox/nvblox/eigen/include/eigen3/Eigen/SPQRSupport\n'}
[41.360104] (nvblox) StdoutLine: {'line': b'-- Installing: /home/czz/nvblox_ws/build/nvblox/nvblox/eigen/include/eigen3/Eigen/StdDeque\n'}
[41.360162] (nvblox) StdoutLine: {'line': b'-- Installing: /home/czz/nvblox_ws/build/nvblox/nvblox/eigen/include/eigen3/Eigen/IterativeLinearSolvers\n'}
[41.360285] (nvblox) StdoutLine: {'line': b'-- Installing: /home/czz/nvblox_ws/build/nvblox/nvblox/eigen/include/eigen3/Eigen/QtAlignedMalloc\n'}
[41.360340] (nvblox) StdoutLine: {'line': b'-- Installing: /home/czz/nvblox_ws/build/nvblox/nvblox/eigen/include/eigen3/Eigen/Householder\n'}
[41.360394] (nvblox) StdoutLine: {'line': b'-- Installing: /home/czz/nvblox_ws/build/nvblox/nvblox/eigen/include/eigen3/Eigen/Sparse\n'}
[41.360448] (nvblox) StdoutLine: {'line': b'-- Installing: /home/czz/nvblox_ws/build/nvblox/nvblox/eigen/include/eigen3/Eigen/Cholesky\n'}
[41.360502] (nvblox) StdoutLine: {'line': b'-- Installing: /home/czz/nvblox_ws/build/nvblox/nvblox/eigen/include/eigen3/Eigen/src\n'}
[41.360585] (nvblox) StdoutLine: {'line': b'-- Installing: /home/czz/nvblox_ws/build/nvblox/nvblox/eigen/include/eigen3/Eigen/src/Jacobi\n'}
[41.360635] (nvblox) StdoutLine: {'line': b'-- Installing: /home/czz/nvblox_ws/build/nvblox/nvblox/eigen/include/eigen3/Eigen/src/Jacobi/Jacobi.h\n'}
[41.360686] (nvblox) StdoutLine: {'line': b'-- Installing: /home/czz/nvblox_ws/build/nvblox/nvblox/eigen/include/eigen3/Eigen/src/SparseCore\n'}
[41.360737] (nvblox) StdoutLine: {'line': b'-- Installing: /home/czz/nvblox_ws/build/nvblox/nvblox/eigen/include/eigen3/Eigen/src/SparseCore/SparseCompressedBase.h\n'}
[41.360788] (nvblox) StdoutLine: {'line': b'-- Installing: /home/czz/nvblox_ws/build/nvblox/nvblox/eigen/include/eigen3/Eigen/src/SparseCore/SparseSelfAdjointView.h\n'}
[41.360840] (nvblox) StdoutLine: {'line': b'-- Installing: /home/czz/nvblox_ws/build/nvblox/nvblox/eigen/include/eigen3/Eigen/src/SparseCore/SparseTriangularView.h\n'}
[41.360891] (nvblox) StdoutLine: {'line': b'-- Installing: /home/czz/nvblox_ws/build/nvblox/nvblox/eigen/include/eigen3/Eigen/src/SparseCore/SparseBlock.h\n'}
[41.360942] (nvblox) StdoutLine: {'line': b'-- Installing: /home/czz/nvblox_ws/build/nvblox/nvblox/eigen/include/eigen3/Eigen/src/SparseCore/MappedSparseMatrix.h\n'}
[41.360993] (nvblox) StdoutLine: {'line': b'-- Installing: /home/czz/nvblox_ws/build/nvblox/nvblox/eigen/include/eigen3/Eigen/src/SparseCore/SparseDot.h\n'}
[41.361062] (nvblox) StdoutLine: {'line': b'-- Installing: /home/czz/nvblox_ws/build/nvblox/nvblox/eigen/include/eigen3/Eigen/src/SparseCore/SparseCwiseBinaryOp.h\n'}
[41.361117] (nvblox) StdoutLine: {'line': b'-- Installing: /home/czz/nvblox_ws/build/nvblox/nvblox/eigen/include/eigen3/Eigen/src/SparseCore/SparseColEtree.h\n'}
[41.361203] (nvblox) StdoutLine: {'line': b'-- Installing: /home/czz/nvblox_ws/build/nvblox/nvblox/eigen/include/eigen3/Eigen/src/SparseCore/CompressedStorage.h\n'}
[41.361267] (nvblox) StdoutLine: {'line': b'-- Installing: /home/czz/nvblox_ws/build/nvblox/nvblox/eigen/include/eigen3/Eigen/src/SparseCore/SparseView.h\n'}
[41.361322] (nvblox) StdoutLine: {'line': b'-- Installing: /home/czz/nvblox_ws/build/nvblox/nvblox/eigen/include/eigen3/Eigen/src/SparseCore/SparseCwiseUnaryOp.h\n'}
[41.361376] (nvblox) StdoutLine: {'line': b'-- Installing: /home/czz/nvblox_ws/build/nvblox/nvblox/eigen/include/eigen3/Eigen/src/SparseCore/SparseRef.h\n'}
[41.361428] (nvblox) StdoutLine: {'line': b'-- Installing: /home/czz/nvblox_ws/build/nvblox/nvblox/eigen/include/eigen3/Eigen/src/SparseCore/SparseSparseProductWithPruning.h\n'}
[41.361502] (nvblox) StdoutLine: {'line': b'-- Installing: /home/czz/nvblox_ws/build/nvblox/nvblox/eigen/include/eigen3/Eigen/src/SparseCore/SparseTranspose.h\n'}
[41.361590] (nvblox) StdoutLine: {'line': b'-- Installing: /home/czz/nvblox_ws/build/nvblox/nvblox/eigen/include/eigen3/Eigen/src/SparseCore/SparseAssign.h\n'}
[41.361661] (nvblox) StdoutLine: {'line': b'-- Installing: /home/czz/nvblox_ws/build/nvblox/nvblox/eigen/include/eigen3/Eigen/src/SparseCore/SparseMatrix.h\n'}
[41.361717] (nvblox) StdoutLine: {'line': b'-- Installing: /home/czz/nvblox_ws/build/nvblox/nvblox/eigen/include/eigen3/Eigen/src/SparseCore/AmbiVector.h\n'}
[41.361771] (nvblox) StdoutLine: {'line': b'-- Installing: /home/czz/nvblox_ws/build/nvblox/nvblox/eigen/include/eigen3/Eigen/src/SparseCore/ConservativeSparseSparseProduct.h\n'}
[41.361851] (nvblox) StdoutLine: {'line': b'-- Installing: /home/czz/nvblox_ws/build/nvblox/nvblox/eigen/include/eigen3/Eigen/src/SparseCore/SparseVector.h\n'}
[41.361906] (nvblox) StdoutLine: {'line': b'-- Installing: /home/czz/nvblox_ws/build/nvblox/nvblox/eigen/include/eigen3/Eigen/src/SparseCore/SparseUtil.h\n'}
[41.361960] (nvblox) StdoutLine: {'line': b'-- Installing: /home/czz/nvblox_ws/build/nvblox/nvblox/eigen/include/eigen3/Eigen/src/SparseCore/SparseDenseProduct.h\n'}
[41.362014] (nvblox) StdoutLine: {'line': b'-- Installing: /home/czz/nvblox_ws/build/nvblox/nvblox/eigen/include/eigen3/Eigen/src/SparseCore/SparseDiagonalProduct.h\n'}
[41.362068] (nvblox) StdoutLine: {'line': b'-- Installing: /home/czz/nvblox_ws/build/nvblox/nvblox/eigen/include/eigen3/Eigen/src/SparseCore/SparseProduct.h\n'}
[41.362123] (nvblox) StdoutLine: {'line': b'-- Installing: /home/czz/nvblox_ws/build/nvblox/nvblox/eigen/include/eigen3/Eigen/src/SparseCore/TriangularSolver.h\n'}
[41.362215] (nvblox) StdoutLine: {'line': b'-- Installing: /home/czz/nvblox_ws/build/nvblox/nvblox/eigen/include/eigen3/Eigen/src/SparseCore/SparseMatrixBase.h\n'}
[41.362289] (nvblox) StdoutLine: {'line': b'-- Installing: /home/czz/nvblox_ws/build/nvblox/nvblox/eigen/include/eigen3/Eigen/src/SparseCore/SparseRedux.h\n'}
[41.362344] (nvblox) StdoutLine: {'line': b'-- Installing: /home/czz/nvblox_ws/build/nvblox/nvblox/eigen/include/eigen3/Eigen/src/SparseCore/SparseFuzzy.h\n'}
[41.362398] (nvblox) StdoutLine: {'line': b'-- Installing: /home/czz/nvblox_ws/build/nvblox/nvblox/eigen/include/eigen3/Eigen/src/SparseCore/SparseSolverBase.h\n'}
[41.362452] (nvblox) StdoutLine: {'line': b'-- Installing: /home/czz/nvblox_ws/build/nvblox/nvblox/eigen/include/eigen3/Eigen/src/SparseCore/SparseMap.h\n'}
[41.362533] (nvblox) StdoutLine: {'line': b'-- Installing: /home/czz/nvblox_ws/build/nvblox/nvblox/eigen/include/eigen3/Eigen/src/SparseCore/SparsePermutation.h\n'}
[41.362603] (nvblox) StdoutLine: {'line': b'-- Installing: /home/czz/nvblox_ws/build/nvblox/nvblox/eigen/include/eigen3/Eigen/src/MetisSupport\n'}
[41.362682] (nvblox) StdoutLine: {'line': b'-- Installing: /home/czz/nvblox_ws/build/nvblox/nvblox/eigen/include/eigen3/Eigen/src/MetisSupport/MetisSupport.h\n'}
[41.362737] (nvblox) StdoutLine: {'line': b'-- Installing: /home/czz/nvblox_ws/build/nvblox/nvblox/eigen/include/eigen3/Eigen/src/UmfPackSupport\n'}
[41.362792] (nvblox) StdoutLine: {'line': b'-- Installing: /home/czz/nvblox_ws/build/nvblox/nvblox/eigen/include/eigen3/Eigen/src/UmfPackSupport/UmfPackSupport.h\n'}
[41.362872] (nvblox) StdoutLine: {'line': b'-- Installing: /home/czz/nvblox_ws/build/nvblox/nvblox/eigen/include/eigen3/Eigen/src/misc\n'}
[41.362927] (nvblox) StdoutLine: {'line': b'-- Installing: /home/czz/nvblox_ws/build/nvblox/nvblox/eigen/include/eigen3/Eigen/src/misc/Kernel.h\n'}
[41.362981] (nvblox) StdoutLine: {'line': b'-- Installing: /home/czz/nvblox_ws/build/nvblox/nvblox/eigen/include/eigen3/Eigen/src/misc/lapacke.h\n'}
[41.363036] (nvblox) StdoutLine: {'line': b'-- Installing: /home/czz/nvblox_ws/build/nvblox/nvblox/eigen/include/eigen3/Eigen/src/misc/blas.h\n'}
[41.363090] (nvblox) StdoutLine: {'line': b'-- Installing: /home/czz/nvblox_ws/build/nvblox/nvblox/eigen/include/eigen3/Eigen/src/misc/Image.h\n'}
[41.363144] (nvblox) StdoutLine: {'line': b'-- Installing: /home/czz/nvblox_ws/build/nvblox/nvblox/eigen/include/eigen3/Eigen/src/misc/lapack.h\n'}
[41.363246] (nvblox) StdoutLine: {'line': b'-- Installing: /home/czz/nvblox_ws/build/nvblox/nvblox/eigen/include/eigen3/Eigen/src/misc/lapacke_mangling.h\n'}
[41.363301] (nvblox) StdoutLine: {'line': b'-- Installing: /home/czz/nvblox_ws/build/nvblox/nvblox/eigen/include/eigen3/Eigen/src/misc/RealSvd2x2.h\n'}
[41.363355] (nvblox) StdoutLine: {'line': b'-- Installing: /home/czz/nvblox_ws/build/nvblox/nvblox/eigen/include/eigen3/Eigen/src/Eigenvalues\n'}
[41.363409] (nvblox) StdoutLine: {'line': b'-- Installing: /home/czz/nvblox_ws/build/nvblox/nvblox/eigen/include/eigen3/Eigen/src/Eigenvalues/SelfAdjointEigenSolver.h\n'}
[41.363462] (nvblox) StdoutLine: {'line': b'-- Installing: /home/czz/nvblox_ws/build/nvblox/nvblox/eigen/include/eigen3/Eigen/src/Eigenvalues/EigenSolver.h\n'}
[41.363517] (nvblox) StdoutLine: {'line': b'-- Installing: /home/czz/nvblox_ws/build/nvblox/nvblox/eigen/include/eigen3/Eigen/src/Eigenvalues/GeneralizedSelfAdjointEigenSolver.h\n'}
[41.363572] (nvblox) StdoutLine: {'line': b'-- Installing: /home/czz/nvblox_ws/build/nvblox/nvblox/eigen/include/eigen3/Eigen/src/Eigenvalues/HessenbergDecomposition.h\n'}
[41.363626] (nvblox) StdoutLine: {'line': b'-- Installing: /home/czz/nvblox_ws/build/nvblox/nvblox/eigen/include/eigen3/Eigen/src/Eigenvalues/MatrixBaseEigenvalues.h\n'}
[41.363681] (nvblox) StdoutLine: {'line': b'-- Installing: /home/czz/nvblox_ws/build/nvblox/nvblox/eigen/include/eigen3/Eigen/src/Eigenvalues/RealQZ.h\n'}
[41.363776] (nvblox) StdoutLine: {'line': b'-- Installing: /home/czz/nvblox_ws/build/nvblox/nvblox/eigen/include/eigen3/Eigen/src/Eigenvalues/ComplexSchur_LAPACKE.h\n'}
[41.363841] (nvblox) StdoutLine: {'line': b'-- Installing: /home/czz/nvblox_ws/build/nvblox/nvblox/eigen/include/eigen3/Eigen/src/Eigenvalues/RealSchur_LAPACKE.h\n'}
[41.363896] (nvblox) StdoutLine: {'line': b'-- Installing: /home/czz/nvblox_ws/build/nvblox/nvblox/eigen/include/eigen3/Eigen/src/Eigenvalues/ComplexSchur.h\n'}
[41.363950] (nvblox) StdoutLine: {'line': b'-- Installing: /home/czz/nvblox_ws/build/nvblox/nvblox/eigen/include/eigen3/Eigen/src/Eigenvalues/RealSchur.h\n'}
[41.364004] (nvblox) StdoutLine: {'line': b'-- Installing: /home/czz/nvblox_ws/build/nvblox/nvblox/eigen/include/eigen3/Eigen/src/Eigenvalues/SelfAdjointEigenSolver_LAPACKE.h\n'}
[41.364086] (nvblox) StdoutLine: {'line': b'-- Installing: /home/czz/nvblox_ws/build/nvblox/nvblox/eigen/include/eigen3/Eigen/src/Eigenvalues/ComplexEigenSolver.h\n'}
[41.364147] (nvblox) StdoutLine: {'line': b'-- Installing: /home/czz/nvblox_ws/build/nvblox/nvblox/eigen/include/eigen3/Eigen/src/Eigenvalues/GeneralizedEigenSolver.h\n'}
[41.364222] (nvblox) StdoutLine: {'line': b'-- Installing: /home/czz/nvblox_ws/build/nvblox/nvblox/eigen/include/eigen3/Eigen/src/Eigenvalues/Tridiagonalization.h\n'}
[41.364285] (nvblox) StdoutLine: {'line': b'-- Installing: /home/czz/nvblox_ws/build/nvblox/nvblox/eigen/include/eigen3/Eigen/src/SparseLU\n'}
[41.364530] (nvblox) StdoutLine: {'line': b'-- Installing: /home/czz/nvblox_ws/build/nvblox/nvblox/eigen/include/eigen3/Eigen/src/SparseLU/SparseLU_column_dfs.h\n'}
[41.364563] (nvblox) StdoutLine: {'line': b'-- Installing: /home/czz/nvblox_ws/build/nvblox/nvblox/eigen/include/eigen3/Eigen/src/SparseLU/SparseLU_Memory.h\n'}
[41.364589] (nvblox) StdoutLine: {'line': b'-- Installing: /home/czz/nvblox_ws/build/nvblox/nvblox/eigen/include/eigen3/Eigen/src/SparseLU/SparseLU_SupernodalMatrix.h\n'}
[41.364614] (nvblox) StdoutLine: {'line': b'-- Installing: /home/czz/nvblox_ws/build/nvblox/nvblox/eigen/include/eigen3/Eigen/src/SparseLU/SparseLU_pruneL.h\n'}
[41.364638] (nvblox) StdoutLine: {'line': b'-- Installing: /home/czz/nvblox_ws/build/nvblox/nvblox/eigen/include/eigen3/Eigen/src/SparseLU/SparseLU_heap_relax_snode.h\n'}
[41.364662] (nvblox) StdoutLine: {'line': b'-- Installing: /home/czz/nvblox_ws/build/nvblox/nvblox/eigen/include/eigen3/Eigen/src/SparseLU/SparseLU_Utils.h\n'}
[41.364684] (nvblox) StdoutLine: {'line': b'-- Installing: /home/czz/nvblox_ws/build/nvblox/nvblox/eigen/include/eigen3/Eigen/src/SparseLU/SparseLU_pivotL.h\n'}
[41.364708] (nvblox) StdoutLine: {'line': b'-- Installing: /home/czz/nvblox_ws/build/nvblox/nvblox/eigen/include/eigen3/Eigen/src/SparseLU/SparseLU.h\n'}
[41.364731] (nvblox) StdoutLine: {'line': b'-- Installing: /home/czz/nvblox_ws/build/nvblox/nvblox/eigen/include/eigen3/Eigen/src/SparseLU/SparseLU_panel_dfs.h\n'}
[41.364754] (nvblox) StdoutLine: {'line': b'-- Installing: /home/czz/nvblox_ws/build/nvblox/nvblox/eigen/include/eigen3/Eigen/src/SparseLU/SparseLU_gemm_kernel.h\n'}
[41.364777] (nvblox) StdoutLine: {'line': b'-- Installing: /home/czz/nvblox_ws/build/nvblox/nvblox/eigen/include/eigen3/Eigen/src/SparseLU/SparseLU_column_bmod.h\n'}
[41.364800] (nvblox) StdoutLine: {'line': b'-- Installing: /home/czz/nvblox_ws/build/nvblox/nvblox/eigen/include/eigen3/Eigen/src/SparseLU/SparseLU_panel_bmod.h\n'}
[41.364823] (nvblox) StdoutLine: {'line': b'-- Installing: /home/czz/nvblox_ws/build/nvblox/nvblox/eigen/include/eigen3/Eigen/src/SparseLU/SparseLUImpl.h\n'}
[41.364845] (nvblox) StdoutLine: {'line': b'-- Installing: /home/czz/nvblox_ws/build/nvblox/nvblox/eigen/include/eigen3/Eigen/src/SparseLU/SparseLU_Structs.h\n'}
[41.364868] (nvblox) StdoutLine: {'line': b'-- Installing: /home/czz/nvblox_ws/build/nvblox/nvblox/eigen/include/eigen3/Eigen/src/SparseLU/SparseLU_copy_to_ucol.h\n'}
[41.364909] (nvblox) StdoutLine: {'line': b'-- Installing: /home/czz/nvblox_ws/build/nvblox/nvblox/eigen/include/eigen3/Eigen/src/SparseLU/SparseLU_relax_snode.h\n'}
[41.364934] (nvblox) StdoutLine: {'line': b'-- Installing: /home/czz/nvblox_ws/build/nvblox/nvblox/eigen/include/eigen3/Eigen/src/SparseLU/SparseLU_kernel_bmod.h\n'}
[41.364958] (nvblox) StdoutLine: {'line': b'-- Installing: /home/czz/nvblox_ws/build/nvblox/nvblox/eigen/include/eigen3/Eigen/src/PardisoSupport\n'}
[41.364981] (nvblox) StdoutLine: {'line': b'-- Installing: /home/czz/nvblox_ws/build/nvblox/nvblox/eigen/include/eigen3/Eigen/src/PardisoSupport/PardisoSupport.h\n'}
[41.365004] (nvblox) StdoutLine: {'line': b'-- Installing: /home/czz/nvblox_ws/build/nvblox/nvblox/eigen/include/eigen3/Eigen/src/OrderingMethods\n'}
[41.365026] (nvblox) StdoutLine: {'line': b'-- Installing: /home/czz/nvblox_ws/build/nvblox/nvblox/eigen/include/eigen3/Eigen/src/OrderingMethods/Eigen_Colamd.h\n'}
[41.365048] (nvblox) StdoutLine: {'line': b'-- Installing: /home/czz/nvblox_ws/build/nvblox/nvblox/eigen/include/eigen3/Eigen/src/OrderingMethods/Ordering.h\n'}
[41.365070] (nvblox) StdoutLine: {'line': b'-- Installing: /home/czz/nvblox_ws/build/nvblox/nvblox/eigen/include/eigen3/Eigen/src/OrderingMethods/Amd.h\n'}
[41.365092] (nvblox) StdoutLine: {'line': b'-- Installing: /home/czz/nvblox_ws/build/nvblox/nvblox/eigen/include/eigen3/Eigen/src/SparseCholesky\n'}
[41.365141] (nvblox) StdoutLine: {'line': b'-- Installing: /home/czz/nvblox_ws/build/nvblox/nvblox/eigen/include/eigen3/Eigen/src/SparseCholesky/SimplicialCholesky.h\n'}
[41.365175] (nvblox) StdoutLine: {'line': b'-- Installing: /home/czz/nvblox_ws/build/nvblox/nvblox/eigen/include/eigen3/Eigen/src/SparseCholesky/SimplicialCholesky_impl.h\n'}
[41.365199] (nvblox) StdoutLine: {'line': b'-- Installing: /home/czz/nvblox_ws/build/nvblox/nvblox/eigen/include/eigen3/Eigen/src/LU\n'}
[41.365229] (nvblox) StdoutLine: {'line': b'-- Installing: /home/czz/nvblox_ws/build/nvblox/nvblox/eigen/include/eigen3/Eigen/src/LU/Determinant.h\n'}
[41.365254] (nvblox) StdoutLine: {'line': b'-- Installing: /home/czz/nvblox_ws/build/nvblox/nvblox/eigen/include/eigen3/Eigen/src/LU/FullPivLU.h\n'}
[41.365278] (nvblox) StdoutLine: {'line': b'-- Installing: /home/czz/nvblox_ws/build/nvblox/nvblox/eigen/include/eigen3/Eigen/src/LU/PartialPivLU_LAPACKE.h\n'}
[41.365301] (nvblox) StdoutLine: {'line': b'-- Installing: /home/czz/nvblox_ws/build/nvblox/nvblox/eigen/include/eigen3/Eigen/src/LU/InverseImpl.h\n'}
[41.365334] (nvblox) StdoutLine: {'line': b'-- Installing: /home/czz/nvblox_ws/build/nvblox/nvblox/eigen/include/eigen3/Eigen/src/LU/arch\n'}
[41.365357] (nvblox) StdoutLine: {'line': b'-- Installing: /home/czz/nvblox_ws/build/nvblox/nvblox/eigen/include/eigen3/Eigen/src/LU/arch/InverseSize4.h\n'}
[41.365389] (nvblox) StdoutLine: {'line': b'-- Installing: /home/czz/nvblox_ws/build/nvblox/nvblox/eigen/include/eigen3/Eigen/src/LU/PartialPivLU.h\n'}
[41.365411] (nvblox) StdoutLine: {'line': b'-- Installing: /home/czz/nvblox_ws/build/nvblox/nvblox/eigen/include/eigen3/Eigen/src/QR\n'}
[41.365434] (nvblox) StdoutLine: {'line': b'-- Installing: /home/czz/nvblox_ws/build/nvblox/nvblox/eigen/include/eigen3/Eigen/src/QR/ColPivHouseholderQR_LAPACKE.h\n'}
[41.365457] (nvblox) StdoutLine: {'line': b'-- Installing: /home/czz/nvblox_ws/build/nvblox/nvblox/eigen/include/eigen3/Eigen/src/QR/HouseholderQR_LAPACKE.h\n'}
[41.365480] (nvblox) StdoutLine: {'line': b'-- Installing: /home/czz/nvblox_ws/build/nvblox/nvblox/eigen/include/eigen3/Eigen/src/QR/HouseholderQR.h\n'}
[41.365502] (nvblox) StdoutLine: {'line': b'-- Installing: /home/czz/nvblox_ws/build/nvblox/nvblox/eigen/include/eigen3/Eigen/src/QR/FullPivHouseholderQR.h\n'}
[41.365525] (nvblox) StdoutLine: {'line': b'-- Installing: /home/czz/nvblox_ws/build/nvblox/nvblox/eigen/include/eigen3/Eigen/src/QR/CompleteOrthogonalDecomposition.h\n'}
[41.365547] (nvblox) StdoutLine: {'line': b'-- Installing: /home/czz/nvblox_ws/build/nvblox/nvblox/eigen/include/eigen3/Eigen/src/QR/ColPivHouseholderQR.h\n'}
[41.365569] (nvblox) StdoutLine: {'line': b'-- Installing: /home/czz/nvblox_ws/build/nvblox/nvblox/eigen/include/eigen3/Eigen/src/SparseQR\n'}
[41.365591] (nvblox) StdoutLine: {'line': b'-- Installing: /home/czz/nvblox_ws/build/nvblox/nvblox/eigen/include/eigen3/Eigen/src/SparseQR/SparseQR.h\n'}
[41.365614] (nvblox) StdoutLine: {'line': b'-- Installing: /home/czz/nvblox_ws/build/nvblox/nvblox/eigen/include/eigen3/Eigen/src/plugins\n'}
[41.365636] (nvblox) StdoutLine: {'line': b'-- Installing: /home/czz/nvblox_ws/build/nvblox/nvblox/eigen/include/eigen3/Eigen/src/plugins/ArrayCwiseUnaryOps.h\n'}
[41.365658] (nvblox) StdoutLine: {'line': b'-- Installing: /home/czz/nvblox_ws/build/nvblox/nvblox/eigen/include/eigen3/Eigen/src/plugins/MatrixCwiseUnaryOps.h\n'}
[41.365679] (nvblox) StdoutLine: {'line': b'-- Installing: /home/czz/nvblox_ws/build/nvblox/nvblox/eigen/include/eigen3/Eigen/src/plugins/MatrixCwiseBinaryOps.h\n'}
[41.365707] (nvblox) StdoutLine: {'line': b'-- Installing: /home/czz/nvblox_ws/build/nvblox/nvblox/eigen/include/eigen3/Eigen/src/plugins/ArrayCwiseBinaryOps.h\n'}
[41.365730] (nvblox) StdoutLine: {'line': b'-- Installing: /home/czz/nvblox_ws/build/nvblox/nvblox/eigen/include/eigen3/Eigen/src/plugins/CommonCwiseBinaryOps.h\n'}
[41.365752] (nvblox) StdoutLine: {'line': b'-- Installing: /home/czz/nvblox_ws/build/nvblox/nvblox/eigen/include/eigen3/Eigen/src/plugins/ReshapedMethods.h\n'}
[41.365791] (nvblox) StdoutLine: {'line': b'-- Installing: /home/czz/nvblox_ws/build/nvblox/nvblox/eigen/include/eigen3/Eigen/src/plugins/BlockMethods.h\n'}
[41.365815] (nvblox) StdoutLine: {'line': b'-- Installing: /home/czz/nvblox_ws/build/nvblox/nvblox/eigen/include/eigen3/Eigen/src/plugins/IndexedViewMethods.h\n'}
[41.365838] (nvblox) StdoutLine: {'line': b'-- Installing: /home/czz/nvblox_ws/build/nvblox/nvblox/eigen/include/eigen3/Eigen/src/plugins/CommonCwiseUnaryOps.h\n'}
[41.365859] (nvblox) StdoutLine: {'line': b'-- Installing: /home/czz/nvblox_ws/build/nvblox/nvblox/eigen/include/eigen3/Eigen/src/SuperLUSupport\n'}
[41.365881] (nvblox) StdoutLine: {'line': b'-- Installing: /home/czz/nvblox_ws/build/nvblox/nvblox/eigen/include/eigen3/Eigen/src/SuperLUSupport/SuperLUSupport.h\n'}
[41.365903] (nvblox) StdoutLine: {'line': b'-- Installing: /home/czz/nvblox_ws/build/nvblox/nvblox/eigen/include/eigen3/Eigen/src/CholmodSupport\n'}
[41.365924] (nvblox) StdoutLine: {'line': b'-- Installing: /home/czz/nvblox_ws/build/nvblox/nvblox/eigen/include/eigen3/Eigen/src/CholmodSupport/CholmodSupport.h\n'}
[41.365945] (nvblox) StdoutLine: {'line': b'-- Installing: /home/czz/nvblox_ws/build/nvblox/nvblox/eigen/include/eigen3/Eigen/src/Core\n'}
[41.365985] (nvblox) StdoutLine: {'line': b'-- Installing: /home/czz/nvblox_ws/build/nvblox/nvblox/eigen/include/eigen3/Eigen/src/Core/Assign.h\n'}
[41.366006] (nvblox) StdoutLine: {'line': b'-- Installing: /home/czz/nvblox_ws/build/nvblox/nvblox/eigen/include/eigen3/Eigen/src/Core/DenseStorage.h\n'}
[41.366032] (nvblox) StdoutLine: {'line': b'-- Installing: /home/czz/nvblox_ws/build/nvblox/nvblox/eigen/include/eigen3/Eigen/src/Core/BandMatrix.h\n'}
[41.366053] (nvblox) StdoutLine: {'line': b'-- Installing: /home/czz/nvblox_ws/build/nvblox/nvblox/eigen/include/eigen3/Eigen/src/Core/ForceAlignedAccess.h\n'}
[41.366075] (nvblox) StdoutLine: {'line': b'-- Installing: /home/czz/nvblox_ws/build/nvblox/nvblox/eigen/include/eigen3/Eigen/src/Core/SelfCwiseBinaryOp.h\n'}
[41.366098] (nvblox) StdoutLine: {'line': b'-- Installing: /home/czz/nvblox_ws/build/nvblox/nvblox/eigen/include/eigen3/Eigen/src/Core/ReturnByValue.h\n'}
[41.366120] (nvblox) StdoutLine: {'line': b'-- Installing: /home/czz/nvblox_ws/build/nvblox/nvblox/eigen/include/eigen3/Eigen/src/Core/products\n'}
[41.366153] (nvblox) StdoutLine: {'line': b'-- Installing: /home/czz/nvblox_ws/build/nvblox/nvblox/eigen/include/eigen3/Eigen/src/Core/products/SelfadjointMatrixVector.h\n'}
[41.366181] (nvblox) StdoutLine: {'line': b'-- Installing: /home/czz/nvblox_ws/build/nvblox/nvblox/eigen/include/eigen3/Eigen/src/Core/products/GeneralMatrixVector_BLAS.h\n'}
[41.366203] (nvblox) StdoutLine: {'line': b'-- Installing: /home/czz/nvblox_ws/build/nvblox/nvblox/eigen/include/eigen3/Eigen/src/Core/products/SelfadjointMatrixVector_BLAS.h\n'}
[41.366225] (nvblox) StdoutLine: {'line': b'-- Installing: /home/czz/nvblox_ws/build/nvblox/nvblox/eigen/include/eigen3/Eigen/src/Core/products/GeneralBlockPanelKernel.h\n'}
[41.366247] (nvblox) StdoutLine: {'line': b'-- Installing: /home/czz/nvblox_ws/build/nvblox/nvblox/eigen/include/eigen3/Eigen/src/Core/products/TriangularSolverMatrix_BLAS.h\n'}
[41.366280] (nvblox) StdoutLine: {'line': b'-- Installing: /home/czz/nvblox_ws/build/nvblox/nvblox/eigen/include/eigen3/Eigen/src/Core/products/SelfadjointMatrixMatrix.h\n'}
[41.366307] (nvblox) StdoutLine: {'line': b'-- Installing: /home/czz/nvblox_ws/build/nvblox/nvblox/eigen/include/eigen3/Eigen/src/Core/products/Parallelizer.h\n'}
[41.366328] (nvblox) StdoutLine: {'line': b'-- Installing: /home/czz/nvblox_ws/build/nvblox/nvblox/eigen/include/eigen3/Eigen/src/Core/products/SelfadjointMatrixMatrix_BLAS.h\n'}
[41.366349] (nvblox) StdoutLine: {'line': b'-- Installing: /home/czz/nvblox_ws/build/nvblox/nvblox/eigen/include/eigen3/Eigen/src/Core/products/SelfadjointProduct.h\n'}
[41.366372] (nvblox) StdoutLine: {'line': b'-- Installing: /home/czz/nvblox_ws/build/nvblox/nvblox/eigen/include/eigen3/Eigen/src/Core/products/GeneralMatrixMatrix.h\n'}
[41.366401] (nvblox) StdoutLine: {'line': b'-- Installing: /home/czz/nvblox_ws/build/nvblox/nvblox/eigen/include/eigen3/Eigen/src/Core/products/GeneralMatrixMatrixTriangular_BLAS.h\n'}
[41.366424] (nvblox) StdoutLine: {'line': b'-- Installing: /home/czz/nvblox_ws/build/nvblox/nvblox/eigen/include/eigen3/Eigen/src/Core/products/TriangularMatrixMatrix.h\n'}
[41.366447] (nvblox) StdoutLine: {'line': b'-- Installing: /home/czz/nvblox_ws/build/nvblox/nvblox/eigen/include/eigen3/Eigen/src/Core/products/GeneralMatrixMatrix_BLAS.h\n'}
[41.366469] (nvblox) StdoutLine: {'line': b'-- Installing: /home/czz/nvblox_ws/build/nvblox/nvblox/eigen/include/eigen3/Eigen/src/Core/products/TriangularMatrixVector_BLAS.h\n'}
[41.366491] (nvblox) StdoutLine: {'line': b'-- Installing: /home/czz/nvblox_ws/build/nvblox/nvblox/eigen/include/eigen3/Eigen/src/Core/products/GeneralMatrixVector.h\n'}
[41.366514] (nvblox) StdoutLine: {'line': b'-- Installing: /home/czz/nvblox_ws/build/nvblox/nvblox/eigen/include/eigen3/Eigen/src/Core/products/TriangularSolverVector.h\n'}
[41.366535] (nvblox) StdoutLine: {'line': b'-- Installing: /home/czz/nvblox_ws/build/nvblox/nvblox/eigen/include/eigen3/Eigen/src/Core/products/TriangularSolverMatrix.h\n'}
[41.366558] (nvblox) StdoutLine: {'line': b'-- Installing: /home/czz/nvblox_ws/build/nvblox/nvblox/eigen/include/eigen3/Eigen/src/Core/products/TriangularMatrixVector.h\n'}
[41.366580] (nvblox) StdoutLine: {'line': b'-- Installing: /home/czz/nvblox_ws/build/nvblox/nvblox/eigen/include/eigen3/Eigen/src/Core/products/GeneralMatrixMatrixTriangular.h\n'}
[41.366602] (nvblox) StdoutLine: {'line': b'-- Installing: /home/czz/nvblox_ws/build/nvblox/nvblox/eigen/include/eigen3/Eigen/src/Core/products/TriangularMatrixMatrix_BLAS.h\n'}
[41.366625] (nvblox) StdoutLine: {'line': b'-- Installing: /home/czz/nvblox_ws/build/nvblox/nvblox/eigen/include/eigen3/Eigen/src/Core/products/SelfadjointRank2Update.h\n'}
[41.366647] (nvblox) StdoutLine: {'line': b'-- Installing: /home/czz/nvblox_ws/build/nvblox/nvblox/eigen/include/eigen3/Eigen/src/Core/DenseBase.h\n'}
[41.366669] (nvblox) StdoutLine: {'line': b'-- Installing: /home/czz/nvblox_ws/build/nvblox/nvblox/eigen/include/eigen3/Eigen/src/Core/Diagonal.h\n'}
[41.366692] (nvblox) StdoutLine: {'line': b'-- Installing: /home/czz/nvblox_ws/build/nvblox/nvblox/eigen/include/eigen3/Eigen/src/Core/SolverBase.h\n'}
[41.366714] (nvblox) StdoutLine: {'line': b'-- Installing: /home/czz/nvblox_ws/build/nvblox/nvblox/eigen/include/eigen3/Eigen/src/Core/ArithmeticSequence.h\n'}
[41.366742] (nvblox) StdoutLine: {'line': b'-- Installing: /home/czz/nvblox_ws/build/nvblox/nvblox/eigen/include/eigen3/Eigen/src/Core/VectorBlock.h\n'}
[41.366765] (nvblox) StdoutLine: {'line': b'-- Installing: /home/czz/nvblox_ws/build/nvblox/nvblox/eigen/include/eigen3/Eigen/src/Core/PlainObjectBase.h\n'}
[41.366788] (nvblox) StdoutLine: {'line': b'-- Installing: /home/czz/nvblox_ws/build/nvblox/nvblox/eigen/include/eigen3/Eigen/src/Core/ArrayWrapper.h\n'}
[41.366810] (nvblox) StdoutLine: {'line': b'-- Installing: /home/czz/nvblox_ws/build/nvblox/nvblox/eigen/include/eigen3/Eigen/src/Core/SelfAdjointView.h\n'}
[41.366832] (nvblox) StdoutLine: {'line': b'-- Installing: /home/czz/nvblox_ws/build/nvblox/nvblox/eigen/include/eigen3/Eigen/src/Core/Product.h\n'}
[41.366853] (nvblox) StdoutLine: {'line': b'-- Installing: /home/czz/nvblox_ws/build/nvblox/nvblox/eigen/include/eigen3/Eigen/src/Core/EigenBase.h\n'}
[41.366875] (nvblox) StdoutLine: {'line': b'-- Installing: /home/czz/nvblox_ws/build/nvblox/nvblox/eigen/include/eigen3/Eigen/src/Core/DenseCoeffsBase.h\n'}
[41.366896] (nvblox) StdoutLine: {'line': b'-- Installing: /home/czz/nvblox_ws/build/nvblox/nvblox/eigen/include/eigen3/Eigen/src/Core/Matrix.h\n'}
[41.366918] (nvblox) StdoutLine: {'line': b'-- Installing: /home/czz/nvblox_ws/build/nvblox/nvblox/eigen/include/eigen3/Eigen/src/Core/Array.h\n'}
[41.366939] (nvblox) StdoutLine: {'line': b'-- Installing: /home/czz/nvblox_ws/build/nvblox/nvblox/eigen/include/eigen3/Eigen/src/Core/Assign_MKL.h\n'}
[41.366989] (nvblox) StdoutLine: {'line': b'-- Installing: /home/czz/nvblox_ws/build/nvblox/nvblox/eigen/include/eigen3/Eigen/src/Core/TriangularMatrix.h\n'}
[41.367009] (nvblox) StdoutLine: {'line': b'-- Installing: /home/czz/nvblox_ws/build/nvblox/nvblox/eigen/include/eigen3/Eigen/src/Core/Ref.h\n'}
[41.367029] (nvblox) StdoutLine: {'line': b'-- Installing: /home/czz/nvblox_ws/build/nvblox/nvblox/eigen/include/eigen3/Eigen/src/Core/functors\n'}
[41.367051] (nvblox) StdoutLine: {'line': b'-- Installing: /home/czz/nvblox_ws/build/nvblox/nvblox/eigen/include/eigen3/Eigen/src/Core/functors/AssignmentFunctors.h\n'}
[41.367073] (nvblox) StdoutLine: {'line': b'-- Installing: /home/czz/nvblox_ws/build/nvblox/nvblox/eigen/include/eigen3/Eigen/src/Core/functors/StlFunctors.h\n'}
[41.367106] (nvblox) StdoutLine: {'line': b'-- Installing: /home/czz/nvblox_ws/build/nvblox/nvblox/eigen/include/eigen3/Eigen/src/Core/functors/TernaryFunctors.h\n'}
[41.367133] (nvblox) StdoutLine: {'line': b'-- Installing: /home/czz/nvblox_ws/build/nvblox/nvblox/eigen/include/eigen3/Eigen/src/Core/functors/NullaryFunctors.h\n'}
[41.367156] (nvblox) StdoutLine: {'line': b'-- Installing: /home/czz/nvblox_ws/build/nvblox/nvblox/eigen/include/eigen3/Eigen/src/Core/functors/UnaryFunctors.h\n'}
[41.367178] (nvblox) StdoutLine: {'line': b'-- Installing: /home/czz/nvblox_ws/build/nvblox/nvblox/eigen/include/eigen3/Eigen/src/Core/functors/BinaryFunctors.h\n'}
[41.367200] (nvblox) StdoutLine: {'line': b'-- Installing: /home/czz/nvblox_ws/build/nvblox/nvblox/eigen/include/eigen3/Eigen/src/Core/CwiseUnaryOp.h\n'}
[41.367223] (nvblox) StdoutLine: {'line': b'-- Installing: /home/czz/nvblox_ws/build/nvblox/nvblox/eigen/include/eigen3/Eigen/src/Core/BooleanRedux.h\n'}
[41.367244] (nvblox) StdoutLine: {'line': b'-- Installing: /home/czz/nvblox_ws/build/nvblox/nvblox/eigen/include/eigen3/Eigen/src/Core/Transpose.h\n'}
[41.367265] (nvblox) StdoutLine: {'line': b'-- Installing: /home/czz/nvblox_ws/build/nvblox/nvblox/eigen/include/eigen3/Eigen/src/Core/Random.h\n'}
[41.367286] (nvblox) StdoutLine: {'line': b'-- Installing: /home/czz/nvblox_ws/build/nvblox/nvblox/eigen/include/eigen3/Eigen/src/Core/CoreIterators.h\n'}
[41.367308] (nvblox) StdoutLine: {'line': b'-- Installing: /home/czz/nvblox_ws/build/nvblox/nvblox/eigen/include/eigen3/Eigen/src/Core/CommaInitializer.h\n'}
[41.367329] (nvblox) StdoutLine: {'line': b'-- Installing: /home/czz/nvblox_ws/build/nvblox/nvblox/eigen/include/eigen3/Eigen/src/Core/Redux.h\n'}
[41.367350] (nvblox) StdoutLine: {'line': b'-- Installing: /home/czz/nvblox_ws/build/nvblox/nvblox/eigen/include/eigen3/Eigen/src/Core/Solve.h\n'}
[41.367371] (nvblox) StdoutLine: {'line': b'-- Installing: /home/czz/nvblox_ws/build/nvblox/nvblox/eigen/include/eigen3/Eigen/src/Core/PermutationMatrix.h\n'}
[41.367392] (nvblox) StdoutLine: {'line': b'-- Installing: /home/czz/nvblox_ws/build/nvblox/nvblox/eigen/include/eigen3/Eigen/src/Core/MathFunctionsImpl.h\n'}
[41.367413] (nvblox) StdoutLine: {'line': b'-- Installing: /home/czz/nvblox_ws/build/nvblox/nvblox/eigen/include/eigen3/Eigen/src/Core/Map.h\n'}
[41.367435] (nvblox) StdoutLine: {'line': b'-- Installing: /home/czz/nvblox_ws/build/nvblox/nvblox/eigen/include/eigen3/Eigen/src/Core/MatrixBase.h\n'}
[41.367456] (nvblox) StdoutLine: {'line': b'-- Installing: /home/czz/nvblox_ws/build/nvblox/nvblox/eigen/include/eigen3/Eigen/src/Core/NumTraits.h\n'}
[41.367477] (nvblox) StdoutLine: {'line': b'-- Installing: /home/czz/nvblox_ws/build/nvblox/nvblox/eigen/include/eigen3/Eigen/src/Core/IndexedView.h\n'}
[41.367499] (nvblox) StdoutLine: {'line': b'-- Installing: /home/czz/nvblox_ws/build/nvblox/nvblox/eigen/include/eigen3/Eigen/src/Core/Stride.h\n'}
[41.367521] (nvblox) StdoutLine: {'line': b'-- Installing: /home/czz/nvblox_ws/build/nvblox/nvblox/eigen/include/eigen3/Eigen/src/Core/util\n'}
[41.367550] (nvblox) StdoutLine: {'line': b'-- Installing: /home/czz/nvblox_ws/build/nvblox/nvblox/eigen/include/eigen3/Eigen/src/Core/util/ReshapedHelper.h\n'}
[41.367573] (nvblox) StdoutLine: {'line': b'-- Installing: /home/czz/nvblox_ws/build/nvblox/nvblox/eigen/include/eigen3/Eigen/src/Core/util/BlasUtil.h\n'}
[41.367614] (nvblox) StdoutLine: {'line': b'-- Installing: /home/czz/nvblox_ws/build/nvblox/nvblox/eigen/include/eigen3/Eigen/src/Core/util/ReenableStupidWarnings.h\n'}
[41.367641] (nvblox) StdoutLine: {'line': b'-- Installing: /home/czz/nvblox_ws/build/nvblox/nvblox/eigen/include/eigen3/Eigen/src/Core/util/ForwardDeclarations.h\n'}
[41.367663] (nvblox) StdoutLine: {'line': b'-- Installing: /home/czz/nvblox_ws/build/nvblox/nvblox/eigen/include/eigen3/Eigen/src/Core/util/Memory.h\n'}
[41.367686] (nvblox) StdoutLine: {'line': b'-- Installing: /home/czz/nvblox_ws/build/nvblox/nvblox/eigen/include/eigen3/Eigen/src/Core/util/ConfigureVectorization.h\n'}
[41.367708] (nvblox) StdoutLine: {'line': b'-- Installing: /home/czz/nvblox_ws/build/nvblox/nvblox/eigen/include/eigen3/Eigen/src/Core/util/Meta.h\n'}
[41.367731] (nvblox) StdoutLine: {'line': b'-- Installing: /home/czz/nvblox_ws/build/nvblox/nvblox/eigen/include/eigen3/Eigen/src/Core/util/Constants.h\n'}
[41.367752] (nvblox) StdoutLine: {'line': b'-- Installing: /home/czz/nvblox_ws/build/nvblox/nvblox/eigen/include/eigen3/Eigen/src/Core/util/IndexedViewHelper.h\n'}
[41.367774] (nvblox) StdoutLine: {'line': b'-- Installing: /home/czz/nvblox_ws/build/nvblox/nvblox/eigen/include/eigen3/Eigen/src/Core/util/NonMPL2.h\n'}
[41.367796] (nvblox) StdoutLine: {'line': b'-- Installing: /home/czz/nvblox_ws/build/nvblox/nvblox/eigen/include/eigen3/Eigen/src/Core/util/XprHelper.h\n'}
[41.367818] (nvblox) StdoutLine: {'line': b'-- Installing: /home/czz/nvblox_ws/build/nvblox/nvblox/eigen/include/eigen3/Eigen/src/Core/util/MKL_support.h\n'}
[41.367839] (nvblox) StdoutLine: {'line': b'-- Installing: /home/czz/nvblox_ws/build/nvblox/nvblox/eigen/include/eigen3/Eigen/src/Core/util/IntegralConstant.h\n'}
[41.367875] (nvblox) StdoutLine: {'line': b'-- Installing: /home/czz/nvblox_ws/build/nvblox/nvblox/eigen/include/eigen3/Eigen/src/Core/util/SymbolicIndex.h\n'}
[41.367896] (nvblox) StdoutLine: {'line': b'-- Installing: /home/czz/nvblox_ws/build/nvblox/nvblox/eigen/include/eigen3/Eigen/src/Core/util/StaticAssert.h\n'}
[41.367916] (nvblox) StdoutLine: {'line': b'-- Installing: /home/czz/nvblox_ws/build/nvblox/nvblox/eigen/include/eigen3/Eigen/src/Core/util/DisableStupidWarnings.h\n'}
[41.367936] (nvblox) StdoutLine: {'line': b'-- Installing: /home/czz/nvblox_ws/build/nvblox/nvblox/eigen/include/eigen3/Eigen/src/Core/util/Macros.h\n'}
[41.367958] (nvblox) StdoutLine: {'line': b'-- Installing: /home/czz/nvblox_ws/build/nvblox/nvblox/eigen/include/eigen3/Eigen/src/Core/PartialReduxEvaluator.h\n'}
[41.367987] (nvblox) StdoutLine: {'line': b'-- Installing: /home/czz/nvblox_ws/build/nvblox/nvblox/eigen/include/eigen3/Eigen/src/Core/IO.h\n'}
[41.368008] (nvblox) StdoutLine: {'line': b'-- Installing: /home/czz/nvblox_ws/build/nvblox/nvblox/eigen/include/eigen3/Eigen/src/Core/arch\n'}
[41.368031] (nvblox) StdoutLine: {'line': b'-- Installing: /home/czz/nvblox_ws/build/nvblox/nvblox/eigen/include/eigen3/Eigen/src/Core/arch/Default\n'}
[41.368053] (nvblox) StdoutLine: {'line': b'-- Installing: /home/czz/nvblox_ws/build/nvblox/nvblox/eigen/include/eigen3/Eigen/src/Core/arch/Default/Half.h\n'}
[41.368076] (nvblox) StdoutLine: {'line': b'-- Installing: /home/czz/nvblox_ws/build/nvblox/nvblox/eigen/include/eigen3/Eigen/src/Core/arch/Default/BFloat16.h\n'}
[41.368098] (nvblox) StdoutLine: {'line': b'-- Installing: /home/czz/nvblox_ws/build/nvblox/nvblox/eigen/include/eigen3/Eigen/src/Core/arch/Default/Settings.h\n'}
[41.368120] (nvblox) StdoutLine: {'line': b'-- Installing: /home/czz/nvblox_ws/build/nvblox/nvblox/eigen/include/eigen3/Eigen/src/Core/arch/Default/ConjHelper.h\n'}
[41.368141] (nvblox) StdoutLine: {'line': b'-- Installing: /home/czz/nvblox_ws/build/nvblox/nvblox/eigen/include/eigen3/Eigen/src/Core/arch/Default/GenericPacketMathFunctionsFwd.h\n'}
[41.368182] (nvblox) StdoutLine: {'line': b'-- Installing: /home/czz/nvblox_ws/build/nvblox/nvblox/eigen/include/eigen3/Eigen/src/Core/arch/Default/GenericPacketMathFunctions.h\n'}
[41.368206] (nvblox) StdoutLine: {'line': b'-- Installing: /home/czz/nvblox_ws/build/nvblox/nvblox/eigen/include/eigen3/Eigen/src/Core/arch/Default/TypeCasting.h\n'}
[41.368229] (nvblox) StdoutLine: {'line': b'-- Installing: /home/czz/nvblox_ws/build/nvblox/nvblox/eigen/include/eigen3/Eigen/src/Core/arch/SVE\n'}
[41.368252] (nvblox) StdoutLine: {'line': b'-- Installing: /home/czz/nvblox_ws/build/nvblox/nvblox/eigen/include/eigen3/Eigen/src/Core/arch/SVE/PacketMath.h\n'}
[41.368274] (nvblox) StdoutLine: {'line': b'-- Installing: /home/czz/nvblox_ws/build/nvblox/nvblox/eigen/include/eigen3/Eigen/src/Core/arch/SVE/MathFunctions.h\n'}
[41.368295] (nvblox) StdoutLine: {'line': b'-- Installing: /home/czz/nvblox_ws/build/nvblox/nvblox/eigen/include/eigen3/Eigen/src/Core/arch/SVE/TypeCasting.h\n'}
[41.368317] (nvblox) StdoutLine: {'line': b'-- Installing: /home/czz/nvblox_ws/build/nvblox/nvblox/eigen/include/eigen3/Eigen/src/Core/arch/ZVector\n'}
[41.368339] (nvblox) StdoutLine: {'line': b'-- Installing: /home/czz/nvblox_ws/build/nvblox/nvblox/eigen/include/eigen3/Eigen/src/Core/arch/ZVector/Complex.h\n'}
[41.368363] (nvblox) StdoutLine: {'line': b'-- Installing: /home/czz/nvblox_ws/build/nvblox/nvblox/eigen/include/eigen3/Eigen/src/Core/arch/ZVector/PacketMath.h\n'}
[41.368384] (nvblox) StdoutLine: {'line': b'-- Installing: /home/czz/nvblox_ws/build/nvblox/nvblox/eigen/include/eigen3/Eigen/src/Core/arch/ZVector/MathFunctions.h\n'}
[41.368406] (nvblox) StdoutLine: {'line': b'-- Installing: /home/czz/nvblox_ws/build/nvblox/nvblox/eigen/include/eigen3/Eigen/src/Core/arch/AVX\n'}
[41.368427] (nvblox) StdoutLine: {'line': b'-- Installing: /home/czz/nvblox_ws/build/nvblox/nvblox/eigen/include/eigen3/Eigen/src/Core/arch/AVX/Complex.h\n'}
[41.368449] (nvblox) StdoutLine: {'line': b'-- Installing: /home/czz/nvblox_ws/build/nvblox/nvblox/eigen/include/eigen3/Eigen/src/Core/arch/AVX/PacketMath.h\n'}
[41.368469] (nvblox) StdoutLine: {'line': b'-- Installing: /home/czz/nvblox_ws/build/nvblox/nvblox/eigen/include/eigen3/Eigen/src/Core/arch/AVX/MathFunctions.h\n'}
[41.368490] (nvblox) StdoutLine: {'line': b'-- Installing: /home/czz/nvblox_ws/build/nvblox/nvblox/eigen/include/eigen3/Eigen/src/Core/arch/AVX/TypeCasting.h\n'}
[41.368512] (nvblox) StdoutLine: {'line': b'-- Installing: /home/czz/nvblox_ws/build/nvblox/nvblox/eigen/include/eigen3/Eigen/src/Core/arch/CUDA\n'}
[41.368533] (nvblox) StdoutLine: {'line': b'-- Installing: /home/czz/nvblox_ws/build/nvblox/nvblox/eigen/include/eigen3/Eigen/src/Core/arch/CUDA/Complex.h\n'}
[41.368556] (nvblox) StdoutLine: {'line': b'-- Installing: /home/czz/nvblox_ws/build/nvblox/nvblox/eigen/include/eigen3/Eigen/src/Core/arch/NEON\n'}
[41.368578] (nvblox) StdoutLine: {'line': b'-- Installing: /home/czz/nvblox_ws/build/nvblox/nvblox/eigen/include/eigen3/Eigen/src/Core/arch/NEON/GeneralBlockPanelKernel.h\n'}
[41.368601] (nvblox) StdoutLine: {'line': b'-- Installing: /home/czz/nvblox_ws/build/nvblox/nvblox/eigen/include/eigen3/Eigen/src/Core/arch/NEON/Complex.h\n'}
[41.368622] (nvblox) StdoutLine: {'line': b'-- Installing: /home/czz/nvblox_ws/build/nvblox/nvblox/eigen/include/eigen3/Eigen/src/Core/arch/NEON/PacketMath.h\n'}
[41.368645] (nvblox) StdoutLine: {'line': b'-- Installing: /home/czz/nvblox_ws/build/nvblox/nvblox/eigen/include/eigen3/Eigen/src/Core/arch/NEON/MathFunctions.h\n'}
[41.368697] (nvblox) StdoutLine: {'line': b'-- Installing: /home/czz/nvblox_ws/build/nvblox/nvblox/eigen/include/eigen3/Eigen/src/Core/arch/NEON/TypeCasting.h\n'}
[41.368765] (nvblox) StdoutLine: {'line': b'-- Installing: /home/czz/nvblox_ws/build/nvblox/nvblox/eigen/include/eigen3/Eigen/src/Core/arch/MSA\n'}
[41.368790] (nvblox) StdoutLine: {'line': b'-- Installing: /home/czz/nvblox_ws/build/nvblox/nvblox/eigen/include/eigen3/Eigen/src/Core/arch/MSA/Complex.h\n'}
[41.368814] (nvblox) StdoutLine: {'line': b'-- Installing: /home/czz/nvblox_ws/build/nvblox/nvblox/eigen/include/eigen3/Eigen/src/Core/arch/MSA/PacketMath.h\n'}
[41.368837] (nvblox) StdoutLine: {'line': b'-- Installing: /home/czz/nvblox_ws/build/nvblox/nvblox/eigen/include/eigen3/Eigen/src/Core/arch/MSA/MathFunctions.h\n'}
[41.368873] (nvblox) StdoutLine: {'line': b'-- Installing: /home/czz/nvblox_ws/build/nvblox/nvblox/eigen/include/eigen3/Eigen/src/Core/arch/GPU\n'}
[41.368912] (nvblox) StdoutLine: {'line': b'-- Installing: /home/czz/nvblox_ws/build/nvblox/nvblox/eigen/include/eigen3/Eigen/src/Core/arch/GPU/PacketMath.h\n'}
[41.368936] (nvblox) StdoutLine: {'line': b'-- Installing: /home/czz/nvblox_ws/build/nvblox/nvblox/eigen/include/eigen3/Eigen/src/Core/arch/GPU/MathFunctions.h\n'}
[41.368960] (nvblox) StdoutLine: {'line': b'-- Installing: /home/czz/nvblox_ws/build/nvblox/nvblox/eigen/include/eigen3/Eigen/src/Core/arch/GPU/TypeCasting.h\n'}
[41.368983] (nvblox) StdoutLine: {'line': b'-- Installing: /home/czz/nvblox_ws/build/nvblox/nvblox/eigen/include/eigen3/Eigen/src/Core/arch/SSE\n'}
[41.369005] (nvblox) StdoutLine: {'line': b'-- Installing: /home/czz/nvblox_ws/build/nvblox/nvblox/eigen/include/eigen3/Eigen/src/Core/arch/SSE/Complex.h\n'}
[41.369027] (nvblox) StdoutLine: {'line': b'-- Installing: /home/czz/nvblox_ws/build/nvblox/nvblox/eigen/include/eigen3/Eigen/src/Core/arch/SSE/PacketMath.h\n'}
[41.369049] (nvblox) StdoutLine: {'line': b'-- Installing: /home/czz/nvblox_ws/build/nvblox/nvblox/eigen/include/eigen3/Eigen/src/Core/arch/SSE/MathFunctions.h\n'}
[41.369071] (nvblox) StdoutLine: {'line': b'-- Installing: /home/czz/nvblox_ws/build/nvblox/nvblox/eigen/include/eigen3/Eigen/src/Core/arch/SSE/TypeCasting.h\n'}
[41.369093] (nvblox) StdoutLine: {'line': b'-- Installing: /home/czz/nvblox_ws/build/nvblox/nvblox/eigen/include/eigen3/Eigen/src/Core/arch/AltiVec\n'}
[41.369115] (nvblox) StdoutLine: {'line': b'-- Installing: /home/czz/nvblox_ws/build/nvblox/nvblox/eigen/include/eigen3/Eigen/src/Core/arch/AltiVec/Complex.h\n'}
[41.369137] (nvblox) StdoutLine: {'line': b'-- Installing: /home/czz/nvblox_ws/build/nvblox/nvblox/eigen/include/eigen3/Eigen/src/Core/arch/AltiVec/MatrixProduct.h\n'}
[41.369161] (nvblox) StdoutLine: {'line': b'-- Installing: /home/czz/nvblox_ws/build/nvblox/nvblox/eigen/include/eigen3/Eigen/src/Core/arch/AltiVec/PacketMath.h\n'}
[41.369185] (nvblox) StdoutLine: {'line': b'-- Installing: /home/czz/nvblox_ws/build/nvblox/nvblox/eigen/include/eigen3/Eigen/src/Core/arch/AltiVec/MatrixProductCommon.h\n'}
[41.369224] (nvblox) StdoutLine: {'line': b'-- Installing: /home/czz/nvblox_ws/build/nvblox/nvblox/eigen/include/eigen3/Eigen/src/Core/arch/AltiVec/MatrixProductMMA.h\n'}
[41.369250] (nvblox) StdoutLine: {'line': b'-- Installing: /home/czz/nvblox_ws/build/nvblox/nvblox/eigen/include/eigen3/Eigen/src/Core/arch/AltiVec/MathFunctions.h\n'}
[41.369273] (nvblox) StdoutLine: {'line': b'-- Installing: /home/czz/nvblox_ws/build/nvblox/nvblox/eigen/include/eigen3/Eigen/src/Core/arch/HIP\n'}
[41.369295] (nvblox) StdoutLine: {'line': b'-- Installing: /home/czz/nvblox_ws/build/nvblox/nvblox/eigen/include/eigen3/Eigen/src/Core/arch/HIP/hcc\n'}
[41.369317] (nvblox) StdoutLine: {'line': b'-- Installing: /home/czz/nvblox_ws/build/nvblox/nvblox/eigen/include/eigen3/Eigen/src/Core/arch/HIP/hcc/math_constants.h\n'}
[41.369339] (nvblox) StdoutLine: {'line': b'-- Installing: /home/czz/nvblox_ws/build/nvblox/nvblox/eigen/include/eigen3/Eigen/src/Core/arch/SYCL\n'}
[41.369396] (nvblox) StdoutLine: {'line': b'-- Installing: /home/czz/nvblox_ws/build/nvblox/nvblox/eigen/include/eigen3/Eigen/src/Core/arch/SYCL/SyclMemoryModel.h\n'}
[41.369422] (nvblox) StdoutLine: {'line': b'-- Installing: /home/czz/nvblox_ws/build/nvblox/nvblox/eigen/include/eigen3/Eigen/src/Core/arch/SYCL/PacketMath.h\n'}
[41.369446] (nvblox) StdoutLine: {'line': b'-- Installing: /home/czz/nvblox_ws/build/nvblox/nvblox/eigen/include/eigen3/Eigen/src/Core/arch/SYCL/InteropHeaders.h\n'}
[41.369469] (nvblox) StdoutLine: {'line': b'-- Installing: /home/czz/nvblox_ws/build/nvblox/nvblox/eigen/include/eigen3/Eigen/src/Core/arch/SYCL/MathFunctions.h\n'}
[41.369492] (nvblox) StdoutLine: {'line': b'-- Installing: /home/czz/nvblox_ws/build/nvblox/nvblox/eigen/include/eigen3/Eigen/src/Core/arch/SYCL/TypeCasting.h\n'}
[41.369537] (nvblox) StdoutLine: {'line': b'-- Installing: /home/czz/nvblox_ws/build/nvblox/nvblox/eigen/include/eigen3/Eigen/src/Core/arch/AVX512\n'}
[41.369561] (nvblox) StdoutLine: {'line': b'-- Installing: /home/czz/nvblox_ws/build/nvblox/nvblox/eigen/include/eigen3/Eigen/src/Core/arch/AVX512/Complex.h\n'}
[41.369585] (nvblox) StdoutLine: {'line': b'-- Installing: /home/czz/nvblox_ws/build/nvblox/nvblox/eigen/include/eigen3/Eigen/src/Core/arch/AVX512/PacketMath.h\n'}
[41.369607] (nvblox) StdoutLine: {'line': b'-- Installing: /home/czz/nvblox_ws/build/nvblox/nvblox/eigen/include/eigen3/Eigen/src/Core/arch/AVX512/MathFunctions.h\n'}
[41.369631] (nvblox) StdoutLine: {'line': b'-- Installing: /home/czz/nvblox_ws/build/nvblox/nvblox/eigen/include/eigen3/Eigen/src/Core/arch/AVX512/TypeCasting.h\n'}
[41.369653] (nvblox) StdoutLine: {'line': b'-- Installing: /home/czz/nvblox_ws/build/nvblox/nvblox/eigen/include/eigen3/Eigen/src/Core/ArrayBase.h\n'}
[41.369674] (nvblox) StdoutLine: {'line': b'-- Installing: /home/czz/nvblox_ws/build/nvblox/nvblox/eigen/include/eigen3/Eigen/src/Core/NoAlias.h\n'}
[41.369696] (nvblox) StdoutLine: {'line': b'-- Installing: /home/czz/nvblox_ws/build/nvblox/nvblox/eigen/include/eigen3/Eigen/src/Core/Block.h\n'}
[41.369734] (nvblox) StdoutLine: {'line': b'-- Installing: /home/czz/nvblox_ws/build/nvblox/nvblox/eigen/include/eigen3/Eigen/src/Core/MapBase.h\n'}
[41.369756] (nvblox) StdoutLine: {'line': b'-- Installing: /home/czz/nvblox_ws/build/nvblox/nvblox/eigen/include/eigen3/Eigen/src/Core/Dot.h\n'}
[41.369778] (nvblox) StdoutLine: {'line': b'-- Installing: /home/czz/nvblox_ws/build/nvblox/nvblox/eigen/include/eigen3/Eigen/src/Core/CwiseUnaryView.h\n'}
[41.369823] (nvblox) StdoutLine: {'line': b'-- Installing: /home/czz/nvblox_ws/build/nvblox/nvblox/eigen/include/eigen3/Eigen/src/Core/NestByValue.h\n'}
[41.369848] (nvblox) StdoutLine: {'line': b'-- Installing: /home/czz/nvblox_ws/build/nvblox/nvblox/eigen/include/eigen3/Eigen/src/Core/AssignEvaluator.h\n'}
[41.369885] (nvblox) StdoutLine: {'line': b'-- Installing: /home/czz/nvblox_ws/build/nvblox/nvblox/eigen/include/eigen3/Eigen/src/Core/Visitor.h\n'}
[41.369909] (nvblox) StdoutLine: {'line': b'-- Installing: /home/czz/nvblox_ws/build/nvblox/nvblox/eigen/include/eigen3/Eigen/src/Core/DiagonalProduct.h\n'}
[41.369931] (nvblox) StdoutLine: {'line': b'-- Installing: /home/czz/nvblox_ws/build/nvblox/nvblox/eigen/include/eigen3/Eigen/src/Core/Replicate.h\n'}
[41.369969] (nvblox) StdoutLine: {'line': b'-- Installing: /home/czz/nvblox_ws/build/nvblox/nvblox/eigen/include/eigen3/Eigen/src/Core/DiagonalMatrix.h\n'}
[41.369993] (nvblox) StdoutLine: {'line': b'-- Installing: /home/czz/nvblox_ws/build/nvblox/nvblox/eigen/include/eigen3/Eigen/src/Core/Reverse.h\n'}
[41.370016] (nvblox) StdoutLine: {'line': b'-- Installing: /home/czz/nvblox_ws/build/nvblox/nvblox/eigen/include/eigen3/Eigen/src/Core/CwiseBinaryOp.h\n'}
[41.370038] (nvblox) StdoutLine: {'line': b'-- Installing: /home/czz/nvblox_ws/build/nvblox/nvblox/eigen/include/eigen3/Eigen/src/Core/ConditionEstimator.h\n'}
[41.370062] (nvblox) StdoutLine: {'line': b'-- Installing: /home/czz/nvblox_ws/build/nvblox/nvblox/eigen/include/eigen3/Eigen/src/Core/VectorwiseOp.h\n'}
[41.370084] (nvblox) StdoutLine: {'line': b'-- Installing: /home/czz/nvblox_ws/build/nvblox/nvblox/eigen/include/eigen3/Eigen/src/Core/MathFunctions.h\n'}
[41.370122] (nvblox) StdoutLine: {'line': b'-- Installing: /home/czz/nvblox_ws/build/nvblox/nvblox/eigen/include/eigen3/Eigen/src/Core/CwiseNullaryOp.h\n'}
[41.370168] (nvblox) StdoutLine: {'line': b'-- Installing: /home/czz/nvblox_ws/build/nvblox/nvblox/eigen/include/eigen3/Eigen/src/Core/CoreEvaluators.h\n'}
[41.370206] (nvblox) StdoutLine: {'line': b'-- Installing: /home/czz/nvblox_ws/build/nvblox/nvblox/eigen/include/eigen3/Eigen/src/Core/Inverse.h\n'}
[41.370231] (nvblox) StdoutLine: {'line': b'-- Installing: /home/czz/nvblox_ws/build/nvblox/nvblox/eigen/include/eigen3/Eigen/src/Core/Swap.h\n'}
[41.370254] (nvblox) StdoutLine: {'line': b'-- Installing: /home/czz/nvblox_ws/build/nvblox/nvblox/eigen/include/eigen3/Eigen/src/Core/SolveTriangular.h\n'}
[41.370288] (nvblox) StdoutLine: {'line': b'-- Installing: /home/czz/nvblox_ws/build/nvblox/nvblox/eigen/include/eigen3/Eigen/src/Core/Select.h\n'}
[41.370329] (nvblox) StdoutLine: {'line': b'-- Installing: /home/czz/nvblox_ws/build/nvblox/nvblox/eigen/include/eigen3/Eigen/src/Core/Transpositions.h\n'}
[41.370354] (nvblox) StdoutLine: {'line': b'-- Installing: /home/czz/nvblox_ws/build/nvblox/nvblox/eigen/include/eigen3/Eigen/src/Core/ProductEvaluators.h\n'}
[41.370393] (nvblox) StdoutLine: {'line': b'-- Installing: /home/czz/nvblox_ws/build/nvblox/nvblox/eigen/include/eigen3/Eigen/src/Core/Reshaped.h\n'}
[41.370436] (nvblox) StdoutLine: {'line': b'-- Installing: /home/czz/nvblox_ws/build/nvblox/nvblox/eigen/include/eigen3/Eigen/src/Core/GlobalFunctions.h\n'}
[41.370462] (nvblox) StdoutLine: {'line': b'-- Installing: /home/czz/nvblox_ws/build/nvblox/nvblox/eigen/include/eigen3/Eigen/src/Core/StableNorm.h\n'}
[41.370503] (nvblox) StdoutLine: {'line': b'-- Installing: /home/czz/nvblox_ws/build/nvblox/nvblox/eigen/include/eigen3/Eigen/src/Core/StlIterators.h\n'}
[41.370552] (nvblox) StdoutLine: {'line': b'-- Installing: /home/czz/nvblox_ws/build/nvblox/nvblox/eigen/include/eigen3/Eigen/src/Core/CwiseTernaryOp.h\n'}
[41.370584] (nvblox) StdoutLine: {'line': b'-- Installing: /home/czz/nvblox_ws/build/nvblox/nvblox/eigen/include/eigen3/Eigen/src/Core/GenericPacketMath.h\n'}
[41.370629] (nvblox) StdoutLine: {'line': b'-- Installing: /home/czz/nvblox_ws/build/nvblox/nvblox/eigen/include/eigen3/Eigen/src/Core/GeneralProduct.h\n'}
[41.370670] (nvblox) StdoutLine: {'line': b'-- Installing: /home/czz/nvblox_ws/build/nvblox/nvblox/eigen/include/eigen3/Eigen/src/Core/Fuzzy.h\n'}
[41.370709] (nvblox) StdoutLine: {'line': b'-- Installing: /home/czz/nvblox_ws/build/nvblox/nvblox/eigen/include/eigen3/Eigen/src/KLUSupport\n'}
[41.370749] (nvblox) StdoutLine: {'line': b'-- Installing: /home/czz/nvblox_ws/build/nvblox/nvblox/eigen/include/eigen3/Eigen/src/KLUSupport/KLUSupport.h\n'}
[41.370791] (nvblox) StdoutLine: {'line': b'-- Installing: /home/czz/nvblox_ws/build/nvblox/nvblox/eigen/include/eigen3/Eigen/src/Geometry\n'}
[41.370817] (nvblox) StdoutLine: {'line': b'-- Installing: /home/czz/nvblox_ws/build/nvblox/nvblox/eigen/include/eigen3/Eigen/src/Geometry/ParametrizedLine.h\n'}
[41.370856] (nvblox) StdoutLine: {'line': b'-- Installing: /home/czz/nvblox_ws/build/nvblox/nvblox/eigen/include/eigen3/Eigen/src/Geometry/Umeyama.h\n'}
[41.370897] (nvblox) StdoutLine: {'line': b'-- Installing: /home/czz/nvblox_ws/build/nvblox/nvblox/eigen/include/eigen3/Eigen/src/Geometry/AlignedBox.h\n'}
[41.370924] (nvblox) StdoutLine: {'line': b'-- Installing: /home/czz/nvblox_ws/build/nvblox/nvblox/eigen/include/eigen3/Eigen/src/Geometry/RotationBase.h\n'}
[41.370962] (nvblox) StdoutLine: {'line': b'-- Installing: /home/czz/nvblox_ws/build/nvblox/nvblox/eigen/include/eigen3/Eigen/src/Geometry/Scaling.h\n'}
[41.371006] (nvblox) StdoutLine: {'line': b'-- Installing: /home/czz/nvblox_ws/build/nvblox/nvblox/eigen/include/eigen3/Eigen/src/Geometry/Homogeneous.h\n'}
[41.371042] (nvblox) StdoutLine: {'line': b'-- Installing: /home/czz/nvblox_ws/build/nvblox/nvblox/eigen/include/eigen3/Eigen/src/Geometry/Quaternion.h\n'}
[41.371066] (nvblox) StdoutLine: {'line': b'-- Installing: /home/czz/nvblox_ws/build/nvblox/nvblox/eigen/include/eigen3/Eigen/src/Geometry/Rotation2D.h\n'}
[41.371104] (nvblox) StdoutLine: {'line': b'-- Installing: /home/czz/nvblox_ws/build/nvblox/nvblox/eigen/include/eigen3/Eigen/src/Geometry/Hyperplane.h\n'}
[41.371147] (nvblox) StdoutLine: {'line': b'-- Installing: /home/czz/nvblox_ws/build/nvblox/nvblox/eigen/include/eigen3/Eigen/src/Geometry/arch\n'}
[41.371176] (nvblox) StdoutLine: {'line': b'-- Installing: /home/czz/nvblox_ws/build/nvblox/nvblox/eigen/include/eigen3/Eigen/src/Geometry/arch/Geometry_SIMD.h\n'}
[41.371213] (nvblox) StdoutLine: {'line': b'-- Installing: /home/czz/nvblox_ws/build/nvblox/nvblox/eigen/include/eigen3/Eigen/src/Geometry/AngleAxis.h\n'}
[41.371258] (nvblox) StdoutLine: {'line': b'-- Installing: /home/czz/nvblox_ws/build/nvblox/nvblox/eigen/include/eigen3/Eigen/src/Geometry/OrthoMethods.h\n'}
[41.371284] (nvblox) StdoutLine: {'line': b'-- Installing: /home/czz/nvblox_ws/build/nvblox/nvblox/eigen/include/eigen3/Eigen/src/Geometry/Translation.h\n'}
[41.371308] (nvblox) StdoutLine: {'line': b'-- Installing: /home/czz/nvblox_ws/build/nvblox/nvblox/eigen/include/eigen3/Eigen/src/Geometry/EulerAngles.h\n'}
[41.371357] (nvblox) StdoutLine: {'line': b'-- Installing: /home/czz/nvblox_ws/build/nvblox/nvblox/eigen/include/eigen3/Eigen/src/Geometry/Transform.h\n'}
[41.371381] (nvblox) StdoutLine: {'line': b'-- Installing: /home/czz/nvblox_ws/build/nvblox/nvblox/eigen/include/eigen3/Eigen/src/SVD\n'}
[41.371404] (nvblox) StdoutLine: {'line': b'-- Installing: /home/czz/nvblox_ws/build/nvblox/nvblox/eigen/include/eigen3/Eigen/src/SVD/BDCSVD.h\n'}
[41.371439] (nvblox) StdoutLine: {'line': b'-- Installing: /home/czz/nvblox_ws/build/nvblox/nvblox/eigen/include/eigen3/Eigen/src/SVD/UpperBidiagonalization.h\n'}
[41.371484] (nvblox) StdoutLine: {'line': b'-- Installing: /home/czz/nvblox_ws/build/nvblox/nvblox/eigen/include/eigen3/Eigen/src/SVD/SVDBase.h\n'}
[41.371507] (nvblox) StdoutLine: {'line': b'-- Installing: /home/czz/nvblox_ws/build/nvblox/nvblox/eigen/include/eigen3/Eigen/src/SVD/JacobiSVD_LAPACKE.h\n'}
[41.371547] (nvblox) StdoutLine: {'line': b'-- Installing: /home/czz/nvblox_ws/build/nvblox/nvblox/eigen/include/eigen3/Eigen/src/SVD/JacobiSVD.h\n'}
[41.371584] (nvblox) StdoutLine: {'line': b'-- Installing: /home/czz/nvblox_ws/build/nvblox/nvblox/eigen/include/eigen3/Eigen/src/StlSupport\n'}
[41.371620] (nvblox) StdoutLine: {'line': b'-- Installing: /home/czz/nvblox_ws/build/nvblox/nvblox/eigen/include/eigen3/Eigen/src/StlSupport/StdList.h\n'}
[41.371664] (nvblox) StdoutLine: {'line': b'-- Installing: /home/czz/nvblox_ws/build/nvblox/nvblox/eigen/include/eigen3/Eigen/src/StlSupport/StdDeque.h\n'}
[41.371686] (nvblox) StdoutLine: {'line': b'-- Installing: /home/czz/nvblox_ws/build/nvblox/nvblox/eigen/include/eigen3/Eigen/src/StlSupport/StdVector.h\n'}
[41.371730] (nvblox) StdoutLine: {'line': b'-- Installing: /home/czz/nvblox_ws/build/nvblox/nvblox/eigen/include/eigen3/Eigen/src/StlSupport/details.h\n'}
[41.371755] (nvblox) StdoutLine: {'line': b'-- Installing: /home/czz/nvblox_ws/build/nvblox/nvblox/eigen/include/eigen3/Eigen/src/SPQRSupport\n'}
[41.371792] (nvblox) StdoutLine: {'line': b'-- Installing: /home/czz/nvblox_ws/build/nvblox/nvblox/eigen/include/eigen3/Eigen/src/SPQRSupport/SuiteSparseQRSupport.h\n'}
[41.371830] (nvblox) StdoutLine: {'line': b'-- Installing: /home/czz/nvblox_ws/build/nvblox/nvblox/eigen/include/eigen3/Eigen/src/IterativeLinearSolvers\n'}
[41.371876] (nvblox) StdoutLine: {'line': b'-- Installing: /home/czz/nvblox_ws/build/nvblox/nvblox/eigen/include/eigen3/Eigen/src/IterativeLinearSolvers/BiCGSTAB.h\n'}
[41.371899] (nvblox) StdoutLine: {'line': b'-- Installing: /home/czz/nvblox_ws/build/nvblox/nvblox/eigen/include/eigen3/Eigen/src/IterativeLinearSolvers/ConjugateGradient.h\n'}
[41.371924] (nvblox) StdoutLine: {'line': b'-- Installing: /home/czz/nvblox_ws/build/nvblox/nvblox/eigen/include/eigen3/Eigen/src/IterativeLinearSolvers/SolveWithGuess.h\n'}
[41.371962] (nvblox) StdoutLine: {'line': b'-- Installing: /home/czz/nvblox_ws/build/nvblox/nvblox/eigen/include/eigen3/Eigen/src/IterativeLinearSolvers/BasicPreconditioners.h\n'}
[41.372001] (nvblox) StdoutLine: {'line': b'-- Installing: /home/czz/nvblox_ws/build/nvblox/nvblox/eigen/include/eigen3/Eigen/src/IterativeLinearSolvers/IterativeSolverBase.h\n'}
[41.372049] (nvblox) StdoutLine: {'line': b'-- Installing: /home/czz/nvblox_ws/build/nvblox/nvblox/eigen/include/eigen3/Eigen/src/IterativeLinearSolvers/IncompleteCholesky.h\n'}
[41.372081] (nvblox) StdoutLine: {'line': b'-- Installing: /home/czz/nvblox_ws/build/nvblox/nvblox/eigen/include/eigen3/Eigen/src/IterativeLinearSolvers/LeastSquareConjugateGradient.h\n'}
[41.372107] (nvblox) StdoutLine: {'line': b'-- Installing: /home/czz/nvblox_ws/build/nvblox/nvblox/eigen/include/eigen3/Eigen/src/IterativeLinearSolvers/IncompleteLUT.h\n'}
[41.372142] (nvblox) StdoutLine: {'line': b'-- Installing: /home/czz/nvblox_ws/build/nvblox/nvblox/eigen/include/eigen3/Eigen/src/Householder\n'}
[41.372168] (nvblox) StdoutLine: {'line': b'-- Installing: /home/czz/nvblox_ws/build/nvblox/nvblox/eigen/include/eigen3/Eigen/src/Householder/Householder.h\n'}
[41.372206] (nvblox) StdoutLine: {'line': b'-- Installing: /home/czz/nvblox_ws/build/nvblox/nvblox/eigen/include/eigen3/Eigen/src/Householder/HouseholderSequence.h\n'}
[41.372248] (nvblox) StdoutLine: {'line': b'-- Installing: /home/czz/nvblox_ws/build/nvblox/nvblox/eigen/include/eigen3/Eigen/src/Householder/BlockHouseholder.h\n'}
[41.372284] (nvblox) StdoutLine: {'line': b'-- Installing: /home/czz/nvblox_ws/build/nvblox/nvblox/eigen/include/eigen3/Eigen/src/Cholesky\n'}
[41.372307] (nvblox) StdoutLine: {'line': b'-- Installing: /home/czz/nvblox_ws/build/nvblox/nvblox/eigen/include/eigen3/Eigen/src/Cholesky/LLT_LAPACKE.h\n'}
[41.372345] (nvblox) StdoutLine: {'line': b'-- Installing: /home/czz/nvblox_ws/build/nvblox/nvblox/eigen/include/eigen3/Eigen/src/Cholesky/LLT.h\n'}
[41.372392] (nvblox) StdoutLine: {'line': b'-- Installing: /home/czz/nvblox_ws/build/nvblox/nvblox/eigen/include/eigen3/Eigen/src/Cholesky/LDLT.h\n'}
[41.372417] (nvblox) StdoutLine: {'line': b'-- Installing: /home/czz/nvblox_ws/build/nvblox/nvblox/eigen/include/eigen3/Eigen/src/PaStiXSupport\n'}
[41.372455] (nvblox) StdoutLine: {'line': b'-- Installing: /home/czz/nvblox_ws/build/nvblox/nvblox/eigen/include/eigen3/Eigen/src/PaStiXSupport/PaStiXSupport.h\n'}
[41.372489] (nvblox) StdoutLine: {'line': b'-- Installing: /home/czz/nvblox_ws/build/nvblox/nvblox/eigen/include/eigen3/Eigen/PaStiXSupport\n'}
[41.372531] (nvblox) StdoutLine: {'line': b'-- Installing: /home/czz/nvblox_ws/build/nvblox/nvblox/eigen/share/eigen3/cmake/Eigen3Targets.cmake\n'}
[41.372598] (nvblox) StdoutLine: {'line': b'-- Installing: /home/czz/nvblox_ws/build/nvblox/nvblox/eigen/share/eigen3/cmake/UseEigen3.cmake\n'}
[41.372634] (nvblox) StdoutLine: {'line': b'-- Installing: /home/czz/nvblox_ws/build/nvblox/nvblox/eigen/share/eigen3/cmake/Eigen3Config.cmake\n'}
[41.372667] (nvblox) StdoutLine: {'line': b'-- Installing: /home/czz/nvblox_ws/build/nvblox/nvblox/eigen/share/eigen3/cmake/Eigen3ConfigVersion.cmake\n'}
[41.372926] (nvblox) StdoutLine: {'line': b'-- Installing: /home/czz/nvblox_ws/build/nvblox/nvblox/eigen/include/eigen3/unsupported/Eigen/AdolcForward\n'}
[41.372961] (nvblox) StdoutLine: {'line': b'-- Installing: /home/czz/nvblox_ws/build/nvblox/nvblox/eigen/include/eigen3/unsupported/Eigen/AlignedVector3\n'}
[41.372999] (nvblox) StdoutLine: {'line': b'-- Installing: /home/czz/nvblox_ws/build/nvblox/nvblox/eigen/include/eigen3/unsupported/Eigen/ArpackSupport\n'}
[41.373030] (nvblox) StdoutLine: {'line': b'-- Installing: /home/czz/nvblox_ws/build/nvblox/nvblox/eigen/include/eigen3/unsupported/Eigen/AutoDiff\n'}
[41.373060] (nvblox) StdoutLine: {'line': b'-- Installing: /home/czz/nvblox_ws/build/nvblox/nvblox/eigen/include/eigen3/unsupported/Eigen/BVH\n'}
[41.373090] (nvblox) StdoutLine: {'line': b'-- Installing: /home/czz/nvblox_ws/build/nvblox/nvblox/eigen/include/eigen3/unsupported/Eigen/EulerAngles\n'}
[41.373127] (nvblox) StdoutLine: {'line': b'-- Installing: /home/czz/nvblox_ws/build/nvblox/nvblox/eigen/include/eigen3/unsupported/Eigen/FFT\n'}
[41.373165] (nvblox) StdoutLine: {'line': b'-- Installing: /home/czz/nvblox_ws/build/nvblox/nvblox/eigen/include/eigen3/unsupported/Eigen/IterativeSolvers\n'}
[41.373204] (nvblox) StdoutLine: {'line': b'-- Installing: /home/czz/nvblox_ws/build/nvblox/nvblox/eigen/include/eigen3/unsupported/Eigen/KroneckerProduct\n'}
[41.373241] (nvblox) StdoutLine: {'line': b'-- Installing: /home/czz/nvblox_ws/build/nvblox/nvblox/eigen/include/eigen3/unsupported/Eigen/LevenbergMarquardt\n'}
[41.373272] (nvblox) StdoutLine: {'line': b'-- Installing: /home/czz/nvblox_ws/build/nvblox/nvblox/eigen/include/eigen3/unsupported/Eigen/MatrixFunctions\n'}
[41.373309] (nvblox) StdoutLine: {'line': b'-- Installing: /home/czz/nvblox_ws/build/nvblox/nvblox/eigen/include/eigen3/unsupported/Eigen/MoreVectorization\n'}
[41.373341] (nvblox) StdoutLine: {'line': b'-- Installing: /home/czz/nvblox_ws/build/nvblox/nvblox/eigen/include/eigen3/unsupported/Eigen/MPRealSupport\n'}
[41.373376] (nvblox) StdoutLine: {'line': b'-- Installing: /home/czz/nvblox_ws/build/nvblox/nvblox/eigen/include/eigen3/unsupported/Eigen/NonLinearOptimization\n'}
[41.373408] (nvblox) StdoutLine: {'line': b'-- Installing: /home/czz/nvblox_ws/build/nvblox/nvblox/eigen/include/eigen3/unsupported/Eigen/NumericalDiff\n'}
[41.373440] (nvblox) StdoutLine: {'line': b'-- Installing: /home/czz/nvblox_ws/build/nvblox/nvblox/eigen/include/eigen3/unsupported/Eigen/OpenGLSupport\n'}
[41.373477] (nvblox) StdoutLine: {'line': b'-- Installing: /home/czz/nvblox_ws/build/nvblox/nvblox/eigen/include/eigen3/unsupported/Eigen/Polynomials\n'}
[41.373508] (nvblox) StdoutLine: {'line': b'-- Installing: /home/czz/nvblox_ws/build/nvblox/nvblox/eigen/include/eigen3/unsupported/Eigen/Skyline\n'}
[41.373552] (nvblox) StdoutLine: {'line': b'-- Installing: /home/czz/nvblox_ws/build/nvblox/nvblox/eigen/include/eigen3/unsupported/Eigen/SparseExtra\n'}
[41.373574] (nvblox) StdoutLine: {'line': b'-- Installing: /home/czz/nvblox_ws/build/nvblox/nvblox/eigen/include/eigen3/unsupported/Eigen/SpecialFunctions\n'}
[41.373613] (nvblox) StdoutLine: {'line': b'-- Installing: /home/czz/nvblox_ws/build/nvblox/nvblox/eigen/include/eigen3/unsupported/Eigen/Splines\n'}
[41.373649] (nvblox) StdoutLine: {'line': b'-- Installing: /home/czz/nvblox_ws/build/nvblox/nvblox/eigen/include/eigen3/unsupported/Eigen/src\n'}
[41.373681] (nvblox) StdoutLine: {'line': b'-- Installing: /home/czz/nvblox_ws/build/nvblox/nvblox/eigen/include/eigen3/unsupported/Eigen/src/MoreVectorization\n'}
[41.373719] (nvblox) StdoutLine: {'line': b'-- Installing: /home/czz/nvblox_ws/build/nvblox/nvblox/eigen/include/eigen3/unsupported/Eigen/src/MoreVectorization/MathFunctions.h\n'}
[41.373763] (nvblox) StdoutLine: {'line': b'-- Installing: /home/czz/nvblox_ws/build/nvblox/nvblox/eigen/include/eigen3/unsupported/Eigen/src/NonLinearOptimization\n'}
[41.373786] (nvblox) StdoutLine: {'line': b'-- Installing: /home/czz/nvblox_ws/build/nvblox/nvblox/eigen/include/eigen3/unsupported/Eigen/src/NonLinearOptimization/fdjac1.h\n'}
[41.373829] (nvblox) StdoutLine: {'line': b'-- Installing: /home/czz/nvblox_ws/build/nvblox/nvblox/eigen/include/eigen3/unsupported/Eigen/src/NonLinearOptimization/covar.h\n'}
[41.373854] (nvblox) StdoutLine: {'line': b'-- Installing: /home/czz/nvblox_ws/build/nvblox/nvblox/eigen/include/eigen3/unsupported/Eigen/src/NonLinearOptimization/qrsolv.h\n'}
[41.373892] (nvblox) StdoutLine: {'line': b'-- Installing: /home/czz/nvblox_ws/build/nvblox/nvblox/eigen/include/eigen3/unsupported/Eigen/src/NonLinearOptimization/r1mpyq.h\n'}
[41.373931] (nvblox) StdoutLine: {'line': b'-- Installing: /home/czz/nvblox_ws/build/nvblox/nvblox/eigen/include/eigen3/unsupported/Eigen/src/NonLinearOptimization/LevenbergMarquardt.h\n'}
[41.373974] (nvblox) StdoutLine: {'line': b'-- Installing: /home/czz/nvblox_ws/build/nvblox/nvblox/eigen/include/eigen3/unsupported/Eigen/src/NonLinearOptimization/rwupdt.h\n'}
[41.373998] (nvblox) StdoutLine: {'line': b'-- Installing: /home/czz/nvblox_ws/build/nvblox/nvblox/eigen/include/eigen3/unsupported/Eigen/src/NonLinearOptimization/chkder.h\n'}
[41.374039] (nvblox) StdoutLine: {'line': b'-- Installing: /home/czz/nvblox_ws/build/nvblox/nvblox/eigen/include/eigen3/unsupported/Eigen/src/NonLinearOptimization/HybridNonLinearSolver.h\n'}
[41.374084] (nvblox) StdoutLine: {'line': b'-- Installing: /home/czz/nvblox_ws/build/nvblox/nvblox/eigen/include/eigen3/unsupported/Eigen/src/NonLinearOptimization/dogleg.h\n'}
[41.374109] (nvblox) StdoutLine: {'line': b'-- Installing: /home/czz/nvblox_ws/build/nvblox/nvblox/eigen/include/eigen3/unsupported/Eigen/src/NonLinearOptimization/lmpar.h\n'}
[41.374145] (nvblox) StdoutLine: {'line': b'-- Installing: /home/czz/nvblox_ws/build/nvblox/nvblox/eigen/include/eigen3/unsupported/Eigen/src/NonLinearOptimization/r1updt.h\n'}
[41.374191] (nvblox) StdoutLine: {'line': b'-- Installing: /home/czz/nvblox_ws/build/nvblox/nvblox/eigen/include/eigen3/unsupported/Eigen/src/Skyline\n'}
[41.374215] (nvblox) StdoutLine: {'line': b'-- Installing: /home/czz/nvblox_ws/build/nvblox/nvblox/eigen/include/eigen3/unsupported/Eigen/src/Skyline/SkylineUtil.h\n'}
[41.374253] (nvblox) StdoutLine: {'line': b'-- Installing: /home/czz/nvblox_ws/build/nvblox/nvblox/eigen/include/eigen3/unsupported/Eigen/src/Skyline/SkylineStorage.h\n'}
[41.374294] (nvblox) StdoutLine: {'line': b'-- Installing: /home/czz/nvblox_ws/build/nvblox/nvblox/eigen/include/eigen3/unsupported/Eigen/src/Skyline/SkylineProduct.h\n'}
[41.374320] (nvblox) StdoutLine: {'line': b'-- Installing: /home/czz/nvblox_ws/build/nvblox/nvblox/eigen/include/eigen3/unsupported/Eigen/src/Skyline/SkylineMatrix.h\n'}
[41.374358] (nvblox) StdoutLine: {'line': b'-- Installing: /home/czz/nvblox_ws/build/nvblox/nvblox/eigen/include/eigen3/unsupported/Eigen/src/Skyline/SkylineMatrixBase.h\n'}
[41.374397] (nvblox) StdoutLine: {'line': b'-- Installing: /home/czz/nvblox_ws/build/nvblox/nvblox/eigen/include/eigen3/unsupported/Eigen/src/Skyline/SkylineInplaceLU.h\n'}
[41.374443] (nvblox) StdoutLine: {'line': b'-- Installing: /home/czz/nvblox_ws/build/nvblox/nvblox/eigen/include/eigen3/unsupported/Eigen/src/Eigenvalues\n'}
[41.374468] (nvblox) StdoutLine: {'line': b'-- Installing: /home/czz/nvblox_ws/build/nvblox/nvblox/eigen/include/eigen3/unsupported/Eigen/src/Eigenvalues/ArpackSelfAdjointEigenSolver.h\n'}
[41.374492] (nvblox) StdoutLine: {'line': b'-- Installing: /home/czz/nvblox_ws/build/nvblox/nvblox/eigen/include/eigen3/unsupported/Eigen/src/AutoDiff\n'}
[41.374530] (nvblox) StdoutLine: {'line': b'-- Installing: /home/czz/nvblox_ws/build/nvblox/nvblox/eigen/include/eigen3/unsupported/Eigen/src/AutoDiff/AutoDiffVector.h\n'}
[41.374571] (nvblox) StdoutLine: {'line': b'-- Installing: /home/czz/nvblox_ws/build/nvblox/nvblox/eigen/include/eigen3/unsupported/Eigen/src/AutoDiff/AutoDiffScalar.h\n'}
[41.374596] (nvblox) StdoutLine: {'line': b'-- Installing: /home/czz/nvblox_ws/build/nvblox/nvblox/eigen/include/eigen3/unsupported/Eigen/src/AutoDiff/AutoDiffJacobian.h\n'}
[41.374642] (nvblox) StdoutLine: {'line': b'-- Installing: /home/czz/nvblox_ws/build/nvblox/nvblox/eigen/include/eigen3/unsupported/Eigen/src/BVH\n'}
[41.374665] (nvblox) StdoutLine: {'line': b'-- Installing: /home/czz/nvblox_ws/build/nvblox/nvblox/eigen/include/eigen3/unsupported/Eigen/src/BVH/KdBVH.h\n'}
[41.374688] (nvblox) StdoutLine: {'line': b'-- Installing: /home/czz/nvblox_ws/build/nvblox/nvblox/eigen/include/eigen3/unsupported/Eigen/src/BVH/BVAlgorithms.h\n'}
[41.374733] (nvblox) StdoutLine: {'line': b'-- Installing: /home/czz/nvblox_ws/build/nvblox/nvblox/eigen/include/eigen3/unsupported/Eigen/src/EulerAngles\n'}
[41.374764] (nvblox) StdoutLine: {'line': b'-- Installing: /home/czz/nvblox_ws/build/nvblox/nvblox/eigen/include/eigen3/unsupported/Eigen/src/EulerAngles/EulerSystem.h\n'}
[41.374786] (nvblox) StdoutLine: {'line': b'-- Installing: /home/czz/nvblox_ws/build/nvblox/nvblox/eigen/include/eigen3/unsupported/Eigen/src/EulerAngles/EulerAngles.h\n'}
[41.374809] (nvblox) StdoutLine: {'line': b'-- Installing: /home/czz/nvblox_ws/build/nvblox/nvblox/eigen/include/eigen3/unsupported/Eigen/src/Polynomials\n'}
[41.374845] (nvblox) StdoutLine: {'line': b'-- Installing: /home/czz/nvblox_ws/build/nvblox/nvblox/eigen/include/eigen3/unsupported/Eigen/src/Polynomials/Companion.h\n'}
[41.374886] (nvblox) StdoutLine: {'line': b'-- Installing: /home/czz/nvblox_ws/build/nvblox/nvblox/eigen/include/eigen3/unsupported/Eigen/src/Polynomials/PolynomialUtils.h\n'}
[41.374909] (nvblox) StdoutLine: {'line': b'-- Installing: /home/czz/nvblox_ws/build/nvblox/nvblox/eigen/include/eigen3/unsupported/Eigen/src/Polynomials/PolynomialSolver.h\n'}
[41.374953] (nvblox) StdoutLine: {'line': b'-- Installing: /home/czz/nvblox_ws/build/nvblox/nvblox/eigen/include/eigen3/unsupported/Eigen/src/Splines\n'}
[41.374976] (nvblox) StdoutLine: {'line': b'-- Installing: /home/czz/nvblox_ws/build/nvblox/nvblox/eigen/include/eigen3/unsupported/Eigen/src/Splines/SplineFwd.h\n'}
[41.375010] (nvblox) StdoutLine: {'line': b'-- Installing: /home/czz/nvblox_ws/build/nvblox/nvblox/eigen/include/eigen3/unsupported/Eigen/src/Splines/Spline.h\n'}
[41.375048] (nvblox) StdoutLine: {'line': b'-- Installing: /home/czz/nvblox_ws/build/nvblox/nvblox/eigen/include/eigen3/unsupported/Eigen/src/Splines/SplineFitting.h\n'}
[41.375082] (nvblox) StdoutLine: {'line': b'-- Installing: /home/czz/nvblox_ws/build/nvblox/nvblox/eigen/include/eigen3/unsupported/Eigen/src/NumericalDiff\n'}
[41.375126] (nvblox) StdoutLine: {'line': b'-- Installing: /home/czz/nvblox_ws/build/nvblox/nvblox/eigen/include/eigen3/unsupported/Eigen/src/NumericalDiff/NumericalDiff.h\n'}
[41.375163] (nvblox) StdoutLine: {'line': b'-- Installing: /home/czz/nvblox_ws/build/nvblox/nvblox/eigen/include/eigen3/unsupported/Eigen/src/SpecialFunctions\n'}
[41.375188] (nvblox) StdoutLine: {'line': b'-- Installing: /home/czz/nvblox_ws/build/nvblox/nvblox/eigen/include/eigen3/unsupported/Eigen/src/SpecialFunctions/BesselFunctionsPacketMath.h\n'}
[41.375226] (nvblox) StdoutLine: {'line': b'-- Installing: /home/czz/nvblox_ws/build/nvblox/nvblox/eigen/include/eigen3/unsupported/Eigen/src/SpecialFunctions/SpecialFunctionsFunctors.h\n'}
[41.375273] (nvblox) StdoutLine: {'line': b'-- Installing: /home/czz/nvblox_ws/build/nvblox/nvblox/eigen/include/eigen3/unsupported/Eigen/src/SpecialFunctions/SpecialFunctionsHalf.h\n'}
[41.375298] (nvblox) StdoutLine: {'line': b'-- Installing: /home/czz/nvblox_ws/build/nvblox/nvblox/eigen/include/eigen3/unsupported/Eigen/src/SpecialFunctions/BesselFunctionsFunctors.h\n'}
[41.375336] (nvblox) StdoutLine: {'line': b'-- Installing: /home/czz/nvblox_ws/build/nvblox/nvblox/eigen/include/eigen3/unsupported/Eigen/src/SpecialFunctions/BesselFunctionsBFloat16.h\n'}
[41.375377] (nvblox) StdoutLine: {'line': b'-- Installing: /home/czz/nvblox_ws/build/nvblox/nvblox/eigen/include/eigen3/unsupported/Eigen/src/SpecialFunctions/SpecialFunctionsPacketMath.h\n'}
[41.375419] (nvblox) StdoutLine: {'line': b'-- Installing: /home/czz/nvblox_ws/build/nvblox/nvblox/eigen/include/eigen3/unsupported/Eigen/src/SpecialFunctions/arch\n'}
[41.375445] (nvblox) StdoutLine: {'line': b'-- Installing: /home/czz/nvblox_ws/build/nvblox/nvblox/eigen/include/eigen3/unsupported/Eigen/src/SpecialFunctions/arch/AVX\n'}
[41.375486] (nvblox) StdoutLine: {'line': b'-- Installing: /home/czz/nvblox_ws/build/nvblox/nvblox/eigen/include/eigen3/unsupported/Eigen/src/SpecialFunctions/arch/AVX/SpecialFunctions.h\n'}
[41.375511] (nvblox) StdoutLine: {'line': b'-- Installing: /home/czz/nvblox_ws/build/nvblox/nvblox/eigen/include/eigen3/unsupported/Eigen/src/SpecialFunctions/arch/AVX/BesselFunctions.h\n'}
[41.375552] (nvblox) StdoutLine: {'line': b'-- Installing: /home/czz/nvblox_ws/build/nvblox/nvblox/eigen/include/eigen3/unsupported/Eigen/src/SpecialFunctions/arch/NEON\n'}
[41.375577] (nvblox) StdoutLine: {'line': b'-- Installing: /home/czz/nvblox_ws/build/nvblox/nvblox/eigen/include/eigen3/unsupported/Eigen/src/SpecialFunctions/arch/NEON/SpecialFunctions.h\n'}
[41.375616] (nvblox) StdoutLine: {'line': b'-- Installing: /home/czz/nvblox_ws/build/nvblox/nvblox/eigen/include/eigen3/unsupported/Eigen/src/SpecialFunctions/arch/NEON/BesselFunctions.h\n'}
[41.375642] (nvblox) StdoutLine: {'line': b'-- Installing: /home/czz/nvblox_ws/build/nvblox/nvblox/eigen/include/eigen3/unsupported/Eigen/src/SpecialFunctions/arch/GPU\n'}
[41.375682] (nvblox) StdoutLine: {'line': b'-- Installing: /home/czz/nvblox_ws/build/nvblox/nvblox/eigen/include/eigen3/unsupported/Eigen/src/SpecialFunctions/arch/GPU/SpecialFunctions.h\n'}
[41.375708] (nvblox) StdoutLine: {'line': b'-- Installing: /home/czz/nvblox_ws/build/nvblox/nvblox/eigen/include/eigen3/unsupported/Eigen/src/SpecialFunctions/arch/AVX512\n'}
[41.375748] (nvblox) StdoutLine: {'line': b'-- Installing: /home/czz/nvblox_ws/build/nvblox/nvblox/eigen/include/eigen3/unsupported/Eigen/src/SpecialFunctions/arch/AVX512/SpecialFunctions.h\n'}
[41.375787] (nvblox) StdoutLine: {'line': b'-- Installing: /home/czz/nvblox_ws/build/nvblox/nvblox/eigen/include/eigen3/unsupported/Eigen/src/SpecialFunctions/arch/AVX512/BesselFunctions.h\n'}
[41.375812] (nvblox) StdoutLine: {'line': b'-- Installing: /home/czz/nvblox_ws/build/nvblox/nvblox/eigen/include/eigen3/unsupported/Eigen/src/SpecialFunctions/BesselFunctionsArrayAPI.h\n'}
[41.375837] (nvblox) StdoutLine: {'line': b'-- Installing: /home/czz/nvblox_ws/build/nvblox/nvblox/eigen/include/eigen3/unsupported/Eigen/src/SpecialFunctions/HipVectorCompatibility.h\n'}
[41.375876] (nvblox) StdoutLine: {'line': b'-- Installing: /home/czz/nvblox_ws/build/nvblox/nvblox/eigen/include/eigen3/unsupported/Eigen/src/SpecialFunctions/SpecialFunctionsArrayAPI.h\n'}
[41.375925] (nvblox) StdoutLine: {'line': b'-- Installing: /home/czz/nvblox_ws/build/nvblox/nvblox/eigen/include/eigen3/unsupported/Eigen/src/SpecialFunctions/SpecialFunctionsImpl.h\n'}
[41.375951] (nvblox) StdoutLine: {'line': b'-- Installing: /home/czz/nvblox_ws/build/nvblox/nvblox/eigen/include/eigen3/unsupported/Eigen/src/SpecialFunctions/SpecialFunctionsBFloat16.h\n'}
[41.375975] (nvblox) StdoutLine: {'line': b'-- Installing: /home/czz/nvblox_ws/build/nvblox/nvblox/eigen/include/eigen3/unsupported/Eigen/src/SpecialFunctions/BesselFunctionsImpl.h\n'}
[41.376014] (nvblox) StdoutLine: {'line': b'-- Installing: /home/czz/nvblox_ws/build/nvblox/nvblox/eigen/include/eigen3/unsupported/Eigen/src/SpecialFunctions/BesselFunctionsHalf.h\n'}
[41.376054] (nvblox) StdoutLine: {'line': b'-- Installing: /home/czz/nvblox_ws/build/nvblox/nvblox/eigen/include/eigen3/unsupported/Eigen/src/MatrixFunctions\n'}
[41.376078] (nvblox) StdoutLine: {'line': b'-- Installing: /home/czz/nvblox_ws/build/nvblox/nvblox/eigen/include/eigen3/unsupported/Eigen/src/MatrixFunctions/MatrixFunction.h\n'}
[41.376116] (nvblox) StdoutLine: {'line': b'-- Installing: /home/czz/nvblox_ws/build/nvblox/nvblox/eigen/include/eigen3/unsupported/Eigen/src/MatrixFunctions/StemFunction.h\n'}
[41.376166] (nvblox) StdoutLine: {'line': b'-- Installing: /home/czz/nvblox_ws/build/nvblox/nvblox/eigen/include/eigen3/unsupported/Eigen/src/MatrixFunctions/MatrixLogarithm.h\n'}
[41.376192] (nvblox) StdoutLine: {'line': b'-- Installing: /home/czz/nvblox_ws/build/nvblox/nvblox/eigen/include/eigen3/unsupported/Eigen/src/MatrixFunctions/MatrixPower.h\n'}
[41.376227] (nvblox) StdoutLine: {'line': b'-- Installing: /home/czz/nvblox_ws/build/nvblox/nvblox/eigen/include/eigen3/unsupported/Eigen/src/MatrixFunctions/MatrixSquareRoot.h\n'}
[41.376279] (nvblox) StdoutLine: {'line': b'-- Installing: /home/czz/nvblox_ws/build/nvblox/nvblox/eigen/include/eigen3/unsupported/Eigen/src/MatrixFunctions/MatrixExponential.h\n'}
[41.376316] (nvblox) StdoutLine: {'line': b'-- Installing: /home/czz/nvblox_ws/build/nvblox/nvblox/eigen/include/eigen3/unsupported/Eigen/src/LevenbergMarquardt\n'}
[41.376350] (nvblox) StdoutLine: {'line': b'-- Installing: /home/czz/nvblox_ws/build/nvblox/nvblox/eigen/include/eigen3/unsupported/Eigen/src/LevenbergMarquardt/LevenbergMarquardt.h\n'}
[41.376389] (nvblox) StdoutLine: {'line': b'-- Installing: /home/czz/nvblox_ws/build/nvblox/nvblox/eigen/include/eigen3/unsupported/Eigen/src/LevenbergMarquardt/LMpar.h\n'}
[41.376428] (nvblox) StdoutLine: {'line': b'-- Installing: /home/czz/nvblox_ws/build/nvblox/nvblox/eigen/include/eigen3/unsupported/Eigen/src/LevenbergMarquardt/LMqrsolv.h\n'}
[41.376466] (nvblox) StdoutLine: {'line': b'-- Installing: /home/czz/nvblox_ws/build/nvblox/nvblox/eigen/include/eigen3/unsupported/Eigen/src/LevenbergMarquardt/LMcovar.h\n'}
[41.376499] (nvblox) StdoutLine: {'line': b'-- Installing: /home/czz/nvblox_ws/build/nvblox/nvblox/eigen/include/eigen3/unsupported/Eigen/src/LevenbergMarquardt/LMonestep.h\n'}
[41.376541] (nvblox) StdoutLine: {'line': b'-- Installing: /home/czz/nvblox_ws/build/nvblox/nvblox/eigen/include/eigen3/unsupported/Eigen/src/IterativeSolvers\n'}
[41.376588] (nvblox) StdoutLine: {'line': b'-- Installing: /home/czz/nvblox_ws/build/nvblox/nvblox/eigen/include/eigen3/unsupported/Eigen/src/IterativeSolvers/DGMRES.h\n'}
[41.376616] (nvblox) StdoutLine: {'line': b'-- Installing: /home/czz/nvblox_ws/build/nvblox/nvblox/eigen/include/eigen3/unsupported/Eigen/src/IterativeSolvers/Scaling.h\n'}
[41.376655] (nvblox) StdoutLine: {'line': b'-- Installing: /home/czz/nvblox_ws/build/nvblox/nvblox/eigen/include/eigen3/unsupported/Eigen/src/IterativeSolvers/IDRS.h\n'}
[41.376706] (nvblox) StdoutLine: {'line': b'-- Installing: /home/czz/nvblox_ws/build/nvblox/nvblox/eigen/include/eigen3/unsupported/Eigen/src/IterativeSolvers/ConstrainedConjGrad.h\n'}
[41.376763] (nvblox) StdoutLine: {'line': b'-- Installing: /home/czz/nvblox_ws/build/nvblox/nvblox/eigen/include/eigen3/unsupported/Eigen/src/IterativeSolvers/IncompleteLU.h\n'}
[41.376790] (nvblox) StdoutLine: {'line': b'-- Installing: /home/czz/nvblox_ws/build/nvblox/nvblox/eigen/include/eigen3/unsupported/Eigen/src/IterativeSolvers/MINRES.h\n'}
[41.376829] (nvblox) StdoutLine: {'line': b'-- Installing: /home/czz/nvblox_ws/build/nvblox/nvblox/eigen/include/eigen3/unsupported/Eigen/src/IterativeSolvers/GMRES.h\n'}
[41.376873] (nvblox) StdoutLine: {'line': b'-- Installing: /home/czz/nvblox_ws/build/nvblox/nvblox/eigen/include/eigen3/unsupported/Eigen/src/IterativeSolvers/IterationController.h\n'}
[41.376899] (nvblox) StdoutLine: {'line': b'-- Installing: /home/czz/nvblox_ws/build/nvblox/nvblox/eigen/include/eigen3/unsupported/Eigen/src/FFT\n'}
[41.376940] (nvblox) StdoutLine: {'line': b'-- Installing: /home/czz/nvblox_ws/build/nvblox/nvblox/eigen/include/eigen3/unsupported/Eigen/src/FFT/ei_fftw_impl.h\n'}
[41.376965] (nvblox) StdoutLine: {'line': b'-- Installing: /home/czz/nvblox_ws/build/nvblox/nvblox/eigen/include/eigen3/unsupported/Eigen/src/FFT/ei_kissfft_impl.h\n'}
[41.377007] (nvblox) StdoutLine: {'line': b'-- Installing: /home/czz/nvblox_ws/build/nvblox/nvblox/eigen/include/eigen3/unsupported/Eigen/src/KroneckerProduct\n'}
[41.377034] (nvblox) StdoutLine: {'line': b'-- Installing: /home/czz/nvblox_ws/build/nvblox/nvblox/eigen/include/eigen3/unsupported/Eigen/src/KroneckerProduct/KroneckerTensorProduct.h\n'}
[41.377077] (nvblox) StdoutLine: {'line': b'-- Installing: /home/czz/nvblox_ws/build/nvblox/nvblox/eigen/include/eigen3/unsupported/Eigen/src/SparseExtra\n'}
[41.377103] (nvblox) StdoutLine: {'line': b'-- Installing: /home/czz/nvblox_ws/build/nvblox/nvblox/eigen/include/eigen3/unsupported/Eigen/src/SparseExtra/DynamicSparseMatrix.h\n'}
[41.377144] (nvblox) StdoutLine: {'line': b'-- Installing: /home/czz/nvblox_ws/build/nvblox/nvblox/eigen/include/eigen3/unsupported/Eigen/src/SparseExtra/MarketIO.h\n'}
[41.377176] (nvblox) StdoutLine: {'line': b'-- Installing: /home/czz/nvblox_ws/build/nvblox/nvblox/eigen/include/eigen3/unsupported/Eigen/src/SparseExtra/RandomSetter.h\n'}
[41.377213] (nvblox) StdoutLine: {'line': b'-- Installing: /home/czz/nvblox_ws/build/nvblox/nvblox/eigen/include/eigen3/unsupported/Eigen/src/SparseExtra/BlockSparseMatrix.h\n'}
[41.377237] (nvblox) StdoutLine: {'line': b'-- Installing: /home/czz/nvblox_ws/build/nvblox/nvblox/eigen/include/eigen3/unsupported/Eigen/src/SparseExtra/BlockOfDynamicSparseMatrix.h\n'}
[41.377271] (nvblox) StdoutLine: {'line': b'-- Installing: /home/czz/nvblox_ws/build/nvblox/nvblox/eigen/include/eigen3/unsupported/Eigen/src/SparseExtra/MatrixMarketIterator.h\n'}
[41.377356] (nvblox) StdoutLine: {'line': b'-- Installing: /home/czz/nvblox_ws/build/nvblox/nvblox/eigen/include/eigen3/unsupported/Eigen/CXX11/Tensor\n'}
[41.377393] (nvblox) StdoutLine: {'line': b'-- Installing: /home/czz/nvblox_ws/build/nvblox/nvblox/eigen/include/eigen3/unsupported/Eigen/CXX11/TensorSymmetry\n'}
[41.377429] (nvblox) StdoutLine: {'line': b'-- Installing: /home/czz/nvblox_ws/build/nvblox/nvblox/eigen/include/eigen3/unsupported/Eigen/CXX11/ThreadPool\n'}
[41.377480] (nvblox) StdoutLine: {'line': b'-- Installing: /home/czz/nvblox_ws/build/nvblox/nvblox/eigen/include/eigen3/unsupported/Eigen/CXX11/src\n'}
[41.377511] (nvblox) StdoutLine: {'line': b'-- Installing: /home/czz/nvblox_ws/build/nvblox/nvblox/eigen/include/eigen3/unsupported/Eigen/CXX11/src/ThreadPool\n'}
[41.377552] (nvblox) StdoutLine: {'line': b'-- Installing: /home/czz/nvblox_ws/build/nvblox/nvblox/eigen/include/eigen3/unsupported/Eigen/CXX11/src/ThreadPool/ThreadCancel.h\n'}
[41.377591] (nvblox) StdoutLine: {'line': b'-- Installing: /home/czz/nvblox_ws/build/nvblox/nvblox/eigen/include/eigen3/unsupported/Eigen/CXX11/src/ThreadPool/ThreadYield.h\n'}
[41.377631] (nvblox) StdoutLine: {'line': b'-- Installing: /home/czz/nvblox_ws/build/nvblox/nvblox/eigen/include/eigen3/unsupported/Eigen/CXX11/src/ThreadPool/Barrier.h\n'}
[41.377672] (nvblox) StdoutLine: {'line': b'-- Installing: /home/czz/nvblox_ws/build/nvblox/nvblox/eigen/include/eigen3/unsupported/Eigen/CXX11/src/ThreadPool/ThreadEnvironment.h\n'}
[41.377711] (nvblox) StdoutLine: {'line': b'-- Installing: /home/czz/nvblox_ws/build/nvblox/nvblox/eigen/include/eigen3/unsupported/Eigen/CXX11/src/ThreadPool/ThreadLocal.h\n'}
[41.377756] (nvblox) StdoutLine: {'line': b'-- Installing: /home/czz/nvblox_ws/build/nvblox/nvblox/eigen/include/eigen3/unsupported/Eigen/CXX11/src/ThreadPool/ThreadPoolInterface.h\n'}
[41.377788] (nvblox) StdoutLine: {'line': b'-- Installing: /home/czz/nvblox_ws/build/nvblox/nvblox/eigen/include/eigen3/unsupported/Eigen/CXX11/src/ThreadPool/NonBlockingThreadPool.h\n'}
[41.377812] (nvblox) StdoutLine: {'line': b'-- Installing: /home/czz/nvblox_ws/build/nvblox/nvblox/eigen/include/eigen3/unsupported/Eigen/CXX11/src/ThreadPool/RunQueue.h\n'}
[41.377862] (nvblox) StdoutLine: {'line': b'-- Installing: /home/czz/nvblox_ws/build/nvblox/nvblox/eigen/include/eigen3/unsupported/Eigen/CXX11/src/ThreadPool/EventCount.h\n'}
[41.377885] (nvblox) StdoutLine: {'line': b'-- Installing: /home/czz/nvblox_ws/build/nvblox/nvblox/eigen/include/eigen3/unsupported/Eigen/CXX11/src/util\n'}
[41.377916] (nvblox) StdoutLine: {'line': b'-- Installing: /home/czz/nvblox_ws/build/nvblox/nvblox/eigen/include/eigen3/unsupported/Eigen/CXX11/src/util/EmulateArray.h\n'}
[41.377939] (nvblox) StdoutLine: {'line': b'-- Installing: /home/czz/nvblox_ws/build/nvblox/nvblox/eigen/include/eigen3/unsupported/Eigen/CXX11/src/util/CXX11Workarounds.h\n'}
[41.377978] (nvblox) StdoutLine: {'line': b'-- Installing: /home/czz/nvblox_ws/build/nvblox/nvblox/eigen/include/eigen3/unsupported/Eigen/CXX11/src/util/CXX11Meta.h\n'}
[41.378017] (nvblox) StdoutLine: {'line': b'-- Installing: /home/czz/nvblox_ws/build/nvblox/nvblox/eigen/include/eigen3/unsupported/Eigen/CXX11/src/util/MaxSizeVector.h\n'}
[41.378055] (nvblox) StdoutLine: {'line': b'-- Installing: /home/czz/nvblox_ws/build/nvblox/nvblox/eigen/include/eigen3/unsupported/Eigen/CXX11/src/TensorSymmetry\n'}
[41.378096] (nvblox) StdoutLine: {'line': b'-- Installing: /home/czz/nvblox_ws/build/nvblox/nvblox/eigen/include/eigen3/unsupported/Eigen/CXX11/src/TensorSymmetry/Symmetry.h\n'}
[41.378121] (nvblox) StdoutLine: {'line': b'-- Installing: /home/czz/nvblox_ws/build/nvblox/nvblox/eigen/include/eigen3/unsupported/Eigen/CXX11/src/TensorSymmetry/StaticSymmetry.h\n'}
[41.378162] (nvblox) StdoutLine: {'line': b'-- Installing: /home/czz/nvblox_ws/build/nvblox/nvblox/eigen/include/eigen3/unsupported/Eigen/CXX11/src/TensorSymmetry/util\n'}
[41.378205] (nvblox) StdoutLine: {'line': b'-- Installing: /home/czz/nvblox_ws/build/nvblox/nvblox/eigen/include/eigen3/unsupported/Eigen/CXX11/src/TensorSymmetry/util/TemplateGroupTheory.h\n'}
[41.378232] (nvblox) StdoutLine: {'line': b'-- Installing: /home/czz/nvblox_ws/build/nvblox/nvblox/eigen/include/eigen3/unsupported/Eigen/CXX11/src/TensorSymmetry/DynamicSymmetry.h\n'}
[41.378270] (nvblox) StdoutLine: {'line': b'-- Installing: /home/czz/nvblox_ws/build/nvblox/nvblox/eigen/include/eigen3/unsupported/Eigen/CXX11/src/Tensor\n'}
[41.378311] (nvblox) StdoutLine: {'line': b'-- Installing: /home/czz/nvblox_ws/build/nvblox/nvblox/eigen/include/eigen3/unsupported/Eigen/CXX11/src/Tensor/TensorReductionCuda.h\n'}
[41.378346] (nvblox) StdoutLine: {'line': b'-- Installing: /home/czz/nvblox_ws/build/nvblox/nvblox/eigen/include/eigen3/unsupported/Eigen/CXX11/src/Tensor/TensorConcatenation.h\n'}
[41.378380] (nvblox) StdoutLine: {'line': b'-- Installing: /home/czz/nvblox_ws/build/nvblox/nvblox/eigen/include/eigen3/unsupported/Eigen/CXX11/src/Tensor/TensorCostModel.h\n'}
[41.378411] (nvblox) StdoutLine: {'line': b'-- Installing: /home/czz/nvblox_ws/build/nvblox/nvblox/eigen/include/eigen3/unsupported/Eigen/CXX11/src/Tensor/TensorDimensions.h\n'}
[41.378434] (nvblox) StdoutLine: {'line': b'-- Installing: /home/czz/nvblox_ws/build/nvblox/nvblox/eigen/include/eigen3/unsupported/Eigen/CXX11/src/Tensor/TensorScan.h\n'}
[41.378467] (nvblox) StdoutLine: {'line': b'-- Installing: /home/czz/nvblox_ws/build/nvblox/nvblox/eigen/include/eigen3/unsupported/Eigen/CXX11/src/Tensor/TensorCustomOp.h\n'}
[41.378505] (nvblox) StdoutLine: {'line': b'-- Installing: /home/czz/nvblox_ws/build/nvblox/nvblox/eigen/include/eigen3/unsupported/Eigen/CXX11/src/Tensor/TensorForwardDeclarations.h\n'}
[41.378544] (nvblox) StdoutLine: {'line': b'-- Installing: /home/czz/nvblox_ws/build/nvblox/nvblox/eigen/include/eigen3/unsupported/Eigen/CXX11/src/Tensor/TensorGenerator.h\n'}
[41.378583] (nvblox) StdoutLine: {'line': b'-- Installing: /home/czz/nvblox_ws/build/nvblox/nvblox/eigen/include/eigen3/unsupported/Eigen/CXX11/src/Tensor/TensorContractionSycl.h\n'}
[41.378617] (nvblox) StdoutLine: {'line': b'-- Installing: /home/czz/nvblox_ws/build/nvblox/nvblox/eigen/include/eigen3/unsupported/Eigen/CXX11/src/Tensor/TensorRef.h\n'}
[41.378652] (nvblox) StdoutLine: {'line': b'-- Installing: /home/czz/nvblox_ws/build/nvblox/nvblox/eigen/include/eigen3/unsupported/Eigen/CXX11/src/Tensor/TensorGlobalFunctions.h\n'}
[41.378690] (nvblox) StdoutLine: {'line': b'-- Installing: /home/czz/nvblox_ws/build/nvblox/nvblox/eigen/include/eigen3/unsupported/Eigen/CXX11/src/Tensor/TensorMeta.h\n'}
[41.378722] (nvblox) StdoutLine: {'line': b'-- Installing: /home/czz/nvblox_ws/build/nvblox/nvblox/eigen/include/eigen3/unsupported/Eigen/CXX11/src/Tensor/TensorReductionSycl.h\n'}
[41.378763] (nvblox) StdoutLine: {'line': b'-- Installing: /home/czz/nvblox_ws/build/nvblox/nvblox/eigen/include/eigen3/unsupported/Eigen/CXX11/src/Tensor/TensorEvaluator.h\n'}
[41.378808] (nvblox) StdoutLine: {'line': b'-- Installing: /home/czz/nvblox_ws/build/nvblox/nvblox/eigen/include/eigen3/unsupported/Eigen/CXX11/src/Tensor/TensorDeviceCuda.h\n'}
[41.378845] (nvblox) StdoutLine: {'line': b'-- Installing: /home/czz/nvblox_ws/build/nvblox/nvblox/eigen/include/eigen3/unsupported/Eigen/CXX11/src/Tensor/TensorIndexList.h\n'}
[41.378883] (nvblox) StdoutLine: {'line': b'-- Installing: /home/czz/nvblox_ws/build/nvblox/nvblox/eigen/include/eigen3/unsupported/Eigen/CXX11/src/Tensor/TensorMap.h\n'}
[41.378920] (nvblox) StdoutLine: {'line': b'-- Installing: /home/czz/nvblox_ws/build/nvblox/nvblox/eigen/include/eigen3/unsupported/Eigen/CXX11/src/Tensor/TensorDeviceSycl.h\n'}
[41.378968] (nvblox) StdoutLine: {'line': b'-- Installing: /home/czz/nvblox_ws/build/nvblox/nvblox/eigen/include/eigen3/unsupported/Eigen/CXX11/src/Tensor/TensorBroadcasting.h\n'}
[41.379018] (nvblox) StdoutLine: {'line': b'-- Installing: /home/czz/nvblox_ws/build/nvblox/nvblox/eigen/include/eigen3/unsupported/Eigen/CXX11/src/Tensor/TensorIntDiv.h\n'}
[41.379056] (nvblox) StdoutLine: {'line': b'-- Installing: /home/czz/nvblox_ws/build/nvblox/nvblox/eigen/include/eigen3/unsupported/Eigen/CXX11/src/Tensor/TensorReduction.h\n'}
[41.379104] (nvblox) StdoutLine: {'line': b'-- Installing: /home/czz/nvblox_ws/build/nvblox/nvblox/eigen/include/eigen3/unsupported/Eigen/CXX11/src/Tensor/TensorLayoutSwap.h\n'}
[41.379140] (nvblox) StdoutLine: {'line': b'-- Installing: /home/czz/nvblox_ws/build/nvblox/nvblox/eigen/include/eigen3/unsupported/Eigen/CXX11/src/Tensor/TensorVolumePatch.h\n'}
[41.379189] (nvblox) StdoutLine: {'line': b'-- Installing: /home/czz/nvblox_ws/build/nvblox/nvblox/eigen/include/eigen3/unsupported/Eigen/CXX11/src/Tensor/TensorExecutor.h\n'}
[41.379232] (nvblox) StdoutLine: {'line': b'-- Installing: /home/czz/nvblox_ws/build/nvblox/nvblox/eigen/include/eigen3/unsupported/Eigen/CXX11/src/Tensor/TensorArgMax.h\n'}
[41.379271] (nvblox) StdoutLine: {'line': b'-- Installing: /home/czz/nvblox_ws/build/nvblox/nvblox/eigen/include/eigen3/unsupported/Eigen/CXX11/src/Tensor/TensorContractionCuda.h\n'}
[41.379308] (nvblox) StdoutLine: {'line': b'-- Installing: /home/czz/nvblox_ws/build/nvblox/nvblox/eigen/include/eigen3/unsupported/Eigen/CXX11/src/Tensor/TensorContractionMapper.h\n'}
[41.379343] (nvblox) StdoutLine: {'line': b'-- Installing: /home/czz/nvblox_ws/build/nvblox/nvblox/eigen/include/eigen3/unsupported/Eigen/CXX11/src/Tensor/TensorImagePatch.h\n'}
[41.379387] (nvblox) StdoutLine: {'line': b'-- Installing: /home/czz/nvblox_ws/build/nvblox/nvblox/eigen/include/eigen3/unsupported/Eigen/CXX11/src/Tensor/TensorContraction.h\n'}
[41.379437] (nvblox) StdoutLine: {'line': b'-- Installing: /home/czz/nvblox_ws/build/nvblox/nvblox/eigen/include/eigen3/unsupported/Eigen/CXX11/src/Tensor/TensorStriding.h\n'}
[41.379480] (nvblox) StdoutLine: {'line': b'-- Installing: /home/czz/nvblox_ws/build/nvblox/nvblox/eigen/include/eigen3/unsupported/Eigen/CXX11/src/Tensor/TensorReverse.h\n'}
[41.379517] (nvblox) StdoutLine: {'line': b'-- Installing: /home/czz/nvblox_ws/build/nvblox/nvblox/eigen/include/eigen3/unsupported/Eigen/CXX11/src/Tensor/TensorDeviceDefault.h\n'}
[41.379554] (nvblox) StdoutLine: {'line': b'-- Installing: /home/czz/nvblox_ws/build/nvblox/nvblox/eigen/include/eigen3/unsupported/Eigen/CXX11/src/Tensor/TensorUInt128.h\n'}
[41.379590] (nvblox) StdoutLine: {'line': b'-- Installing: /home/czz/nvblox_ws/build/nvblox/nvblox/eigen/include/eigen3/unsupported/Eigen/CXX11/src/Tensor/TensorTrace.h\n'}
[41.379627] (nvblox) StdoutLine: {'line': b'-- Installing: /home/czz/nvblox_ws/build/nvblox/nvblox/eigen/include/eigen3/unsupported/Eigen/CXX11/src/Tensor/TensorBase.h\n'}
[41.379677] (nvblox) StdoutLine: {'line': b'-- Installing: /home/czz/nvblox_ws/build/nvblox/nvblox/eigen/include/eigen3/unsupported/Eigen/CXX11/src/Tensor/TensorEvalTo.h\n'}
[41.379715] (nvblox) StdoutLine: {'line': b'-- Installing: /home/czz/nvblox_ws/build/nvblox/nvblox/eigen/include/eigen3/unsupported/Eigen/CXX11/src/Tensor/TensorContractionThreadPool.h\n'}
[41.379777] (nvblox) StdoutLine: {'line': b'-- Installing: /home/czz/nvblox_ws/build/nvblox/nvblox/eigen/include/eigen3/unsupported/Eigen/CXX11/src/Tensor/TensorPadding.h\n'}
[41.379822] (nvblox) StdoutLine: {'line': b'-- Installing: /home/czz/nvblox_ws/build/nvblox/nvblox/eigen/include/eigen3/unsupported/Eigen/CXX11/src/Tensor/TensorDevice.h\n'}
[41.379857] (nvblox) StdoutLine: {'line': b'-- Installing: /home/czz/nvblox_ws/build/nvblox/nvblox/eigen/include/eigen3/unsupported/Eigen/CXX11/src/Tensor/Tensor.h\n'}
[41.379898] (nvblox) StdoutLine: {'line': b'-- Installing: /home/czz/nvblox_ws/build/nvblox/nvblox/eigen/include/eigen3/unsupported/Eigen/CXX11/src/Tensor/TensorForcedEval.h\n'}
[41.379936] (nvblox) StdoutLine: {'line': b'-- Installing: /home/czz/nvblox_ws/build/nvblox/nvblox/eigen/include/eigen3/unsupported/Eigen/CXX11/src/Tensor/TensorDimensionList.h\n'}
[41.379972] (nvblox) StdoutLine: {'line': b'-- Installing: /home/czz/nvblox_ws/build/nvblox/nvblox/eigen/include/eigen3/unsupported/Eigen/CXX11/src/Tensor/TensorShuffling.h\n'}
[41.380035] (nvblox) StdoutLine: {'line': b'-- Installing: /home/czz/nvblox_ws/build/nvblox/nvblox/eigen/include/eigen3/unsupported/Eigen/CXX11/src/Tensor/TensorConvolutionSycl.h\n'}
[41.380078] (nvblox) StdoutLine: {'line': b'-- Installing: /home/czz/nvblox_ws/build/nvblox/nvblox/eigen/include/eigen3/unsupported/Eigen/CXX11/src/Tensor/TensorStorage.h\n'}
[41.380115] (nvblox) StdoutLine: {'line': b'-- Installing: /home/czz/nvblox_ws/build/nvblox/nvblox/eigen/include/eigen3/unsupported/Eigen/CXX11/src/Tensor/TensorDeviceGpu.h\n'}
[41.380159] (nvblox) StdoutLine: {'line': b'-- Installing: /home/czz/nvblox_ws/build/nvblox/nvblox/eigen/include/eigen3/unsupported/Eigen/CXX11/src/Tensor/TensorChipping.h\n'}
[41.380204] (nvblox) StdoutLine: {'line': b'-- Installing: /home/czz/nvblox_ws/build/nvblox/nvblox/eigen/include/eigen3/unsupported/Eigen/CXX11/src/Tensor/TensorMorphing.h\n'}
[41.380254] (nvblox) StdoutLine: {'line': b'-- Installing: /home/czz/nvblox_ws/build/nvblox/nvblox/eigen/include/eigen3/unsupported/Eigen/CXX11/src/Tensor/TensorGpuHipCudaDefines.h\n'}
[41.380290] (nvblox) StdoutLine: {'line': b'-- Installing: /home/czz/nvblox_ws/build/nvblox/nvblox/eigen/include/eigen3/unsupported/Eigen/CXX11/src/Tensor/TensorInitializer.h\n'}
[41.380325] (nvblox) StdoutLine: {'line': b'-- Installing: /home/czz/nvblox_ws/build/nvblox/nvblox/eigen/include/eigen3/unsupported/Eigen/CXX11/src/Tensor/TensorBlock.h\n'}
[41.380381] (nvblox) StdoutLine: {'line': b'-- Installing: /home/czz/nvblox_ws/build/nvblox/nvblox/eigen/include/eigen3/unsupported/Eigen/CXX11/src/Tensor/TensorRandom.h\n'}
[41.380422] (nvblox) StdoutLine: {'line': b'-- Installing: /home/czz/nvblox_ws/build/nvblox/nvblox/eigen/include/eigen3/unsupported/Eigen/CXX11/src/Tensor/TensorTraits.h\n'}
[41.380460] (nvblox) StdoutLine: {'line': b'-- Installing: /home/czz/nvblox_ws/build/nvblox/nvblox/eigen/include/eigen3/unsupported/Eigen/CXX11/src/Tensor/TensorDeviceThreadPool.h\n'}
[41.380499] (nvblox) StdoutLine: {'line': b'-- Installing: /home/czz/nvblox_ws/build/nvblox/nvblox/eigen/include/eigen3/unsupported/Eigen/CXX11/src/Tensor/TensorInflation.h\n'}
[41.380536] (nvblox) StdoutLine: {'line': b'-- Installing: /home/czz/nvblox_ws/build/nvblox/nvblox/eigen/include/eigen3/unsupported/Eigen/CXX11/src/Tensor/TensorFunctors.h\n'}
[41.380576] (nvblox) StdoutLine: {'line': b'-- Installing: /home/czz/nvblox_ws/build/nvblox/nvblox/eigen/include/eigen3/unsupported/Eigen/CXX11/src/Tensor/TensorFixedSize.h\n'}
[41.380615] (nvblox) StdoutLine: {'line': b'-- Installing: /home/czz/nvblox_ws/build/nvblox/nvblox/eigen/include/eigen3/unsupported/Eigen/CXX11/src/Tensor/TensorAssign.h\n'}
[41.380654] (nvblox) StdoutLine: {'line': b'-- Installing: /home/czz/nvblox_ws/build/nvblox/nvblox/eigen/include/eigen3/unsupported/Eigen/CXX11/src/Tensor/TensorConvolution.h\n'}
[41.380705] (nvblox) StdoutLine: {'line': b'-- Installing: /home/czz/nvblox_ws/build/nvblox/nvblox/eigen/include/eigen3/unsupported/Eigen/CXX11/src/Tensor/TensorFFT.h\n'}
[41.380751] (nvblox) StdoutLine: {'line': b'-- Installing: /home/czz/nvblox_ws/build/nvblox/nvblox/eigen/include/eigen3/unsupported/Eigen/CXX11/src/Tensor/TensorPatch.h\n'}
[41.380788] (nvblox) StdoutLine: {'line': b'-- Installing: /home/czz/nvblox_ws/build/nvblox/nvblox/eigen/include/eigen3/unsupported/Eigen/CXX11/src/Tensor/TensorExpr.h\n'}
[41.380828] (nvblox) StdoutLine: {'line': b'-- Installing: /home/czz/nvblox_ws/build/nvblox/nvblox/eigen/include/eigen3/unsupported/Eigen/CXX11/src/Tensor/TensorScanSycl.h\n'}
[41.380873] (nvblox) StdoutLine: {'line': b'-- Installing: /home/czz/nvblox_ws/build/nvblox/nvblox/eigen/include/eigen3/unsupported/Eigen/CXX11/src/Tensor/TensorReductionGpu.h\n'}
[41.380921] (nvblox) StdoutLine: {'line': b'-- Installing: /home/czz/nvblox_ws/build/nvblox/nvblox/eigen/include/eigen3/unsupported/Eigen/CXX11/src/Tensor/TensorGpuHipCudaUndefines.h\n'}
[41.380955] (nvblox) StdoutLine: {'line': b'-- Installing: /home/czz/nvblox_ws/build/nvblox/nvblox/eigen/include/eigen3/unsupported/Eigen/CXX11/src/Tensor/TensorContractionBlocking.h\n'}
[41.380991] (nvblox) StdoutLine: {'line': b'-- Installing: /home/czz/nvblox_ws/build/nvblox/nvblox/eigen/include/eigen3/unsupported/Eigen/CXX11/src/Tensor/TensorIO.h\n'}
[41.381026] (nvblox) StdoutLine: {'line': b'-- Installing: /home/czz/nvblox_ws/build/nvblox/nvblox/eigen/include/eigen3/unsupported/Eigen/CXX11/src/Tensor/TensorConversion.h\n'}
[41.381069] (nvblox) StdoutLine: {'line': b'-- Installing: /home/czz/nvblox_ws/build/nvblox/nvblox/eigen/include/eigen3/unsupported/Eigen/CXX11/src/Tensor/TensorMacros.h\n'}
[41.381104] (nvblox) StdoutLine: {'line': b'-- Installing: /home/czz/nvblox_ws/build/nvblox/nvblox/eigen/include/eigen3/unsupported/Eigen/CXX11/src/Tensor/TensorContractionGpu.h\n'}
[41.396769] (nvblox) StdoutLine: {'line': b"[ 19%] \x1b[34m\x1b[1mCompleted 'ext_eigen'\x1b[0m\n"}
[41.413350] (-) TimerEvent: {}
[41.427745] (nvblox) StdoutLine: {'line': b'[ 19%] Built target ext_eigen\n'}
[41.445809] (nvblox) StdoutLine: {'line': b'[ 19%] \x1b[32mBuilding CUDA object nvblox/CMakeFiles/nvblox_gpu_hash.dir/src/core/error_check.cu.o\x1b[0m\n'}
[41.446441] (nvblox) StdoutLine: {'line': b'[ 19%] \x1b[32mBuilding CUDA object nvblox/CMakeFiles/nvblox_gpu_hash.dir/src/gpu_hash/feature_layer_specialization.cu.o\x1b[0m\n'}
[41.446576] (nvblox) StdoutLine: {'line': b'[ 19%] \x1b[32mBuilding CUDA object nvblox/CMakeFiles/nvblox_gpu_hash.dir/src/gpu_hash/occupancy_layer_specialization.cu.o\x1b[0m\n'}
[41.447695] (nvblox) StdoutLine: {'line': b'[ 20%] \x1b[32mBuilding CUDA object nvblox/CMakeFiles/nvblox_gpu_hash.dir/src/gpu_hash/color_layer_specialization.cu.o\x1b[0m\n'}
[41.448305] (nvblox) StdoutLine: {'line': b'[ 20%] \x1b[32mBuilding CXX object nvblox/CMakeFiles/nvblox_gpu_hash.dir/src/utils/timing.cpp.o\x1b[0m\n'}
[41.448463] (nvblox) StdoutLine: {'line': b'[ 20%] \x1b[32mBuilding CXX object nvblox/CMakeFiles/nvblox_gpu_hash.dir/src/utils/nvtx_ranges.cpp.o\x1b[0m\n'}
[41.448786] (nvblox) StdoutLine: {'line': b'[ 21%] \x1b[32mBuilding CUDA object nvblox/CMakeFiles/nvblox_gpu_hash.dir/src/gpu_hash/tsdf_layer_specialization.cu.o\x1b[0m\n'}
[41.448862] (nvblox) StdoutLine: {'line': b'[ 21%] \x1b[32mBuilding CUDA object nvblox/CMakeFiles/nvblox_gpu_hash.dir/src/gpu_hash/freespace_layer_specialization.cu.o\x1b[0m\n'}
[41.449137] (nvblox) StdoutLine: {'line': b'[ 21%] \x1b[32mBuilding CUDA object nvblox/CMakeFiles/nvblox_gpu_hash.dir/src/gpu_hash/esdf_layer_specialization.cu.o\x1b[0m\n'}
[41.450632] (nvblox) StdoutLine: {'line': b'[ 21%] \x1b[32mBuilding CUDA object nvblox/CMakeFiles/nvblox_gpu_hash.dir/src/gpu_hash/mesh_layer_specialization.cu.o\x1b[0m\n'}
[41.513450] (-) TimerEvent: {}
[41.613748] (-) TimerEvent: {}
[41.714040] (-) TimerEvent: {}
[41.814358] (-) TimerEvent: {}
[41.914677] (-) TimerEvent: {}
[42.014940] (-) TimerEvent: {}
[42.115219] (-) TimerEvent: {}
[42.215527] (-) TimerEvent: {}
[42.315826] (-) TimerEvent: {}
[42.416123] (-) TimerEvent: {}
[42.481327] (nvblox) StdoutLine: {'line': b'[ 21%] \x1b[32m\x1b[1mLinking CXX static library ../../../lib/libgmock.a\x1b[0m\n'}
[42.516248] (-) TimerEvent: {}
[42.542490] (nvblox) StdoutLine: {'line': b'[ 21%] Built target gmock\n'}
[42.563479] (nvblox) StdoutLine: {'line': b'[ 21%] \x1b[32mBuilding CXX object _deps/ext_gtest-build/googlemock/CMakeFiles/gmock_main.dir/src/gmock_main.cc.o\x1b[0m\n'}
[42.616385] (-) TimerEvent: {}
[42.716702] (-) TimerEvent: {}
[42.817020] (-) TimerEvent: {}
[42.917337] (-) TimerEvent: {}
[43.017597] (-) TimerEvent: {}
[43.117906] (-) TimerEvent: {}
[43.218211] (-) TimerEvent: {}
[43.233676] (nvblox) StdoutLine: {'line': b'[ 22%] \x1b[32m\x1b[1mLinking CXX static library ../../../lib/libgmock_main.a\x1b[0m\n'}
[43.286491] (nvblox) StdoutLine: {'line': b'[ 22%] Built target gmock_main\n'}
[43.318344] (-) TimerEvent: {}
[43.418750] (-) TimerEvent: {}
[43.519131] (-) TimerEvent: {}
[43.619434] (-) TimerEvent: {}
[43.719822] (-) TimerEvent: {}
[43.820211] (-) TimerEvent: {}
[43.920483] (-) TimerEvent: {}
[44.020799] (-) TimerEvent: {}
[44.121110] (-) TimerEvent: {}
[44.221386] (-) TimerEvent: {}
[44.321655] (-) TimerEvent: {}
[44.421983] (-) TimerEvent: {}
[44.522268] (-) TimerEvent: {}
[44.622540] (-) TimerEvent: {}
[44.722809] (-) TimerEvent: {}
[44.823119] (-) TimerEvent: {}
[44.923395] (-) TimerEvent: {}
[45.023699] (-) TimerEvent: {}
[45.123993] (-) TimerEvent: {}
[45.224337] (-) TimerEvent: {}
[45.324639] (-) TimerEvent: {}
[45.424972] (-) TimerEvent: {}
[45.525249] (-) TimerEvent: {}
[45.625512] (-) TimerEvent: {}
[45.725813] (-) TimerEvent: {}
[45.826137] (-) TimerEvent: {}
[45.926457] (-) TimerEvent: {}
[46.026761] (-) TimerEvent: {}
[46.127065] (-) TimerEvent: {}
[46.227390] (-) TimerEvent: {}
[46.327692] (-) TimerEvent: {}
[46.428086] (-) TimerEvent: {}
[46.528401] (-) TimerEvent: {}
[46.628696] (-) TimerEvent: {}
[46.729004] (-) TimerEvent: {}
[46.829248] (-) TimerEvent: {}
[46.929571] (-) TimerEvent: {}
[47.029870] (-) TimerEvent: {}
[47.130173] (-) TimerEvent: {}
[47.230577] (-) TimerEvent: {}
[47.331004] (-) TimerEvent: {}
[47.431434] (-) TimerEvent: {}
[47.531747] (-) TimerEvent: {}
[47.632050] (-) TimerEvent: {}
[47.732381] (-) TimerEvent: {}
[47.832700] (-) TimerEvent: {}
[47.933043] (-) TimerEvent: {}
[48.033372] (-) TimerEvent: {}
[48.133674] (-) TimerEvent: {}
[48.233985] (-) TimerEvent: {}
[48.334305] (-) TimerEvent: {}
[48.434574] (-) TimerEvent: {}
[48.534893] (-) TimerEvent: {}
[48.635187] (-) TimerEvent: {}
[48.735510] (-) TimerEvent: {}
[48.835932] (-) TimerEvent: {}
[48.936345] (-) TimerEvent: {}
[49.036666] (-) TimerEvent: {}
[49.136970] (-) TimerEvent: {}
[49.237273] (-) TimerEvent: {}
[49.337569] (-) TimerEvent: {}
[49.437866] (-) TimerEvent: {}
[49.538207] (-) TimerEvent: {}
[49.638514] (-) TimerEvent: {}
[49.738766] (-) TimerEvent: {}
[49.839072] (-) TimerEvent: {}
[49.939379] (-) TimerEvent: {}
[50.039678] (-) TimerEvent: {}
[50.139982] (-) TimerEvent: {}
[50.240282] (-) TimerEvent: {}
[50.340599] (-) TimerEvent: {}
[50.440911] (-) TimerEvent: {}
[50.541214] (-) TimerEvent: {}
[50.641530] (-) TimerEvent: {}
[50.741836] (-) TimerEvent: {}
[50.842145] (-) TimerEvent: {}
[50.942432] (-) TimerEvent: {}
[51.042761] (-) TimerEvent: {}
[51.143074] (-) TimerEvent: {}
[51.243383] (-) TimerEvent: {}
[51.343684] (-) TimerEvent: {}
[51.443941] (-) TimerEvent: {}
[51.544267] (-) TimerEvent: {}
[51.644576] (-) TimerEvent: {}
[51.744883] (-) TimerEvent: {}
[51.845213] (-) TimerEvent: {}
[51.945473] (-) TimerEvent: {}
[52.045787] (-) TimerEvent: {}
[52.146100] (-) TimerEvent: {}
[52.246381] (-) TimerEvent: {}
[52.346671] (-) TimerEvent: {}
[52.446958] (-) TimerEvent: {}
[52.547225] (-) TimerEvent: {}
[52.647527] (-) TimerEvent: {}
[52.747793] (-) TimerEvent: {}
[52.848102] (-) TimerEvent: {}
[52.948383] (-) TimerEvent: {}
[53.048646] (-) TimerEvent: {}
[53.148942] (-) TimerEvent: {}
[53.249276] (-) TimerEvent: {}
[53.349548] (-) TimerEvent: {}
[53.449830] (-) TimerEvent: {}
[53.550094] (-) TimerEvent: {}
[53.650365] (-) TimerEvent: {}
[53.750635] (-) TimerEvent: {}
[53.850908] (-) TimerEvent: {}
[53.951183] (-) TimerEvent: {}
[54.051466] (-) TimerEvent: {}
[54.151761] (-) TimerEvent: {}
[54.252030] (-) TimerEvent: {}
[54.352328] (-) TimerEvent: {}
[54.452596] (-) TimerEvent: {}
[54.552863] (-) TimerEvent: {}
[54.653148] (-) TimerEvent: {}
[54.753436] (-) TimerEvent: {}
[54.853706] (-) TimerEvent: {}
[54.954008] (-) TimerEvent: {}
[55.054257] (-) TimerEvent: {}
[55.154577] (-) TimerEvent: {}
[55.254886] (-) TimerEvent: {}
[55.355198] (-) TimerEvent: {}
[55.455499] (-) TimerEvent: {}
[55.478279] (nvblox) StdoutLine: {'line': b'[ 22%] \x1b[32m\x1b[1mLinking C static library libsqlite3.a\x1b[0m\n'}
[55.541878] (nvblox) StdoutLine: {'line': b'[ 22%] Built target sqlite3\n'}
[55.555613] (-) TimerEvent: {}
[55.655923] (-) TimerEvent: {}
[55.756226] (-) TimerEvent: {}
[55.856574] (-) TimerEvent: {}
[55.956864] (-) TimerEvent: {}
[56.057167] (-) TimerEvent: {}
[56.157462] (-) TimerEvent: {}
[56.257750] (-) TimerEvent: {}
[56.358053] (-) TimerEvent: {}
[56.458364] (-) TimerEvent: {}
[56.558667] (-) TimerEvent: {}
[56.658961] (-) TimerEvent: {}
[56.759212] (-) TimerEvent: {}
[56.859490] (-) TimerEvent: {}
[56.959779] (-) TimerEvent: {}
[57.060127] (-) TimerEvent: {}
[57.160436] (-) TimerEvent: {}
[57.260754] (-) TimerEvent: {}
[57.361061] (-) TimerEvent: {}
[57.461366] (-) TimerEvent: {}
[57.561694] (-) TimerEvent: {}
[57.662023] (-) TimerEvent: {}
[57.762316] (-) TimerEvent: {}
[57.862645] (-) TimerEvent: {}
[57.962987] (-) TimerEvent: {}
[58.063304] (-) TimerEvent: {}
[58.163626] (-) TimerEvent: {}
[58.263948] (-) TimerEvent: {}
[58.364215] (-) TimerEvent: {}
[58.464505] (-) TimerEvent: {}
[58.564803] (-) TimerEvent: {}
[58.665095] (-) TimerEvent: {}
[58.765401] (-) TimerEvent: {}
[58.865711] (-) TimerEvent: {}
[58.966014] (-) TimerEvent: {}
[59.066317] (-) TimerEvent: {}
[59.166640] (-) TimerEvent: {}
[59.266944] (-) TimerEvent: {}
[59.367216] (-) TimerEvent: {}
[59.467517] (-) TimerEvent: {}
[59.567814] (-) TimerEvent: {}
[59.668137] (-) TimerEvent: {}
[59.768468] (-) TimerEvent: {}
[59.868791] (-) TimerEvent: {}
[59.969084] (-) TimerEvent: {}
[60.069404] (-) TimerEvent: {}
[60.169700] (-) TimerEvent: {}
[60.270032] (-) TimerEvent: {}
[60.370342] (-) TimerEvent: {}
[60.470645] (-) TimerEvent: {}
[60.570959] (-) TimerEvent: {}
[60.671271] (-) TimerEvent: {}
[60.771605] (-) TimerEvent: {}
[60.871913] (-) TimerEvent: {}
[60.972211] (-) TimerEvent: {}
[61.072507] (-) TimerEvent: {}
[61.172802] (-) TimerEvent: {}
[61.273090] (-) TimerEvent: {}
[61.373401] (-) TimerEvent: {}
[61.473700] (-) TimerEvent: {}
[61.574004] (-) TimerEvent: {}
[61.674330] (-) TimerEvent: {}
[61.774637] (-) TimerEvent: {}
[61.874946] (-) TimerEvent: {}
[61.975213] (-) TimerEvent: {}
[62.075528] (-) TimerEvent: {}
[62.175844] (-) TimerEvent: {}
[62.276146] (-) TimerEvent: {}
[62.376457] (-) TimerEvent: {}
[62.476740] (-) TimerEvent: {}
[62.577109] (-) TimerEvent: {}
[62.677408] (-) TimerEvent: {}
[62.777762] (-) TimerEvent: {}
[62.878052] (-) TimerEvent: {}
[62.978362] (-) TimerEvent: {}
[63.078667] (-) TimerEvent: {}
[63.178993] (-) TimerEvent: {}
[63.279312] (-) TimerEvent: {}
[63.379651] (-) TimerEvent: {}
[63.479932] (-) TimerEvent: {}
[63.580214] (-) TimerEvent: {}
[63.680497] (-) TimerEvent: {}
[63.780788] (-) TimerEvent: {}
[63.881070] (-) TimerEvent: {}
[63.981365] (-) TimerEvent: {}
[64.081651] (-) TimerEvent: {}
[64.181938] (-) TimerEvent: {}
[64.282219] (-) TimerEvent: {}
[64.382511] (-) TimerEvent: {}
[64.482828] (-) TimerEvent: {}
[64.583126] (-) TimerEvent: {}
[64.683410] (-) TimerEvent: {}
[64.783702] (-) TimerEvent: {}
[64.883994] (-) TimerEvent: {}
[64.984285] (-) TimerEvent: {}
[65.084578] (-) TimerEvent: {}
[65.184864] (-) TimerEvent: {}
[65.285174] (-) TimerEvent: {}
[65.385476] (-) TimerEvent: {}
[65.485788] (-) TimerEvent: {}
[65.586068] (-) TimerEvent: {}
[65.686353] (-) TimerEvent: {}
[65.786620] (-) TimerEvent: {}
[65.886893] (-) TimerEvent: {}
[65.987176] (-) TimerEvent: {}
[66.087446] (-) TimerEvent: {}
[66.187832] (-) TimerEvent: {}
[66.288080] (-) TimerEvent: {}
[66.388351] (-) TimerEvent: {}
[66.488628] (-) TimerEvent: {}
[66.588901] (-) TimerEvent: {}
[66.689165] (-) TimerEvent: {}
[66.789425] (-) TimerEvent: {}
[66.889729] (-) TimerEvent: {}
[66.990032] (-) TimerEvent: {}
[67.090316] (-) TimerEvent: {}
[67.190580] (-) TimerEvent: {}
[67.290869] (-) TimerEvent: {}
[67.391184] (-) TimerEvent: {}
[67.491440] (-) TimerEvent: {}
[67.591722] (-) TimerEvent: {}
[67.692018] (-) TimerEvent: {}
[67.792291] (-) TimerEvent: {}
[67.892550] (-) TimerEvent: {}
[67.992816] (-) TimerEvent: {}
[68.093085] (-) TimerEvent: {}
[68.193381] (-) TimerEvent: {}
[68.293681] (-) TimerEvent: {}
[68.393936] (-) TimerEvent: {}
[68.494196] (-) TimerEvent: {}
[68.594481] (-) TimerEvent: {}
[68.694835] (-) TimerEvent: {}
[68.795084] (-) TimerEvent: {}
[68.895448] (-) TimerEvent: {}
[68.995734] (-) TimerEvent: {}
[69.095994] (-) TimerEvent: {}
[69.196279] (-) TimerEvent: {}
[69.296528] (-) TimerEvent: {}
[69.396849] (-) TimerEvent: {}
[69.497142] (-) TimerEvent: {}
[69.597421] (-) TimerEvent: {}
[69.697738] (-) TimerEvent: {}
[69.798016] (-) TimerEvent: {}
[69.898284] (-) TimerEvent: {}
[69.998563] (-) TimerEvent: {}
[70.098861] (-) TimerEvent: {}
[70.199166] (-) TimerEvent: {}
[70.299425] (-) TimerEvent: {}
[70.399723] (-) TimerEvent: {}
[70.499973] (-) TimerEvent: {}
[70.600264] (-) TimerEvent: {}
[70.700562] (-) TimerEvent: {}
[70.800857] (-) TimerEvent: {}
[70.901171] (-) TimerEvent: {}
[71.001434] (-) TimerEvent: {}
[71.101718] (-) TimerEvent: {}
[71.201972] (-) TimerEvent: {}
[71.302269] (-) TimerEvent: {}
[71.402525] (-) TimerEvent: {}
[71.502886] (-) TimerEvent: {}
[71.603132] (-) TimerEvent: {}
[71.703412] (-) TimerEvent: {}
[71.803686] (-) TimerEvent: {}
[71.904010] (-) TimerEvent: {}
[72.004347] (-) TimerEvent: {}
[72.104594] (-) TimerEvent: {}
[72.204990] (-) TimerEvent: {}
[72.305257] (-) TimerEvent: {}
[72.405663] (-) TimerEvent: {}
[72.505959] (-) TimerEvent: {}
[72.606343] (-) TimerEvent: {}
[72.706583] (-) TimerEvent: {}
[72.806832] (-) TimerEvent: {}
[72.907210] (-) TimerEvent: {}
[73.007488] (-) TimerEvent: {}
[73.107889] (-) TimerEvent: {}
[73.208178] (-) TimerEvent: {}
[73.308436] (-) TimerEvent: {}
[73.408731] (-) TimerEvent: {}
[73.509110] (-) TimerEvent: {}
[73.609362] (-) TimerEvent: {}
[73.709616] (-) TimerEvent: {}
[73.809958] (-) TimerEvent: {}
[73.910204] (-) TimerEvent: {}
[74.010585] (-) TimerEvent: {}
[74.110824] (-) TimerEvent: {}
[74.211192] (-) TimerEvent: {}
[74.311435] (-) TimerEvent: {}
[74.411732] (-) TimerEvent: {}
[74.512074] (-) TimerEvent: {}
[74.612386] (-) TimerEvent: {}
[74.712682] (-) TimerEvent: {}
[74.812924] (-) TimerEvent: {}
[74.913211] (-) TimerEvent: {}
[75.013460] (-) TimerEvent: {}
[75.113709] (-) TimerEvent: {}
[75.214000] (-) TimerEvent: {}
[75.314256] (-) TimerEvent: {}
[75.414495] (-) TimerEvent: {}
[75.514748] (-) TimerEvent: {}
[75.615029] (-) TimerEvent: {}
[75.715286] (-) TimerEvent: {}
[75.815564] (-) TimerEvent: {}
[75.915806] (-) TimerEvent: {}
[76.016097] (-) TimerEvent: {}
[76.023257] (nvblox) StdoutLine: {'line': b'[ 22%] \x1b[32m\x1b[1mLinking CXX static library libnvblox_gpu_hash.a\x1b[0m\n'}
[76.116222] (-) TimerEvent: {}
[76.216463] (-) TimerEvent: {}
[76.221365] (nvblox) StdoutLine: {'line': b'[ 22%] Built target nvblox_gpu_hash\n'}
[76.245526] (nvblox) StdoutLine: {'line': b'[ 22%] \x1b[32mBuilding CXX object nvblox/CMakeFiles/nvblox_lib.dir/src/core/parameter_tree.cpp.o\x1b[0m\n'}
[76.245718] (nvblox) StdoutLine: {'line': b'[ 23%] \x1b[32mBuilding CXX object nvblox/CMakeFiles/nvblox_lib.dir/src/core/cuda_stream.cpp.o\x1b[0m\n'}
[76.245805] (nvblox) StdoutLine: {'line': b'[ 23%] \x1b[32mBuilding CUDA object nvblox/CMakeFiles/nvblox_lib.dir/src/core/warmup.cu.o\x1b[0m\n'}
[76.245878] (nvblox) StdoutLine: {'line': b'[ 23%] \x1b[32mBuilding CUDA object nvblox/CMakeFiles/nvblox_lib.dir/src/experimental/ground_plane/ransac_plane_fitter.cu.o\x1b[0m\n'}
[76.245949] (nvblox) StdoutLine: {'line': b'[ 24%] \x1b[32mBuilding CXX object nvblox/CMakeFiles/nvblox_lib.dir/src/experimental/ground_plane/ground_plane_estimator.cpp.o\x1b[0m\n'}
[76.246073] (nvblox) StdoutLine: {'line': b'[ 24%] \x1b[32mBuilding CXX object nvblox/CMakeFiles/nvblox_lib.dir/src/map/blocks_to_update_tracker.cpp.o\x1b[0m\n'}
[76.246192] (nvblox) StdoutLine: {'line': b'[ 24%] \x1b[32mBuilding CUDA object nvblox/CMakeFiles/nvblox_lib.dir/src/core/error_check.cu.o\x1b[0m\n'}
[76.246238] (nvblox) StdoutLine: {'line': b'[ 24%] \x1b[32mBuilding CXX object nvblox/CMakeFiles/nvblox_lib.dir/src/sensors/camera.cpp.o\x1b[0m\n'}
[76.246301] (nvblox) StdoutLine: {'line': b'[ 24%] \x1b[32mBuilding CUDA object nvblox/CMakeFiles/nvblox_lib.dir/src/map/layer.cu.o\x1b[0m\n'}
[76.246341] (nvblox) StdoutLine: {'line': b'[ 24%] \x1b[32mBuilding CUDA object nvblox/CMakeFiles/nvblox_lib.dir/src/experimental/ground_plane/tsdf_zero_crossings_extractor.cu.o\x1b[0m\n'}
[76.246381] (nvblox) StdoutLine: {'line': b'[ 24%] \x1b[32mBuilding CXX object nvblox/CMakeFiles/nvblox_lib.dir/src/experimental/ground_plane/ransac_plane_fitter_cpu.cpp.o\x1b[0m\n'}
[76.246422] (nvblox) StdoutLine: {'line': b'[ 25%] \x1b[32mBuilding CUDA object nvblox/CMakeFiles/nvblox_lib.dir/src/sensors/pointcloud.cu.o\x1b[0m\n'}
[76.246465] (nvblox) StdoutLine: {'line': b'[ 26%] \x1b[32mBuilding CUDA object nvblox/CMakeFiles/nvblox_lib.dir/src/dynamics/dynamics_detection.cu.o\x1b[0m\n'}
[76.246507] (nvblox) StdoutLine: {'line': b'[ 26%] \x1b[32mBuilding CUDA object nvblox/CMakeFiles/nvblox_lib.dir/src/sensors/image.cu.o\x1b[0m\n'}
[76.246659] (nvblox) StdoutLine: {'line': b'[ 26%] \x1b[32mBuilding CUDA object nvblox/CMakeFiles/nvblox_lib.dir/src/map/blox.cu.o\x1b[0m\n'}
[76.246756] (nvblox) StdoutLine: {'line': b'[ 26%] \x1b[32mBuilding CXX object nvblox/CMakeFiles/nvblox_lib.dir/src/sensors/color.cpp.o\x1b[0m\n'}
[76.246869] (nvblox) StdoutLine: {'line': b'[ 27%] \x1b[32mBuilding CXX object nvblox/CMakeFiles/nvblox_lib.dir/src/sensors/mask_preprocessor.cpp.o\x1b[0m\n'}
[76.246952] (nvblox) StdoutLine: {'line': b'[ 27%] \x1b[32mBuilding CXX object nvblox/CMakeFiles/nvblox_lib.dir/src/sensors/npp_image_operations.cpp.o\x1b[0m\n'}
[76.247296] (nvblox) StdoutLine: {'line': b'[ 27%] \x1b[32mBuilding CUDA object nvblox/CMakeFiles/nvblox_lib.dir/src/sensors/pointcloud_to_depth_conversion.cu.o\x1b[0m\n'}
[76.251039] (nvblox) StdoutLine: {'line': b'[ 28%] \x1b[32mBuilding CXX object nvblox/CMakeFiles/nvblox_lib.dir/src/sensors/depth_preprocessing.cpp.o\x1b[0m\n'}
[76.318208] (-) TimerEvent: {}
[76.418499] (-) TimerEvent: {}
[76.518831] (-) TimerEvent: {}
[76.619300] (-) TimerEvent: {}
[76.719771] (-) TimerEvent: {}
[76.820231] (-) TimerEvent: {}
[76.922514] (-) TimerEvent: {}
[76.970830] (nvblox) StdoutLine: {'line': b'[ 28%] \x1b[32mBuilding CXX object nvblox/CMakeFiles/nvblox_lib.dir/src/geometry/bounding_boxes.cpp.o\x1b[0m\n'}
[77.022620] (-) TimerEvent: {}
[77.122938] (-) TimerEvent: {}
[77.223230] (-) TimerEvent: {}
[77.323564] (-) TimerEvent: {}
[77.425353] (-) TimerEvent: {}
[77.525658] (-) TimerEvent: {}
[77.625986] (-) TimerEvent: {}
[77.726524] (-) TimerEvent: {}
[77.767421] (nvblox) StdoutLine: {'line': b'[ 28%] \x1b[32mBuilding CXX object nvblox/CMakeFiles/nvblox_lib.dir/src/geometry/bounding_shape.cpp.o\x1b[0m\n'}
[77.826634] (-) TimerEvent: {}
[77.888127] (nvblox) StdoutLine: {'line': b'[ 28%] \x1b[32mBuilding CXX object nvblox/CMakeFiles/nvblox_lib.dir/src/geometry/bounding_spheres.cpp.o\x1b[0m\n'}
[77.926737] (-) TimerEvent: {}
[77.981321] (nvblox) StdoutLine: {'line': b'[ 29%] \x1b[32mBuilding CXX object nvblox/CMakeFiles/nvblox_lib.dir/src/geometry/workspace_bounds.cpp.o\x1b[0m\n'}
[78.026839] (-) TimerEvent: {}
[78.127135] (-) TimerEvent: {}
[78.228579] (-) TimerEvent: {}
[78.288258] (nvblox) StdoutLine: {'line': b'[ 29%] \x1b[32mBuilding CXX object nvblox/CMakeFiles/nvblox_lib.dir/src/geometry/transforms.cpp.o\x1b[0m\n'}
[78.328676] (-) TimerEvent: {}
[78.428959] (-) TimerEvent: {}
[78.529339] (-) TimerEvent: {}
[78.629838] (-) TimerEvent: {}
[78.730113] (-) TimerEvent: {}
[78.830391] (-) TimerEvent: {}
[78.934411] (-) TimerEvent: {}
[79.035213] (-) TimerEvent: {}
[79.125512] (nvblox) StdoutLine: {'line': b'[ 29%] \x1b[32mBuilding CXX object nvblox/CMakeFiles/nvblox_lib.dir/src/mapper/mapper.cpp.o\x1b[0m\n'}
[79.135316] (-) TimerEvent: {}
[79.197397] (nvblox) StdoutLine: {'line': b'[ 29%] \x1b[32mBuilding CXX object nvblox/CMakeFiles/nvblox_lib.dir/src/mapper/multi_mapper.cpp.o\x1b[0m\n'}
[79.235423] (-) TimerEvent: {}
[79.317538] (nvblox) StdoutLine: {'line': b'[ 30%] \x1b[32mBuilding CUDA object nvblox/CMakeFiles/nvblox_lib.dir/src/integrators/shape_clearer.cu.o\x1b[0m\n'}
[79.323384] (nvblox) StdoutLine: {'line': b'[ 30%] \x1b[32mBuilding CUDA object nvblox/CMakeFiles/nvblox_lib.dir/src/integrators/view_calculator.cu.o\x1b[0m\n'}
[79.335530] (-) TimerEvent: {}
[79.435931] (-) TimerEvent: {}
[79.536449] (-) TimerEvent: {}
[79.639225] (-) TimerEvent: {}
[79.649608] (nvblox) StdoutLine: {'line': b'[ 30%] \x1b[32mBuilding CUDA object nvblox/CMakeFiles/nvblox_lib.dir/src/integrators/occupancy_decay_integrator.cu.o\x1b[0m\n'}
[79.739331] (-) TimerEvent: {}
[79.757118] (nvblox) StdoutLine: {'line': b'[ 30%] \x1b[32mBuilding CUDA object nvblox/CMakeFiles/nvblox_lib.dir/src/integrators/tsdf_decay_integrator.cu.o\x1b[0m\n'}
[79.837705] (nvblox) StdoutLine: {'line': b'[ 31%] \x1b[32mBuilding CUDA object nvblox/CMakeFiles/nvblox_lib.dir/src/integrators/projective_occupancy_integrator.cu.o\x1b[0m\n'}
[79.839428] (-) TimerEvent: {}
[79.939820] (-) TimerEvent: {}
[80.040117] (-) TimerEvent: {}
[80.142566] (-) TimerEvent: {}
[80.243226] (-) TimerEvent: {}
[80.343607] (-) TimerEvent: {}
[80.447398] (-) TimerEvent: {}
[80.547743] (-) TimerEvent: {}
[80.648094] (-) TimerEvent: {}
[80.745203] (nvblox) StdoutLine: {'line': b'[ 31%] \x1b[32mBuilding CUDA object nvblox/CMakeFiles/nvblox_lib.dir/src/integrators/projective_tsdf_integrator.cu.o\x1b[0m\n'}
[80.748217] (-) TimerEvent: {}
[80.798988] (nvblox) StdoutLine: {'line': b'[ 31%] \x1b[32mBuilding CUDA object nvblox/CMakeFiles/nvblox_lib.dir/src/integrators/projective_appearance_integrator.cu.o\x1b[0m\n'}
[80.825364] (nvblox) StdoutLine: {'line': b'[ 31%] \x1b[32mBuilding CUDA object nvblox/CMakeFiles/nvblox_lib.dir/src/integrators/freespace_integrator.cu.o\x1b[0m\n'}
[80.848340] (-) TimerEvent: {}
[80.865266] (nvblox) StdoutLine: {'line': b'[ 32%] \x1b[32mBuilding CUDA object nvblox/CMakeFiles/nvblox_lib.dir/src/integrators/esdf_integrator.cu.o\x1b[0m\n'}
[80.946111] (nvblox) StdoutLine: {'line': b'[ 32%] \x1b[32mBuilding CUDA object nvblox/CMakeFiles/nvblox_lib.dir/src/integrators/esdf_slicer.cu.o\x1b[0m\n'}
[80.948657] (-) TimerEvent: {}
[81.049502] (-) TimerEvent: {}
[81.150041] (-) TimerEvent: {}
[81.252745] (-) TimerEvent: {}
[81.353159] (-) TimerEvent: {}
[81.453599] (-) TimerEvent: {}
[81.554031] (-) TimerEvent: {}
[81.654576] (-) TimerEvent: {}
[81.755119] (-) TimerEvent: {}
[81.858437] (-) TimerEvent: {}
[81.958970] (-) TimerEvent: {}
[82.059500] (-) TimerEvent: {}
[82.160015] (-) TimerEvent: {}
[82.260455] (-) TimerEvent: {}
[82.360892] (-) TimerEvent: {}
[82.461378] (-) TimerEvent: {}
[82.561714] (-) TimerEvent: {}
[82.662043] (-) TimerEvent: {}
[82.762376] (-) TimerEvent: {}
[82.862716] (-) TimerEvent: {}
[82.963078] (-) TimerEvent: {}
[83.063353] (-) TimerEvent: {}
[83.165216] (-) TimerEvent: {}
[83.265672] (-) TimerEvent: {}
[83.366276] (-) TimerEvent: {}
[83.466549] (-) TimerEvent: {}
[83.566950] (-) TimerEvent: {}
[83.667236] (-) TimerEvent: {}
[83.767501] (-) TimerEvent: {}
[83.867852] (-) TimerEvent: {}
[83.968113] (-) TimerEvent: {}
[84.068361] (-) TimerEvent: {}
[84.168725] (-) TimerEvent: {}
[84.268984] (-) TimerEvent: {}
[84.372211] (-) TimerEvent: {}
[84.472497] (-) TimerEvent: {}
[84.572819] (-) TimerEvent: {}
[84.673104] (-) TimerEvent: {}
[84.773399] (-) TimerEvent: {}
[84.875224] (-) TimerEvent: {}
[84.975677] (-) TimerEvent: {}
[85.075955] (-) TimerEvent: {}
[85.179224] (-) TimerEvent: {}
[85.279556] (-) TimerEvent: {}
[85.379869] (-) TimerEvent: {}
[85.480166] (-) TimerEvent: {}
[85.580438] (-) TimerEvent: {}
[85.680732] (-) TimerEvent: {}
[85.781107] (-) TimerEvent: {}
[85.881489] (-) TimerEvent: {}
[85.981721] (-) TimerEvent: {}
[86.082216] (-) TimerEvent: {}
[86.186337] (-) TimerEvent: {}
[86.286891] (-) TimerEvent: {}
[86.387447] (-) TimerEvent: {}
[86.488003] (-) TimerEvent: {}
[86.588591] (-) TimerEvent: {}
[86.689179] (-) TimerEvent: {}
[86.789727] (-) TimerEvent: {}
[86.890318] (-) TimerEvent: {}
[86.990653] (-) TimerEvent: {}
[87.091143] (-) TimerEvent: {}
[87.191782] (-) TimerEvent: {}
[87.292229] (-) TimerEvent: {}
[87.395311] (-) TimerEvent: {}
[87.495578] (-) TimerEvent: {}
[87.595867] (-) TimerEvent: {}
[87.697236] (-) TimerEvent: {}
[87.797620] (-) TimerEvent: {}
[87.898092] (-) TimerEvent: {}
[87.926390] (nvblox) StdoutLine: {'line': b'[ 32%] \x1b[32mBuilding CXX object nvblox/CMakeFiles/nvblox_lib.dir/src/integrators/occupancy_conversions.cpp.o\x1b[0m\n'}
[87.937569] (nvblox) StdoutLine: {'line': b'[ 32%] \x1b[32mBuilding CUDA object nvblox/CMakeFiles/nvblox_lib.dir/src/integrators/instantiations/camera_inst.cu.o\x1b[0m\n'}
[87.998210] (-) TimerEvent: {}
[88.007276] (nvblox) StdoutLine: {'line': b'[ 33%] \x1b[32mBuilding CUDA object nvblox/CMakeFiles/nvblox_lib.dir/src/integrators/instantiations/lidar_inst.cu.o\x1b[0m\n'}
[88.101220] (-) TimerEvent: {}
[88.201753] (-) TimerEvent: {}
[88.302224] (-) TimerEvent: {}
[88.403406] (-) TimerEvent: {}
[88.503932] (-) TimerEvent: {}
[88.604423] (-) TimerEvent: {}
[88.704926] (-) TimerEvent: {}
[88.805494] (-) TimerEvent: {}
[88.905882] (-) TimerEvent: {}
[89.006278] (-) TimerEvent: {}
[89.107474] (-) TimerEvent: {}
[89.208223] (-) TimerEvent: {}
[89.308656] (-) TimerEvent: {}
[89.410525] (-) TimerEvent: {}
[89.511384] (-) TimerEvent: {}
[89.612223] (-) TimerEvent: {}
[89.715485] (-) TimerEvent: {}
[89.815924] (-) TimerEvent: {}
[89.916348] (-) TimerEvent: {}
[89.958043] (nvblox) StdoutLine: {'line': b'[ 33%] \x1b[32mBuilding CUDA object nvblox/CMakeFiles/nvblox_lib.dir/src/rays/sphere_tracer.cu.o\x1b[0m\n'}
[90.016472] (-) TimerEvent: {}
[90.117378] (-) TimerEvent: {}
[90.218102] (-) TimerEvent: {}
[90.320866] (-) TimerEvent: {}
[90.423737] (-) TimerEvent: {}
[90.524835] (-) TimerEvent: {}
[90.537933] (nvblox) StdoutLine: {'line': b'[ 33%] \x1b[32mBuilding CXX object nvblox/CMakeFiles/nvblox_lib.dir/src/interpolation/interpolation_3d.cpp.o\x1b[0m\n'}
[90.624939] (-) TimerEvent: {}
[90.725334] (-) TimerEvent: {}
[90.825837] (-) TimerEvent: {}
[90.926219] (-) TimerEvent: {}
[91.027359] (-) TimerEvent: {}
[91.127859] (-) TimerEvent: {}
[91.204321] (nvblox) StdoutLine: {'line': b'[ 33%] \x1b[32mBuilding CXX object nvblox/CMakeFiles/nvblox_lib.dir/src/io/mesh_io.cpp.o\x1b[0m\n'}
[91.228081] (-) TimerEvent: {}
[91.328537] (-) TimerEvent: {}
[91.428995] (-) TimerEvent: {}
[91.531451] (-) TimerEvent: {}
[91.632069] (-) TimerEvent: {}
[91.732555] (-) TimerEvent: {}
[91.833030] (-) TimerEvent: {}
[91.933692] (-) TimerEvent: {}
[92.035224] (-) TimerEvent: {}
[92.135698] (-) TimerEvent: {}
[92.236320] (-) TimerEvent: {}
[92.319139] (nvblox) StdoutLine: {'line': b'[ 34%] \x1b[32mBuilding CXX object nvblox/CMakeFiles/nvblox_lib.dir/src/io/ply_writer.cpp.o\x1b[0m\n'}
[92.336443] (-) TimerEvent: {}
[92.438239] (-) TimerEvent: {}
[92.538623] (-) TimerEvent: {}
[92.639159] (-) TimerEvent: {}
[92.739631] (-) TimerEvent: {}
[92.842345] (-) TimerEvent: {}
[92.942841] (-) TimerEvent: {}
[93.043367] (-) TimerEvent: {}
[93.144015] (-) TimerEvent: {}
[93.244663] (-) TimerEvent: {}
[93.345313] (-) TimerEvent: {}
[93.445955] (-) TimerEvent: {}
[93.547479] (-) TimerEvent: {}
[93.648079] (-) TimerEvent: {}
[93.748706] (-) TimerEvent: {}
[93.852347] (-) TimerEvent: {}
[93.952850] (-) TimerEvent: {}
[94.053363] (-) TimerEvent: {}
[94.153855] (-) TimerEvent: {}
[94.254393] (-) TimerEvent: {}
[94.295555] (nvblox) StdoutLine: {'line': b'[ 34%] \x1b[32mBuilding CXX object nvblox/CMakeFiles/nvblox_lib.dir/src/io/ply_parser.cpp.o\x1b[0m\n'}
[94.354507] (-) TimerEvent: {}
[94.455005] (-) TimerEvent: {}
[94.469262] (nvblox) StdoutLine: {'line': b'[ 34%] \x1b[32mBuilding CXX object nvblox/CMakeFiles/nvblox_lib.dir/src/io/layer_cake_io.cpp.o\x1b[0m\n'}
[94.548195] (nvblox) StdoutLine: {'line': b'[ 35%] \x1b[32mBuilding CXX object nvblox/CMakeFiles/nvblox_lib.dir/src/io/pointcloud_io.cpp.o\x1b[0m\n'}
[94.555120] (-) TimerEvent: {}
[94.655640] (-) TimerEvent: {}
[94.669735] (nvblox) StdoutLine: {'line': b'[ 35%] \x1b[32mBuilding CXX object nvblox/CMakeFiles/nvblox_lib.dir/src/io/image_io.cpp.o\x1b[0m\n'}
[94.755754] (-) TimerEvent: {}
[94.856233] (-) TimerEvent: {}
[94.961234] (-) TimerEvent: {}
[95.061785] (-) TimerEvent: {}
[95.154890] (nvblox) StdoutLine: {'line': b'[ 35%] \x1b[32mBuilding CXX object nvblox/CMakeFiles/nvblox_lib.dir/src/map_saving/serializer.cpp.o\x1b[0m\n'}
[95.161894] (-) TimerEvent: {}
[95.262233] (-) TimerEvent: {}
[95.362597] (-) TimerEvent: {}
[95.394279] (nvblox) StdoutLine: {'line': b'[ 35%] \x1b[32mBuilding CXX object nvblox/CMakeFiles/nvblox_lib.dir/src/map_saving/sqlite_database.cpp.o\x1b[0m\n'}
[95.462713] (-) TimerEvent: {}
[95.563052] (-) TimerEvent: {}
[95.626872] (nvblox) StdoutLine: {'line': b'[ 36%] \x1b[32mBuilding CXX object nvblox/CMakeFiles/nvblox_lib.dir/src/map_saving/layer_type_register.cpp.o\x1b[0m\n'}
[95.663349] (-) TimerEvent: {}
[95.765717] (-) TimerEvent: {}
[95.866034] (-) TimerEvent: {}
[95.966350] (-) TimerEvent: {}
[96.066669] (-) TimerEvent: {}
[96.167000] (-) TimerEvent: {}
[96.267341] (-) TimerEvent: {}
[96.371373] (-) TimerEvent: {}
[96.405546] (nvblox) StdoutLine: {'line': b'[ 36%] \x1b[32mBuilding CUDA object nvblox/CMakeFiles/nvblox_lib.dir/src/mesh/mesh_block.cu.o\x1b[0m\n'}
[96.471484] (-) TimerEvent: {}
[96.571796] (-) TimerEvent: {}
[96.672225] (-) TimerEvent: {}
[96.772675] (-) TimerEvent: {}
[96.873132] (-) TimerEvent: {}
[96.973579] (-) TimerEvent: {}
[97.074125] (-) TimerEvent: {}
[97.141102] (nvblox) StdoutLine: {'line': b'[ 36%] \x1b[32mBuilding CUDA object nvblox/CMakeFiles/nvblox_lib.dir/src/mesh/mesh_integrator_appearance.cu.o\x1b[0m\n'}
[97.164024] (nvblox) StdoutLine: {'line': b'[ 36%] \x1b[32mBuilding CUDA object nvblox/CMakeFiles/nvblox_lib.dir/src/mesh/mesh_integrator.cu.o\x1b[0m\n'}
[97.176254] (-) TimerEvent: {}
[97.276689] (-) TimerEvent: {}
[97.377082] (-) TimerEvent: {}
[97.477499] (-) TimerEvent: {}
[97.577906] (-) TimerEvent: {}
[97.678217] (-) TimerEvent: {}
[97.778599] (-) TimerEvent: {}
[97.857936] (nvblox) StdoutLine: {'line': b'[ 37%] \x1b[32mBuilding CXX object nvblox/CMakeFiles/nvblox_lib.dir/src/primitives/primitives.cpp.o\x1b[0m\n'}
[97.878705] (-) TimerEvent: {}
[97.979011] (-) TimerEvent: {}
[98.079318] (-) TimerEvent: {}
[98.182218] (-) TimerEvent: {}
[98.282518] (-) TimerEvent: {}
[98.382807] (-) TimerEvent: {}
[98.483102] (-) TimerEvent: {}
[98.583394] (-) TimerEvent: {}
[98.683805] (-) TimerEvent: {}
[98.784218] (-) TimerEvent: {}
[98.829269] (nvblox) StdoutLine: {'line': b'[ 37%] \x1b[32mBuilding CXX object nvblox/CMakeFiles/nvblox_lib.dir/src/primitives/scene.cpp.o\x1b[0m\n'}
[98.884325] (-) TimerEvent: {}
[98.984742] (-) TimerEvent: {}
[99.085055] (-) TimerEvent: {}
[99.185369] (-) TimerEvent: {}
[99.285794] (-) TimerEvent: {}
[99.373704] (nvblox) StdoutLine: {'line': b'[ 37%] \x1b[32mBuilding CXX object nvblox/CMakeFiles/nvblox_lib.dir/src/utils/nvtx_ranges.cpp.o\x1b[0m\n'}
[99.385903] (-) TimerEvent: {}
[99.486390] (-) TimerEvent: {}
[99.586754] (-) TimerEvent: {}
[99.632135] (nvblox) StdoutLine: {'line': b'[ 37%] \x1b[32mBuilding CXX object nvblox/CMakeFiles/nvblox_lib.dir/src/utils/timing.cpp.o\x1b[0m\n'}
[99.686863] (-) TimerEvent: {}
[99.787205] (-) TimerEvent: {}
[99.887514] (-) TimerEvent: {}
[99.961902] (nvblox) StdoutLine: {'line': b'[ 38%] \x1b[32mBuilding CXX object nvblox/CMakeFiles/nvblox_lib.dir/src/utils/rates.cpp.o\x1b[0m\n'}
[99.987622] (-) TimerEvent: {}
[100.087926] (-) TimerEvent: {}
[100.188220] (-) TimerEvent: {}
[100.230525] (nvblox) StdoutLine: {'line': b'[ 38%] \x1b[32mBuilding CXX object nvblox/CMakeFiles/nvblox_lib.dir/src/utils/nvblox_art.cpp.o\x1b[0m\n'}
[100.288324] (-) TimerEvent: {}
[100.388748] (-) TimerEvent: {}
[100.389315] (nvblox) StdoutLine: {'line': b'[ 38%] \x1b[32mBuilding CXX object nvblox/CMakeFiles/nvblox_lib.dir/src/utils/delays.cpp.o\x1b[0m\n'}
[100.488852] (-) TimerEvent: {}
[100.589218] (-) TimerEvent: {}
[100.602393] (nvblox) StdoutLine: {'line': b'[ 38%] \x1b[32mBuilding CUDA object nvblox/CMakeFiles/nvblox_lib.dir/src/serialization/mesh_serializer_gpu.cu.o\x1b[0m\n'}
[100.689325] (-) TimerEvent: {}
[100.789851] (-) TimerEvent: {}
[100.890388] (-) TimerEvent: {}
[100.940999] (nvblox) StdoutLine: {'line': b'[ 39%] \x1b[32mBuilding CUDA object nvblox/CMakeFiles/nvblox_lib.dir/src/serialization/serialization_gpu.cu.o\x1b[0m\n'}
[100.990498] (-) TimerEvent: {}
[101.091024] (-) TimerEvent: {}
[101.194459] (-) TimerEvent: {}
[101.229558] (nvblox) StdoutLine: {'line': b'[ 39%] \x1b[32mBuilding CUDA object nvblox/CMakeFiles/nvblox_lib.dir/src/semantics/image_masker.cu.o\x1b[0m\n'}
[101.294568] (-) TimerEvent: {}
[101.394866] (-) TimerEvent: {}
[101.495274] (-) TimerEvent: {}
[101.595674] (-) TimerEvent: {}
[101.696100] (-) TimerEvent: {}
[101.796540] (-) TimerEvent: {}
[101.899216] (-) TimerEvent: {}
[101.999754] (-) TimerEvent: {}
[102.018269] (nvblox) StdoutLine: {'line': b'[ 39%] \x1b[32mBuilding CUDA object nvblox/CMakeFiles/nvblox_lib.dir/src/semantics/image_projector.cu.o\x1b[0m\n'}
[102.099860] (-) TimerEvent: {}
[102.158167] (nvblox) StdoutLine: {'line': b'[ 39%] \x1b[32mBuilding CUDA object nvblox/CMakeFiles/nvblox_lib.dir/src/semantics/mask_from_detections.cu.o\x1b[0m\n'}
[102.199974] (-) TimerEvent: {}
[102.300521] (-) TimerEvent: {}
[102.401075] (-) TimerEvent: {}
[102.503493] (-) TimerEvent: {}
[102.603991] (-) TimerEvent: {}
[102.704421] (-) TimerEvent: {}
[102.804716] (-) TimerEvent: {}
[102.905234] (-) TimerEvent: {}
[103.005525] (-) TimerEvent: {}
[103.105827] (-) TimerEvent: {}
[103.206099] (-) TimerEvent: {}
[103.306406] (-) TimerEvent: {}
[103.406938] (-) TimerEvent: {}
[103.507348] (-) TimerEvent: {}
[103.607621] (-) TimerEvent: {}
[103.707926] (-) TimerEvent: {}
[103.808226] (-) TimerEvent: {}
[103.908531] (-) TimerEvent: {}
[104.008897] (-) TimerEvent: {}
[104.109215] (-) TimerEvent: {}
[104.209879] (-) TimerEvent: {}
[104.310173] (-) TimerEvent: {}
[104.410463] (-) TimerEvent: {}
[104.510765] (-) TimerEvent: {}
[104.611058] (-) TimerEvent: {}
[104.711365] (-) TimerEvent: {}
[104.811682] (-) TimerEvent: {}
[104.911964] (-) TimerEvent: {}
[105.012235] (-) TimerEvent: {}
[105.112561] (-) TimerEvent: {}
[105.212861] (-) TimerEvent: {}
[105.313175] (-) TimerEvent: {}
[105.413482] (-) TimerEvent: {}
[105.513785] (-) TimerEvent: {}
[105.614100] (-) TimerEvent: {}
[105.714534] (-) TimerEvent: {}
[105.814890] (-) TimerEvent: {}
[105.915250] (-) TimerEvent: {}
[106.015562] (-) TimerEvent: {}
[106.115851] (-) TimerEvent: {}
[106.216167] (-) TimerEvent: {}
[106.316468] (-) TimerEvent: {}
[106.416867] (-) TimerEvent: {}
[106.517120] (-) TimerEvent: {}
[106.617406] (-) TimerEvent: {}
[106.717694] (-) TimerEvent: {}
[106.817994] (-) TimerEvent: {}
[106.918311] (-) TimerEvent: {}
[107.018607] (-) TimerEvent: {}
[107.118918] (-) TimerEvent: {}
[107.219215] (-) TimerEvent: {}
[107.319517] (-) TimerEvent: {}
[107.419820] (-) TimerEvent: {}
[107.520101] (-) TimerEvent: {}
[107.620403] (-) TimerEvent: {}
[107.720689] (-) TimerEvent: {}
[107.820968] (-) TimerEvent: {}
[107.921217] (-) TimerEvent: {}
[108.021499] (-) TimerEvent: {}
[108.121872] (-) TimerEvent: {}
[108.222220] (-) TimerEvent: {}
[108.322520] (-) TimerEvent: {}
[108.422874] (-) TimerEvent: {}
[108.523211] (-) TimerEvent: {}
[108.623504] (-) TimerEvent: {}
[108.723807] (-) TimerEvent: {}
[108.824148] (-) TimerEvent: {}
[108.924477] (-) TimerEvent: {}
[109.024770] (-) TimerEvent: {}
[109.125112] (-) TimerEvent: {}
[109.225456] (-) TimerEvent: {}
[109.325746] (-) TimerEvent: {}
[109.426074] (-) TimerEvent: {}
[109.526366] (-) TimerEvent: {}
[109.626684] (-) TimerEvent: {}
[109.727118] (-) TimerEvent: {}
[109.827496] (-) TimerEvent: {}
[109.927907] (-) TimerEvent: {}
[110.028317] (-) TimerEvent: {}
[110.128639] (-) TimerEvent: {}
[110.228964] (-) TimerEvent: {}
[110.329217] (-) TimerEvent: {}
[110.429503] (-) TimerEvent: {}
[110.529905] (-) TimerEvent: {}
[110.630315] (-) TimerEvent: {}
[110.730719] (-) TimerEvent: {}
[110.831005] (-) TimerEvent: {}
[110.931412] (-) TimerEvent: {}
[111.031726] (-) TimerEvent: {}
[111.132132] (-) TimerEvent: {}
[111.232422] (-) TimerEvent: {}
[111.332720] (-) TimerEvent: {}
[111.433023] (-) TimerEvent: {}
[111.533342] (-) TimerEvent: {}
[111.633596] (-) TimerEvent: {}
[111.733970] (-) TimerEvent: {}
[111.834249] (-) TimerEvent: {}
[111.934507] (-) TimerEvent: {}
[112.034757] (-) TimerEvent: {}
[112.135136] (-) TimerEvent: {}
[112.235389] (-) TimerEvent: {}
[112.335663] (-) TimerEvent: {}
[112.436009] (-) TimerEvent: {}
[112.536338] (-) TimerEvent: {}
[112.636648] (-) TimerEvent: {}
[112.736967] (-) TimerEvent: {}
[112.837284] (-) TimerEvent: {}
[112.937494] (-) TimerEvent: {}
[113.038024] (-) TimerEvent: {}
[113.138407] (-) TimerEvent: {}
[113.238739] (-) TimerEvent: {}
[113.339065] (-) TimerEvent: {}
[113.439401] (-) TimerEvent: {}
[113.539609] (-) TimerEvent: {}
[113.639821] (-) TimerEvent: {}
[113.740053] (-) TimerEvent: {}
[113.840273] (-) TimerEvent: {}
[113.940507] (-) TimerEvent: {}
[114.040751] (-) TimerEvent: {}
[114.141069] (-) TimerEvent: {}
[114.241307] (-) TimerEvent: {}
[114.341543] (-) TimerEvent: {}
[114.441752] (-) TimerEvent: {}
[114.541965] (-) TimerEvent: {}
[114.642184] (-) TimerEvent: {}
[114.742500] (-) TimerEvent: {}
[114.842801] (-) TimerEvent: {}
[114.943032] (-) TimerEvent: {}
[115.043244] (-) TimerEvent: {}
[115.143504] (-) TimerEvent: {}
[115.243821] (-) TimerEvent: {}
[115.253178] (nvblox) StdoutLine: {'line': b'[ 40%] \x1b[32m\x1b[1mLinking CXX shared library libnvblox_lib.so\x1b[0m\n'}
[115.343905] (-) TimerEvent: {}
[115.444146] (-) TimerEvent: {}
[115.544367] (-) TimerEvent: {}
[115.606507] (nvblox) StdoutLine: {'line': b'[ 40%] Built target nvblox_lib\n'}
[115.625685] (nvblox) StdoutLine: {'line': b'[ 41%] \x1b[32mBuilding CXX object nvblox/executables/CMakeFiles/nvblox_datasets.dir/src/datasets/redwood.cpp.o\x1b[0m\n'}
[115.625848] (nvblox) StdoutLine: {'line': b'[ 41%] \x1b[32mBuilding CUDA object nvblox/examples/CMakeFiles/esdf_query.dir/src/esdf_query.cu.o\x1b[0m\n'}
[115.625896] (nvblox) StdoutLine: {'line': b'[ 41%] \x1b[32mBuilding CXX object nvblox/executables/CMakeFiles/nvblox_datasets.dir/src/datasets/lidarply_writer.cpp.o\x1b[0m\n'}
[115.625935] (nvblox) StdoutLine: {'line': b'[ 41%] \x1b[32mBuilding CXX object nvblox/executables/CMakeFiles/nvblox_datasets.dir/src/datasets/replica.cpp.o\x1b[0m\n'}
[115.625979] (nvblox) StdoutLine: {'line': b'[ 41%] \x1b[32mBuilding CXX object nvblox/executables/CMakeFiles/nvblox_datasets.dir/src/datasets/cusfm_data.cpp.o\x1b[0m\n'}
[115.626013] (nvblox) StdoutLine: {'line': b'[ 41%] \x1b[32mBuilding CXX object nvblox/executables/CMakeFiles/nvblox_datasets.dir/src/datasets/image_loader.cpp.o\x1b[0m\n'}
[115.626582] (nvblox) StdoutLine: {'line': b'[ 41%] \x1b[32mBuilding CXX object nvblox/executables/CMakeFiles/nvblox_datasets.dir/src/datasets/3dmatch.cpp.o\x1b[0m\n'}
[115.627009] (nvblox) StdoutLine: {'line': b'[ 42%] \x1b[32mBuilding CXX object nvblox/CMakeFiles/sphere_benchmark.dir/src/benchmarks/sphere_benchmark.cpp.o\x1b[0m\n'}
[115.627077] (nvblox) StdoutLine: {'line': b'[ 42%] \x1b[32mBuilding CXX object nvblox/tests/CMakeFiles/run_memcpy_on_default_cuda_stream.dir/run_memcpy_on_default_cuda_stream.cpp.o\x1b[0m\n'}
[115.628049] (nvblox) StdoutLine: {'line': b'[ 43%] \x1b[32mBuilding CXX object nvblox/executables/CMakeFiles/nvblox_datasets.dir/src/datasets/lidarply_loader.cpp.o\x1b[0m\n'}
[115.628823] (nvblox) StdoutLine: {'line': b'[ 43%] \x1b[32mBuilding CXX object nvblox/examples/CMakeFiles/load_map_and_mesh.dir/src/load_map_and_mesh.cpp.o\x1b[0m\n'}
[115.628979] (nvblox) StdoutLine: {'line': b'[ 43%] \x1b[32mBuilding CXX object nvblox/executables/CMakeFiles/nvblox_datasets.dir/src/fuser.cpp.o\x1b[0m\n'}
[115.644469] (-) TimerEvent: {}
[115.744773] (-) TimerEvent: {}
[115.845092] (-) TimerEvent: {}
[115.945454] (-) TimerEvent: {}
[115.960441] (nvblox) StdoutLine: {'line': b'[ 43%] \x1b[32m\x1b[1mLinking CXX executable run_memcpy_on_default_cuda_stream\x1b[0m\n'}
[116.045565] (-) TimerEvent: {}
[116.062792] (nvblox) StdoutLine: {'line': b'[ 43%] Built target run_memcpy_on_default_cuda_stream\n'}
[116.145672] (-) TimerEvent: {}
[116.245954] (-) TimerEvent: {}
[116.346260] (-) TimerEvent: {}
[116.446524] (-) TimerEvent: {}
[116.546848] (-) TimerEvent: {}
[116.647128] (-) TimerEvent: {}
[116.747436] (-) TimerEvent: {}
[116.847755] (-) TimerEvent: {}
[116.948082] (-) TimerEvent: {}
[117.048386] (-) TimerEvent: {}
[117.148869] (-) TimerEvent: {}
[117.249221] (-) TimerEvent: {}
[117.349483] (-) TimerEvent: {}
[117.449781] (-) TimerEvent: {}
[117.550088] (-) TimerEvent: {}
[117.650390] (-) TimerEvent: {}
[117.750671] (-) TimerEvent: {}
[117.850966] (-) TimerEvent: {}
[117.951276] (-) TimerEvent: {}
[118.051574] (-) TimerEvent: {}
[118.151876] (-) TimerEvent: {}
[118.252199] (-) TimerEvent: {}
[118.352524] (-) TimerEvent: {}
[118.452862] (-) TimerEvent: {}
[118.553192] (-) TimerEvent: {}
[118.653489] (-) TimerEvent: {}
[118.753825] (-) TimerEvent: {}
[118.854165] (-) TimerEvent: {}
[118.954446] (-) TimerEvent: {}
[119.054739] (-) TimerEvent: {}
[119.155061] (-) TimerEvent: {}
[119.255355] (-) TimerEvent: {}
[119.355637] (-) TimerEvent: {}
[119.455951] (-) TimerEvent: {}
[119.556248] (-) TimerEvent: {}
[119.656519] (-) TimerEvent: {}
[119.756838] (-) TimerEvent: {}
[119.857167] (-) TimerEvent: {}
[119.957475] (-) TimerEvent: {}
[120.010089] (nvblox) StdoutLine: {'line': b'[ 43%] \x1b[32m\x1b[1mLinking CXX executable sphere_benchmark\x1b[0m\n'}
[120.057621] (-) TimerEvent: {}
[120.097181] (nvblox) StdoutLine: {'line': b'[ 43%] Built target sphere_benchmark\n'}
[120.157806] (-) TimerEvent: {}
[120.258197] (-) TimerEvent: {}
[120.358471] (-) TimerEvent: {}
[120.458779] (-) TimerEvent: {}
[120.559187] (-) TimerEvent: {}
[120.659567] (-) TimerEvent: {}
[120.759952] (-) TimerEvent: {}
[120.860331] (-) TimerEvent: {}
[120.960687] (-) TimerEvent: {}
[120.982800] (nvblox) StdoutLine: {'line': b'[ 43%] \x1b[32m\x1b[1mLinking CXX executable load_map_and_mesh\x1b[0m\n'}
[121.060822] (-) TimerEvent: {}
[121.061063] (nvblox) StdoutLine: {'line': b'[ 43%] Built target load_map_and_mesh\n'}
[121.161057] (-) TimerEvent: {}
[121.261341] (-) TimerEvent: {}
[121.361632] (-) TimerEvent: {}
[121.462010] (-) TimerEvent: {}
[121.562410] (-) TimerEvent: {}
[121.662814] (-) TimerEvent: {}
[121.763102] (-) TimerEvent: {}
[121.863493] (-) TimerEvent: {}
[121.963878] (-) TimerEvent: {}
[122.064170] (-) TimerEvent: {}
[122.164420] (-) TimerEvent: {}
[122.264671] (-) TimerEvent: {}
[122.365054] (-) TimerEvent: {}
[122.465379] (-) TimerEvent: {}
[122.565767] (-) TimerEvent: {}
[122.666024] (-) TimerEvent: {}
[122.766326] (-) TimerEvent: {}
[122.866586] (-) TimerEvent: {}
[122.966838] (-) TimerEvent: {}
[123.067091] (-) TimerEvent: {}
[123.167409] (-) TimerEvent: {}
[123.267675] (-) TimerEvent: {}
[123.368019] (-) TimerEvent: {}
[123.468353] (-) TimerEvent: {}
[123.568571] (-) TimerEvent: {}
[123.668901] (-) TimerEvent: {}
[123.769224] (-) TimerEvent: {}
[123.869556] (-) TimerEvent: {}
[123.969902] (-) TimerEvent: {}
[124.070220] (-) TimerEvent: {}
[124.170528] (-) TimerEvent: {}
[124.270770] (-) TimerEvent: {}
[124.371076] (-) TimerEvent: {}
[124.471400] (-) TimerEvent: {}
[124.571645] (-) TimerEvent: {}
[124.671962] (-) TimerEvent: {}
[124.772286] (-) TimerEvent: {}
[124.872603] (-) TimerEvent: {}
[124.972928] (-) TimerEvent: {}
[125.073256] (-) TimerEvent: {}
[125.173582] (-) TimerEvent: {}
[125.273826] (-) TimerEvent: {}
[125.374128] (-) TimerEvent: {}
[125.474349] (-) TimerEvent: {}
[125.574593] (-) TimerEvent: {}
[125.674914] (-) TimerEvent: {}
[125.775244] (-) TimerEvent: {}
[125.875562] (-) TimerEvent: {}
[125.975878] (-) TimerEvent: {}
[126.076200] (-) TimerEvent: {}
[126.176527] (-) TimerEvent: {}
[126.276774] (-) TimerEvent: {}
[126.377041] (-) TimerEvent: {}
[126.477246] (-) TimerEvent: {}
[126.577555] (-) TimerEvent: {}
[126.677875] (-) TimerEvent: {}
[126.778188] (-) TimerEvent: {}
[126.878486] (-) TimerEvent: {}
[126.978799] (-) TimerEvent: {}
[127.079040] (-) TimerEvent: {}
[127.179266] (-) TimerEvent: {}
[127.279487] (-) TimerEvent: {}
[127.379813] (-) TimerEvent: {}
[127.480129] (-) TimerEvent: {}
[127.580336] (-) TimerEvent: {}
[127.680700] (-) TimerEvent: {}
[127.781312] (-) TimerEvent: {}
[127.881654] (-) TimerEvent: {}
[127.981975] (-) TimerEvent: {}
[128.082289] (-) TimerEvent: {}
[128.107139] (nvblox) StdoutLine: {'line': b'[ 44%] \x1b[32m\x1b[1mLinking CXX executable esdf_query\x1b[0m\n'}
[128.182381] (-) TimerEvent: {}
[128.184521] (nvblox) StdoutLine: {'line': b'[ 44%] Built target esdf_query\n'}
[128.282584] (-) TimerEvent: {}
[128.382863] (-) TimerEvent: {}
[128.405264] (nvblox) StdoutLine: {'line': b'[ 45%] \x1b[32m\x1b[1mLinking CXX shared library libnvblox_datasets.so\x1b[0m\n'}
[128.480072] (nvblox) StdoutLine: {'line': b'[ 45%] Built target nvblox_datasets\n'}
[128.482984] (-) TimerEvent: {}
[128.495168] (nvblox) StdoutLine: {'line': b'[ 45%] \x1b[32mBuilding CXX object nvblox/executables/CMakeFiles/fuse_replica.dir/src/fuse_replica.cpp.o\x1b[0m\n'}
[128.499147] (nvblox) StdoutLine: {'line': b'[ 45%] \x1b[32mBuilding CXX object nvblox/executables/CMakeFiles/fuse_3dmatch.dir/src/fuse_3dmatch.cpp.o\x1b[0m\n'}
[128.499343] (nvblox) StdoutLine: {'line': b'[ 45%] \x1b[32mBuilding CXX object nvblox/executables/CMakeFiles/fuse_lidarply.dir/src/fuse_lidarply.cpp.o\x1b[0m\n'}
[128.499404] (nvblox) StdoutLine: {'line': b'[ 45%] \x1b[32mBuilding CXX object nvblox/experiments/CMakeFiles/test_bench.dir/src/test_bench.cpp.o\x1b[0m\n'}
[128.500083] (nvblox) StdoutLine: {'line': b'[ 45%] \x1b[32mBuilding CUDA object nvblox/tests/CMakeFiles/nvblox_test_utils.dir/lib/cuda/boolean_layer_specialization.cu.o\x1b[0m\n'}
[128.500232] (nvblox) StdoutLine: {'line': b'[ 46%] \x1b[32mBuilding CXX object nvblox/executables/CMakeFiles/fuse_redwood.dir/src/fuse_redwood.cpp.o\x1b[0m\n'}
[128.500906] (nvblox) StdoutLine: {'line': b'[ 46%] \x1b[32mBuilding CUDA object nvblox/tests/CMakeFiles/nvblox_test_utils.dir/lib/cuda/initialization_test_layer_specialization.cu.o\x1b[0m\n'}
[128.501083] (nvblox) StdoutLine: {'line': b'[ 47%] \x1b[32mBuilding CUDA object nvblox/tests/CMakeFiles/nvblox_test_utils.dir/lib/cuda/gpu_image_routines.cu.o\x1b[0m\n'}
[128.501134] (nvblox) StdoutLine: {'line': b'[ 47%] \x1b[32mBuilding CUDA object nvblox/tests/CMakeFiles/nvblox_test_utils.dir/lib/cuda/increment_kernel.cu.o\x1b[0m\n'}
[128.501190] (nvblox) StdoutLine: {'line': b'[ 47%] \x1b[32mBuilding CUDA object nvblox/tests/CMakeFiles/nvblox_test_utils.dir/lib/cuda/gpu_layer_utils.cu.o\x1b[0m\n'}
[128.501233] (nvblox) StdoutLine: {'line': b'[ 48%] \x1b[32mBuilding CXX object nvblox/executables/CMakeFiles/fuse_cusfm.dir/src/fuse_cusfm.cpp.o\x1b[0m\n'}
[128.501270] (nvblox) StdoutLine: {'line': b'[ 48%] \x1b[32mBuilding CUDA object nvblox/tests/CMakeFiles/nvblox_test_utils.dir/lib/cuda/index_layer_specialization.cu.o\x1b[0m\n'}
[128.501305] (nvblox) StdoutLine: {'line': b'[ 48%] \x1b[32mBuilding CUDA object nvblox/tests/CMakeFiles/nvblox_test_utils.dir/lib/cuda/blox_utils.cu.o\x1b[0m\n'}
[128.501381] (nvblox) StdoutLine: {'line': b'[ 48%] \x1b[32mBuilding CUDA object nvblox/tests/CMakeFiles/nvblox_test_utils.dir/lib/cuda/gpu_indexing.cu.o\x1b[0m\n'}
[128.501477] (nvblox) StdoutLine: {'line': b'[ 49%] \x1b[32mBuilding CUDA object nvblox/tests/CMakeFiles/nvblox_test_utils.dir/lib/cuda/float_layer_specialization.cu.o\x1b[0m\n'}
[128.501680] (nvblox) StdoutLine: {'line': b'[ 49%] \x1b[32mBuilding CUDA object nvblox/tests/CMakeFiles/nvblox_test_utils.dir/lib/cuda/interpolation_2d_gpu.cu.o\x1b[0m\n'}
[128.501749] (nvblox) StdoutLine: {'line': b'[ 50%] \x1b[32mBuilding CUDA object nvblox/tests/CMakeFiles/nvblox_test_utils.dir/lib/cuda/layer.cu.o\x1b[0m\n'}
[128.502032] (nvblox) StdoutLine: {'line': b'[ 50%] \x1b[32mBuilding CUDA object nvblox/tests/CMakeFiles/nvblox_test_utils.dir/lib/cuda/test_utils_cuda.cu.o\x1b[0m\n'}
[128.504326] (nvblox) StdoutLine: {'line': b'[ 50%] \x1b[32mBuilding CUDA object nvblox/tests/CMakeFiles/nvblox_test_utils.dir/lib/cuda/projective_tsdf_integrator_cuda_components.cu.o\x1b[0m\n'}
[128.504969] (nvblox) StdoutLine: {'line': b'[ 50%] \x1b[32mBuilding CUDA object nvblox/tests/CMakeFiles/nvblox_test_utils.dir/lib/cuda/mesh_utils.cu.o\x1b[0m\n'}
[128.585205] (-) TimerEvent: {}
[128.685551] (-) TimerEvent: {}
[128.785976] (-) TimerEvent: {}
[128.886409] (-) TimerEvent: {}
[128.986818] (-) TimerEvent: {}
[129.087213] (-) TimerEvent: {}
[129.187590] (-) TimerEvent: {}
[129.288006] (-) TimerEvent: {}
[129.388440] (-) TimerEvent: {}
[129.491483] (-) TimerEvent: {}
[129.592680] (-) TimerEvent: {}
[129.693069] (-) TimerEvent: {}
[129.793477] (-) TimerEvent: {}
[129.893891] (-) TimerEvent: {}
[129.997608] (-) TimerEvent: {}
[130.098103] (-) TimerEvent: {}
[130.199304] (-) TimerEvent: {}
[130.299855] (-) TimerEvent: {}
[130.400271] (-) TimerEvent: {}
[130.500954] (-) TimerEvent: {}
[130.601283] (-) TimerEvent: {}
[130.705289] (-) TimerEvent: {}
[130.806218] (-) TimerEvent: {}
[130.906771] (-) TimerEvent: {}
[131.007826] (-) TimerEvent: {}
[131.109467] (-) TimerEvent: {}
[131.209905] (-) TimerEvent: {}
[131.310355] (-) TimerEvent: {}
[131.410802] (-) TimerEvent: {}
[131.513218] (-) TimerEvent: {}
[131.613682] (-) TimerEvent: {}
[131.714172] (-) TimerEvent: {}
[131.814639] (-) TimerEvent: {}
[131.915106] (-) TimerEvent: {}
[132.015980] (-) TimerEvent: {}
[132.119483] (-) TimerEvent: {}
[132.219934] (-) TimerEvent: {}
[132.320421] (-) TimerEvent: {}
[132.420885] (-) TimerEvent: {}
[132.521355] (-) TimerEvent: {}
[132.621799] (-) TimerEvent: {}
[132.722227] (-) TimerEvent: {}
[132.822902] (-) TimerEvent: {}
[132.923518] (-) TimerEvent: {}
[133.026627] (-) TimerEvent: {}
[133.128215] (-) TimerEvent: {}
[133.228640] (-) TimerEvent: {}
[133.329826] (-) TimerEvent: {}
[133.430233] (-) TimerEvent: {}
[133.530691] (-) TimerEvent: {}
[133.633227] (-) TimerEvent: {}
[133.733757] (-) TimerEvent: {}
[133.834363] (-) TimerEvent: {}
[133.936219] (-) TimerEvent: {}
[134.036527] (-) TimerEvent: {}
[134.136840] (-) TimerEvent: {}
[134.237164] (-) TimerEvent: {}
[134.337475] (-) TimerEvent: {}
[134.438028] (-) TimerEvent: {}
[134.445300] (nvblox) StdoutLine: {'line': b'[ 50%] \x1b[32m\x1b[1mLinking CXX executable fuse_lidarply\x1b[0m\n'}
[134.466680] (nvblox) StdoutLine: {'line': b'[ 50%] \x1b[32m\x1b[1mLinking CXX executable fuse_redwood\x1b[0m\n'}
[134.538178] (-) TimerEvent: {}
[134.638686] (-) TimerEvent: {}
[134.743241] (-) TimerEvent: {}
[134.803259] (nvblox) StdoutLine: {'line': b'[ 50%] Built target fuse_lidarply\n'}
[134.815779] (nvblox) StdoutLine: {'line': b'[ 51%] \x1b[32m\x1b[1mLinking CXX executable fuse_3dmatch\x1b[0m\n'}
[134.816039] (nvblox) StdoutLine: {'line': b'[ 51%] \x1b[32mBuilding CUDA object nvblox/tests/CMakeFiles/nvblox_test_utils.dir/lib/cuda/weighting_utils.cu.o\x1b[0m\n'}
[134.843341] (-) TimerEvent: {}
[134.868599] (nvblox) StdoutLine: {'line': b'[ 51%] Built target fuse_redwood\n'}
[134.882441] (nvblox) StdoutLine: {'line': b'[ 51%] \x1b[32mBuilding CUDA object nvblox/tests/CMakeFiles/nvblox_test_utils.dir/lib/cuda/test_layer.cu.o\x1b[0m\n'}
[134.943451] (-) TimerEvent: {}
[134.968288] (nvblox) StdoutLine: {'line': b'[ 51%] \x1b[32m\x1b[1mLinking CXX executable fuse_replica\x1b[0m\n'}
[135.043573] (-) TimerEvent: {}
[135.064858] (nvblox) StdoutLine: {'line': b'[ 52%] \x1b[32m\x1b[1mLinking CXX executable test_bench\x1b[0m\n'}
[135.078237] (nvblox) StdoutLine: {'line': b'[ 52%] Built target fuse_3dmatch\n'}
[135.090261] (nvblox) StdoutLine: {'line': b'[ 52%] \x1b[32mBuilding CUDA object nvblox/tests/CMakeFiles/nvblox_test_utils.dir/lib/custom_camera_sensor_inst.cu.o\x1b[0m\n'}
[135.143701] (-) TimerEvent: {}
[135.242159] (nvblox) StdoutLine: {'line': b'[ 52%] Built target fuse_replica\n'}
[135.243791] (-) TimerEvent: {}
[135.255532] (nvblox) StdoutLine: {'line': b'[ 52%] \x1b[32mBuilding CXX object nvblox/tests/CMakeFiles/nvblox_test_utils.dir/lib/projective_tsdf_integrator_cpu.cpp.o\x1b[0m\n'}
[135.339955] (nvblox) StdoutLine: {'line': b'[ 52%] \x1b[32m\x1b[1mLinking CXX executable fuse_cusfm\x1b[0m\n'}
[135.341200] (nvblox) StdoutLine: {'line': b'[ 52%] Built target test_bench\n'}
[135.343895] (-) TimerEvent: {}
[135.354179] (nvblox) StdoutLine: {'line': b'[ 53%] \x1b[32mBuilding CXX object nvblox/tests/CMakeFiles/nvblox_test_utils.dir/lib/tsdf_zero_crossings_extractor_cpu.cpp.o\x1b[0m\n'}
[135.444008] (-) TimerEvent: {}
[135.544500] (-) TimerEvent: {}
[135.544752] (nvblox) StdoutLine: {'line': b'[ 53%] \x1b[32mBuilding CXX object nvblox/tests/CMakeFiles/nvblox_test_utils.dir/lib/utils.cpp.o\x1b[0m\n'}
[135.564226] (nvblox) StdoutLine: {'line': b'[ 53%] \x1b[32mBuilding CXX object nvblox/tests/CMakeFiles/nvblox_test_utils.dir/lib/esdf_integrator_cpu.cpp.o\x1b[0m\n'}
[135.644612] (-) TimerEvent: {}
[135.666466] (nvblox) StdoutLine: {'line': b'[ 53%] Built target fuse_cusfm\n'}
[135.680126] (nvblox) StdoutLine: {'line': b'[ 53%] \x1b[32mBuilding CXX object nvblox/tests/CMakeFiles/nvblox_test_utils.dir/lib/integrator_utils.cpp.o\x1b[0m\n'}
[135.744728] (-) TimerEvent: {}
[135.845200] (-) TimerEvent: {}
[135.945686] (-) TimerEvent: {}
[136.046187] (-) TimerEvent: {}
[136.146661] (-) TimerEvent: {}
[136.248432] (-) TimerEvent: {}
[136.348923] (-) TimerEvent: {}
[136.449414] (-) TimerEvent: {}
[136.551222] (-) TimerEvent: {}
[136.607385] (nvblox) StdoutLine: {'line': b'[ 54%] \x1b[32mBuilding CXX object nvblox/tests/CMakeFiles/nvblox_test_utils.dir/lib/ransac_plane_fitter_utils.cpp.o\x1b[0m\n'}
[136.651335] (-) TimerEvent: {}
[136.751957] (-) TimerEvent: {}
[136.853427] (-) TimerEvent: {}
[136.953944] (-) TimerEvent: {}
[137.057226] (-) TimerEvent: {}
[137.157718] (-) TimerEvent: {}
[137.258356] (-) TimerEvent: {}
[137.358988] (-) TimerEvent: {}
[137.459636] (-) TimerEvent: {}
[137.560088] (-) TimerEvent: {}
[137.660602] (-) TimerEvent: {}
[137.761115] (-) TimerEvent: {}
[137.861765] (-) TimerEvent: {}
[137.965229] (-) TimerEvent: {}
[138.065728] (-) TimerEvent: {}
[138.166226] (-) TimerEvent: {}
[138.266710] (-) TimerEvent: {}
[138.367203] (-) TimerEvent: {}
[138.467816] (-) TimerEvent: {}
[138.568332] (-) TimerEvent: {}
[138.668958] (-) TimerEvent: {}
[138.769432] (-) TimerEvent: {}
[138.869918] (-) TimerEvent: {}
[138.973492] (-) TimerEvent: {}
[139.073969] (-) TimerEvent: {}
[139.174459] (-) TimerEvent: {}
[139.274968] (-) TimerEvent: {}
[139.375458] (-) TimerEvent: {}
[139.475942] (-) TimerEvent: {}
[139.576457] (-) TimerEvent: {}
[139.676927] (-) TimerEvent: {}
[139.777396] (-) TimerEvent: {}
[139.877853] (-) TimerEvent: {}
[139.979342] (-) TimerEvent: {}
[140.079817] (-) TimerEvent: {}
[140.180325] (-) TimerEvent: {}
[140.283222] (-) TimerEvent: {}
[140.383701] (-) TimerEvent: {}
[140.484195] (-) TimerEvent: {}
[140.584557] (-) TimerEvent: {}
[140.684849] (-) TimerEvent: {}
[140.785124] (-) TimerEvent: {}
[140.885417] (-) TimerEvent: {}
[140.985707] (-) TimerEvent: {}
[141.086011] (-) TimerEvent: {}
[141.186339] (-) TimerEvent: {}
[141.286635] (-) TimerEvent: {}
[141.386931] (-) TimerEvent: {}
[141.487209] (-) TimerEvent: {}
[141.587478] (-) TimerEvent: {}
[141.687744] (-) TimerEvent: {}
[141.788018] (-) TimerEvent: {}
[141.888316] (-) TimerEvent: {}
[141.988646] (-) TimerEvent: {}
[142.088919] (-) TimerEvent: {}
[142.189222] (-) TimerEvent: {}
[142.289569] (-) TimerEvent: {}
[142.389869] (-) TimerEvent: {}
[142.490137] (-) TimerEvent: {}
[142.590411] (-) TimerEvent: {}
[142.690686] (-) TimerEvent: {}
[142.790960] (-) TimerEvent: {}
[142.891267] (-) TimerEvent: {}
[142.991588] (-) TimerEvent: {}
[143.091897] (-) TimerEvent: {}
[143.192210] (-) TimerEvent: {}
[143.292512] (-) TimerEvent: {}
[143.392784] (-) TimerEvent: {}
[143.493108] (-) TimerEvent: {}
[143.593440] (-) TimerEvent: {}
[143.693762] (-) TimerEvent: {}
[143.794074] (-) TimerEvent: {}
[143.894396] (-) TimerEvent: {}
[143.994706] (-) TimerEvent: {}
[144.095011] (-) TimerEvent: {}
[144.195337] (-) TimerEvent: {}
[144.295658] (-) TimerEvent: {}
[144.395991] (-) TimerEvent: {}
[144.496259] (-) TimerEvent: {}
[144.596552] (-) TimerEvent: {}
[144.696887] (-) TimerEvent: {}
[144.797207] (-) TimerEvent: {}
[144.897480] (-) TimerEvent: {}
[144.997757] (-) TimerEvent: {}
[145.098071] (-) TimerEvent: {}
[145.198407] (-) TimerEvent: {}
[145.298717] (-) TimerEvent: {}
[145.399009] (-) TimerEvent: {}
[145.499276] (-) TimerEvent: {}
[145.599538] (-) TimerEvent: {}
[145.699832] (-) TimerEvent: {}
[145.800213] (-) TimerEvent: {}
[145.900481] (-) TimerEvent: {}
[146.000869] (-) TimerEvent: {}
[146.101237] (-) TimerEvent: {}
[146.201549] (-) TimerEvent: {}
[146.301844] (-) TimerEvent: {}
[146.402235] (-) TimerEvent: {}
[146.502499] (-) TimerEvent: {}
[146.602803] (-) TimerEvent: {}
[146.703201] (-) TimerEvent: {}
[146.803586] (-) TimerEvent: {}
[146.903980] (-) TimerEvent: {}
[147.004348] (-) TimerEvent: {}
[147.104650] (-) TimerEvent: {}
[147.204911] (-) TimerEvent: {}
[147.305179] (-) TimerEvent: {}
[147.405435] (-) TimerEvent: {}
[147.505752] (-) TimerEvent: {}
[147.606019] (-) TimerEvent: {}
[147.706439] (-) TimerEvent: {}
[147.806773] (-) TimerEvent: {}
[147.907089] (-) TimerEvent: {}
[148.007370] (-) TimerEvent: {}
[148.107675] (-) TimerEvent: {}
[148.207968] (-) TimerEvent: {}
[148.308332] (-) TimerEvent: {}
[148.408720] (-) TimerEvent: {}
[148.509074] (-) TimerEvent: {}
[148.609346] (-) TimerEvent: {}
[148.709700] (-) TimerEvent: {}
[148.810071] (-) TimerEvent: {}
[148.910388] (-) TimerEvent: {}
[149.010689] (-) TimerEvent: {}
[149.111074] (-) TimerEvent: {}
[149.211480] (-) TimerEvent: {}
[149.311868] (-) TimerEvent: {}
[149.412270] (-) TimerEvent: {}
[149.512682] (-) TimerEvent: {}
[149.613016] (-) TimerEvent: {}
[149.713356] (-) TimerEvent: {}
[149.813607] (-) TimerEvent: {}
[149.913992] (-) TimerEvent: {}
[150.014378] (-) TimerEvent: {}
[150.114686] (-) TimerEvent: {}
[150.215099] (-) TimerEvent: {}
[150.315386] (-) TimerEvent: {}
[150.415666] (-) TimerEvent: {}
[150.516005] (-) TimerEvent: {}
[150.616345] (-) TimerEvent: {}
[150.716743] (-) TimerEvent: {}
[150.817162] (-) TimerEvent: {}
[150.917461] (-) TimerEvent: {}
[151.017781] (-) TimerEvent: {}
[151.118099] (-) TimerEvent: {}
[151.218386] (-) TimerEvent: {}
[151.318660] (-) TimerEvent: {}
[151.418968] (-) TimerEvent: {}
[151.519290] (-) TimerEvent: {}
[151.619617] (-) TimerEvent: {}
[151.719936] (-) TimerEvent: {}
[151.820279] (-) TimerEvent: {}
[151.920595] (-) TimerEvent: {}
[152.020908] (-) TimerEvent: {}
[152.121216] (-) TimerEvent: {}
[152.221495] (-) TimerEvent: {}
[152.321768] (-) TimerEvent: {}
[152.422035] (-) TimerEvent: {}
[152.522351] (-) TimerEvent: {}
[152.622619] (-) TimerEvent: {}
[152.722956] (-) TimerEvent: {}
[152.823265] (-) TimerEvent: {}
[152.923594] (-) TimerEvent: {}
[153.024004] (-) TimerEvent: {}
[153.124272] (-) TimerEvent: {}
[153.224534] (-) TimerEvent: {}
[153.324937] (-) TimerEvent: {}
[153.425288] (-) TimerEvent: {}
[153.525580] (-) TimerEvent: {}
[153.625888] (-) TimerEvent: {}
[153.726261] (-) TimerEvent: {}
[153.826537] (-) TimerEvent: {}
[153.926844] (-) TimerEvent: {}
[154.027117] (-) TimerEvent: {}
[154.127414] (-) TimerEvent: {}
[154.227801] (-) TimerEvent: {}
[154.328109] (-) TimerEvent: {}
[154.428395] (-) TimerEvent: {}
[154.528642] (-) TimerEvent: {}
[154.628937] (-) TimerEvent: {}
[154.729324] (-) TimerEvent: {}
[154.829660] (-) TimerEvent: {}
[154.929941] (-) TimerEvent: {}
[155.030327] (-) TimerEvent: {}
[155.130706] (-) TimerEvent: {}
[155.231102] (-) TimerEvent: {}
[155.331398] (-) TimerEvent: {}
[155.431769] (-) TimerEvent: {}
[155.532145] (-) TimerEvent: {}
[155.632455] (-) TimerEvent: {}
[155.732708] (-) TimerEvent: {}
[155.833089] (-) TimerEvent: {}
[155.933477] (-) TimerEvent: {}
[156.033769] (-) TimerEvent: {}
[156.134145] (-) TimerEvent: {}
[156.234552] (-) TimerEvent: {}
[156.334841] (-) TimerEvent: {}
[156.435253] (-) TimerEvent: {}
[156.535499] (-) TimerEvent: {}
[156.635781] (-) TimerEvent: {}
[156.736120] (-) TimerEvent: {}
[156.836375] (-) TimerEvent: {}
[156.936645] (-) TimerEvent: {}
[157.037022] (-) TimerEvent: {}
[157.137344] (-) TimerEvent: {}
[157.237591] (-) TimerEvent: {}
[157.337881] (-) TimerEvent: {}
[157.438265] (-) TimerEvent: {}
[157.538570] (-) TimerEvent: {}
[157.638855] (-) TimerEvent: {}
[157.739207] (-) TimerEvent: {}
[157.839453] (-) TimerEvent: {}
[157.939782] (-) TimerEvent: {}
[158.040089] (-) TimerEvent: {}
[158.140510] (-) TimerEvent: {}
[158.240875] (-) TimerEvent: {}
[158.341146] (-) TimerEvent: {}
[158.441395] (-) TimerEvent: {}
[158.541701] (-) TimerEvent: {}
[158.641941] (-) TimerEvent: {}
[158.742276] (-) TimerEvent: {}
[158.824222] (nvblox) StdoutLine: {'line': b'[ 54%] \x1b[32m\x1b[1mLinking CXX static library libnvblox_test_utils.a\x1b[0m\n'}
[158.842424] (-) TimerEvent: {}
[158.942737] (-) TimerEvent: {}
[159.043107] (-) TimerEvent: {}
[159.100440] (nvblox) StdoutLine: {'line': b'[ 54%] Built target nvblox_test_utils\n'}
[159.121198] (nvblox) StdoutLine: {'line': b'[ 54%] \x1b[32mBuilding CXX object nvblox/tests/CMakeFiles/test_3d_interpolation.dir/test_3d_interpolation.cpp.o\x1b[0m\n'}
[159.121378] (nvblox) StdoutLine: {'line': b'[ 54%] \x1b[32mBuilding CXX object nvblox/tests/CMakeFiles/test_mask_preprocessor.dir/test_mask_preprocessor.cpp.o\x1b[0m\n'}
[159.124051] (nvblox) StdoutLine: {'line': b'[ 54%] \x1b[32mBuilding CXX object nvblox/tests/CMakeFiles/test_shape_clearer.dir/test_shape_clearer.cpp.o\x1b[0m\n'}
[159.124278] (nvblox) StdoutLine: {'line': b'[ 54%] \x1b[32mBuilding CXX object nvblox/tests/CMakeFiles/test_3dmatch.dir/test_3dmatch.cpp.o\x1b[0m\n'}
[159.124594] (nvblox) StdoutLine: {'line': b'[ 54%] \x1b[32mBuilding CXX object nvblox/tests/CMakeFiles/test_bounding_spheres.dir/test_bounding_spheres.cpp.o\x1b[0m\n'}
[159.124684] (nvblox) StdoutLine: {'line': b'[ 54%] \x1b[32mBuilding CXX object nvblox/tests/CMakeFiles/test_cake.dir/test_cake.cpp.o\x1b[0m\n'}
[159.124773] (nvblox) StdoutLine: {'line': b'[ 54%] \x1b[32mBuilding CXX object nvblox/tests/CMakeFiles/test_blox.dir/test_blox.cpp.o\x1b[0m\n'}
[159.124844] (nvblox) StdoutLine: {'line': b'[ 54%] \x1b[32mBuilding CXX object nvblox/tests/CMakeFiles/test_color_image.dir/test_color_image.cpp.o\x1b[0m\n'}
[159.124912] (nvblox) StdoutLine: {'line': b'[ 55%] \x1b[32mBuilding CXX object nvblox/tests/CMakeFiles/test_mono_image.dir/test_mono_image.cpp.o\x1b[0m\n'}
[159.124981] (nvblox) StdoutLine: {'line': b'[ 55%] \x1b[32mBuilding CXX object nvblox/tests/CMakeFiles/test_for_memory_leaks.dir/test_for_memory_leaks.cpp.o\x1b[0m\n'}
[159.125077] (nvblox) StdoutLine: {'line': b'[ 56%] \x1b[32mBuilding CXX object nvblox/tests/CMakeFiles/test_mask_from_detections.dir/test_mask_from_detections.cpp.o\x1b[0m\n'}
[159.125146] (nvblox) StdoutLine: {'line': b'[ 56%] \x1b[32mBuilding CXX object nvblox/tests/CMakeFiles/test_color_integrator.dir/test_color_integrator.cpp.o\x1b[0m\n'}
[159.125242] (nvblox) StdoutLine: {'line': b'[ 56%] \x1b[32mBuilding CXX object nvblox/tests/CMakeFiles/test_cuda_stream.dir/test_cuda_stream.cpp.o\x1b[0m\n'}
[159.125399] (nvblox) StdoutLine: {'line': b'[ 57%] \x1b[32mBuilding CXX object nvblox/tests/CMakeFiles/test_feature_integrator.dir/test_feature_integrator.cpp.o\x1b[0m\n'}
[159.125499] (nvblox) StdoutLine: {'line': b'[ 59%] \x1b[32mBuilding CXX object nvblox/tests/CMakeFiles/test_gpu_layer_view.dir/test_gpu_layer_view.cpp.o\x1b[0m\n'}
[159.126003] (nvblox) StdoutLine: {'line': b'[ 59%] \x1b[32mBuilding CXX object nvblox/tests/CMakeFiles/test_dynamics.dir/test_dynamics.cpp.o\x1b[0m\n'}
[159.126285] (nvblox) StdoutLine: {'line': b'[ 59%] \x1b[32mBuilding CXX object nvblox/tests/CMakeFiles/test_depth_image.dir/test_depth_image.cpp.o\x1b[0m\n'}
[159.126435] (nvblox) StdoutLine: {'line': b'[ 60%] \x1b[32mBuilding CXX object nvblox/tests/CMakeFiles/test_freespace_integrator.dir/test_freespace_integrator.cpp.o\x1b[0m\n'}
[159.128482] (nvblox) StdoutLine: {'line': b'[ 60%] \x1b[32mBuilding CXX object nvblox/tests/CMakeFiles/test_image_io.dir/test_image_io.cpp.o\x1b[0m\n'}
[159.128635] (nvblox) StdoutLine: {'line': b'[ 60%] \x1b[32mBuilding CXX object nvblox/tests/CMakeFiles/test_frustum.dir/test_frustum.cpp.o\x1b[0m\n'}
[159.143213] (-) TimerEvent: {}
[159.245205] (-) TimerEvent: {}
[159.345496] (-) TimerEvent: {}
[159.445859] (-) TimerEvent: {}
[159.546653] (-) TimerEvent: {}
[159.647001] (-) TimerEvent: {}
[159.747323] (-) TimerEvent: {}
[159.848421] (-) TimerEvent: {}
[159.949038] (-) TimerEvent: {}
[160.049364] (-) TimerEvent: {}
[160.151222] (-) TimerEvent: {}
[160.251678] (-) TimerEvent: {}
[160.352219] (-) TimerEvent: {}
[160.452785] (-) TimerEvent: {}
[160.553343] (-) TimerEvent: {}
[160.657214] (-) TimerEvent: {}
[160.757733] (-) TimerEvent: {}
[160.858224] (-) TimerEvent: {}
[160.958779] (-) TimerEvent: {}
[161.059329] (-) TimerEvent: {}
[161.159880] (-) TimerEvent: {}
[161.260446] (-) TimerEvent: {}
[161.361015] (-) TimerEvent: {}
[161.461594] (-) TimerEvent: {}
[161.556854] (nvblox) StdoutLine: {'line': b'[ 60%] \x1b[32m\x1b[1mLinking CXX executable test_bounding_spheres\x1b[0m\n'}
[161.561707] (-) TimerEvent: {}
[161.662145] (-) TimerEvent: {}
[161.762616] (-) TimerEvent: {}
[161.783232] (nvblox) StdoutLine: {'line': b'[ 60%] Built target test_bounding_spheres\n'}
[161.783427] (nvblox) StdoutLine: {'line': b'[ 60%] \x1b[32m\x1b[1mLinking CXX executable test_mono_image\x1b[0m\n'}
[161.819278] (nvblox) StdoutLine: {'line': b'[ 60%] \x1b[32mBuilding CXX object nvblox/tests/CMakeFiles/test_image_masker.dir/test_image_masker.cpp.o\x1b[0m\n'}
[161.862726] (-) TimerEvent: {}
[161.963144] (-) TimerEvent: {}
[161.980264] (nvblox) StdoutLine: {'line': b'[ 60%] Built target test_mono_image\n'}
[162.011129] (nvblox) StdoutLine: {'line': b'[ 60%] \x1b[32mBuilding CXX object nvblox/tests/CMakeFiles/test_image_projector.dir/test_image_projector.cpp.o\x1b[0m\n'}
[162.063220] (-) TimerEvent: {}
[162.163539] (-) TimerEvent: {}
[162.245065] (nvblox) StdoutLine: {'line': b'[ 60%] \x1b[32m\x1b[1mLinking CXX executable test_cuda_stream\x1b[0m\n'}
[162.263673] (-) TimerEvent: {}
[162.363979] (-) TimerEvent: {}
[162.457298] (nvblox) StdoutLine: {'line': b'[ 60%] Built target test_cuda_stream\n'}
[162.466218] (-) TimerEvent: {}
[162.486040] (nvblox) StdoutLine: {'line': b'[ 60%] \x1b[32mBuilding CXX object nvblox/tests/CMakeFiles/test_indexing.dir/test_indexing.cpp.o\x1b[0m\n'}
[162.566329] (-) TimerEvent: {}
[162.666627] (-) TimerEvent: {}
[162.766936] (-) TimerEvent: {}
[162.867242] (-) TimerEvent: {}
[162.909881] (nvblox) StdoutLine: {'line': b'[ 60%] \x1b[32m\x1b[1mLinking CXX executable test_mask_from_detections\x1b[0m\n'}
[162.967365] (-) TimerEvent: {}
[163.068216] (-) TimerEvent: {}
[163.092020] (nvblox) StdoutLine: {'line': b'[ 60%] Built target test_mask_from_detections\n'}
[163.124880] (nvblox) StdoutLine: {'line': b'[ 60%] \x1b[32mBuilding CXX object nvblox/tests/CMakeFiles/test_interpolation_2d.dir/test_interpolation_2d.cpp.o\x1b[0m\n'}
[163.168333] (-) TimerEvent: {}
[163.268820] (-) TimerEvent: {}
[163.369322] (-) TimerEvent: {}
[163.472232] (-) TimerEvent: {}
[163.572617] (-) TimerEvent: {}
[163.672960] (-) TimerEvent: {}
[163.773305] (-) TimerEvent: {}
[163.819259] (nvblox) StdoutLine: {'line': b'[ 60%] \x1b[32m\x1b[1mLinking CXX executable test_mask_preprocessor\x1b[0m\n'}
[163.873419] (-) TimerEvent: {}
[163.973771] (-) TimerEvent: {}
[164.005700] (nvblox) StdoutLine: {'line': b'[ 60%] Built target test_mask_preprocessor\n'}
[164.037719] (nvblox) StdoutLine: {'line': b'[ 60%] \x1b[32mBuilding CXX object nvblox/tests/CMakeFiles/test_layer.dir/test_layer.cpp.o\x1b[0m\n'}
[164.073891] (-) TimerEvent: {}
[164.177227] (-) TimerEvent: {}
[164.277580] (-) TimerEvent: {}
[164.377936] (-) TimerEvent: {}
[164.478294] (-) TimerEvent: {}
[164.561076] (nvblox) StdoutLine: {'line': b'[ 60%] \x1b[32m\x1b[1mLinking CXX executable test_depth_image\x1b[0m\n'}
[164.578412] (-) TimerEvent: {}
[164.678780] (-) TimerEvent: {}
[164.765001] (nvblox) StdoutLine: {'line': b'[ 60%] Built target test_depth_image\n'}
[164.778897] (-) TimerEvent: {}
[164.797226] (nvblox) StdoutLine: {'line': b'[ 60%] \x1b[32mBuilding CXX object nvblox/tests/CMakeFiles/test_lidar.dir/test_lidar.cpp.o\x1b[0m\n'}
[164.879224] (-) TimerEvent: {}
[164.983397] (-) TimerEvent: {}
[165.083900] (-) TimerEvent: {}
[165.184394] (-) TimerEvent: {}
[165.206847] (nvblox) StdoutLine: {'line': b'[ 61%] \x1b[32m\x1b[1mLinking CXX executable test_blox\x1b[0m\n'}
[165.284515] (-) TimerEvent: {}
[165.384993] (-) TimerEvent: {}
[165.445717] (nvblox) StdoutLine: {'line': b'[ 61%] Built target test_blox\n'}
[165.473423] (nvblox) StdoutLine: {'line': b'[ 61%] \x1b[32mBuilding CXX object nvblox/tests/CMakeFiles/test_lidarply.dir/test_lidarply.cpp.o\x1b[0m\n'}
[165.485108] (-) TimerEvent: {}
[165.585581] (-) TimerEvent: {}
[165.686058] (-) TimerEvent: {}
[165.788224] (-) TimerEvent: {}
[165.888722] (-) TimerEvent: {}
[165.989220] (-) TimerEvent: {}
[166.068246] (nvblox) StdoutLine: {'line': b'[ 61%] \x1b[32m\x1b[1mLinking CXX executable test_image_io\x1b[0m\n'}
[166.089337] (-) TimerEvent: {}
[166.189814] (-) TimerEvent: {}
[166.245301] (nvblox) StdoutLine: {'line': b'[ 61%] Built target test_image_io\n'}
[166.274891] (nvblox) StdoutLine: {'line': b'[ 61%] \x1b[32mBuilding CXX object nvblox/tests/CMakeFiles/test_lidar_integration.dir/test_lidar_integration.cpp.o\x1b[0m\n'}
[166.289912] (-) TimerEvent: {}
[166.391218] (-) TimerEvent: {}
[166.415726] (nvblox) StdoutLine: {'line': b'[ 61%] \x1b[32m\x1b[1mLinking CXX executable test_gpu_layer_view\x1b[0m\n'}
[166.491329] (-) TimerEvent: {}
[166.517237] (nvblox) StdoutLine: {'line': b'[ 61%] \x1b[32m\x1b[1mLinking CXX executable test_3d_interpolation\x1b[0m\n'}
[166.591443] (-) TimerEvent: {}
[166.691773] (-) TimerEvent: {}
[166.714634] (nvblox) StdoutLine: {'line': b'[ 61%] Built target test_gpu_layer_view\n'}
[166.749506] (nvblox) StdoutLine: {'line': b'[ 61%] Built target test_3d_interpolation\n'}
[166.769877] (nvblox) StdoutLine: {'line': b'[ 62%] \x1b[32mBuilding CXX object nvblox/tests/CMakeFiles/test_mapper.dir/test_mapper.cpp.o\x1b[0m\n'}
[166.781217] (nvblox) StdoutLine: {'line': b'[ 63%] \x1b[32mBuilding CXX object nvblox/tests/CMakeFiles/test_mesh_appearance.dir/test_mesh_appearance.cpp.o\x1b[0m\n'}
[166.792840] (-) TimerEvent: {}
[166.886509] (nvblox) StdoutLine: {'line': b'[ 63%] \x1b[32m\x1b[1mLinking CXX executable test_indexing\x1b[0m\n'}
[166.892944] (-) TimerEvent: {}
[166.993217] (-) TimerEvent: {}
[167.075191] (nvblox) StdoutLine: {'line': b'[ 63%] Built target test_indexing\n'}
[167.093327] (-) TimerEvent: {}
[167.118363] (nvblox) StdoutLine: {'line': b'[ 63%] \x1b[32mBuilding CXX object nvblox/tests/CMakeFiles/test_mesh.dir/test_mesh.cpp.o\x1b[0m\n'}
[167.193445] (-) TimerEvent: {}
[167.297368] (-) TimerEvent: {}
[167.397693] (-) TimerEvent: {}
[167.415230] (nvblox) StdoutLine: {'line': b'[ 64%] \x1b[32m\x1b[1mLinking CXX executable test_cake\x1b[0m\n'}
[167.497807] (-) TimerEvent: {}
[167.598308] (-) TimerEvent: {}
[167.698747] (-) TimerEvent: {}
[167.776250] (nvblox) StdoutLine: {'line': b'[ 64%] \x1b[32m\x1b[1mLinking CXX executable test_feature_integrator\x1b[0m\n'}
[167.787950] (nvblox) StdoutLine: {'line': b'[ 65%] \x1b[32m\x1b[1mLinking CXX executable test_3dmatch\x1b[0m\n'}
[167.798857] (-) TimerEvent: {}
[167.819390] (nvblox) StdoutLine: {'line': b'[ 65%] Built target test_cake\n'}
[167.835130] (nvblox) StdoutLine: {'line': b'[ 65%] \x1b[32m\x1b[1mLinking CXX executable test_color_image\x1b[0m\n'}
[167.870546] (nvblox) StdoutLine: {'line': b'[ 65%] \x1b[32mBuilding CXX object nvblox/tests/CMakeFiles/test_mesh_serializer.dir/test_mesh_serializer.cpp.o\x1b[0m\n'}
[167.898972] (-) TimerEvent: {}
[168.011695] (-) TimerEvent: {}
[168.028278] (nvblox) StdoutLine: {'line': b'[ 65%] Built target test_3dmatch\n'}
[168.037357] (nvblox) StdoutLine: {'line': b'[ 65%] Built target test_color_image\n'}
[168.041829] (nvblox) StdoutLine: {'line': b'[ 65%] Built target test_feature_integrator\n'}
[168.063467] (nvblox) StdoutLine: {'line': b'[ 65%] \x1b[32m\x1b[1mLinking CXX executable test_for_memory_leaks\x1b[0m\n'}
[168.064037] (nvblox) StdoutLine: {'line': b'[ 65%] \x1b[32mBuilding CXX object nvblox/tests/CMakeFiles/test_ply_io.dir/test_ply_io.cpp.o\x1b[0m\n'}
[168.068717] (nvblox) StdoutLine: {'line': b'[ 66%] \x1b[32mBuilding CXX object nvblox/tests/CMakeFiles/test_nvtx_ranges.dir/test_nvtx_ranges.cpp.o\x1b[0m\n'}
[168.074051] (nvblox) StdoutLine: {'line': b'[ 66%] \x1b[32mBuilding CXX object nvblox/tests/CMakeFiles/test_occupancy_decay.dir/test_occupancy_decay.cpp.o\x1b[0m\n'}
[168.113219] (-) TimerEvent: {}
[168.213745] (-) TimerEvent: {}
[168.314288] (-) TimerEvent: {}
[168.362268] (nvblox) StdoutLine: {'line': b'[ 66%] Built target test_for_memory_leaks\n'}
[168.392901] (nvblox) StdoutLine: {'line': b'[ 66%] \x1b[32mBuilding CXX object nvblox/tests/CMakeFiles/test_occupancy_integrator.dir/test_occupancy_integrator.cpp.o\x1b[0m\n'}
[168.414407] (-) TimerEvent: {}
[168.514861] (-) TimerEvent: {}
[168.617955] (-) TimerEvent: {}
[168.718397] (-) TimerEvent: {}
[168.751216] (nvblox) StdoutLine: {'line': b'[ 67%] \x1b[32m\x1b[1mLinking CXX executable test_interpolation_2d\x1b[0m\n'}
[168.818513] (-) TimerEvent: {}
[168.918980] (-) TimerEvent: {}
[168.979546] (nvblox) StdoutLine: {'line': b'[ 67%] Built target test_interpolation_2d\n'}
[169.011927] (nvblox) StdoutLine: {'line': b'[ 67%] \x1b[32mBuilding CXX object nvblox/tests/CMakeFiles/test_orbbec.dir/test_orbbec.cpp.o\x1b[0m\n'}
[169.019093] (-) TimerEvent: {}
[169.119551] (-) TimerEvent: {}
[169.197858] (nvblox) StdoutLine: {'line': b'[ 68%] \x1b[32m\x1b[1mLinking CXX executable test_image_masker\x1b[0m\n'}
[169.219656] (-) TimerEvent: {}
[169.320192] (-) TimerEvent: {}
[169.384010] (nvblox) StdoutLine: {'line': b'[ 68%] Built target test_image_masker\n'}
[169.417264] (nvblox) StdoutLine: {'line': b'[ 68%] \x1b[32mBuilding CXX object nvblox/tests/CMakeFiles/test_pointcloud.dir/test_pointcloud.cpp.o\x1b[0m\n'}
[169.421392] (-) TimerEvent: {}
[169.524219] (-) TimerEvent: {}
[169.528611] (nvblox) StdoutLine: {'line': b'[ 69%] \x1b[32m\x1b[1mLinking CXX executable test_shape_clearer\x1b[0m\n'}
[169.615758] (nvblox) StdoutLine: {'line': b'[ 69%] \x1b[32m\x1b[1mLinking CXX executable test_freespace_integrator\x1b[0m\n'}
[169.624328] (-) TimerEvent: {}
[169.724668] (-) TimerEvent: {}
[169.752022] (nvblox) StdoutLine: {'line': b'[ 70%] \x1b[32m\x1b[1mLinking CXX executable test_color_integrator\x1b[0m\n'}
[169.824766] (-) TimerEvent: {}
[169.836595] (nvblox) StdoutLine: {'line': b'[ 70%] Built target test_shape_clearer\n'}
[169.856232] (nvblox) StdoutLine: {'line': b'[ 70%] Built target test_freespace_integrator\n'}
[169.868796] (nvblox) StdoutLine: {'line': b'[ 70%] \x1b[32mBuilding CXX object nvblox/tests/CMakeFiles/test_ray_caster.dir/test_ray_caster.cpp.o\x1b[0m\n'}
[169.888000] (nvblox) StdoutLine: {'line': b'[ 70%] \x1b[32mBuilding CXX object nvblox/tests/CMakeFiles/test_scene.dir/test_scene.cpp.o\x1b[0m\n'}
[169.924883] (-) TimerEvent: {}
[170.026417] (-) TimerEvent: {}
[170.117936] (nvblox) StdoutLine: {'line': b'[ 70%] \x1b[32m\x1b[1mLinking CXX executable test_dynamics\x1b[0m\n'}
[170.126523] (-) TimerEvent: {}
[170.216547] (nvblox) StdoutLine: {'line': b'[ 70%] Built target test_color_integrator\n'}
[170.226641] (-) TimerEvent: {}
[170.247676] (nvblox) StdoutLine: {'line': b'[ 70%] \x1b[32mBuilding CXX object nvblox/tests/CMakeFiles/test_serialization.dir/test_serialization.cpp.o\x1b[0m\n'}
[170.327224] (-) TimerEvent: {}
[170.360341] (nvblox) StdoutLine: {'line': b'[ 70%] Built target test_dynamics\n'}
[170.392214] (nvblox) StdoutLine: {'line': b'[ 70%] \x1b[32mBuilding CXX object nvblox/tests/CMakeFiles/test_sphere_tracing.dir/test_sphere_tracing.cpp.o\x1b[0m\n'}
[170.427336] (-) TimerEvent: {}
[170.527663] (-) TimerEvent: {}
[170.628021] (-) TimerEvent: {}
[170.728425] (-) TimerEvent: {}
[170.828784] (-) TimerEvent: {}
[170.929219] (-) TimerEvent: {}
[171.029682] (-) TimerEvent: {}
[171.130140] (-) TimerEvent: {}
[171.230581] (-) TimerEvent: {}
[171.331047] (-) TimerEvent: {}
[171.350597] (nvblox) StdoutLine: {'line': b'[ 70%] \x1b[32m\x1b[1mLinking CXX executable test_image_projector\x1b[0m\n'}
[171.431179] (-) TimerEvent: {}
[171.531502] (-) TimerEvent: {}
[171.631803] (-) TimerEvent: {}
[171.656270] (nvblox) StdoutLine: {'line': b'[ 70%] Built target test_image_projector\n'}
[171.688278] (nvblox) StdoutLine: {'line': b'[ 71%] \x1b[32mBuilding CXX object nvblox/tests/CMakeFiles/test_time.dir/test_time.cpp.o\x1b[0m\n'}
[171.731919] (-) TimerEvent: {}
[171.832479] (-) TimerEvent: {}
[171.933029] (-) TimerEvent: {}
[172.033578] (-) TimerEvent: {}
[172.137597] (-) TimerEvent: {}
[172.238179] (-) TimerEvent: {}
[172.338758] (-) TimerEvent: {}
[172.378926] (nvblox) StdoutLine: {'line': b'[ 71%] \x1b[32m\x1b[1mLinking CXX executable test_nvtx_ranges\x1b[0m\n'}
[172.438875] (-) TimerEvent: {}
[172.493612] (nvblox) StdoutLine: {'line': b'[ 72%] \x1b[32m\x1b[1mLinking CXX executable test_lidar\x1b[0m\n'}
[172.538978] (-) TimerEvent: {}
[172.556357] (nvblox) StdoutLine: {'line': b'[ 72%] Built target test_nvtx_ranges\n'}
[172.588988] (nvblox) StdoutLine: {'line': b'[ 72%] \x1b[32mBuilding CXX object nvblox/tests/CMakeFiles/test_timing.dir/test_timing.cpp.o\x1b[0m\n'}
[172.639091] (-) TimerEvent: {}
[172.680781] (nvblox) StdoutLine: {'line': b'[ 72%] Built target test_lidar\n'}
[172.711220] (nvblox) StdoutLine: {'line': b'[ 73%] \x1b[32mBuilding CXX object nvblox/tests/CMakeFiles/test_traits.dir/test_traits.cpp.o\x1b[0m\n'}
[172.739206] (-) TimerEvent: {}
[172.839531] (-) TimerEvent: {}
[172.939991] (-) TimerEvent: {}
[172.960702] (nvblox) StdoutLine: {'line': b'[ 73%] \x1b[32m\x1b[1mLinking CXX executable test_time\x1b[0m\n'}
[173.043220] (-) TimerEvent: {}
[173.104229] (nvblox) StdoutLine: {'line': b'[ 73%] Built target test_time\n'}
[173.136279] (nvblox) StdoutLine: {'line': b'[ 73%] \x1b[32mBuilding CXX object nvblox/tests/CMakeFiles/test_tsdf_decay.dir/test_tsdf_decay.cpp.o\x1b[0m\n'}
[173.143335] (-) TimerEvent: {}
[173.198245] (nvblox) StdoutLine: {'line': b'[ 73%] \x1b[32m\x1b[1mLinking CXX executable test_frustum\x1b[0m\n'}
[173.243451] (-) TimerEvent: {}
[173.343908] (-) TimerEvent: {}
[173.444382] (-) TimerEvent: {}
[173.472874] (nvblox) StdoutLine: {'line': b'[ 73%] Built target test_frustum\n'}
[173.506388] (nvblox) StdoutLine: {'line': b'[ 74%] \x1b[32mBuilding CXX object nvblox/tests/CMakeFiles/test_tsdf_error.dir/test_tsdf_error.cpp.o\x1b[0m\n'}
[173.544486] (-) TimerEvent: {}
[173.644926] (-) TimerEvent: {}
[173.745396] (-) TimerEvent: {}
[173.841337] (nvblox) StdoutLine: {'line': b'[ 75%] \x1b[32m\x1b[1mLinking CXX executable test_pointcloud\x1b[0m\n'}
[173.845502] (-) TimerEvent: {}
[173.945923] (-) TimerEvent: {}
[174.028552] (nvblox) StdoutLine: {'line': b'[ 75%] Built target test_pointcloud\n'}
[174.046032] (-) TimerEvent: {}
[174.058730] (nvblox) StdoutLine: {'line': b'[ 75%] \x1b[32mBuilding CXX object nvblox/tests/CMakeFiles/test_tsdf_integrator.dir/test_tsdf_integrator.cpp.o\x1b[0m\n'}
[174.146142] (-) TimerEvent: {}
[174.246594] (-) TimerEvent: {}
[174.347076] (-) TimerEvent: {}
[174.450513] (-) TimerEvent: {}
[174.550968] (-) TimerEvent: {}
[174.586501] (nvblox) StdoutLine: {'line': b'[ 75%] \x1b[32m\x1b[1mLinking CXX executable test_lidarply\x1b[0m\n'}
[174.651086] (-) TimerEvent: {}
[174.751553] (-) TimerEvent: {}
[174.771922] (nvblox) StdoutLine: {'line': b'[ 75%] Built target test_lidarply\n'}
[174.804364] (nvblox) StdoutLine: {'line': b'[ 76%] \x1b[32mBuilding CXX object nvblox/tests/CMakeFiles/test_tsdf_integrator_cuda_components.dir/test_tsdf_integrator_cuda_components.cpp.o\x1b[0m\n'}
[174.851664] (-) TimerEvent: {}
[174.952093] (-) TimerEvent: {}
[175.052545] (-) TimerEvent: {}
[175.133442] (nvblox) StdoutLine: {'line': b'[ 77%] \x1b[32m\x1b[1mLinking CXX executable test_ray_caster\x1b[0m\n'}
[175.152655] (-) TimerEvent: {}
[175.172499] (nvblox) StdoutLine: {'line': b'[ 77%] \x1b[32m\x1b[1mLinking CXX executable test_timing\x1b[0m\n'}
[175.252768] (-) TimerEvent: {}
[175.315811] (nvblox) StdoutLine: {'line': b'[ 77%] Built target test_timing\n'}
[175.317733] (nvblox) StdoutLine: {'line': b'[ 77%] Built target test_ray_caster\n'}
[175.349214] (nvblox) StdoutLine: {'line': b'[ 77%] \x1b[32mBuilding CXX object nvblox/tests/CMakeFiles/test_unified_ptr.dir/test_unified_ptr.cpp.o\x1b[0m\n'}
[175.352882] (-) TimerEvent: {}
[175.355827] (nvblox) StdoutLine: {'line': b'[ 78%] \x1b[32mBuilding CXX object nvblox/tests/CMakeFiles/test_unified_3d_grid.dir/test_unified_3d_grid.cpp.o\x1b[0m\n'}
[175.449661] (nvblox) StdoutLine: {'line': b'[ 78%] \x1b[32m\x1b[1mLinking CXX executable test_lidar_integration\x1b[0m\n'}
[175.452992] (-) TimerEvent: {}
[175.559221] (-) TimerEvent: {}
[175.636610] (nvblox) StdoutLine: {'line': b'[ 78%] \x1b[32m\x1b[1mLinking CXX executable test_ply_io\x1b[0m\n'}
[175.659330] (-) TimerEvent: {}
[175.759648] (-) TimerEvent: {}
[175.783881] (nvblox) StdoutLine: {'line': b'[ 78%] Built target test_lidar_integration\n'}
[175.793184] (nvblox) StdoutLine: {'line': b'[ 79%] \x1b[32m\x1b[1mLinking CXX executable test_occupancy_decay\x1b[0m\n'}
[175.816952] (nvblox) StdoutLine: {'line': b'[ 80%] \x1b[32mBuilding CXX object nvblox/tests/CMakeFiles/test_unified_vector.dir/test_unified_vector.cpp.o\x1b[0m\n'}
[175.859758] (-) TimerEvent: {}
[175.960093] (-) TimerEvent: {}
[176.006512] (nvblox) StdoutLine: {'line': b'[ 80%] Built target test_ply_io\n'}
[176.036213] (nvblox) StdoutLine: {'line': b'[ 80%] \x1b[32mBuilding CXX object nvblox/tests/CMakeFiles/test_weighting_function.dir/test_weighting_function.cpp.o\x1b[0m\n'}
[176.060204] (-) TimerEvent: {}
[176.111472] (nvblox) StdoutLine: {'line': b'[ 80%] Built target test_occupancy_decay\n'}
[176.116834] (nvblox) StdoutLine: {'line': b'[ 80%] \x1b[32m\x1b[1mLinking CXX executable test_mesh_serializer\x1b[0m\n'}
[176.153895] (nvblox) StdoutLine: {'line': b'[ 81%] \x1b[32mBuilding CXX object nvblox/tests/CMakeFiles/test_workspace_bounds.dir/test_workspace_bounds.cpp.o\x1b[0m\n'}
[176.160307] (-) TimerEvent: {}
[176.260704] (-) TimerEvent: {}
[176.361185] (-) TimerEvent: {}
[176.379074] (nvblox) StdoutLine: {'line': b'[ 81%] \x1b[32m\x1b[1mLinking CXX executable test_layer\x1b[0m\n'}
[176.389362] (nvblox) StdoutLine: {'line': b'[ 81%] \x1b[32m\x1b[1mLinking CXX executable test_traits\x1b[0m\n'}
[176.432359] (nvblox) StdoutLine: {'line': b'[ 81%] Built target test_mesh_serializer\n'}
[176.463251] (-) TimerEvent: {}
[176.465405] (nvblox) StdoutLine: {'line': b'[ 81%] \x1b[32mBuilding CXX object nvblox/tests/CMakeFiles/test_rates.dir/test_rates.cpp.o\x1b[0m\n'}
[176.563366] (-) TimerEvent: {}
[176.636412] (nvblox) StdoutLine: {'line': b'[ 81%] Built target test_traits\n'}
[176.663469] (-) TimerEvent: {}
[176.671271] (nvblox) StdoutLine: {'line': b'[ 81%] \x1b[32mBuilding CXX object nvblox/tests/CMakeFiles/test_layer_streamer.dir/test_layer_streamer.cpp.o\x1b[0m\n'}
[176.751917] (nvblox) StdoutLine: {'line': b'[ 81%] Built target test_layer\n'}
[176.765141] (-) TimerEvent: {}
[176.799918] (nvblox) StdoutLine: {'line': b'[ 82%] \x1b[32mBuilding CXX object nvblox/tests/CMakeFiles/test_npp_image_operations.dir/test_npp_image_operations.cpp.o\x1b[0m\n'}
[176.865220] (-) TimerEvent: {}
[176.965640] (-) TimerEvent: {}
[177.066073] (-) TimerEvent: {}
[177.168459] (-) TimerEvent: {}
[177.268879] (-) TimerEvent: {}
[177.369301] (-) TimerEvent: {}
[177.469620] (-) TimerEvent: {}
[177.569932] (-) TimerEvent: {}
[177.670219] (-) TimerEvent: {}
[177.711257] (nvblox) StdoutLine: {'line': b'[ 82%] \x1b[32m\x1b[1mLinking CXX executable test_mesh_appearance\x1b[0m\n'}
[177.770337] (-) TimerEvent: {}
[177.871219] (-) TimerEvent: {}
[177.971561] (-) TimerEvent: {}
[178.074225] (-) TimerEvent: {}
[178.134383] (nvblox) StdoutLine: {'line': b'[ 82%] Built target test_mesh_appearance\n'}
[178.160208] (nvblox) StdoutLine: {'line': b'[ 83%] \x1b[32m\x1b[1mLinking CXX executable test_orbbec\x1b[0m\n'}
[178.162835] (nvblox) StdoutLine: {'line': b'[ 84%] \x1b[32mBuilding CXX object nvblox/tests/CMakeFiles/test_depth_image_preprocessing.dir/test_depth_image_preprocessing.cpp.o\x1b[0m\n'}
[178.174338] (-) TimerEvent: {}
[178.274705] (-) TimerEvent: {}
[178.375217] (-) TimerEvent: {}
[178.402036] (nvblox) StdoutLine: {'line': b'[ 84%] Built target test_orbbec\n'}
[178.435228] (nvblox) StdoutLine: {'line': b'[ 84%] \x1b[32mBuilding CXX object nvblox/tests/CMakeFiles/test_layer_serializer_gpu.dir/test_layer_serializer_gpu.cpp.o\x1b[0m\n'}
[178.475339] (-) TimerEvent: {}
[178.575683] (-) TimerEvent: {}
[178.676042] (-) TimerEvent: {}
[178.776568] (-) TimerEvent: {}
[178.877079] (-) TimerEvent: {}
[178.930236] (nvblox) StdoutLine: {'line': b'[ 84%] \x1b[32m\x1b[1mLinking CXX executable test_serialization\x1b[0m\n'}
[178.975318] (nvblox) StdoutLine: {'line': b'[ 84%] \x1b[32m\x1b[1mLinking CXX executable test_unified_3d_grid\x1b[0m\n'}
[178.977198] (-) TimerEvent: {}
[179.077566] (-) TimerEvent: {}
[179.178002] (-) TimerEvent: {}
[179.228586] (nvblox) StdoutLine: {'line': b'[ 84%] \x1b[32m\x1b[1mLinking CXX executable test_weighting_function\x1b[0m\n'}
[179.269269] (nvblox) StdoutLine: {'line': b'[ 84%] Built target test_serialization\n'}
[179.278116] (-) TimerEvent: {}
[179.312005] (nvblox) StdoutLine: {'line': b'[ 84%] \x1b[32mBuilding CXX object nvblox/tests/CMakeFiles/test_image_cache.dir/test_image_cache.cpp.o\x1b[0m\n'}
[179.356353] (nvblox) StdoutLine: {'line': b'[ 84%] Built target test_unified_3d_grid\n'}
[179.378218] (-) TimerEvent: {}
[179.386346] (nvblox) StdoutLine: {'line': b'[ 84%] \x1b[32m\x1b[1mLinking CXX executable test_rates\x1b[0m\n'}
[179.391248] (nvblox) StdoutLine: {'line': b'[ 84%] \x1b[32mBuilding CXX object nvblox/tests/CMakeFiles/test_params.dir/test_params.cpp.o\x1b[0m\n'}
[179.471980] (nvblox) StdoutLine: {'line': b'[ 84%] Built target test_weighting_function\n'}
[179.478326] (-) TimerEvent: {}
[179.578783] (-) TimerEvent: {}
[179.610314] (nvblox) StdoutLine: {'line': b'[ 84%] \x1b[32mBuilding CXX object nvblox/tests/CMakeFiles/test_block_memory_pool.dir/test_block_memory_pool.cpp.o\x1b[0m\n'}
[179.676689] (nvblox) StdoutLine: {'line': b'[ 84%] Built target test_rates\n'}
[179.679979] (-) TimerEvent: {}
[179.708472] (nvblox) StdoutLine: {'line': b'[ 84%] \x1b[32m\x1b[1mLinking CXX executable test_mesh\x1b[0m\n'}
[179.744210] (nvblox) StdoutLine: {'line': b'[ 85%] \x1b[32mBuilding CXX object nvblox/tests/CMakeFiles/test_delays.dir/test_delays.cpp.o\x1b[0m\n'}
[179.780094] (-) TimerEvent: {}
[179.880676] (-) TimerEvent: {}
[179.980979] (-) TimerEvent: {}
[180.084199] (-) TimerEvent: {}
[180.126895] (nvblox) StdoutLine: {'line': b'[ 85%] Built target test_mesh\n'}
[180.186206] (nvblox) StdoutLine: {'line': b'[ 85%] \x1b[32mBuilding CXX object nvblox/tests/CMakeFiles/test_image_view.dir/test_image_view.cpp.o\x1b[0m\n'}
[180.186418] (-) TimerEvent: {}
[180.286636] (-) TimerEvent: {}
[180.386950] (-) TimerEvent: {}
[180.487290] (-) TimerEvent: {}
[180.553551] (nvblox) StdoutLine: {'line': b'[ 85%] \x1b[32m\x1b[1mLinking CXX executable test_mapper\x1b[0m\n'}
[180.587399] (-) TimerEvent: {}
[180.687709] (-) TimerEvent: {}
[180.788017] (-) TimerEvent: {}
[180.863892] (nvblox) StdoutLine: {'line': b'[ 85%] \x1b[32m\x1b[1mLinking CXX executable test_params\x1b[0m\n'}
[180.888124] (-) TimerEvent: {}
[180.923424] (nvblox) StdoutLine: {'line': b'[ 85%] \x1b[32m\x1b[1mLinking CXX executable test_unified_vector\x1b[0m\n'}
[180.988239] (-) TimerEvent: {}
[181.073559] (nvblox) StdoutLine: {'line': b'[ 85%] Built target test_params\n'}
[181.088347] (-) TimerEvent: {}
[181.113162] (nvblox) StdoutLine: {'line': b'[ 85%] Built target test_unified_vector\n'}
[181.113396] (nvblox) StdoutLine: {'line': b'[ 85%] \x1b[32mBuilding CXX object nvblox/tests/CMakeFiles/test_bitmask.dir/test_bitmask.cpp.o\x1b[0m\n'}
[181.170625] (nvblox) StdoutLine: {'line': b'[ 85%] Built target test_mapper\n'}
[181.173421] (nvblox) StdoutLine: {'line': b'[ 85%] \x1b[32mBuilding CXX object nvblox/tests/CMakeFiles/test_blocks_to_update_tracker.dir/test_blocks_to_update_tracker.cpp.o\x1b[0m\n'}
[181.188463] (-) TimerEvent: {}
[181.262299] (nvblox) StdoutLine: {'line': b'[ 85%] \x1b[32mBuilding CXX object nvblox/tests/CMakeFiles/test_nvblox_h.dir/test_nvblox_h.cpp.o\x1b[0m\n'}
[181.294228] (-) TimerEvent: {}
[181.394720] (-) TimerEvent: {}
[181.471263] (nvblox) StdoutLine: {'line': b'[ 85%] \x1b[32m\x1b[1mLinking CXX executable test_unified_ptr\x1b[0m\n'}
[181.496227] (-) TimerEvent: {}
[181.596593] (-) TimerEvent: {}
[181.696968] (-) TimerEvent: {}
[181.771971] (nvblox) StdoutLine: {'line': b'[ 85%] Built target test_unified_ptr\n'}
[181.797077] (-) TimerEvent: {}
[181.812595] (nvblox) StdoutLine: {'line': b'[ 85%] \x1b[32mBuilding CXX object nvblox/tests/CMakeFiles/test_ransac_plane_fitter_cpu.dir/test_ransac_plane_fitter_cpu.cpp.o\x1b[0m\n'}
[181.898217] (-) TimerEvent: {}
[181.998542] (-) TimerEvent: {}
[182.098879] (-) TimerEvent: {}
[182.199410] (-) TimerEvent: {}
[182.303417] (-) TimerEvent: {}
[182.380451] (nvblox) StdoutLine: {'line': b'[ 85%] \x1b[32m\x1b[1mLinking CXX executable test_occupancy_integrator\x1b[0m\n'}
[182.403527] (-) TimerEvent: {}
[182.504070] (-) TimerEvent: {}
[182.530475] (nvblox) StdoutLine: {'line': b'[ 85%] \x1b[32m\x1b[1mLinking CXX executable test_delays\x1b[0m\n'}
[182.534764] (nvblox) StdoutLine: {'line': b'[ 86%] \x1b[32m\x1b[1mLinking CXX executable test_image_cache\x1b[0m\n'}
[182.604196] (-) TimerEvent: {}
[182.633108] (nvblox) StdoutLine: {'line': b'[ 86%] \x1b[32m\x1b[1mLinking CXX executable test_sphere_tracing\x1b[0m\n'}
[182.705481] (-) TimerEvent: {}
[182.733710] (nvblox) StdoutLine: {'line': b'[ 86%] Built target test_occupancy_integrator\n'}
[182.746766] (nvblox) StdoutLine: {'line': b'[ 86%] Built target test_image_cache\n'}
[182.749833] (nvblox) StdoutLine: {'line': b'[ 86%] Built target test_delays\n'}
[182.789478] (nvblox) StdoutLine: {'line': b'[ 86%] \x1b[32mBuilding CXX object nvblox/tests/CMakeFiles/test_layer_cake_streamer.dir/test_layer_cake_streamer.cpp.o\x1b[0m\n'}
[182.797293] (nvblox) StdoutLine: {'line': b'[ 86%] \x1b[32mBuilding CXX object nvblox/tests/CMakeFiles/test_ransac_plane_fitter.dir/test_ransac_plane_fitter.cpp.o\x1b[0m\n'}
[182.803260] (nvblox) StdoutLine: {'line': b'[ 86%] \x1b[32m\x1b[1mLinking CXX executable test_bitmask\x1b[0m\n'}
[182.805593] (-) TimerEvent: {}
[182.806970] (nvblox) StdoutLine: {'line': b'[ 86%] \x1b[32mBuilding CXX object nvblox/tests/CMakeFiles/test_replica.dir/test_replica.cpp.o\x1b[0m\n'}
[182.885277] (nvblox) StdoutLine: {'line': b'[ 86%] Built target test_sphere_tracing\n'}
[182.905699] (-) TimerEvent: {}
[182.961930] (nvblox) StdoutLine: {'line': b'[ 86%] \x1b[32mBuilding CXX object nvblox/tests/CMakeFiles/test_checks.dir/test_checks.cpp.o\x1b[0m\n'}
[183.005815] (-) TimerEvent: {}
[183.026557] (nvblox) StdoutLine: {'line': b'[ 86%] Built target test_bitmask\n'}
[183.087572] (nvblox) StdoutLine: {'line': b'[ 86%] \x1b[32mBuilding CXX object nvblox/tests/CMakeFiles/test_type_indexed_store.dir/test_type_indexed_store.cpp.o\x1b[0m\n'}
[183.105935] (-) TimerEvent: {}
[183.184132] (nvblox) StdoutLine: {'line': b'[ 86%] \x1b[32m\x1b[1mLinking CXX executable test_tsdf_error\x1b[0m\n'}
[183.206043] (-) TimerEvent: {}
[183.309481] (-) TimerEvent: {}
[183.409937] (-) TimerEvent: {}
[183.510495] (-) TimerEvent: {}
[183.561838] (nvblox) StdoutLine: {'line': b'[ 86%] Built target test_tsdf_error\n'}
[183.610612] (-) TimerEvent: {}
[183.629383] (nvblox) StdoutLine: {'line': b'[ 86%] \x1b[32mBuilding CUDA object nvblox/tests/CMakeFiles/regression_test_query_after_clear.dir/regression_test_query_after_clear.cu.o\x1b[0m\n'}
[183.710729] (-) TimerEvent: {}
[183.811100] (-) TimerEvent: {}
[183.852621] (nvblox) StdoutLine: {'line': b'[ 86%] \x1b[32m\x1b[1mLinking CXX executable test_tsdf_integrator_cuda_components\x1b[0m\n'}
[183.913227] (-) TimerEvent: {}
[183.920261] (nvblox) StdoutLine: {'line': b'[ 87%] \x1b[32m\x1b[1mLinking CXX executable test_image_view\x1b[0m\n'}
[184.013350] (-) TimerEvent: {}
[184.076213] (nvblox) StdoutLine: {'line': b'[ 87%] Built target test_tsdf_integrator_cuda_components\n'}
[184.113453] (-) TimerEvent: {}
[184.174229] (nvblox) StdoutLine: {'line': b'[ 87%] \x1b[32mBuilding CUDA object nvblox/tests/CMakeFiles/test_camera.dir/test_camera.cu.o\x1b[0m\n'}
[184.191044] (nvblox) StdoutLine: {'line': b'[ 87%] Built target test_image_view\n'}
[184.213558] (-) TimerEvent: {}
[184.231169] (nvblox) StdoutLine: {'line': b'[ 87%] \x1b[32mBuilding CUDA object nvblox/tests/CMakeFiles/test_layer_to_3d_grid.dir/test_layer_to_3d_grid.cu.o\x1b[0m\n'}
[184.313663] (-) TimerEvent: {}
[184.413954] (-) TimerEvent: {}
[184.508086] (nvblox) StdoutLine: {'line': b'[ 88%] \x1b[32m\x1b[1mLinking CXX executable test_block_memory_pool\x1b[0m\n'}
[184.514061] (-) TimerEvent: {}
[184.614373] (-) TimerEvent: {}
[184.714696] (-) TimerEvent: {}
[184.779010] (nvblox) StdoutLine: {'line': b'[ 88%] Built target test_block_memory_pool\n'}
[184.814800] (-) TimerEvent: {}
[184.817155] (nvblox) StdoutLine: {'line': b'[ 88%] \x1b[32mBuilding CUDA object nvblox/tests/CMakeFiles/test_gpu_hash_interface.dir/test_gpu_hash_interface.cu.o\x1b[0m\n'}
[184.914895] (-) TimerEvent: {}
[185.016216] (-) TimerEvent: {}
[185.044230] (nvblox) StdoutLine: {'line': b'[ 89%] \x1b[32m\x1b[1mLinking CXX executable test_checks\x1b[0m\n'}
[185.082702] (nvblox) StdoutLine: {'line': b'[ 89%] \x1b[32m\x1b[1mLinking CXX executable test_workspace_bounds\x1b[0m\n'}
[185.116325] (-) TimerEvent: {}
[185.216645] (-) TimerEvent: {}
[185.258296] (nvblox) StdoutLine: {'line': b'[ 89%] Built target test_checks\n'}
[185.316751] (-) TimerEvent: {}
[185.348792] (nvblox) StdoutLine: {'line': b'[ 90%] \x1b[32mBuilding CUDA object nvblox/tests/CMakeFiles/test_masked_image_view.dir/test_masked_image_view.cu.o\x1b[0m\n'}
[185.417216] (-) TimerEvent: {}
[185.521367] (-) TimerEvent: {}
[185.521616] (nvblox) StdoutLine: {'line': b'[ 90%] Built target test_workspace_bounds\n'}
[185.574872] (nvblox) StdoutLine: {'line': b'[ 90%] \x1b[32mBuilding CUDA object nvblox/tests/CMakeFiles/test_esdf_integrator_slicing.dir/test_esdf_integrator_slicing.cu.o\x1b[0m\n'}
[185.621479] (-) TimerEvent: {}
[185.721783] (-) TimerEvent: {}
[185.822084] (-) TimerEvent: {}
[185.837097] (nvblox) StdoutLine: {'line': b'[ 90%] \x1b[32m\x1b[1mLinking CXX executable test_npp_image_operations\x1b[0m\n'}
[185.922207] (-) TimerEvent: {}
[186.022546] (-) TimerEvent: {}
[186.068534] (nvblox) StdoutLine: {'line': b'[ 90%] Built target test_npp_image_operations\n'}
[186.102296] (nvblox) StdoutLine: {'line': b'[ 90%] \x1b[32mBuilding CUDA object nvblox/tests/CMakeFiles/test_plane.dir/test_plane.cu.o\x1b[0m\n'}
[186.122650] (-) TimerEvent: {}
[186.224214] (-) TimerEvent: {}
[186.324744] (-) TimerEvent: {}
[186.425285] (-) TimerEvent: {}
[186.525840] (-) TimerEvent: {}
[186.628602] (-) TimerEvent: {}
[186.729146] (-) TimerEvent: {}
[186.760317] (nvblox) StdoutLine: {'line': b'[ 90%] \x1b[32m\x1b[1mLinking CXX executable test_layer_serializer_gpu\x1b[0m\n'}
[186.812356] (nvblox) StdoutLine: {'line': b'[ 90%] \x1b[32m\x1b[1mLinking CXX executable test_depth_image_preprocessing\x1b[0m\n'}
[186.829220] (-) TimerEvent: {}
[186.849130] (nvblox) StdoutLine: {'line': b'[ 90%] \x1b[32m\x1b[1mLinking CXX executable test_blocks_to_update_tracker\x1b[0m\n'}
[186.932222] (-) TimerEvent: {}
[187.032696] (-) TimerEvent: {}
[187.037128] (nvblox) StdoutLine: {'line': b'[ 90%] Built target test_layer_serializer_gpu\n'}
[187.040732] (nvblox) StdoutLine: {'line': b'[ 90%] Built target test_blocks_to_update_tracker\n'}
[187.063269] (nvblox) StdoutLine: {'line': b'[ 90%] Built target test_depth_image_preprocessing\n'}
[187.066905] (nvblox) StdoutLine: {'line': b'[ 90%] \x1b[32mBuilding CUDA object nvblox/tests/CMakeFiles/test_device_function_utils.dir/test_device_function_utils.cu.o\x1b[0m\n'}
[187.078418] (nvblox) StdoutLine: {'line': b'[ 90%] \x1b[32mBuilding CUDA object nvblox/tests/CMakeFiles/test_zero_crossings_extractor.dir/test_zero_crossings_extractor.cu.o\x1b[0m\n'}
[187.088589] (nvblox) StdoutLine: {'line': b'[ 90%] \x1b[32mBuilding CUDA object nvblox/tests/CMakeFiles/test_error_check.dir/test_error_check.cu.o\x1b[0m\n'}
[187.132798] (-) TimerEvent: {}
[187.233218] (-) TimerEvent: {}
[187.334214] (-) TimerEvent: {}
[187.434645] (-) TimerEvent: {}
[187.539213] (-) TimerEvent: {}
[187.640717] (-) TimerEvent: {}
[187.741165] (-) TimerEvent: {}
[187.747242] (nvblox) StdoutLine: {'line': b'[ 90%] \x1b[32m\x1b[1mLinking CXX executable test_tsdf_decay\x1b[0m\n'}
[187.841591] (-) TimerEvent: {}
[187.941903] (-) TimerEvent: {}
[188.042449] (-) TimerEvent: {}
[188.142805] (-) TimerEvent: {}
[188.168155] (nvblox) StdoutLine: {'line': b'[ 90%] Built target test_tsdf_decay\n'}
[188.215281] (nvblox) StdoutLine: {'line': b'[ 90%] \x1b[32mBuilding CUDA object nvblox/tests/CMakeFiles/test_array.dir/test_array.cu.o\x1b[0m\n'}
[188.243220] (-) TimerEvent: {}
[188.343644] (-) TimerEvent: {}
[188.358736] (nvblox) StdoutLine: {'line': b'[ 90%] \x1b[32m\x1b[1mLinking CXX executable test_type_indexed_store\x1b[0m\n'}
[188.443917] (-) TimerEvent: {}
[188.494628] (nvblox) StdoutLine: {'line': b'[ 91%] \x1b[32m\x1b[1mLinking CXX executable test_layer_cake_streamer\x1b[0m\n'}
[188.546576] (-) TimerEvent: {}
[188.641412] (nvblox) StdoutLine: {'line': b'[ 91%] Built target test_type_indexed_store\n'}
[188.646678] (-) TimerEvent: {}
[188.701092] (nvblox) StdoutLine: {'line': b'[ 92%] \x1b[32mBuilding CUDA object nvblox/tests/CMakeFiles/test_lidar_motion_compensation.dir/test_lidar_motion_compensation.cu.o\x1b[0m\n'}
[188.715459] (nvblox) StdoutLine: {'line': b'[ 92%] \x1b[32m\x1b[1mLinking CXX executable test_nvblox_h\x1b[0m\n'}
[188.747615] (-) TimerEvent: {}
[188.796096] (nvblox) StdoutLine: {'line': b'[ 92%] Built target test_layer_cake_streamer\n'}
[188.835417] (nvblox) StdoutLine: {'line': b'[ 92%] Built target test_nvblox_h\n'}
[188.847782] (-) TimerEvent: {}
[188.852526] (nvblox) StdoutLine: {'line': b'[ 93%] \x1b[32mBuilding CXX object nvblox/tests/CMakeFiles/test_esdf_integrator.dir/test_esdf_integrator.cpp.o\x1b[0m\n'}
[188.864424] (nvblox) StdoutLine: {'line': b'[ 94%] \x1b[32m\x1b[1mLinking CXX executable test_scene\x1b[0m\n'}
[188.877016] (nvblox) StdoutLine: {'line': b'[ 95%] \x1b[32mBuilding CXX object nvblox/tests/CMakeFiles/test_fuser.dir/test_fuser.cpp.o\x1b[0m\n'}
[188.949218] (-) TimerEvent: {}
[189.049634] (-) TimerEvent: {}
[189.149962] (-) TimerEvent: {}
[189.183968] (nvblox) StdoutLine: {'line': b'[ 96%] \x1b[32m\x1b[1mLinking CXX executable test_layer_streamer\x1b[0m\n'}
[189.204141] (nvblox) StdoutLine: {'line': b'[ 96%] Built target test_scene\n'}
[189.250079] (-) TimerEvent: {}
[189.282825] (nvblox) StdoutLine: {'line': b'[ 96%] \x1b[32mBuilding CXX object nvblox/tests/CMakeFiles/test_mapper_block_allocation.dir/test_mapper_block_allocation.cpp.o\x1b[0m\n'}
[189.350201] (-) TimerEvent: {}
[189.450616] (-) TimerEvent: {}
[189.486279] (nvblox) StdoutLine: {'line': b'[ 96%] Built target test_layer_streamer\n'}
[189.529123] (nvblox) StdoutLine: {'line': b'[ 96%] \x1b[32mBuilding CXX object nvblox/tests/CMakeFiles/test_multi_mapper.dir/test_multi_mapper.cpp.o\x1b[0m\n'}
[189.550726] (-) TimerEvent: {}
[189.651055] (-) TimerEvent: {}
[189.751522] (-) TimerEvent: {}
[189.853493] (-) TimerEvent: {}
[189.904139] (nvblox) StdoutLine: {'line': b'[ 96%] \x1b[32m\x1b[1mLinking CXX executable test_ransac_plane_fitter\x1b[0m\n'}
[189.953590] (-) TimerEvent: {}
[190.054065] (-) TimerEvent: {}
[190.155405] (-) TimerEvent: {}
[190.212698] (nvblox) StdoutLine: {'line': b'[ 97%] \x1b[32m\x1b[1mLinking CXX executable test_ransac_plane_fitter_cpu\x1b[0m\n'}
[190.212889] (nvblox) StdoutLine: {'line': b'[ 97%] Built target test_ransac_plane_fitter\n'}
[190.255506] (-) TimerEvent: {}
[190.256732] (nvblox) StdoutLine: {'line': b'[ 97%] \x1b[32mBuilding CXX object nvblox/tests/CMakeFiles/nvblox_benchmark.dir/benchmark.cpp.o\x1b[0m\n'}
[190.355614] (-) TimerEvent: {}
[190.456032] (-) TimerEvent: {}
[190.515477] (nvblox) StdoutLine: {'line': b'[ 97%] Built target test_ransac_plane_fitter_cpu\n'}
[190.554410] (nvblox) StdoutLine: {'line': b'[ 97%] \x1b[32mBuilding CXX object nvblox/tests/CMakeFiles/nvblox_benchmark_camera.dir/benchmark_camera.cpp.o\x1b[0m\n'}
[190.556134] (-) TimerEvent: {}
[190.656445] (-) TimerEvent: {}
[190.757521] (-) TimerEvent: {}
[190.857966] (-) TimerEvent: {}
[190.958305] (-) TimerEvent: {}
[191.058626] (-) TimerEvent: {}
[191.159066] (-) TimerEvent: {}
[191.259586] (-) TimerEvent: {}
[191.360045] (-) TimerEvent: {}
[191.460314] (-) TimerEvent: {}
[191.557206] (nvblox) StdoutLine: {'line': b'[ 97%] \x1b[32m\x1b[1mLinking CXX executable test_replica\x1b[0m\n'}
[191.560799] (-) TimerEvent: {}
[191.662028] (-) TimerEvent: {}
[191.753815] (nvblox) StdoutLine: {'line': b'[ 97%] Built target test_replica\n'}
[191.763217] (-) TimerEvent: {}
[191.865512] (-) TimerEvent: {}
[191.967268] (-) TimerEvent: {}
[192.067833] (-) TimerEvent: {}
[192.168218] (-) TimerEvent: {}
[192.270558] (-) TimerEvent: {}
[192.371146] (-) TimerEvent: {}
[192.471611] (-) TimerEvent: {}
[192.572090] (-) TimerEvent: {}
[192.672589] (-) TimerEvent: {}
[192.773354] (-) TimerEvent: {}
[192.874220] (-) TimerEvent: {}
[192.974663] (-) TimerEvent: {}
[193.077468] (-) TimerEvent: {}
[193.177997] (-) TimerEvent: {}
[193.279317] (-) TimerEvent: {}
[193.381218] (-) TimerEvent: {}
[193.397268] (nvblox) StdoutLine: {'line': b'[ 97%] \x1b[32m\x1b[1mLinking CXX executable test_tsdf_integrator\x1b[0m\n'}
[193.481336] (-) TimerEvent: {}
[193.584147] (-) TimerEvent: {}
[193.685224] (-) TimerEvent: {}
[193.769594] (nvblox) StdoutLine: {'line': b'[ 97%] Built target test_tsdf_integrator\n'}
[193.785334] (-) TimerEvent: {}
[193.885741] (-) TimerEvent: {}
[193.941044] (nvblox) StdoutLine: {'line': b'[ 97%] \x1b[32m\x1b[1mLinking CXX executable nvblox_benchmark_camera\x1b[0m\n'}
[193.987226] (-) TimerEvent: {}
[194.087597] (-) TimerEvent: {}
[194.143434] (nvblox) StdoutLine: {'line': b'[ 97%] Built target nvblox_benchmark_camera\n'}
[194.187709] (-) TimerEvent: {}
[194.289724] (-) TimerEvent: {}
[194.390036] (-) TimerEvent: {}
[194.491779] (-) TimerEvent: {}
[194.592212] (-) TimerEvent: {}
[194.693361] (-) TimerEvent: {}
[194.794459] (-) TimerEvent: {}
[194.896219] (-) TimerEvent: {}
[194.996745] (-) TimerEvent: {}
[195.097213] (-) TimerEvent: {}
[195.197726] (-) TimerEvent: {}
[195.298237] (-) TimerEvent: {}
[195.400215] (-) TimerEvent: {}
[195.500530] (-) TimerEvent: {}
[195.601186] (-) TimerEvent: {}
[195.703273] (-) TimerEvent: {}
[195.804205] (-) TimerEvent: {}
[195.906297] (-) TimerEvent: {}
[196.008755] (-) TimerEvent: {}
[196.109048] (-) TimerEvent: {}
[196.209441] (-) TimerEvent: {}
[196.309788] (-) TimerEvent: {}
[196.328420] (nvblox) StdoutLine: {'line': b'[ 97%] \x1b[32m\x1b[1mLinking CXX executable test_device_function_utils\x1b[0m\n'}
[196.391275] (nvblox) StdoutLine: {'line': b'[ 97%] \x1b[32m\x1b[1mLinking CXX executable test_masked_image_view\x1b[0m\n'}
[196.410026] (-) TimerEvent: {}
[196.490364] (nvblox) StdoutLine: {'line': b'[ 97%] Built target test_device_function_utils\n'}
[196.510134] (-) TimerEvent: {}
[196.521975] (nvblox) StdoutLine: {'line': b'[ 97%] Built target test_masked_image_view\n'}
[196.611224] (-) TimerEvent: {}
[196.714254] (-) TimerEvent: {}
[196.814684] (-) TimerEvent: {}
[196.915111] (-) TimerEvent: {}
[196.932885] (nvblox) StdoutLine: {'line': b'[ 97%] \x1b[32m\x1b[1mLinking CXX executable test_fuser\x1b[0m\n'}
[197.015215] (-) TimerEvent: {}
[197.049628] (nvblox) StdoutLine: {'line': b'[ 97%] Built target test_fuser\n'}
[197.115328] (-) TimerEvent: {}
[197.215733] (-) TimerEvent: {}
[197.297844] (nvblox) StdoutLine: {'line': b'[ 97%] \x1b[32m\x1b[1mLinking CXX executable test_error_check\x1b[0m\n'}
[197.315846] (-) TimerEvent: {}
[197.416170] (-) TimerEvent: {}
[197.459319] (nvblox) StdoutLine: {'line': b'[ 97%] Built target test_error_check\n'}
[197.516280] (-) TimerEvent: {}
[197.616590] (-) TimerEvent: {}
[197.716879] (-) TimerEvent: {}
[197.727572] (nvblox) StdoutLine: {'line': b'[ 97%] \x1b[32m\x1b[1mLinking CXX executable test_array\x1b[0m\n'}
[197.816988] (-) TimerEvent: {}
[197.900737] (nvblox) StdoutLine: {'line': b'[ 97%] Built target test_array\n'}
[197.917098] (-) TimerEvent: {}
[198.017438] (-) TimerEvent: {}
[198.117716] (-) TimerEvent: {}
[198.218001] (-) TimerEvent: {}
[198.318322] (-) TimerEvent: {}
[198.418643] (-) TimerEvent: {}
[198.518946] (-) TimerEvent: {}
[198.619251] (-) TimerEvent: {}
[198.719555] (-) TimerEvent: {}
[198.819869] (-) TimerEvent: {}
[198.920187] (-) TimerEvent: {}
[199.020500] (-) TimerEvent: {}
[199.120814] (-) TimerEvent: {}
[199.221136] (-) TimerEvent: {}
[199.280541] (nvblox) StdoutLine: {'line': b'[ 98%] \x1b[32m\x1b[1mLinking CXX executable nvblox_benchmark\x1b[0m\n'}
[199.321215] (-) TimerEvent: {}
[199.416676] (nvblox) StdoutLine: {'line': b'[ 98%] Built target nvblox_benchmark\n'}
[199.421330] (-) TimerEvent: {}
[199.521663] (-) TimerEvent: {}
[199.621953] (-) TimerEvent: {}
[199.722216] (-) TimerEvent: {}
[199.822514] (-) TimerEvent: {}
[199.921228] (nvblox) StdoutLine: {'line': b'[ 99%] \x1b[32m\x1b[1mLinking CXX executable test_plane\x1b[0m\n'}
[199.922614] (-) TimerEvent: {}
[200.022964] (-) TimerEvent: {}
[200.036465] (nvblox) StdoutLine: {'line': b'[ 99%] Built target test_plane\n'}
[200.123072] (-) TimerEvent: {}
[200.160211] (nvblox) StdoutLine: {'line': b'[ 99%] \x1b[32m\x1b[1mLinking CXX executable test_multi_mapper\x1b[0m\n'}
[200.223184] (-) TimerEvent: {}
[200.323486] (-) TimerEvent: {}
[200.373908] (nvblox) StdoutLine: {'line': b'[ 99%] Built target test_multi_mapper\n'}
[200.423589] (-) TimerEvent: {}
[200.523883] (-) TimerEvent: {}
[200.624202] (-) TimerEvent: {}
[200.724520] (-) TimerEvent: {}
[200.824849] (-) TimerEvent: {}
[200.925185] (-) TimerEvent: {}
[201.025517] (-) TimerEvent: {}
[201.125834] (-) TimerEvent: {}
[201.226120] (-) TimerEvent: {}
[201.326444] (-) TimerEvent: {}
[201.426756] (-) TimerEvent: {}
[201.527052] (-) TimerEvent: {}
[201.627361] (-) TimerEvent: {}
[201.727729] (-) TimerEvent: {}
[201.828001] (-) TimerEvent: {}
[201.928303] (-) TimerEvent: {}
[202.028594] (-) TimerEvent: {}
[202.128891] (-) TimerEvent: {}
[202.229192] (-) TimerEvent: {}
[202.329472] (-) TimerEvent: {}
[202.412342] (nvblox) StdoutLine: {'line': b'[ 99%] \x1b[32m\x1b[1mLinking CXX executable test_esdf_integrator\x1b[0m\n'}
[202.429580] (-) TimerEvent: {}
[202.529866] (-) TimerEvent: {}
[202.596805] (nvblox) StdoutLine: {'line': b'[ 99%] Built target test_esdf_integrator\n'}
[202.629971] (-) TimerEvent: {}
[202.730302] (-) TimerEvent: {}
[202.830563] (-) TimerEvent: {}
[202.930806] (-) TimerEvent: {}
[203.031054] (-) TimerEvent: {}
[203.131326] (-) TimerEvent: {}
[203.231610] (-) TimerEvent: {}
[203.235074] (nvblox) StdoutLine: {'line': b'[ 99%] \x1b[32m\x1b[1mLinking CXX executable regression_test_query_after_clear\x1b[0m\n'}
[203.331710] (-) TimerEvent: {}
[203.333569] (nvblox) StdoutLine: {'line': b'[ 99%] \x1b[32m\x1b[1mLinking CXX executable test_mapper_block_allocation\x1b[0m\n'}
[203.353738] (nvblox) StdoutLine: {'line': b'[ 99%] Built target regression_test_query_after_clear\n'}
[203.431814] (-) TimerEvent: {}
[203.502976] (nvblox) StdoutLine: {'line': b'[ 99%] Built target test_mapper_block_allocation\n'}
[203.531913] (-) TimerEvent: {}
[203.632294] (-) TimerEvent: {}
[203.732534] (-) TimerEvent: {}
[203.832869] (-) TimerEvent: {}
[203.933115] (-) TimerEvent: {}
[204.033465] (-) TimerEvent: {}
[204.133730] (-) TimerEvent: {}
[204.234040] (-) TimerEvent: {}
[204.311618] (nvblox) StdoutLine: {'line': b'[ 99%] \x1b[32m\x1b[1mLinking CXX executable test_gpu_hash_interface\x1b[0m\n'}
[204.334143] (-) TimerEvent: {}
[204.425181] (nvblox) StdoutLine: {'line': b'[ 99%] Built target test_gpu_hash_interface\n'}
[204.434205] (-) TimerEvent: {}
[204.534464] (-) TimerEvent: {}
[204.634755] (-) TimerEvent: {}
[204.735020] (-) TimerEvent: {}
[204.835308] (-) TimerEvent: {}
[204.935581] (-) TimerEvent: {}
[205.035968] (-) TimerEvent: {}
[205.136248] (-) TimerEvent: {}
[205.236515] (-) TimerEvent: {}
[205.336786] (-) TimerEvent: {}
[205.436554] (nvblox) StdoutLine: {'line': b'[ 99%] \x1b[32m\x1b[1mLinking CXX executable test_layer_to_3d_grid\x1b[0m\n'}
[205.436843] (-) TimerEvent: {}
[205.537048] (-) TimerEvent: {}
[205.540900] (nvblox) StdoutLine: {'line': b'[ 99%] Built target test_layer_to_3d_grid\n'}
[205.637144] (-) TimerEvent: {}
[205.737410] (-) TimerEvent: {}
[205.837657] (-) TimerEvent: {}
[205.937925] (-) TimerEvent: {}
[206.038233] (-) TimerEvent: {}
[206.052427] (nvblox) StdoutLine: {'line': b'[ 99%] \x1b[32m\x1b[1mLinking CXX executable test_esdf_integrator_slicing\x1b[0m\n'}
[206.138328] (-) TimerEvent: {}
[206.174708] (nvblox) StdoutLine: {'line': b'[ 99%] Built target test_esdf_integrator_slicing\n'}
[206.238422] (-) TimerEvent: {}
[206.338680] (-) TimerEvent: {}
[206.439063] (-) TimerEvent: {}
[206.495285] (nvblox) StdoutLine: {'line': b'[ 99%] \x1b[32m\x1b[1mLinking CXX executable test_camera\x1b[0m\n'}
[206.539304] (-) TimerEvent: {}
[206.585391] (nvblox) StdoutLine: {'line': b'[ 99%] Built target test_camera\n'}
[206.639434] (-) TimerEvent: {}
[206.739728] (-) TimerEvent: {}
[206.840019] (-) TimerEvent: {}
[206.940323] (-) TimerEvent: {}
[207.040660] (-) TimerEvent: {}
[207.140956] (-) TimerEvent: {}
[207.241339] (-) TimerEvent: {}
[207.341680] (-) TimerEvent: {}
[207.442062] (-) TimerEvent: {}
[207.542413] (-) TimerEvent: {}
[207.642762] (-) TimerEvent: {}
[207.743093] (-) TimerEvent: {}
[207.843378] (-) TimerEvent: {}
[207.943677] (-) TimerEvent: {}
[208.044070] (-) TimerEvent: {}
[208.098594] (nvblox) StdoutLine: {'line': b'[100%] \x1b[32m\x1b[1mLinking CXX executable test_zero_crossings_extractor\x1b[0m\n'}
[208.144187] (-) TimerEvent: {}
[208.199432] (nvblox) StdoutLine: {'line': b'[100%] Built target test_zero_crossings_extractor\n'}
[208.244308] (-) TimerEvent: {}
[208.344557] (-) TimerEvent: {}
[208.444800] (-) TimerEvent: {}
[208.545134] (-) TimerEvent: {}
[208.645380] (-) TimerEvent: {}
[208.745591] (-) TimerEvent: {}
[208.845852] (-) TimerEvent: {}
[208.946185] (-) TimerEvent: {}
[209.046422] (-) TimerEvent: {}
[209.146643] (-) TimerEvent: {}
[209.246843] (-) TimerEvent: {}
[209.347102] (-) TimerEvent: {}
[209.401867] (nvblox) StdoutLine: {'line': b'[100%] \x1b[32m\x1b[1mLinking CXX executable test_lidar_motion_compensation\x1b[0m\n'}
[209.447322] (-) TimerEvent: {}
[209.491285] (nvblox) StdoutLine: {'line': b'[100%] Built target test_lidar_motion_compensation\n'}
[209.550203] (-) TimerEvent: {}
[209.577643] (nvblox) CommandEnded: {'returncode': 0}
[209.645430] (nvblox) JobProgress: {'identifier': 'nvblox', 'progress': 'install'}
[209.652832] (-) TimerEvent: {}
[209.667328] (nvblox) Command: {'cmd': ['/usr/bin/cmake', '--install', '/home/czz/nvblox_ws/build/nvblox'], 'cwd': '/home/czz/nvblox_ws/build/nvblox', 'env': OrderedDict([('LESSOPEN', '| /usr/bin/lesspipe %s'), ('LANGUAGE', 'zh_CN:en'), ('USER', 'czz'), ('TRT_INC_PATH', '/usr/include/x86_64-linux-gnu'), ('LC_TIME', 'en_US.UTF-8'), ('XDG_SESSION_TYPE', 'x11'), ('SHLVL', '1'), ('LD_LIBRARY_PATH', '/usr/local/cuda/lib64:/home/czz/workspaces/isaac_ros-dev/install/realsense_splitter/lib:/home/czz/workspaces/isaac_ros-dev/install/realsense2_camera/lib:/home/czz/workspaces/isaac_ros-dev/install/realsense2_camera_msgs/lib:/home/czz/workspaces/isaac_ros-dev/install/nvblox_ros/lib:/home/czz/workspaces/isaac_ros-dev/install/nvblox_rviz_plugin/lib:/home/czz/workspaces/isaac_ros-dev/install/nvblox_image_padding/lib:/home/czz/workspaces/isaac_ros-dev/install/nvblox_ros_common/lib:/home/czz/workspaces/isaac_ros-dev/install/nvblox_nav2/lib:/home/czz/workspaces/isaac_ros-dev/install/nvblox_msgs/lib:/home/czz/workspaces/isaac_ros-dev/install/isaac_ros_visual_slam/lib:/home/czz/workspaces/isaac_ros-dev/install/isaac_ros_visual_slam_interfaces/lib:/home/czz/workspaces/isaac_ros-dev/install/isaac_ros_common/lib:/home/czz/ros_pack/install/moveit_task_constructor_visualization/lib:/home/czz/ros_pack/install/moveit_task_constructor_demo/lib:/home/czz/ros_pack/install/moveit_task_constructor_capabilities/lib:/home/czz/ros_pack/install/moveit_task_constructor_core/lib:/home/czz/ros_pack/install/rviz_marker_tools/lib:/home/czz/ros_pack/install/negotiated_examples/lib:/home/czz/ros_pack/install/negotiated/lib:/home/czz/ros_pack/install/negotiated_interfaces/lib:/home/czz/ros_pack/install/moveit_task_constructor_msgs/lib:/usr/lib/x86_64-linux-gnu/gazebo-11/plugins:/opt/ros/humble/opt/rviz_ogre_vendor/lib:/opt/ros/humble/lib/x86_64-linux-gnu:/opt/ros/humble/lib::/opt/tritonserver/lib'), ('HOME', '/home/czz'), ('OLDPWD', '/home/czz/nvblox_ws'), ('DESKTOP_SESSION', 'ubuntu'), ('ROS_PYTHON_VERSION', '3'), ('GNOME_SHELL_SESSION_MODE', 'ubuntu'), ('GTK_MODULES', 'gail:atk-bridge'), ('LC_MONETARY', 'en_US.UTF-8'), ('SYSTEMD_EXEC_PID', '2267'), ('DBUS_SESSION_BUS_ADDRESS', 'unix:path=/run/user/1000/bus'), ('COLORTERM', 'truecolor'), ('COLCON_PREFIX_PATH', '/home/czz/ros_pack/install:/home/czz/workspaces/isaac_ros-dev/install'), ('ROS_DISTRO', 'humble'), ('GTK_IM_MODULE', 'ibus'), ('LOGNAME', 'czz'), ('_', '/usr/bin/colcon'), ('ROS_VERSION', '2'), ('XDG_SESSION_CLASS', 'user'), ('USERNAME', 'czz'), ('TERM', 'xterm-256color'), ('GNOME_DESKTOP_SESSION_ID', 'this-is-deprecated'), ('ISAAC_ROS_WS', '/home/czz/workspaces/isaac_ros-dev/'), ('ROS_LOCALHOST_ONLY', '0'), ('WINDOWPATH', '2'), ('PATH', '/usr/local/cuda/bin:/home/czz/workspaces/isaac_ros-dev/install/nvblox_ros/bin:/home/czz/workspaces/isaac_ros-dev/install/isaac_ros_common/bin:/opt/ros/humble/bin:/home/czz/.local/bin:/usr/local/sbin:/usr/local/bin:/usr/sbin:/usr/bin:/sbin:/bin:/usr/games:/usr/local/games:/snap/bin:/snap/bin:/opt/nvidia/tao'), ('SESSION_MANAGER', 'local/czz-Legion-Y7000P-IRH8:@/tmp/.ICE-unix/2003,unix/czz-Legion-Y7000P-IRH8:/tmp/.ICE-unix/2003'), ('PAPERSIZE', 'letter'), ('XDG_MENU_PREFIX', 'gnome-'), ('LC_ADDRESS', 'en_US.UTF-8'), ('GNOME_TERMINAL_SCREEN', '/org/gnome/Terminal/screen/da6a2967_2c73_4933_ad70_9c15650b4bcf'), ('XDG_RUNTIME_DIR', '/run/user/1000'), ('DISPLAY', ':1'), ('LANG', 'zh_CN.UTF-8'), ('XDG_CURRENT_DESKTOP', 'ubuntu:GNOME'), ('LC_TELEPHONE', 'en_US.UTF-8'), ('XMODIFIERS', '@im=ibus'), ('XDG_SESSION_DESKTOP', 'ubuntu'), ('XAUTHORITY', '/run/user/1000/gdm/Xauthority'), ('LS_COLORS', 'rs=0:di=01;34:ln=01;36:mh=00:pi=40;33:so=01;35:do=01;35:bd=40;33;01:cd=40;33;01:or=40;31;01:mi=00:su=37;41:sg=30;43:ca=30;41:tw=30;42:ow=34;42:st=37;44:ex=01;32:*.tar=01;31:*.tgz=01;31:*.arc=01;31:*.arj=01;31:*.taz=01;31:*.lha=01;31:*.lz4=01;31:*.lzh=01;31:*.lzma=01;31:*.tlz=01;31:*.txz=01;31:*.tzo=01;31:*.t7z=01;31:*.zip=01;31:*.z=01;31:*.dz=01;31:*.gz=01;31:*.lrz=01;31:*.lz=01;31:*.lzo=01;31:*.xz=01;31:*.zst=01;31:*.tzst=01;31:*.bz2=01;31:*.bz=01;31:*.tbz=01;31:*.tbz2=01;31:*.tz=01;31:*.deb=01;31:*.rpm=01;31:*.jar=01;31:*.war=01;31:*.ear=01;31:*.sar=01;31:*.rar=01;31:*.alz=01;31:*.ace=01;31:*.zoo=01;31:*.cpio=01;31:*.7z=01;31:*.rz=01;31:*.cab=01;31:*.wim=01;31:*.swm=01;31:*.dwm=01;31:*.esd=01;31:*.jpg=01;35:*.jpeg=01;35:*.mjpg=01;35:*.mjpeg=01;35:*.gif=01;35:*.bmp=01;35:*.pbm=01;35:*.pgm=01;35:*.ppm=01;35:*.tga=01;35:*.xbm=01;35:*.xpm=01;35:*.tif=01;35:*.tiff=01;35:*.png=01;35:*.svg=01;35:*.svgz=01;35:*.mng=01;35:*.pcx=01;35:*.mov=01;35:*.mpg=01;35:*.mpeg=01;35:*.m2v=01;35:*.mkv=01;35:*.webm=01;35:*.webp=01;35:*.ogm=01;35:*.mp4=01;35:*.m4v=01;35:*.mp4v=01;35:*.vob=01;35:*.qt=01;35:*.nuv=01;35:*.wmv=01;35:*.asf=01;35:*.rm=01;35:*.rmvb=01;35:*.flc=01;35:*.avi=01;35:*.fli=01;35:*.flv=01;35:*.gl=01;35:*.dl=01;35:*.xcf=01;35:*.xwd=01;35:*.yuv=01;35:*.cgm=01;35:*.emf=01;35:*.ogv=01;35:*.ogx=01;35:*.aac=00;36:*.au=00;36:*.flac=00;36:*.m4a=00;36:*.mid=00;36:*.midi=00;36:*.mka=00;36:*.mp3=00;36:*.mpc=00;36:*.ogg=00;36:*.ra=00;36:*.wav=00;36:*.oga=00;36:*.opus=00;36:*.spx=00;36:*.xspf=00;36:'), ('GNOME_TERMINAL_SERVICE', ':1.122'), ('SSH_AGENT_LAUNCHER', 'gnome-keyring'), ('SSH_AUTH_SOCK', '/run/user/1000/keyring/ssh'), ('AMENT_PREFIX_PATH', '/home/czz/workspaces/isaac_ros-dev/install/isaac_ros_nvblox:/home/czz/workspaces/isaac_ros-dev/install/nvblox_examples_bringup:/home/czz/workspaces/isaac_ros-dev/install/semantic_label_conversion:/home/czz/workspaces/isaac_ros-dev/install/realsense_splitter:/home/czz/workspaces/isaac_ros-dev/install/realsense2_description:/home/czz/workspaces/isaac_ros-dev/install/realsense2_camera:/home/czz/workspaces/isaac_ros-dev/install/realsense2_camera_msgs:/home/czz/workspaces/isaac_ros-dev/install/nvblox_ros:/home/czz/workspaces/isaac_ros-dev/install/nvblox_rviz_plugin:/home/czz/workspaces/isaac_ros-dev/install/nvblox_ros_python_utils:/home/czz/workspaces/isaac_ros-dev/install/nvblox_image_padding:/home/czz/workspaces/isaac_ros-dev/install/nvblox_ros_common:/home/czz/workspaces/isaac_ros-dev/install/nvblox_nav2:/home/czz/workspaces/isaac_ros-dev/install/nvblox_msgs:/home/czz/workspaces/isaac_ros-dev/install/isaac_ros_visual_slam:/home/czz/workspaces/isaac_ros-dev/install/isaac_ros_visual_slam_interfaces:/home/czz/workspaces/isaac_ros-dev/install/isaac_ros_test_cmake:/home/czz/workspaces/isaac_ros-dev/install/isaac_ros_test:/home/czz/workspaces/isaac_ros-dev/install/isaac_ros_launch_utils:/home/czz/workspaces/isaac_ros-dev/install/isaac_ros_common:/home/czz/workspaces/isaac_ros-dev/install/isaac_common:/home/czz/ros_pack/install/moveit_task_constructor_visualization:/home/czz/ros_pack/install/moveit_task_constructor_demo:/home/czz/ros_pack/install/moveit_task_constructor_capabilities:/home/czz/ros_pack/install/moveit_task_constructor_core:/home/czz/ros_pack/install/rviz_marker_tools:/home/czz/ros_pack/install/negotiated_examples:/home/czz/ros_pack/install/negotiated:/home/czz/ros_pack/install/negotiated_interfaces:/home/czz/ros_pack/install/moveit_task_constructor_msgs:/opt/ros/humble'), ('SHELL', '/bin/bash'), ('LC_NAME', 'en_US.UTF-8'), ('QT_ACCESSIBILITY', '1'), ('GDMSESSION', 'ubuntu'), ('LESSCLOSE', '/usr/bin/lesspipe %s %s'), ('CMAKE_MODULE_PATH', '/home/czz/ros_pack/install/moveit_task_constructor_core/share/moveit_task_constructor_core/cmake'), ('LC_MEASUREMENT', 'en_US.UTF-8'), ('GPG_AGENT_INFO', '/run/user/1000/gnupg/S.gpg-agent:0:1'), ('LC_IDENTIFICATION', 'en_US.UTF-8'), ('QT_IM_MODULE', 'ibus'), ('PWD', '/home/czz/nvblox_ws/build/nvblox'), ('LC_ALL', 'en_US.UTF-8'), ('XDG_CONFIG_DIRS', '/etc/xdg/xdg-ubuntu:/etc/xdg'), ('XDG_DATA_DIRS', '/usr/share/ubuntu:/usr/share/gnome:/home/czz/.local/share/flatpak/exports/share:/var/lib/flatpak/exports/share:/usr/local/share/:/usr/share/:/var/lib/snapd/desktop'), ('PYTHONPATH', '/home/czz/workspaces/isaac_ros-dev/install/realsense2_camera_msgs/local/lib/python3.10/dist-packages:/home/czz/workspaces/isaac_ros-dev/build/nvblox_ros_python_utils:/home/czz/workspaces/isaac_ros-dev/install/nvblox_ros_python_utils/lib/python3.10/site-packages:/home/czz/workspaces/isaac_ros-dev/install/nvblox_msgs/local/lib/python3.10/dist-packages:/home/czz/workspaces/isaac_ros-dev/install/isaac_ros_visual_slam_interfaces/local/lib/python3.10/dist-packages:/home/czz/workspaces/isaac_ros-dev/build/isaac_ros_test:/home/czz/workspaces/isaac_ros-dev/install/isaac_ros_test/lib/python3.10/site-packages:/home/czz/workspaces/isaac_ros-dev/build/isaac_ros_launch_utils:/home/czz/workspaces/isaac_ros-dev/install/isaac_ros_launch_utils/lib/python3.10/site-packages:/home/czz/workspaces/isaac_ros-dev/install/isaac_ros_common/local/lib/python3.10/dist-packages:/home/czz/ros_pack/install/moveit_task_constructor_core/local/lib/python3.10/dist-packages:/home/czz/ros_pack/install/negotiated_interfaces/local/lib/python3.10/dist-packages:/home/czz/ros_pack/install/moveit_task_constructor_msgs/local/lib/python3.10/dist-packages:/opt/ros/humble/lib/python3.10/site-packages:/opt/ros/humble/local/lib/python3.10/dist-packages:/usr/local/lib'), ('LC_NUMERIC', 'en_US.UTF-8'), ('LC_PAPER', 'en_US.UTF-8'), ('COLCON', '1'), ('VTE_VERSION', '6800'), ('CMAKE_PREFIX_PATH', '/home/czz/workspaces/isaac_ros-dev/install/isaac_ros_nvblox:/home/czz/workspaces/isaac_ros-dev/install/nvblox_examples_bringup:/home/czz/workspaces/isaac_ros-dev/install/semantic_label_conversion:/home/czz/workspaces/isaac_ros-dev/install/realsense_splitter:/home/czz/workspaces/isaac_ros-dev/install/realsense2_description:/home/czz/workspaces/isaac_ros-dev/install/realsense2_camera:/home/czz/workspaces/isaac_ros-dev/install/realsense2_camera_msgs:/home/czz/workspaces/isaac_ros-dev/install/nvblox_ros:/home/czz/workspaces/isaac_ros-dev/install/nvblox_rviz_plugin:/home/czz/workspaces/isaac_ros-dev/install/nvblox_image_padding:/home/czz/workspaces/isaac_ros-dev/install/nvblox_ros_common:/home/czz/workspaces/isaac_ros-dev/install/nvblox_nav2:/home/czz/workspaces/isaac_ros-dev/install/nvblox_msgs:/home/czz/workspaces/isaac_ros-dev/install/isaac_ros_visual_slam:/home/czz/workspaces/isaac_ros-dev/install/isaac_ros_visual_slam_interfaces:/home/czz/workspaces/isaac_ros-dev/install/isaac_ros_test_cmake:/home/czz/workspaces/isaac_ros-dev/install/isaac_ros_common:/home/czz/workspaces/isaac_ros-dev/install/isaac_common:/home/czz/ros_pack/install/moveit_task_constructor_visualization:/home/czz/ros_pack/install/moveit_task_constructor_demo:/home/czz/ros_pack/install/moveit_task_constructor_capabilities:/home/czz/ros_pack/install/moveit_task_constructor_core:/home/czz/ros_pack/install/rviz_marker_tools:/home/czz/ros_pack/install/negotiated_examples:/home/czz/ros_pack/install/negotiated:/home/czz/ros_pack/install/negotiated_interfaces:/home/czz/ros_pack/install/moveit_task_constructor_msgs'), ('TRT_LIB_PATH', '/usr/lib/x86_64-linux-gnu')]), 'shell': False}
[209.681910] (nvblox) StdoutLine: {'line': b'-- Install configuration: "Release"\n'}
[209.682678] (nvblox) StdoutLine: {'line': b'-- Installing: /home/czz/nvblox_ws/install/nvblox/lib/libgflags.a\n'}
[209.682709] (nvblox) StdoutLine: {'line': b'-- Installing: /home/czz/nvblox_ws/install/nvblox/lib/libgflags_nothreads.a\n'}
[209.683103] (nvblox) StdoutLine: {'line': b'-- Installing: /home/czz/nvblox_ws/install/nvblox/include/gflags/gflags.h\n'}
[209.683129] (nvblox) StdoutLine: {'line': b'-- Installing: /home/czz/nvblox_ws/install/nvblox/include/gflags/gflags_declare.h\n'}
[209.683287] (nvblox) StdoutLine: {'line': b'-- Installing: /home/czz/nvblox_ws/install/nvblox/include/gflags/gflags_completions.h\n'}
[209.683677] (nvblox) StdoutLine: {'line': b'-- Installing: /home/czz/nvblox_ws/install/nvblox/include/gflags/gflags_gflags.h\n'}
[209.683775] (nvblox) StdoutLine: {'line': b'-- Installing: /home/czz/nvblox_ws/install/nvblox/lib/cmake/gflags/gflags-config.cmake\n'}
[209.684309] (nvblox) StdoutLine: {'line': b'-- Installing: /home/czz/nvblox_ws/install/nvblox/lib/cmake/gflags/gflags-config-version.cmake\n'}
[209.685106] (nvblox) StdoutLine: {'line': b'-- Installing: /home/czz/nvblox_ws/install/nvblox/lib/cmake/gflags/gflags-targets.cmake\n'}
[209.685206] (nvblox) StdoutLine: {'line': b'-- Installing: /home/czz/nvblox_ws/install/nvblox/lib/cmake/gflags/gflags-targets-release.cmake\n'}
[209.685546] (nvblox) StdoutLine: {'line': b'-- Installing: /home/czz/nvblox_ws/install/nvblox/bin/gflags_completions.sh\n'}
[209.685892] (nvblox) StdoutLine: {'line': b'-- Installing: /home/czz/nvblox_ws/install/nvblox/lib/pkgconfig/gflags.pc\n'}
[209.687640] (nvblox) StdoutLine: {'line': b'-- Installing: /home/czz/.cmake/packages/gflags/18bec54d6fadf45dbbedffa8b8610988\n'}
[209.689271] (nvblox) StdoutLine: {'line': b'-- Installing: /home/czz/nvblox_ws/install/nvblox/lib/libstdgpu.a\n'}
[209.689432] (nvblox) StdoutLine: {'line': b'-- Up-to-date: /home/czz/nvblox_ws/install/nvblox/include\n'}
[209.689963] (nvblox) StdoutLine: {'line': b'-- Installing: /home/czz/nvblox_ws/install/nvblox/include/stdgpu\n'}
[209.690007] (nvblox) StdoutLine: {'line': b'-- Installing: /home/czz/nvblox_ws/install/nvblox/include/stdgpu/compiler.h\n'}
[209.690042] (nvblox) StdoutLine: {'line': b'-- Installing: /home/czz/nvblox_ws/install/nvblox/include/stdgpu/unordered_map.cuh\n'}
[209.690080] (nvblox) StdoutLine: {'line': b'-- Installing: /home/czz/nvblox_ws/install/nvblox/include/stdgpu/execution.h\n'}
[209.690114] (nvblox) StdoutLine: {'line': b'-- Installing: /home/czz/nvblox_ws/install/nvblox/include/stdgpu/stack.cuh\n'}
[209.690294] (nvblox) StdoutLine: {'line': b'-- Installing: /home/czz/nvblox_ws/install/nvblox/include/stdgpu/hip\n'}
[209.690451] (nvblox) StdoutLine: {'line': b'-- Installing: /home/czz/nvblox_ws/install/nvblox/include/stdgpu/hip/device.h\n'}
[209.690656] (nvblox) StdoutLine: {'line': b'-- Installing: /home/czz/nvblox_ws/install/nvblox/include/stdgpu/hip/platform.h\n'}
[209.690747] (nvblox) StdoutLine: {'line': b'-- Installing: /home/czz/nvblox_ws/install/nvblox/include/stdgpu/hip/atomic.h\n'}
[209.690916] (nvblox) StdoutLine: {'line': b'-- Installing: /home/czz/nvblox_ws/install/nvblox/include/stdgpu/hip/platform_check.h\n'}
[209.691011] (nvblox) StdoutLine: {'line': b'-- Installing: /home/czz/nvblox_ws/install/nvblox/include/stdgpu/hip/impl\n'}
[209.691172] (nvblox) StdoutLine: {'line': b'-- Installing: /home/czz/nvblox_ws/install/nvblox/include/stdgpu/hip/impl/error.h\n'}
[209.691270] (nvblox) StdoutLine: {'line': b'-- Installing: /home/czz/nvblox_ws/install/nvblox/include/stdgpu/hip/impl/atomic_detail.h\n'}
[209.691370] (nvblox) StdoutLine: {'line': b'-- Installing: /home/czz/nvblox_ws/install/nvblox/include/stdgpu/hip/memory.h\n'}
[209.691482] (nvblox) StdoutLine: {'line': b'-- Installing: /home/czz/nvblox_ws/install/nvblox/include/stdgpu/utility.h\n'}
[209.691544] (nvblox) StdoutLine: {'line': b'-- Installing: /home/czz/nvblox_ws/install/nvblox/include/stdgpu/device.h\n'}
[209.691673] (nvblox) StdoutLine: {'line': b'-- Installing: /home/czz/nvblox_ws/install/nvblox/include/stdgpu/bit.h\n'}
[209.691729] (nvblox) StdoutLine: {'line': b'-- Installing: /home/czz/nvblox_ws/install/nvblox/include/stdgpu/atomic.cuh\n'}
[209.691809] (nvblox) StdoutLine: {'line': b'-- Installing: /home/czz/nvblox_ws/install/nvblox/include/stdgpu/platform.h\n'}
[209.691860] (nvblox) StdoutLine: {'line': b'-- Installing: /home/czz/nvblox_ws/install/nvblox/include/stdgpu/bitset.cuh\n'}
[209.691925] (nvblox) StdoutLine: {'line': b'-- Installing: /home/czz/nvblox_ws/install/nvblox/include/stdgpu/cstddef.h\n'}
[209.691982] (nvblox) StdoutLine: {'line': b'-- Installing: /home/czz/nvblox_ws/install/nvblox/include/stdgpu/numeric.h\n'}
[209.692035] (nvblox) StdoutLine: {'line': b'-- Installing: /home/czz/nvblox_ws/install/nvblox/include/stdgpu/mutex.cuh\n'}
[209.692095] (nvblox) StdoutLine: {'line': b'-- Installing: /home/czz/nvblox_ws/install/nvblox/include/stdgpu/queue.cuh\n'}
[209.692292] (nvblox) StdoutLine: {'line': b'-- Installing: /home/czz/nvblox_ws/install/nvblox/include/stdgpu/type_traits.h\n'}
[209.692353] (nvblox) StdoutLine: {'line': b'-- Installing: /home/czz/nvblox_ws/install/nvblox/include/stdgpu/cuda\n'}
[209.692496] (nvblox) StdoutLine: {'line': b'-- Installing: /home/czz/nvblox_ws/install/nvblox/include/stdgpu/cuda/device.h\n'}
[209.692690] (nvblox) StdoutLine: {'line': b'-- Installing: /home/czz/nvblox_ws/install/nvblox/include/stdgpu/cuda/atomic.cuh\n'}
[209.692745] (nvblox) StdoutLine: {'line': b'-- Installing: /home/czz/nvblox_ws/install/nvblox/include/stdgpu/cuda/platform.h\n'}
[209.692799] (nvblox) StdoutLine: {'line': b'-- Installing: /home/czz/nvblox_ws/install/nvblox/include/stdgpu/cuda/platform_check.h\n'}
[209.692844] (nvblox) StdoutLine: {'line': b'-- Installing: /home/czz/nvblox_ws/install/nvblox/include/stdgpu/cuda/impl\n'}
[209.692963] (nvblox) StdoutLine: {'line': b'-- Installing: /home/czz/nvblox_ws/install/nvblox/include/stdgpu/cuda/impl/atomic_detail.cuh\n'}
[209.693025] (nvblox) StdoutLine: {'line': b'-- Installing: /home/czz/nvblox_ws/install/nvblox/include/stdgpu/cuda/impl/error.h\n'}
[209.693157] (nvblox) StdoutLine: {'line': b'-- Installing: /home/czz/nvblox_ws/install/nvblox/include/stdgpu/cuda/memory.h\n'}
[209.693312] (nvblox) StdoutLine: {'line': b'-- Installing: /home/czz/nvblox_ws/install/nvblox/include/stdgpu/contract.h\n'}
[209.693361] (nvblox) StdoutLine: {'line': b'-- Installing: /home/czz/nvblox_ws/install/nvblox/include/stdgpu/openmp\n'}
[209.693508] (nvblox) StdoutLine: {'line': b'-- Installing: /home/czz/nvblox_ws/install/nvblox/include/stdgpu/openmp/device.h\n'}
[209.693671] (nvblox) StdoutLine: {'line': b'-- Installing: /home/czz/nvblox_ws/install/nvblox/include/stdgpu/openmp/platform.h\n'}
[209.693763] (nvblox) StdoutLine: {'line': b'-- Installing: /home/czz/nvblox_ws/install/nvblox/include/stdgpu/openmp/atomic.h\n'}
[209.693908] (nvblox) StdoutLine: {'line': b'-- Installing: /home/czz/nvblox_ws/install/nvblox/include/stdgpu/openmp/platform_check.h\n'}
[209.693999] (nvblox) StdoutLine: {'line': b'-- Installing: /home/czz/nvblox_ws/install/nvblox/include/stdgpu/openmp/impl\n'}
[209.694094] (nvblox) StdoutLine: {'line': b'-- Installing: /home/czz/nvblox_ws/install/nvblox/include/stdgpu/openmp/impl/atomic_detail.h\n'}
[209.694236] (nvblox) StdoutLine: {'line': b'-- Installing: /home/czz/nvblox_ws/install/nvblox/include/stdgpu/openmp/memory.h\n'}
[209.694328] (nvblox) StdoutLine: {'line': b'-- Installing: /home/czz/nvblox_ws/install/nvblox/include/stdgpu/ranges.h\n'}
[209.694370] (nvblox) StdoutLine: {'line': b'-- Installing: /home/czz/nvblox_ws/install/nvblox/include/stdgpu/deque.cuh\n'}
[209.694608] (nvblox) StdoutLine: {'line': b'-- Installing: /home/czz/nvblox_ws/install/nvblox/include/stdgpu/iterator.h\n'}
[209.694650] (nvblox) StdoutLine: {'line': b'-- Installing: /home/czz/nvblox_ws/install/nvblox/include/stdgpu/functional.h\n'}
[209.694686] (nvblox) StdoutLine: {'line': b'-- Installing: /home/czz/nvblox_ws/install/nvblox/include/stdgpu/algorithm.h\n'}
[209.694711] (nvblox) StdoutLine: {'line': b'-- Installing: /home/czz/nvblox_ws/install/nvblox/include/stdgpu/unordered_set.cuh\n'}
[209.694932] (nvblox) StdoutLine: {'line': b'-- Installing: /home/czz/nvblox_ws/install/nvblox/include/stdgpu/vector.cuh\n'}
[209.694965] (nvblox) StdoutLine: {'line': b'-- Installing: /home/czz/nvblox_ws/install/nvblox/include/stdgpu/limits.h\n'}
[209.695025] (nvblox) StdoutLine: {'line': b'-- Installing: /home/czz/nvblox_ws/install/nvblox/include/stdgpu/impl\n'}
[209.695131] (nvblox) StdoutLine: {'line': b'-- Installing: /home/czz/nvblox_ws/install/nvblox/include/stdgpu/impl/ranges_detail.h\n'}
[209.695158] (nvblox) StdoutLine: {'line': b'-- Installing: /home/czz/nvblox_ws/install/nvblox/include/stdgpu/impl/vector_detail.cuh\n'}
[209.695204] (nvblox) StdoutLine: {'line': b'-- Installing: /home/czz/nvblox_ws/install/nvblox/include/stdgpu/impl/bit_detail.h\n'}
[209.695229] (nvblox) StdoutLine: {'line': b'-- Installing: /home/czz/nvblox_ws/install/nvblox/include/stdgpu/impl/limits_detail.h\n'}
[209.695278] (nvblox) StdoutLine: {'line': b'-- Installing: /home/czz/nvblox_ws/install/nvblox/include/stdgpu/impl/functional_detail.h\n'}
[209.695301] (nvblox) StdoutLine: {'line': b'-- Installing: /home/czz/nvblox_ws/install/nvblox/include/stdgpu/impl/atomic_detail.cuh\n'}
[209.695347] (nvblox) StdoutLine: {'line': b'-- Installing: /home/czz/nvblox_ws/install/nvblox/include/stdgpu/impl/deque_detail.cuh\n'}
[209.695553] (nvblox) StdoutLine: {'line': b'-- Installing: /home/czz/nvblox_ws/install/nvblox/include/stdgpu/impl/utility_detail.h\n'}
[209.695593] (nvblox) StdoutLine: {'line': b'-- Installing: /home/czz/nvblox_ws/install/nvblox/include/stdgpu/impl/bitset_detail.cuh\n'}
[209.695624] (nvblox) StdoutLine: {'line': b'-- Installing: /home/czz/nvblox_ws/install/nvblox/include/stdgpu/impl/type_traits_detail.h\n'}
[209.695654] (nvblox) StdoutLine: {'line': b'-- Installing: /home/czz/nvblox_ws/install/nvblox/include/stdgpu/impl/iterator_detail.h\n'}
[209.695684] (nvblox) StdoutLine: {'line': b'-- Installing: /home/czz/nvblox_ws/install/nvblox/include/stdgpu/impl/mutex_detail.cuh\n'}
[209.695714] (nvblox) StdoutLine: {'line': b'-- Installing: /home/czz/nvblox_ws/install/nvblox/include/stdgpu/impl/preprocessor.h\n'}
[209.695744] (nvblox) StdoutLine: {'line': b'-- Installing: /home/czz/nvblox_ws/install/nvblox/include/stdgpu/impl/platform_check.h\n'}
[209.695775] (nvblox) StdoutLine: {'line': b'-- Installing: /home/czz/nvblox_ws/install/nvblox/include/stdgpu/impl/memory_detail.h\n'}
[209.695821] (nvblox) StdoutLine: {'line': b'-- Installing: /home/czz/nvblox_ws/install/nvblox/include/stdgpu/impl/queue_detail.cuh\n'}
[209.695981] (nvblox) StdoutLine: {'line': b'-- Installing: /home/czz/nvblox_ws/install/nvblox/include/stdgpu/impl/algorithm_detail.h\n'}
[209.696014] (nvblox) StdoutLine: {'line': b'-- Installing: /home/czz/nvblox_ws/install/nvblox/include/stdgpu/impl/unordered_map_detail.cuh\n'}
[209.696052] (nvblox) StdoutLine: {'line': b'-- Installing: /home/czz/nvblox_ws/install/nvblox/include/stdgpu/impl/numeric_detail.h\n'}
[209.696083] (nvblox) StdoutLine: {'line': b'-- Installing: /home/czz/nvblox_ws/install/nvblox/include/stdgpu/impl/stack_detail.cuh\n'}
[209.696179] (nvblox) StdoutLine: {'line': b'-- Installing: /home/czz/nvblox_ws/install/nvblox/include/stdgpu/impl/unordered_base.cuh\n'}
[209.696221] (nvblox) StdoutLine: {'line': b'-- Installing: /home/czz/nvblox_ws/install/nvblox/include/stdgpu/impl/unordered_set_detail.cuh\n'}
[209.696452] (nvblox) StdoutLine: {'line': b'-- Installing: /home/czz/nvblox_ws/install/nvblox/include/stdgpu/impl/unordered_base_detail.cuh\n'}
[209.696552] (nvblox) StdoutLine: {'line': b'-- Installing: /home/czz/nvblox_ws/install/nvblox/include/stdgpu/memory.h\n'}
[209.696603] (nvblox) StdoutLine: {'line': b'-- Up-to-date: /home/czz/nvblox_ws/install/nvblox/include\n'}
[209.696748] (nvblox) StdoutLine: {'line': b'-- Up-to-date: /home/czz/nvblox_ws/install/nvblox/include/stdgpu\n'}
[209.696872] (nvblox) StdoutLine: {'line': b'-- Installing: /home/czz/nvblox_ws/install/nvblox/include/stdgpu/config.h\n'}
[209.696971] (nvblox) StdoutLine: {'line': b'-- Installing: /home/czz/nvblox_ws/install/nvblox/lib/cmake/stdgpu/stdgpu-dependencies.cmake\n'}
[209.697515] (nvblox) StdoutLine: {'line': b'-- Installing: /home/czz/nvblox_ws/install/nvblox/lib/cmake/stdgpu/Findthrust.cmake\n'}
[209.697849] (nvblox) StdoutLine: {'line': b'-- Installing: /home/czz/nvblox_ws/install/nvblox/lib/cmake/stdgpu/cuda/determine_thrust_paths.cmake\n'}
[209.698552] (nvblox) StdoutLine: {'line': b'-- Installing: /home/czz/nvblox_ws/install/nvblox/lib/cmake/stdgpu/stdgpu-targets.cmake\n'}
[209.698893] (nvblox) StdoutLine: {'line': b'-- Installing: /home/czz/nvblox_ws/install/nvblox/lib/cmake/stdgpu/stdgpu-targets-release.cmake\n'}
[209.699057] (nvblox) StdoutLine: {'line': b'-- Installing: /home/czz/nvblox_ws/install/nvblox/lib/cmake/stdgpu/stdgpu-config.cmake\n'}
[209.699168] (nvblox) StdoutLine: {'line': b'-- Installing: /home/czz/nvblox_ws/install/nvblox/lib/cmake/stdgpu/stdgpu-config-version.cmake\n'}
[209.699534] (nvblox) StdoutLine: {'line': b'-- Installing: /home/czz/nvblox_ws/install/nvblox/lib/libglog.a\n'}
[209.699735] (nvblox) StdoutLine: {'line': b'-- Installing: /home/czz/nvblox_ws/install/nvblox/include/glog/export.h\n'}
[209.699818] (nvblox) StdoutLine: {'line': b'-- Installing: /home/czz/nvblox_ws/install/nvblox/include/glog/logging.h\n'}
[209.700310] (nvblox) StdoutLine: {'line': b'-- Installing: /home/czz/nvblox_ws/install/nvblox/include/glog/raw_logging.h\n'}
[209.700407] (nvblox) StdoutLine: {'line': b'-- Installing: /home/czz/nvblox_ws/install/nvblox/include/glog/stl_logging.h\n'}
[209.701015] (nvblox) StdoutLine: {'line': b'-- Installing: /home/czz/nvblox_ws/install/nvblox/include/glog/vlog_is_on.h\n'}
[209.701096] (nvblox) StdoutLine: {'line': b'-- Installing: /home/czz/nvblox_ws/install/nvblox/include/glog/log_severity.h\n'}
[209.701186] (nvblox) StdoutLine: {'line': b'-- Installing: /home/czz/nvblox_ws/install/nvblox/lib/pkgconfig/libglog.pc\n'}
[209.702028] (nvblox) StdoutLine: {'line': b'-- Installing: /home/czz/nvblox_ws/install/nvblox/lib/cmake/glog/glog-modules.cmake\n'}
[209.702107] (nvblox) StdoutLine: {'line': b'-- Installing: /home/czz/nvblox_ws/install/nvblox/lib/cmake/glog/glog-config.cmake\n'}
[209.702219] (nvblox) StdoutLine: {'line': b'-- Installing: /home/czz/nvblox_ws/install/nvblox/lib/cmake/glog/glog-config-version.cmake\n'}
[209.702409] (nvblox) StdoutLine: {'line': b'-- Installing: /home/czz/nvblox_ws/install/nvblox/share/glog/cmake\n'}
[209.702519] (nvblox) StdoutLine: {'line': b'-- Installing: /home/czz/nvblox_ws/install/nvblox/share/glog/cmake/FindUnwind.cmake\n'}
[209.703223] (nvblox) StdoutLine: {'line': b'-- Installing: /home/czz/nvblox_ws/install/nvblox/lib/cmake/glog/glog-targets.cmake\n'}
[209.703331] (nvblox) StdoutLine: {'line': b'-- Installing: /home/czz/nvblox_ws/install/nvblox/lib/cmake/glog/glog-targets-release.cmake\n'}
[209.704377] (nvblox) StdoutLine: {'line': b'-- Up-to-date: /home/czz/nvblox_ws/install/nvblox/include\n'}
[209.704457] (nvblox) StdoutLine: {'line': b'-- Installing: /home/czz/nvblox_ws/install/nvblox/include/gmock\n'}
[209.704519] (nvblox) StdoutLine: {'line': b'-- Installing: /home/czz/nvblox_ws/install/nvblox/include/gmock/gmock-cardinalities.h\n'}
[209.704774] (nvblox) StdoutLine: {'line': b'-- Installing: /home/czz/nvblox_ws/install/nvblox/include/gmock/internal\n'}
[209.704928] (nvblox) StdoutLine: {'line': b'-- Installing: /home/czz/nvblox_ws/install/nvblox/include/gmock/internal/custom\n'}
[209.705016] (nvblox) StdoutLine: {'line': b'-- Installing: /home/czz/nvblox_ws/install/nvblox/include/gmock/internal/custom/gmock-port.h\n'}
[209.705189] (nvblox) StdoutLine: {'line': b'-- Installing: /home/czz/nvblox_ws/install/nvblox/include/gmock/internal/custom/gmock-matchers.h\n'}
[209.705568] (nvblox) StdoutLine: {'line': b'-- Installing: /home/czz/nvblox_ws/install/nvblox/include/gmock/internal/custom/README.md\n'}
[209.705754] (nvblox) StdoutLine: {'line': b'-- Installing: /home/czz/nvblox_ws/install/nvblox/include/gmock/internal/custom/gmock-generated-actions.h\n'}
[209.705845] (nvblox) StdoutLine: {'line': b'-- Installing: /home/czz/nvblox_ws/install/nvblox/include/gmock/internal/gmock-port.h\n'}
[209.705983] (nvblox) StdoutLine: {'line': b'-- Installing: /home/czz/nvblox_ws/install/nvblox/include/gmock/internal/gmock-internal-utils.h\n'}
[209.706158] (nvblox) StdoutLine: {'line': b'-- Installing: /home/czz/nvblox_ws/install/nvblox/include/gmock/internal/gmock-pp.h\n'}
[209.706329] (nvblox) StdoutLine: {'line': b'-- Installing: /home/czz/nvblox_ws/install/nvblox/include/gmock/gmock-spec-builders.h\n'}
[209.706954] (nvblox) StdoutLine: {'line': b'-- Installing: /home/czz/nvblox_ws/install/nvblox/include/gmock/gmock-more-matchers.h\n'}
[209.707023] (nvblox) StdoutLine: {'line': b'-- Installing: /home/czz/nvblox_ws/install/nvblox/include/gmock/gmock-actions.h\n'}
[209.707535] (nvblox) StdoutLine: {'line': b'-- Installing: /home/czz/nvblox_ws/install/nvblox/include/gmock/gmock.h\n'}
[209.707604] (nvblox) StdoutLine: {'line': b'-- Installing: /home/czz/nvblox_ws/install/nvblox/include/gmock/gmock-matchers.h\n'}
[209.708253] (nvblox) StdoutLine: {'line': b'-- Installing: /home/czz/nvblox_ws/install/nvblox/include/gmock/gmock-nice-strict.h\n'}
[209.708422] (nvblox) StdoutLine: {'line': b'-- Installing: /home/czz/nvblox_ws/install/nvblox/include/gmock/gmock-more-actions.h\n'}
[209.708692] (nvblox) StdoutLine: {'line': b'-- Installing: /home/czz/nvblox_ws/install/nvblox/include/gmock/gmock-function-mocker.h\n'}
[209.708909] (nvblox) StdoutLine: {'line': b'-- Installing: /home/czz/nvblox_ws/install/nvblox/lib/libgmock.a\n'}
[209.709777] (nvblox) StdoutLine: {'line': b'-- Installing: /home/czz/nvblox_ws/install/nvblox/lib/libgmock_main.a\n'}
[209.710327] (nvblox) StdoutLine: {'line': b'-- Installing: /home/czz/nvblox_ws/install/nvblox/lib/pkgconfig/gmock.pc\n'}
[209.710580] (nvblox) StdoutLine: {'line': b'-- Installing: /home/czz/nvblox_ws/install/nvblox/lib/pkgconfig/gmock_main.pc\n'}
[209.711422] (nvblox) StdoutLine: {'line': b'-- Installing: /home/czz/nvblox_ws/install/nvblox/lib/cmake/GTest/GTestTargets.cmake\n'}
[209.711542] (nvblox) StdoutLine: {'line': b'-- Installing: /home/czz/nvblox_ws/install/nvblox/lib/cmake/GTest/GTestTargets-release.cmake\n'}
[209.711647] (nvblox) StdoutLine: {'line': b'-- Installing: /home/czz/nvblox_ws/install/nvblox/lib/cmake/GTest/GTestConfigVersion.cmake\n'}
[209.711741] (nvblox) StdoutLine: {'line': b'-- Installing: /home/czz/nvblox_ws/install/nvblox/lib/cmake/GTest/GTestConfig.cmake\n'}
[209.711857] (nvblox) StdoutLine: {'line': b'-- Up-to-date: /home/czz/nvblox_ws/install/nvblox/include\n'}
[209.711979] (nvblox) StdoutLine: {'line': b'-- Installing: /home/czz/nvblox_ws/install/nvblox/include/gtest\n'}
[209.712052] (nvblox) StdoutLine: {'line': b'-- Installing: /home/czz/nvblox_ws/install/nvblox/include/gtest/gtest_prod.h\n'}
[209.712116] (nvblox) StdoutLine: {'line': b'-- Installing: /home/czz/nvblox_ws/install/nvblox/include/gtest/gtest-message.h\n'}
[209.712206] (nvblox) StdoutLine: {'line': b'-- Installing: /home/czz/nvblox_ws/install/nvblox/include/gtest/gtest-typed-test.h\n'}
[209.712285] (nvblox) StdoutLine: {'line': b'-- Installing: /home/czz/nvblox_ws/install/nvblox/include/gtest/gtest-param-test.h\n'}
[209.712344] (nvblox) StdoutLine: {'line': b'-- Installing: /home/czz/nvblox_ws/install/nvblox/include/gtest/gtest-printers.h\n'}
[209.712400] (nvblox) StdoutLine: {'line': b'-- Installing: /home/czz/nvblox_ws/install/nvblox/include/gtest/gtest-assertion-result.h\n'}
[209.712455] (nvblox) StdoutLine: {'line': b'-- Installing: /home/czz/nvblox_ws/install/nvblox/include/gtest/gtest.h\n'}
[209.712510] (nvblox) StdoutLine: {'line': b'-- Installing: /home/czz/nvblox_ws/install/nvblox/include/gtest/gtest-test-part.h\n'}
[209.712565] (nvblox) StdoutLine: {'line': b'-- Installing: /home/czz/nvblox_ws/install/nvblox/include/gtest/internal\n'}
[209.712620] (nvblox) StdoutLine: {'line': b'-- Installing: /home/czz/nvblox_ws/install/nvblox/include/gtest/internal/gtest-port-arch.h\n'}
[209.712676] (nvblox) StdoutLine: {'line': b'-- Installing: /home/czz/nvblox_ws/install/nvblox/include/gtest/internal/custom\n'}
[209.712814] (nvblox) StdoutLine: {'line': b'-- Installing: /home/czz/nvblox_ws/install/nvblox/include/gtest/internal/custom/gtest-printers.h\n'}
[209.713181] (nvblox) StdoutLine: {'line': b'-- Installing: /home/czz/nvblox_ws/install/nvblox/include/gtest/internal/custom/gtest.h\n'}
[209.713303] (nvblox) StdoutLine: {'line': b'-- Installing: /home/czz/nvblox_ws/install/nvblox/include/gtest/internal/custom/gtest-port.h\n'}
[209.713360] (nvblox) StdoutLine: {'line': b'-- Installing: /home/czz/nvblox_ws/install/nvblox/include/gtest/internal/custom/README.md\n'}
[209.713413] (nvblox) StdoutLine: {'line': b'-- Installing: /home/czz/nvblox_ws/install/nvblox/include/gtest/internal/gtest-internal.h\n'}
[209.713463] (nvblox) StdoutLine: {'line': b'-- Installing: /home/czz/nvblox_ws/install/nvblox/include/gtest/internal/gtest-death-test-internal.h\n'}
[209.713513] (nvblox) StdoutLine: {'line': b'-- Installing: /home/czz/nvblox_ws/install/nvblox/include/gtest/internal/gtest-type-util.h\n'}
[209.713563] (nvblox) StdoutLine: {'line': b'-- Installing: /home/czz/nvblox_ws/install/nvblox/include/gtest/internal/gtest-param-util.h\n'}
[209.713613] (nvblox) StdoutLine: {'line': b'-- Installing: /home/czz/nvblox_ws/install/nvblox/include/gtest/internal/gtest-port.h\n'}
[209.713663] (nvblox) StdoutLine: {'line': b'-- Installing: /home/czz/nvblox_ws/install/nvblox/include/gtest/internal/gtest-filepath.h\n'}
[209.713713] (nvblox) StdoutLine: {'line': b'-- Installing: /home/czz/nvblox_ws/install/nvblox/include/gtest/internal/gtest-string.h\n'}
[209.713765] (nvblox) StdoutLine: {'line': b'-- Installing: /home/czz/nvblox_ws/install/nvblox/include/gtest/gtest-death-test.h\n'}
[209.713818] (nvblox) StdoutLine: {'line': b'-- Installing: /home/czz/nvblox_ws/install/nvblox/include/gtest/gtest-matchers.h\n'}
[209.713871] (nvblox) StdoutLine: {'line': b'-- Installing: /home/czz/nvblox_ws/install/nvblox/include/gtest/gtest-spi.h\n'}
[209.713924] (nvblox) StdoutLine: {'line': b'-- Installing: /home/czz/nvblox_ws/install/nvblox/include/gtest/gtest_pred_impl.h\n'}
[209.713980] (nvblox) StdoutLine: {'line': b'-- Installing: /home/czz/nvblox_ws/install/nvblox/lib/libgtest.a\n'}
[209.714065] (nvblox) StdoutLine: {'line': b'-- Installing: /home/czz/nvblox_ws/install/nvblox/lib/libgtest_main.a\n'}
[209.714122] (nvblox) StdoutLine: {'line': b'-- Installing: /home/czz/nvblox_ws/install/nvblox/lib/pkgconfig/gtest.pc\n'}
[209.714199] (nvblox) StdoutLine: {'line': b'-- Installing: /home/czz/nvblox_ws/install/nvblox/lib/pkgconfig/gtest_main.pc\n'}
[209.714649] (nvblox) StdoutLine: {'line': b'-- Installing: /home/czz/nvblox_ws/install/nvblox/lib/libbenchmark.a\n'}
[209.715156] (nvblox) StdoutLine: {'line': b'-- Installing: /home/czz/nvblox_ws/install/nvblox/lib/libbenchmark_main.a\n'}
[209.715374] (nvblox) StdoutLine: {'line': b'-- Installing: /home/czz/nvblox_ws/install/nvblox/include/benchmark\n'}
[209.715451] (nvblox) StdoutLine: {'line': b'-- Installing: /home/czz/nvblox_ws/install/nvblox/include/benchmark/benchmark.h\n'}
[209.715537] (nvblox) StdoutLine: {'line': b'-- Installing: /home/czz/nvblox_ws/install/nvblox/include/benchmark/export.h\n'}
[209.715593] (nvblox) StdoutLine: {'line': b'-- Installing: /home/czz/nvblox_ws/install/nvblox/lib/cmake/benchmark/benchmarkConfig.cmake\n'}
[209.715756] (nvblox) StdoutLine: {'line': b'-- Installing: /home/czz/nvblox_ws/install/nvblox/lib/cmake/benchmark/benchmarkConfigVersion.cmake\n'}
[209.715871] (nvblox) StdoutLine: {'line': b'-- Installing: /home/czz/nvblox_ws/install/nvblox/lib/pkgconfig/benchmark.pc\n'}
[209.715956] (nvblox) StdoutLine: {'line': b'-- Installing: /home/czz/nvblox_ws/install/nvblox/lib/pkgconfig/benchmark_main.pc\n'}
[209.716547] (nvblox) StdoutLine: {'line': b'-- Installing: /home/czz/nvblox_ws/install/nvblox/lib/cmake/benchmark/benchmarkTargets.cmake\n'}
[209.716676] (nvblox) StdoutLine: {'line': b'-- Installing: /home/czz/nvblox_ws/install/nvblox/lib/cmake/benchmark/benchmarkTargets-release.cmake\n'}
[209.716741] (nvblox) StdoutLine: {'line': b'-- Installing: /home/czz/nvblox_ws/install/nvblox/share/doc/benchmark\n'}
[209.716877] (nvblox) StdoutLine: {'line': b'-- Installing: /home/czz/nvblox_ws/install/nvblox/share/doc/benchmark/tools.md\n'}
[209.717082] (nvblox) StdoutLine: {'line': b'-- Installing: /home/czz/nvblox_ws/install/nvblox/share/doc/benchmark/_config.yml\n'}
[209.717285] (nvblox) StdoutLine: {'line': b'-- Installing: /home/czz/nvblox_ws/install/nvblox/share/doc/benchmark/index.md\n'}
[209.717398] (nvblox) StdoutLine: {'line': b'-- Installing: /home/czz/nvblox_ws/install/nvblox/share/doc/benchmark/releasing.md\n'}
[209.717486] (nvblox) StdoutLine: {'line': b'-- Installing: /home/czz/nvblox_ws/install/nvblox/share/doc/benchmark/random_interleaving.md\n'}
[209.717576] (nvblox) StdoutLine: {'line': b'-- Installing: /home/czz/nvblox_ws/install/nvblox/share/doc/benchmark/user_guide.md\n'}
[209.717960] (nvblox) StdoutLine: {'line': b'-- Installing: /home/czz/nvblox_ws/install/nvblox/share/doc/benchmark/reducing_variance.md\n'}
[209.718006] (nvblox) StdoutLine: {'line': b'-- Installing: /home/czz/nvblox_ws/install/nvblox/share/doc/benchmark/AssemblyTests.md\n'}
[209.718099] (nvblox) StdoutLine: {'line': b'-- Installing: /home/czz/nvblox_ws/install/nvblox/share/doc/benchmark/python_bindings.md\n'}
[209.718193] (nvblox) StdoutLine: {'line': b'-- Installing: /home/czz/nvblox_ws/install/nvblox/share/doc/benchmark/platform_specific_build_instructions.md\n'}
[209.718281] (nvblox) StdoutLine: {'line': b'-- Installing: /home/czz/nvblox_ws/install/nvblox/share/doc/benchmark/assets\n'}
[209.718438] (nvblox) StdoutLine: {'line': b'-- Installing: /home/czz/nvblox_ws/install/nvblox/share/doc/benchmark/assets/images\n'}
[209.718519] (nvblox) StdoutLine: {'line': b'-- Installing: /home/czz/nvblox_ws/install/nvblox/share/doc/benchmark/assets/images/icon_black.png\n'}
[209.718663] (nvblox) StdoutLine: {'line': b'-- Installing: /home/czz/nvblox_ws/install/nvblox/share/doc/benchmark/assets/images/icon_black.xcf\n'}
[209.718929] (nvblox) StdoutLine: {'line': b'-- Installing: /home/czz/nvblox_ws/install/nvblox/share/doc/benchmark/assets/images/icon.png\n'}
[209.719116] (nvblox) StdoutLine: {'line': b'-- Installing: /home/czz/nvblox_ws/install/nvblox/share/doc/benchmark/assets/images/icon.xcf\n'}
[209.719273] (nvblox) StdoutLine: {'line': b'-- Installing: /home/czz/nvblox_ws/install/nvblox/share/doc/benchmark/perf_counters.md\n'}
[209.719369] (nvblox) StdoutLine: {'line': b'-- Installing: /home/czz/nvblox_ws/install/nvblox/share/doc/benchmark/dependencies.md\n'}
[209.720453] (nvblox) StdoutLine: {'line': b'-- Installing: /home/czz/nvblox_ws/install/nvblox/lib/libnvblox_lib.so\n'}
[209.752920] (-) TimerEvent: {}
[209.760495] (nvblox) StdoutLine: {'line': b'-- Set runtime path of "/home/czz/nvblox_ws/install/nvblox/lib/libnvblox_lib.so" to ""\n'}
[209.760582] (nvblox) StdoutLine: {'line': b'-- Installing: /home/czz/nvblox_ws/install/nvblox/lib/libnvblox_datasets.so\n'}
[209.761146] (nvblox) StdoutLine: {'line': b'-- Set runtime path of "/home/czz/nvblox_ws/install/nvblox/lib/libnvblox_datasets.so" to ""\n'}
[209.761237] (nvblox) StdoutLine: {'line': b'-- Installing: /home/czz/nvblox_ws/install/nvblox/bin/nvblox/fuse_3dmatch\n'}
[209.771081] (nvblox) StdoutLine: {'line': b'-- Set runtime path of "/home/czz/nvblox_ws/install/nvblox/bin/nvblox/fuse_3dmatch" to ""\n'}
[209.771187] (nvblox) StdoutLine: {'line': b'-- Installing: /home/czz/nvblox_ws/install/nvblox/bin/nvblox/fuse_replica\n'}
[209.779864] (nvblox) StdoutLine: {'line': b'-- Set runtime path of "/home/czz/nvblox_ws/install/nvblox/bin/nvblox/fuse_replica" to ""\n'}
[209.780012] (nvblox) StdoutLine: {'line': b'-- Up-to-date: /home/czz/nvblox_ws/install/nvblox/include\n'}
[209.780070] (nvblox) StdoutLine: {'line': b'-- Installing: /home/czz/nvblox_ws/install/nvblox/include/nvblox\n'}
[209.780124] (nvblox) StdoutLine: {'line': b'-- Installing: /home/czz/nvblox_ws/install/nvblox/include/nvblox/core\n'}
[209.780200] (nvblox) StdoutLine: {'line': b'-- Installing: /home/czz/nvblox_ws/install/nvblox/include/nvblox/core/hash.h\n'}
[209.780255] (nvblox) StdoutLine: {'line': b'-- Installing: /home/czz/nvblox_ws/install/nvblox/include/nvblox/core/traits.h\n'}
[209.780381] (nvblox) StdoutLine: {'line': b'-- Installing: /home/czz/nvblox_ws/install/nvblox/include/nvblox/core/types.h\n'}
[209.780444] (nvblox) StdoutLine: {'line': b'-- Installing: /home/czz/nvblox_ws/install/nvblox/include/nvblox/core/bitmask.h\n'}
[209.780508] (nvblox) StdoutLine: {'line': b'-- Installing: /home/czz/nvblox_ws/install/nvblox/include/nvblox/core/time.h\n'}
[209.780568] (nvblox) StdoutLine: {'line': b'-- Installing: /home/czz/nvblox_ws/install/nvblox/include/nvblox/core/unified_vector.h\n'}
[209.780636] (nvblox) StdoutLine: {'line': b'-- Installing: /home/czz/nvblox_ws/install/nvblox/include/nvblox/core/variadic_template_tools.h\n'}
[209.780696] (nvblox) StdoutLine: {'line': b'-- Installing: /home/czz/nvblox_ws/install/nvblox/include/nvblox/core/log_odds.h\n'}
[209.780746] (nvblox) StdoutLine: {'line': b'-- Installing: /home/czz/nvblox_ws/install/nvblox/include/nvblox/core/color.h\n'}
[209.780815] (nvblox) StdoutLine: {'line': b'-- Installing: /home/czz/nvblox_ws/install/nvblox/include/nvblox/core/internal\n'}
[209.781074] (nvblox) StdoutLine: {'line': b'-- Installing: /home/czz/nvblox_ws/install/nvblox/include/nvblox/core/internal/cuda\n'}
[209.781144] (nvblox) StdoutLine: {'line': b'-- Installing: /home/czz/nvblox_ws/install/nvblox/include/nvblox/core/internal/cuda/device_function_utils.cuh\n'}
[209.781219] (nvblox) StdoutLine: {'line': b'-- Installing: /home/czz/nvblox_ws/install/nvblox/include/nvblox/core/internal/cuda/atomic_float.cuh\n'}
[209.781286] (nvblox) StdoutLine: {'line': b'-- Installing: /home/czz/nvblox_ws/install/nvblox/include/nvblox/core/internal/cuda/impl\n'}
[209.781368] (nvblox) StdoutLine: {'line': b'-- Installing: /home/czz/nvblox_ws/install/nvblox/include/nvblox/core/internal/cuda/impl/device_function_utils_impl.cuh\n'}
[209.781438] (nvblox) StdoutLine: {'line': b'-- Installing: /home/czz/nvblox_ws/install/nvblox/include/nvblox/core/internal/cuda/impl/atomic_float_impl.cuh\n'}
[209.781489] (nvblox) StdoutLine: {'line': b'-- Installing: /home/czz/nvblox_ws/install/nvblox/include/nvblox/core/internal/error_check.h\n'}
[209.781539] (nvblox) StdoutLine: {'line': b'-- Installing: /home/czz/nvblox_ws/install/nvblox/include/nvblox/core/internal/warmup_cuda.h\n'}
[209.781588] (nvblox) StdoutLine: {'line': b'-- Installing: /home/czz/nvblox_ws/install/nvblox/include/nvblox/core/internal/impl\n'}
[209.781656] (nvblox) StdoutLine: {'line': b'-- Installing: /home/czz/nvblox_ws/install/nvblox/include/nvblox/core/internal/impl/bitmask_impl.h\n'}
[209.781716] (nvblox) StdoutLine: {'line': b'-- Installing: /home/czz/nvblox_ws/install/nvblox/include/nvblox/core/internal/impl/unified_vector_impl.h\n'}
[209.781765] (nvblox) StdoutLine: {'line': b'-- Installing: /home/czz/nvblox_ws/install/nvblox/include/nvblox/core/internal/impl/indexing_impl.h\n'}
[209.781813] (nvblox) StdoutLine: {'line': b'-- Installing: /home/czz/nvblox_ws/install/nvblox/include/nvblox/core/internal/impl/unified_ptr_impl.h\n'}
[209.781872] (nvblox) StdoutLine: {'line': b'-- Installing: /home/czz/nvblox_ws/install/nvblox/include/nvblox/core/internal/impl/variadic_template_tools_impl.h\n'}
[209.781936] (nvblox) StdoutLine: {'line': b'-- Installing: /home/czz/nvblox_ws/install/nvblox/include/nvblox/core/unified_ptr.h\n'}
[209.781985] (nvblox) StdoutLine: {'line': b'-- Installing: /home/czz/nvblox_ws/install/nvblox/include/nvblox/core/parameter_tree.h\n'}
[209.782034] (nvblox) StdoutLine: {'line': b'-- Installing: /home/czz/nvblox_ws/install/nvblox/include/nvblox/core/iterator.h\n'}
[209.782082] (nvblox) StdoutLine: {'line': b'-- Installing: /home/czz/nvblox_ws/install/nvblox/include/nvblox/core/cuda_stream.h\n'}
[209.782155] (nvblox) StdoutLine: {'line': b'-- Installing: /home/czz/nvblox_ws/install/nvblox/include/nvblox/core/indexing.h\n'}
[209.782211] (nvblox) StdoutLine: {'line': b'-- Installing: /home/czz/nvblox_ws/install/nvblox/include/nvblox/core/array.h\n'}
[209.782276] (nvblox) StdoutLine: {'line': b'-- Installing: /home/czz/nvblox_ws/install/nvblox/include/nvblox/core/cuda.h\n'}
[209.782369] (nvblox) StdoutLine: {'line': b'-- Installing: /home/czz/nvblox_ws/install/nvblox/include/nvblox/core/feature_array.h\n'}
[209.782429] (nvblox) StdoutLine: {'line': b'-- Installing: /home/czz/nvblox_ws/install/nvblox/include/nvblox/interpolation\n'}
[209.782586] (nvblox) StdoutLine: {'line': b'-- Installing: /home/czz/nvblox_ws/install/nvblox/include/nvblox/interpolation/interpolation_2d.h\n'}
[209.782758] (nvblox) StdoutLine: {'line': b'-- Installing: /home/czz/nvblox_ws/install/nvblox/include/nvblox/interpolation/interpolation_3d.h\n'}
[209.782830] (nvblox) StdoutLine: {'line': b'-- Installing: /home/czz/nvblox_ws/install/nvblox/include/nvblox/interpolation/internal\n'}
[209.783017] (nvblox) StdoutLine: {'line': b'-- Installing: /home/czz/nvblox_ws/install/nvblox/include/nvblox/interpolation/internal/impl\n'}
[209.783081] (nvblox) StdoutLine: {'line': b'-- Installing: /home/czz/nvblox_ws/install/nvblox/include/nvblox/interpolation/internal/impl/interpolation_3d_impl.h\n'}
[209.783125] (nvblox) StdoutLine: {'line': b'-- Installing: /home/czz/nvblox_ws/install/nvblox/include/nvblox/interpolation/internal/impl/interpolation_2d_impl.h\n'}
[209.783328] (nvblox) StdoutLine: {'line': b'-- Installing: /home/czz/nvblox_ws/install/nvblox/include/nvblox/map_saving\n'}
[209.783523] (nvblox) StdoutLine: {'line': b'-- Installing: /home/czz/nvblox_ws/install/nvblox/include/nvblox/map_saving/internal\n'}
[209.783570] (nvblox) StdoutLine: {'line': b'-- Installing: /home/czz/nvblox_ws/install/nvblox/include/nvblox/map_saving/internal/block_serialization.h\n'}
[209.783621] (nvblox) StdoutLine: {'line': b'-- Installing: /home/czz/nvblox_ws/install/nvblox/include/nvblox/map_saving/internal/layer_type_register.h\n'}
[209.784011] (nvblox) StdoutLine: {'line': b'-- Installing: /home/czz/nvblox_ws/install/nvblox/include/nvblox/map_saving/internal/common_types.h\n'}
[209.784053] (nvblox) StdoutLine: {'line': b'-- Installing: /home/czz/nvblox_ws/install/nvblox/include/nvblox/map_saving/internal/sqlite_database.h\n'}
[209.784123] (nvblox) StdoutLine: {'line': b'-- Installing: /home/czz/nvblox_ws/install/nvblox/include/nvblox/map_saving/internal/serializer.h\n'}
[209.784209] (nvblox) StdoutLine: {'line': b'-- Installing: /home/czz/nvblox_ws/install/nvblox/include/nvblox/map_saving/internal/layer_serialization.h\n'}
[209.784289] (nvblox) StdoutLine: {'line': b'-- Installing: /home/czz/nvblox_ws/install/nvblox/include/nvblox/map_saving/internal/impl\n'}
[209.784432] (nvblox) StdoutLine: {'line': b'-- Installing: /home/czz/nvblox_ws/install/nvblox/include/nvblox/map_saving/internal/impl/common_types_impl.h\n'}
[209.784509] (nvblox) StdoutLine: {'line': b'-- Installing: /home/czz/nvblox_ws/install/nvblox/include/nvblox/map_saving/internal/impl/block_serialization_impl.h\n'}
[209.784582] (nvblox) StdoutLine: {'line': b'-- Installing: /home/czz/nvblox_ws/install/nvblox/include/nvblox/map_saving/internal/impl/layer_serialization_impl.h\n'}
[209.784652] (nvblox) StdoutLine: {'line': b'-- Installing: /home/czz/nvblox_ws/install/nvblox/include/nvblox/semantics\n'}
[209.784711] (nvblox) StdoutLine: {'line': b'-- Installing: /home/czz/nvblox_ws/install/nvblox/include/nvblox/semantics/mask_from_detections.h\n'}
[209.784783] (nvblox) StdoutLine: {'line': b'-- Installing: /home/czz/nvblox_ws/install/nvblox/include/nvblox/semantics/image_masker.h\n'}
[209.784857] (nvblox) StdoutLine: {'line': b'-- Installing: /home/czz/nvblox_ws/install/nvblox/include/nvblox/semantics/internal\n'}
[209.785072] (nvblox) StdoutLine: {'line': b'-- Installing: /home/czz/nvblox_ws/install/nvblox/include/nvblox/semantics/internal/cuda\n'}
[209.785207] (nvblox) StdoutLine: {'line': b'-- Installing: /home/czz/nvblox_ws/install/nvblox/include/nvblox/semantics/internal/cuda/impl\n'}
[209.785273] (nvblox) StdoutLine: {'line': b'-- Installing: /home/czz/nvblox_ws/install/nvblox/include/nvblox/semantics/internal/cuda/impl/image_projector_impl.cuh\n'}
[209.785346] (nvblox) StdoutLine: {'line': b'-- Installing: /home/czz/nvblox_ws/install/nvblox/include/nvblox/semantics/image_projector.h\n'}
[209.785412] (nvblox) StdoutLine: {'line': b'-- Installing: /home/czz/nvblox_ws/install/nvblox/include/nvblox/primitives\n'}
[209.785461] (nvblox) StdoutLine: {'line': b'-- Installing: /home/czz/nvblox_ws/install/nvblox/include/nvblox/primitives/primitives.h\n'}
[209.785535] (nvblox) StdoutLine: {'line': b'-- Installing: /home/czz/nvblox_ws/install/nvblox/include/nvblox/primitives/internal\n'}
[209.785799] (nvblox) StdoutLine: {'line': b'-- Installing: /home/czz/nvblox_ws/install/nvblox/include/nvblox/primitives/internal/impl\n'}
[209.785830] (nvblox) StdoutLine: {'line': b'-- Installing: /home/czz/nvblox_ws/install/nvblox/include/nvblox/primitives/internal/impl/scene_impl.h\n'}
[209.785886] (nvblox) StdoutLine: {'line': b'-- Installing: /home/czz/nvblox_ws/install/nvblox/include/nvblox/primitives/scene.h\n'}
[209.785958] (nvblox) StdoutLine: {'line': b'-- Installing: /home/czz/nvblox_ws/install/nvblox/include/nvblox/mesh\n'}
[209.786010] (nvblox) StdoutLine: {'line': b'-- Installing: /home/czz/nvblox_ws/install/nvblox/include/nvblox/mesh/mesh.h\n'}
[209.786077] (nvblox) StdoutLine: {'line': b'-- Installing: /home/czz/nvblox_ws/install/nvblox/include/nvblox/mesh/internal\n'}
[209.786208] (nvblox) StdoutLine: {'line': b'-- Installing: /home/czz/nvblox_ws/install/nvblox/include/nvblox/mesh/internal/cuda\n'}
[209.786346] (nvblox) StdoutLine: {'line': b'-- Installing: /home/czz/nvblox_ws/install/nvblox/include/nvblox/mesh/internal/cuda/marching_cubes.cuh\n'}
[209.786588] (nvblox) StdoutLine: {'line': b'-- Installing: /home/czz/nvblox_ws/install/nvblox/include/nvblox/mesh/internal/marching_cubes.h\n'}
[209.786625] (nvblox) StdoutLine: {'line': b'-- Installing: /home/czz/nvblox_ws/install/nvblox/include/nvblox/mesh/internal/impl\n'}
[209.786664] (nvblox) StdoutLine: {'line': b'-- Installing: /home/czz/nvblox_ws/install/nvblox/include/nvblox/mesh/internal/impl/marching_cubes_impl.h\n'}
[209.786698] (nvblox) StdoutLine: {'line': b'-- Installing: /home/czz/nvblox_ws/install/nvblox/include/nvblox/mesh/internal/impl/cuda\n'}
[209.786785] (nvblox) StdoutLine: {'line': b'-- Installing: /home/czz/nvblox_ws/install/nvblox/include/nvblox/mesh/internal/impl/cuda/marching_cubes_impl.cuh\n'}
[209.786961] (nvblox) StdoutLine: {'line': b'-- Installing: /home/czz/nvblox_ws/install/nvblox/include/nvblox/mesh/internal/impl/marching_cubes_table.h\n'}
[209.787003] (nvblox) StdoutLine: {'line': b'-- Installing: /home/czz/nvblox_ws/install/nvblox/include/nvblox/mesh/mesh_block.h\n'}
[209.787037] (nvblox) StdoutLine: {'line': b'-- Installing: /home/czz/nvblox_ws/install/nvblox/include/nvblox/mesh/mesh_integrator_params.h\n'}
[209.787067] (nvblox) StdoutLine: {'line': b'-- Installing: /home/czz/nvblox_ws/install/nvblox/include/nvblox/mesh/mesh_integrator.h\n'}
[209.787097] (nvblox) StdoutLine: {'line': b'-- Installing: /home/czz/nvblox_ws/install/nvblox/include/nvblox/gpu_hash\n'}
[209.787128] (nvblox) StdoutLine: {'line': b'-- Installing: /home/czz/nvblox_ws/install/nvblox/include/nvblox/gpu_hash/internal\n'}
[209.787288] (nvblox) StdoutLine: {'line': b'-- Installing: /home/czz/nvblox_ws/install/nvblox/include/nvblox/gpu_hash/internal/cuda\n'}
[209.787370] (nvblox) StdoutLine: {'line': b'-- Installing: /home/czz/nvblox_ws/install/nvblox/include/nvblox/gpu_hash/internal/cuda/gpu_hash_interface.cuh\n'}
[209.787558] (nvblox) StdoutLine: {'line': b'-- Installing: /home/czz/nvblox_ws/install/nvblox/include/nvblox/gpu_hash/internal/cuda/gpu_indexing.cuh\n'}
[209.787736] (nvblox) StdoutLine: {'line': b'-- Installing: /home/czz/nvblox_ws/install/nvblox/include/nvblox/gpu_hash/internal/cuda/impl\n'}
[209.787823] (nvblox) StdoutLine: {'line': b'-- Installing: /home/czz/nvblox_ws/install/nvblox/include/nvblox/gpu_hash/internal/cuda/impl/gpu_hash_interface_impl.cuh\n'}
[209.787855] (nvblox) StdoutLine: {'line': b'-- Installing: /home/czz/nvblox_ws/install/nvblox/include/nvblox/gpu_hash/internal/cuda/impl/gpu_layer_view_impl.cuh\n'}
[209.787887] (nvblox) StdoutLine: {'line': b'-- Installing: /home/czz/nvblox_ws/install/nvblox/include/nvblox/gpu_hash/gpu_layer_view.h\n'}
[209.788072] (nvblox) StdoutLine: {'line': b'-- Installing: /home/czz/nvblox_ws/install/nvblox/include/nvblox/sensors\n'}
[209.788248] (nvblox) StdoutLine: {'line': b'-- Installing: /home/czz/nvblox_ws/install/nvblox/include/nvblox/sensors/image.h\n'}
[209.788491] (nvblox) StdoutLine: {'line': b'-- Installing: /home/czz/nvblox_ws/install/nvblox/include/nvblox/sensors/lidar.h\n'}
[209.788742] (nvblox) StdoutLine: {'line': b'-- Installing: /home/czz/nvblox_ws/install/nvblox/include/nvblox/sensors/sensor.h\n'}
[209.788831] (nvblox) StdoutLine: {'line': b'-- Installing: /home/czz/nvblox_ws/install/nvblox/include/nvblox/sensors/type_indexed_store.h\n'}
[209.788868] (nvblox) StdoutLine: {'line': b'-- Installing: /home/czz/nvblox_ws/install/nvblox/include/nvblox/sensors/internal\n'}
[209.789036] (nvblox) StdoutLine: {'line': b'-- Installing: /home/czz/nvblox_ws/install/nvblox/include/nvblox/sensors/internal/cuda\n'}
[209.789252] (nvblox) StdoutLine: {'line': b'-- Installing: /home/czz/nvblox_ws/install/nvblox/include/nvblox/sensors/internal/cuda/impl\n'}
[209.789311] (nvblox) StdoutLine: {'line': b'-- Installing: /home/czz/nvblox_ws/install/nvblox/include/nvblox/sensors/internal/cuda/impl/pointcloud_to_depth_conversion_impl.cuh\n'}
[209.789384] (nvblox) StdoutLine: {'line': b'-- Installing: /home/czz/nvblox_ws/install/nvblox/include/nvblox/sensors/internal/image_cache.h\n'}
[209.789417] (nvblox) StdoutLine: {'line': b'-- Installing: /home/czz/nvblox_ws/install/nvblox/include/nvblox/sensors/internal/impl\n'}
[209.789521] (nvblox) StdoutLine: {'line': b'-- Installing: /home/czz/nvblox_ws/install/nvblox/include/nvblox/sensors/internal/impl/camera_impl.h\n'}
[209.789741] (nvblox) StdoutLine: {'line': b'-- Installing: /home/czz/nvblox_ws/install/nvblox/include/nvblox/sensors/internal/impl/distortion_impl.h\n'}
[209.789837] (nvblox) StdoutLine: {'line': b'-- Installing: /home/czz/nvblox_ws/install/nvblox/include/nvblox/sensors/internal/impl/image_cache_impl.h\n'}
[209.789870] (nvblox) StdoutLine: {'line': b'-- Installing: /home/czz/nvblox_ws/install/nvblox/include/nvblox/sensors/internal/impl/image_impl.h\n'}
[209.789906] (nvblox) StdoutLine: {'line': b'-- Installing: /home/czz/nvblox_ws/install/nvblox/include/nvblox/sensors/internal/impl/lidar_impl.h\n'}
[209.790158] (nvblox) StdoutLine: {'line': b'-- Installing: /home/czz/nvblox_ws/install/nvblox/include/nvblox/sensors/internal/impl/image_cuda_impl.h\n'}
[209.790297] (nvblox) StdoutLine: {'line': b'-- Installing: /home/czz/nvblox_ws/install/nvblox/include/nvblox/sensors/internal/impl/type_indexed_store_impl.h\n'}
[209.790351] (nvblox) StdoutLine: {'line': b'-- Installing: /home/czz/nvblox_ws/install/nvblox/include/nvblox/sensors/camera.h\n'}
[209.790411] (nvblox) StdoutLine: {'line': b'-- Installing: /home/czz/nvblox_ws/install/nvblox/include/nvblox/sensors/mask_preprocessor.h\n'}
[209.790461] (nvblox) StdoutLine: {'line': b'-- Installing: /home/czz/nvblox_ws/install/nvblox/include/nvblox/sensors/depth_preprocessing.h\n'}
[209.790539] (nvblox) StdoutLine: {'line': b'-- Installing: /home/czz/nvblox_ws/install/nvblox/include/nvblox/sensors/distortion.h\n'}
[209.790623] (nvblox) StdoutLine: {'line': b'-- Installing: /home/czz/nvblox_ws/install/nvblox/include/nvblox/sensors/npp_image_operations.h\n'}
[209.790674] (nvblox) StdoutLine: {'line': b'-- Installing: /home/czz/nvblox_ws/install/nvblox/include/nvblox/sensors/pointcloud_to_depth_conversion.h\n'}
[209.790724] (nvblox) StdoutLine: {'line': b'-- Installing: /home/czz/nvblox_ws/install/nvblox/include/nvblox/sensors/pointcloud.h\n'}
[209.790930] (nvblox) StdoutLine: {'line': b'-- Installing: /home/czz/nvblox_ws/install/nvblox/include/nvblox/integrators\n'}
[209.791047] (nvblox) StdoutLine: {'line': b'-- Installing: /home/czz/nvblox_ws/install/nvblox/include/nvblox/integrators/weighting_function.h\n'}
[209.791099] (nvblox) StdoutLine: {'line': b'-- Installing: /home/czz/nvblox_ws/install/nvblox/include/nvblox/integrators/esdf_integrator_params.h\n'}
[209.791204] (nvblox) StdoutLine: {'line': b'-- Installing: /home/czz/nvblox_ws/install/nvblox/include/nvblox/integrators/projective_appearance_integrator.h\n'}
[209.791262] (nvblox) StdoutLine: {'line': b'-- Installing: /home/czz/nvblox_ws/install/nvblox/include/nvblox/integrators/shape_clearer.h\n'}
[209.791303] (nvblox) StdoutLine: {'line': b'-- Installing: /home/czz/nvblox_ws/install/nvblox/include/nvblox/integrators/occupancy_integrator_params.h\n'}
[209.791380] (nvblox) StdoutLine: {'line': b'-- Installing: /home/czz/nvblox_ws/install/nvblox/include/nvblox/integrators/tsdf_decay_integrator.h\n'}
[209.791430] (nvblox) StdoutLine: {'line': b'-- Installing: /home/czz/nvblox_ws/install/nvblox/include/nvblox/integrators/freespace_integrator.h\n'}
[209.791472] (nvblox) StdoutLine: {'line': b'-- Installing: /home/czz/nvblox_ws/install/nvblox/include/nvblox/integrators/view_calculator.h\n'}
[209.791509] (nvblox) StdoutLine: {'line': b'-- Installing: /home/czz/nvblox_ws/install/nvblox/include/nvblox/integrators/internal\n'}
[209.791560] (nvblox) StdoutLine: {'line': b'-- Installing: /home/czz/nvblox_ws/install/nvblox/include/nvblox/integrators/internal/integrators_common.h\n'}
[209.791623] (nvblox) StdoutLine: {'line': b'-- Installing: /home/czz/nvblox_ws/install/nvblox/include/nvblox/integrators/internal/decayer.h\n'}
[209.791725] (nvblox) StdoutLine: {'line': b'-- Installing: /home/czz/nvblox_ws/install/nvblox/include/nvblox/integrators/internal/cuda\n'}
[209.791765] (nvblox) StdoutLine: {'line': b'-- Installing: /home/czz/nvblox_ws/install/nvblox/include/nvblox/integrators/internal/cuda/projective_integrators_common.cuh\n'}
[209.791902] (nvblox) StdoutLine: {'line': b'-- Installing: /home/czz/nvblox_ws/install/nvblox/include/nvblox/integrators/internal/cuda/esdf_integrator_slicing.cuh\n'}
[209.791956] (nvblox) StdoutLine: {'line': b'-- Installing: /home/czz/nvblox_ws/install/nvblox/include/nvblox/integrators/internal/cuda/impl\n'}
[209.792004] (nvblox) StdoutLine: {'line': b'-- Installing: /home/czz/nvblox_ws/install/nvblox/include/nvblox/integrators/internal/cuda/impl/projective_integrator_impl.cuh\n'}
[209.792242] (nvblox) StdoutLine: {'line': b'-- Installing: /home/czz/nvblox_ws/install/nvblox/include/nvblox/integrators/internal/cuda/impl/decayer_impl.cuh\n'}
[209.792384] (nvblox) StdoutLine: {'line': b'-- Installing: /home/czz/nvblox_ws/install/nvblox/include/nvblox/integrators/internal/cuda/impl/tsdf_decay_integrator_impl.cuh\n'}
[209.792439] (nvblox) StdoutLine: {'line': b'-- Installing: /home/czz/nvblox_ws/install/nvblox/include/nvblox/integrators/internal/cuda/impl/occupancy_decay_integrator_impl.cuh\n'}
[209.792545] (nvblox) StdoutLine: {'line': b'-- Installing: /home/czz/nvblox_ws/install/nvblox/include/nvblox/integrators/internal/cuda/impl/projective_occupancy_integrator_impl.cuh\n'}
[209.792607] (nvblox) StdoutLine: {'line': b'-- Installing: /home/czz/nvblox_ws/install/nvblox/include/nvblox/integrators/internal/cuda/impl/view_calculator_impl.cuh\n'}
[209.792799] (nvblox) StdoutLine: {'line': b'-- Installing: /home/czz/nvblox_ws/install/nvblox/include/nvblox/integrators/internal/cuda/impl/projective_integrators_common_impl.cuh\n'}
[209.792854] (nvblox) StdoutLine: {'line': b'-- Installing: /home/czz/nvblox_ws/install/nvblox/include/nvblox/integrators/internal/cuda/impl/shape_clearer_impl.cuh\n'}
[209.793005] (nvblox) StdoutLine: {'line': b'-- Installing: /home/czz/nvblox_ws/install/nvblox/include/nvblox/integrators/internal/cuda/impl/esdf_integrator_slicing_impl.cuh\n'}
[209.793058] (nvblox) StdoutLine: {'line': b'-- Installing: /home/czz/nvblox_ws/install/nvblox/include/nvblox/integrators/internal/cuda/impl/projective_tsdf_integrator_impl.cuh\n'}
[209.793170] (nvblox) StdoutLine: {'line': b'-- Installing: /home/czz/nvblox_ws/install/nvblox/include/nvblox/integrators/internal/cuda/impl/freespace_integrator_impl.cuh\n'}
[209.793334] (nvblox) StdoutLine: {'line': b'-- Installing: /home/czz/nvblox_ws/install/nvblox/include/nvblox/integrators/internal/instantiate_sensor.cuh\n'}
[209.793541] (nvblox) StdoutLine: {'line': b'-- Installing: /home/czz/nvblox_ws/install/nvblox/include/nvblox/integrators/internal/decay_integrator_base_params.h\n'}
[209.793591] (nvblox) StdoutLine: {'line': b'-- Installing: /home/czz/nvblox_ws/install/nvblox/include/nvblox/integrators/internal/decay_integrator_base.h\n'}
[209.793642] (nvblox) StdoutLine: {'line': b'-- Installing: /home/czz/nvblox_ws/install/nvblox/include/nvblox/integrators/internal/impl\n'}
[209.793694] (nvblox) StdoutLine: {'line': b'-- Installing: /home/czz/nvblox_ws/install/nvblox/include/nvblox/integrators/internal/impl/weighting_function_impl.h\n'}
[209.793745] (nvblox) StdoutLine: {'line': b'-- Installing: /home/czz/nvblox_ws/install/nvblox/include/nvblox/integrators/internal/impl/integrators_common_impl.h\n'}
[209.793801] (nvblox) StdoutLine: {'line': b'-- Installing: /home/czz/nvblox_ws/install/nvblox/include/nvblox/integrators/internal/impl/decay_integrator_impl.h\n'}
[209.793851] (nvblox) StdoutLine: {'line': b'-- Installing: /home/czz/nvblox_ws/install/nvblox/include/nvblox/integrators/internal/impl/projective_integrator_impl.h\n'}
[209.793903] (nvblox) StdoutLine: {'line': b'-- Installing: /home/czz/nvblox_ws/install/nvblox/include/nvblox/integrators/internal/impl/view_calculator_impl.h\n'}
[209.793958] (nvblox) StdoutLine: {'line': b'-- Installing: /home/czz/nvblox_ws/install/nvblox/include/nvblox/integrators/internal/projective_integrator.h\n'}
[209.794010] (nvblox) StdoutLine: {'line': b'-- Installing: /home/czz/nvblox_ws/install/nvblox/include/nvblox/integrators/esdf_integrator.h\n'}
[209.794067] (nvblox) StdoutLine: {'line': b'-- Installing: /home/czz/nvblox_ws/install/nvblox/include/nvblox/integrators/projective_occupancy_integrator.h\n'}
[209.794119] (nvblox) StdoutLine: {'line': b'-- Installing: /home/czz/nvblox_ws/install/nvblox/include/nvblox/integrators/projective_tsdf_integrator.h\n'}
[209.794185] (nvblox) StdoutLine: {'line': b'-- Installing: /home/czz/nvblox_ws/install/nvblox/include/nvblox/integrators/occupancy_decay_integrator.h\n'}
[209.794240] (nvblox) StdoutLine: {'line': b'-- Installing: /home/czz/nvblox_ws/install/nvblox/include/nvblox/integrators/tsdf_decay_integrator_params.h\n'}
[209.794294] (nvblox) StdoutLine: {'line': b'-- Installing: /home/czz/nvblox_ws/install/nvblox/include/nvblox/integrators/projective_integrator_params.h\n'}
[209.794349] (nvblox) StdoutLine: {'line': b'-- Installing: /home/czz/nvblox_ws/install/nvblox/include/nvblox/integrators/occupancy_decay_integrator_params.h\n'}
[209.794406] (nvblox) StdoutLine: {'line': b'-- Installing: /home/czz/nvblox_ws/install/nvblox/include/nvblox/integrators/esdf_slicer.h\n'}
[209.794460] (nvblox) StdoutLine: {'line': b'-- Installing: /home/czz/nvblox_ws/install/nvblox/include/nvblox/integrators/depth_observation_space.h\n'}
[209.794513] (nvblox) StdoutLine: {'line': b'-- Installing: /home/czz/nvblox_ws/install/nvblox/include/nvblox/integrators/occupancy_conversions.h\n'}
[209.794722] (nvblox) StdoutLine: {'line': b'-- Installing: /home/czz/nvblox_ws/install/nvblox/include/nvblox/integrators/view_calculator_params.h\n'}
[209.794784] (nvblox) StdoutLine: {'line': b'-- Installing: /home/czz/nvblox_ws/install/nvblox/include/nvblox/integrators/freespace_integrator_params.h\n'}
[209.794835] (nvblox) StdoutLine: {'line': b'-- Installing: /home/czz/nvblox_ws/install/nvblox/include/nvblox/experimental\n'}
[209.795083] (nvblox) StdoutLine: {'line': b'-- Installing: /home/czz/nvblox_ws/install/nvblox/include/nvblox/experimental/ground_plane\n'}
[209.795277] (nvblox) StdoutLine: {'line': b'-- Installing: /home/czz/nvblox_ws/install/nvblox/include/nvblox/experimental/ground_plane/ransac_plane_fitter.h\n'}
[209.795343] (nvblox) StdoutLine: {'line': b'-- Installing: /home/czz/nvblox_ws/install/nvblox/include/nvblox/experimental/ground_plane/tsdf_zero_crossings_extractor.h\n'}
[209.795389] (nvblox) StdoutLine: {'line': b'-- Installing: /home/czz/nvblox_ws/install/nvblox/include/nvblox/experimental/ground_plane/ground_plane_estimator.h\n'}
[209.795436] (nvblox) StdoutLine: {'line': b'-- Installing: /home/czz/nvblox_ws/install/nvblox/include/nvblox/experimental/ground_plane/ransac_plane_fitter_cpu.h\n'}
[209.795480] (nvblox) StdoutLine: {'line': b'-- Installing: /home/czz/nvblox_ws/install/nvblox/include/nvblox/experimental/ground_plane/ground_plane_estimator_params.h\n'}
[209.795542] (nvblox) StdoutLine: {'line': b'-- Installing: /home/czz/nvblox_ws/install/nvblox/include/nvblox/experimental/ground_plane/ransac_plane_fitter_params.h\n'}
[209.795566] (nvblox) StdoutLine: {'line': b'-- Installing: /home/czz/nvblox_ws/install/nvblox/include/nvblox/map\n'}
[209.795675] (nvblox) StdoutLine: {'line': b'-- Installing: /home/czz/nvblox_ws/install/nvblox/include/nvblox/map/blox.h\n'}
[209.795934] (nvblox) StdoutLine: {'line': b'-- Installing: /home/czz/nvblox_ws/install/nvblox/include/nvblox/map/blocks_to_update_tracker.h\n'}
[209.795960] (nvblox) StdoutLine: {'line': b'-- Installing: /home/czz/nvblox_ws/install/nvblox/include/nvblox/map/voxels.h\n'}
[209.796000] (nvblox) StdoutLine: {'line': b'-- Installing: /home/czz/nvblox_ws/install/nvblox/include/nvblox/map/layer.h\n'}
[209.796044] (nvblox) StdoutLine: {'line': b'-- Installing: /home/czz/nvblox_ws/install/nvblox/include/nvblox/map/internal\n'}
[209.796070] (nvblox) StdoutLine: {'line': b'-- Installing: /home/czz/nvblox_ws/install/nvblox/include/nvblox/map/internal/cuda\n'}
[209.796093] (nvblox) StdoutLine: {'line': b'-- Installing: /home/czz/nvblox_ws/install/nvblox/include/nvblox/map/internal/cuda/layer_to_3d_grid.cuh\n'}
[209.796134] (nvblox) StdoutLine: {'line': b'-- Installing: /home/czz/nvblox_ws/install/nvblox/include/nvblox/map/internal/cuda/impl\n'}
[209.796163] (nvblox) StdoutLine: {'line': b'-- Installing: /home/czz/nvblox_ws/install/nvblox/include/nvblox/map/internal/cuda/impl/layer_impl.cuh\n'}
[209.796208] (nvblox) StdoutLine: {'line': b'-- Installing: /home/czz/nvblox_ws/install/nvblox/include/nvblox/map/internal/cuda/impl/layer_to_3d_grid_impl.cuh\n'}
[209.796233] (nvblox) StdoutLine: {'line': b'-- Installing: /home/czz/nvblox_ws/install/nvblox/include/nvblox/map/internal/block_memory_pool.h\n'}
[209.796277] (nvblox) StdoutLine: {'line': b'-- Installing: /home/czz/nvblox_ws/install/nvblox/include/nvblox/map/internal/block_memory_pool_params.h\n'}
[209.796326] (nvblox) StdoutLine: {'line': b'-- Installing: /home/czz/nvblox_ws/install/nvblox/include/nvblox/map/internal/impl\n'}
[209.796439] (nvblox) StdoutLine: {'line': b'-- Installing: /home/czz/nvblox_ws/install/nvblox/include/nvblox/map/internal/impl/layer_cake_impl.h\n'}
[209.796477] (nvblox) StdoutLine: {'line': b'-- Installing: /home/czz/nvblox_ws/install/nvblox/include/nvblox/map/internal/impl/block_memory_pool_impl.h\n'}
[209.796516] (nvblox) StdoutLine: {'line': b'-- Installing: /home/czz/nvblox_ws/install/nvblox/include/nvblox/map/internal/impl/blox_impl.h\n'}
[209.796682] (nvblox) StdoutLine: {'line': b'-- Installing: /home/czz/nvblox_ws/install/nvblox/include/nvblox/map/internal/impl/accessors_impl.h\n'}
[209.796858] (nvblox) StdoutLine: {'line': b'-- Installing: /home/czz/nvblox_ws/install/nvblox/include/nvblox/map/internal/impl/unified_3d_grid_impl.h\n'}
[209.796900] (nvblox) StdoutLine: {'line': b'-- Installing: /home/czz/nvblox_ws/install/nvblox/include/nvblox/map/internal/impl/layer_impl.h\n'}
[209.796939] (nvblox) StdoutLine: {'line': b'-- Installing: /home/czz/nvblox_ws/install/nvblox/include/nvblox/map/common_names.h\n'}
[209.797123] (nvblox) StdoutLine: {'line': b'-- Installing: /home/czz/nvblox_ws/install/nvblox/include/nvblox/map/unified_3d_grid.h\n'}
[209.797160] (nvblox) StdoutLine: {'line': b'-- Installing: /home/czz/nvblox_ws/install/nvblox/include/nvblox/map/layer_cake.h\n'}
[209.797200] (nvblox) StdoutLine: {'line': b'-- Installing: /home/czz/nvblox_ws/install/nvblox/include/nvblox/map/accessors.h\n'}
[209.797278] (nvblox) StdoutLine: {'line': b'-- Installing: /home/czz/nvblox_ws/install/nvblox/include/nvblox/map/voxel_iterator.h\n'}
[209.797316] (nvblox) StdoutLine: {'line': b'-- Installing: /home/czz/nvblox_ws/install/nvblox/include/nvblox/dynamics\n'}
[209.797498] (nvblox) StdoutLine: {'line': b'-- Installing: /home/czz/nvblox_ws/install/nvblox/include/nvblox/dynamics/dynamics_detection.h\n'}
[209.797667] (nvblox) StdoutLine: {'line': b'-- Installing: /home/czz/nvblox_ws/install/nvblox/include/nvblox/dynamics/internal\n'}
[209.797746] (nvblox) StdoutLine: {'line': b'-- Installing: /home/czz/nvblox_ws/install/nvblox/include/nvblox/dynamics/internal/cuda\n'}
[209.797828] (nvblox) StdoutLine: {'line': b'-- Installing: /home/czz/nvblox_ws/install/nvblox/include/nvblox/dynamics/internal/cuda/impl\n'}
[209.797911] (nvblox) StdoutLine: {'line': b'-- Installing: /home/czz/nvblox_ws/install/nvblox/include/nvblox/dynamics/internal/cuda/impl/dynamics_detection_impl.cuh\n'}
[209.798104] (nvblox) StdoutLine: {'line': b'-- Installing: /home/czz/nvblox_ws/install/nvblox/include/nvblox/serialization\n'}
[209.798278] (nvblox) StdoutLine: {'line': b'-- Installing: /home/czz/nvblox_ws/install/nvblox/include/nvblox/serialization/layer_cake_streamer.h\n'}
[209.798321] (nvblox) StdoutLine: {'line': b'-- Installing: /home/czz/nvblox_ws/install/nvblox/include/nvblox/serialization/layer_streamer.h\n'}
[209.798356] (nvblox) StdoutLine: {'line': b'-- Installing: /home/czz/nvblox_ws/install/nvblox/include/nvblox/serialization/internal\n'}
[209.798429] (nvblox) StdoutLine: {'line': b'-- Installing: /home/czz/nvblox_ws/install/nvblox/include/nvblox/serialization/internal/serialization_gpu.h\n'}
[209.798463] (nvblox) StdoutLine: {'line': b'-- Installing: /home/czz/nvblox_ws/install/nvblox/include/nvblox/serialization/internal/layer_streamer_traits.h\n'}
[209.798536] (nvblox) StdoutLine: {'line': b'-- Installing: /home/czz/nvblox_ws/install/nvblox/include/nvblox/serialization/internal/impl\n'}
[209.798577] (nvblox) StdoutLine: {'line': b'-- Installing: /home/czz/nvblox_ws/install/nvblox/include/nvblox/serialization/internal/impl/layer_cake_streamer_impl.h\n'}
[209.798613] (nvblox) StdoutLine: {'line': b'-- Installing: /home/czz/nvblox_ws/install/nvblox/include/nvblox/serialization/internal/impl/layer_streamer_impl.h\n'}
[209.798649] (nvblox) StdoutLine: {'line': b'-- Installing: /home/czz/nvblox_ws/install/nvblox/include/nvblox/serialization/internal/impl/layer_serializer_gpu_impl.h\n'}
[209.798683] (nvblox) StdoutLine: {'line': b'-- Installing: /home/czz/nvblox_ws/install/nvblox/include/nvblox/serialization/mesh_serializer_gpu.h\n'}
[209.798714] (nvblox) StdoutLine: {'line': b'-- Installing: /home/czz/nvblox_ws/install/nvblox/include/nvblox/serialization/layer_serializer_gpu.h\n'}
[209.798755] (nvblox) StdoutLine: {'line': b'-- Installing: /home/czz/nvblox_ws/install/nvblox/include/nvblox/nvblox.h\n'}
[209.798788] (nvblox) StdoutLine: {'line': b'-- Installing: /home/czz/nvblox_ws/install/nvblox/include/nvblox/mapper\n'}
[209.798966] (nvblox) StdoutLine: {'line': b'-- Installing: /home/czz/nvblox_ws/install/nvblox/include/nvblox/mapper/mapper.h\n'}
[209.799014] (nvblox) StdoutLine: {'line': b'-- Installing: /home/czz/nvblox_ws/install/nvblox/include/nvblox/mapper/multi_mapper_params.h\n'}
[209.799048] (nvblox) StdoutLine: {'line': b'-- Installing: /home/czz/nvblox_ws/install/nvblox/include/nvblox/mapper/multi_mapper.h\n'}
[209.799086] (nvblox) StdoutLine: {'line': b'-- Installing: /home/czz/nvblox_ws/install/nvblox/include/nvblox/mapper/internal\n'}
[209.799183] (nvblox) StdoutLine: {'line': b'-- Installing: /home/czz/nvblox_ws/install/nvblox/include/nvblox/mapper/internal/mapper_common.h\n'}
[209.799356] (nvblox) StdoutLine: {'line': b'-- Installing: /home/czz/nvblox_ws/install/nvblox/include/nvblox/mapper/internal/impl\n'}
[209.799397] (nvblox) StdoutLine: {'line': b'-- Installing: /home/czz/nvblox_ws/install/nvblox/include/nvblox/mapper/internal/impl/mapper_impl.h\n'}
[209.799436] (nvblox) StdoutLine: {'line': b'-- Installing: /home/czz/nvblox_ws/install/nvblox/include/nvblox/mapper/internal/impl/mapper_common_impl.h\n'}
[209.799606] (nvblox) StdoutLine: {'line': b'-- Installing: /home/czz/nvblox_ws/install/nvblox/include/nvblox/mapper/internal/impl/multi_mapper_impl.h\n'}
[209.799644] (nvblox) StdoutLine: {'line': b'-- Installing: /home/czz/nvblox_ws/install/nvblox/include/nvblox/mapper/mapper_params.h\n'}
[209.799683] (nvblox) StdoutLine: {'line': b'-- Installing: /home/czz/nvblox_ws/install/nvblox/include/nvblox/io\n'}
[209.799849] (nvblox) StdoutLine: {'line': b'-- Installing: /home/czz/nvblox_ws/install/nvblox/include/nvblox/io/ply_writer.h\n'}
[209.799881] (nvblox) StdoutLine: {'line': b'-- Installing: /home/czz/nvblox_ws/install/nvblox/include/nvblox/io/csv.h\n'}
[209.799914] (nvblox) StdoutLine: {'line': b'-- Installing: /home/czz/nvblox_ws/install/nvblox/include/nvblox/io/internal\n'}
[209.800087] (nvblox) StdoutLine: {'line': b'-- Installing: /home/czz/nvblox_ws/install/nvblox/include/nvblox/io/internal/thirdparty\n'}
[209.800174] (nvblox) StdoutLine: {'line': b'-- Installing: /home/czz/nvblox_ws/install/nvblox/include/nvblox/io/internal/thirdparty/stb_image.h\n'}
[209.801199] (nvblox) StdoutLine: {'line': b'-- Installing: /home/czz/nvblox_ws/install/nvblox/include/nvblox/io/internal/thirdparty/stb_image_write.h\n'}
[209.801696] (nvblox) StdoutLine: {'line': b'-- Installing: /home/czz/nvblox_ws/install/nvblox/include/nvblox/io/internal/impl\n'}
[209.801805] (nvblox) StdoutLine: {'line': b'-- Installing: /home/czz/nvblox_ws/install/nvblox/include/nvblox/io/internal/impl/csv_impl.h\n'}
[209.801837] (nvblox) StdoutLine: {'line': b'-- Installing: /home/czz/nvblox_ws/install/nvblox/include/nvblox/io/internal/impl/pointcloud_io_impl.h\n'}
[209.801872] (nvblox) StdoutLine: {'line': b'-- Installing: /home/czz/nvblox_ws/install/nvblox/include/nvblox/io/pointcloud_io.h\n'}
[209.801905] (nvblox) StdoutLine: {'line': b'-- Installing: /home/czz/nvblox_ws/install/nvblox/include/nvblox/io/image_io.h\n'}
[209.802064] (nvblox) StdoutLine: {'line': b'-- Installing: /home/czz/nvblox_ws/install/nvblox/include/nvblox/io/layer_cake_io.h\n'}
[209.802095] (nvblox) StdoutLine: {'line': b'-- Installing: /home/czz/nvblox_ws/install/nvblox/include/nvblox/io/mesh_io.h\n'}
[209.802125] (nvblox) StdoutLine: {'line': b'-- Installing: /home/czz/nvblox_ws/install/nvblox/include/nvblox/io/ply_parser.h\n'}
[209.802213] (nvblox) StdoutLine: {'line': b'-- Installing: /home/czz/nvblox_ws/install/nvblox/include/nvblox/rays\n'}
[209.802246] (nvblox) StdoutLine: {'line': b'-- Installing: /home/czz/nvblox_ws/install/nvblox/include/nvblox/rays/sphere_tracer.h\n'}
[209.802278] (nvblox) StdoutLine: {'line': b'-- Installing: /home/czz/nvblox_ws/install/nvblox/include/nvblox/rays/internal\n'}
[209.802435] (nvblox) StdoutLine: {'line': b'-- Installing: /home/czz/nvblox_ws/install/nvblox/include/nvblox/rays/internal/impl\n'}
[209.802463] (nvblox) StdoutLine: {'line': b'-- Installing: /home/czz/nvblox_ws/install/nvblox/include/nvblox/rays/internal/impl/ray_caster_impl.h\n'}
[209.802492] (nvblox) StdoutLine: {'line': b'-- Installing: /home/czz/nvblox_ws/install/nvblox/include/nvblox/rays/ray_caster.h\n'}
[209.802523] (nvblox) StdoutLine: {'line': b'-- Installing: /home/czz/nvblox_ws/install/nvblox/include/nvblox/utils\n'}
[209.802681] (nvblox) StdoutLine: {'line': b'-- Installing: /home/czz/nvblox_ws/install/nvblox/include/nvblox/utils/nvblox_art.h\n'}
[209.802711] (nvblox) StdoutLine: {'line': b'-- Installing: /home/czz/nvblox_ws/install/nvblox/include/nvblox/utils/delays.h\n'}
[209.802896] (nvblox) StdoutLine: {'line': b'-- Installing: /home/czz/nvblox_ws/install/nvblox/include/nvblox/utils/rates.h\n'}
[209.802926] (nvblox) StdoutLine: {'line': b'-- Installing: /home/czz/nvblox_ws/install/nvblox/include/nvblox/utils/params.h\n'}
[209.802957] (nvblox) StdoutLine: {'line': b'-- Installing: /home/czz/nvblox_ws/install/nvblox/include/nvblox/utils/internal\n'}
[209.803034] (nvblox) StdoutLine: {'line': b'-- Installing: /home/czz/nvblox_ws/install/nvblox/include/nvblox/utils/internal/impl\n'}
[209.803115] (nvblox) StdoutLine: {'line': b'-- Installing: /home/czz/nvblox_ws/install/nvblox/include/nvblox/utils/internal/impl/rates_impl.h\n'}
[209.803145] (nvblox) StdoutLine: {'line': b'-- Installing: /home/czz/nvblox_ws/install/nvblox/include/nvblox/utils/nvtx_ranges.h\n'}
[209.803198] (nvblox) StdoutLine: {'line': b'-- Installing: /home/czz/nvblox_ws/install/nvblox/include/nvblox/utils/cuda_kernel_utils.h\n'}
[209.803274] (nvblox) StdoutLine: {'line': b'-- Installing: /home/czz/nvblox_ws/install/nvblox/include/nvblox/utils/timing.h\n'}
[209.803307] (nvblox) StdoutLine: {'line': b'-- Installing: /home/czz/nvblox_ws/install/nvblox/include/nvblox/geometry\n'}
[209.803476] (nvblox) StdoutLine: {'line': b'-- Installing: /home/czz/nvblox_ws/install/nvblox/include/nvblox/geometry/bounding_boxes.h\n'}
[209.803507] (nvblox) StdoutLine: {'line': b'-- Installing: /home/czz/nvblox_ws/install/nvblox/include/nvblox/geometry/internal\n'}
[209.803589] (nvblox) StdoutLine: {'line': b'-- Installing: /home/czz/nvblox_ws/install/nvblox/include/nvblox/geometry/internal/impl\n'}
[209.803687] (nvblox) StdoutLine: {'line': b'-- Installing: /home/czz/nvblox_ws/install/nvblox/include/nvblox/geometry/internal/impl/plane_impl.h\n'}
[209.803721] (nvblox) StdoutLine: {'line': b'-- Installing: /home/czz/nvblox_ws/install/nvblox/include/nvblox/geometry/internal/impl/bounding_boxes_impl.h\n'}
[209.803755] (nvblox) StdoutLine: {'line': b'-- Installing: /home/czz/nvblox_ws/install/nvblox/include/nvblox/geometry/plane.h\n'}
[209.803790] (nvblox) StdoutLine: {'line': b'-- Installing: /home/czz/nvblox_ws/install/nvblox/include/nvblox/geometry/bounding_spheres.h\n'}
[209.803824] (nvblox) StdoutLine: {'line': b'-- Installing: /home/czz/nvblox_ws/install/nvblox/include/nvblox/geometry/bounding_shape.h\n'}
[209.803856] (nvblox) StdoutLine: {'line': b'-- Installing: /home/czz/nvblox_ws/install/nvblox/include/nvblox/geometry/workspace_bounds.h\n'}
[209.803888] (nvblox) StdoutLine: {'line': b'-- Installing: /home/czz/nvblox_ws/install/nvblox/include/nvblox/geometry/transforms.h\n'}
[209.804168] (nvblox) StdoutLine: {'line': b'-- Up-to-date: /home/czz/nvblox_ws/install/nvblox/include\n'}
[209.804203] (nvblox) StdoutLine: {'line': b'-- Up-to-date: /home/czz/nvblox_ws/install/nvblox/include/nvblox\n'}
[209.804340] (nvblox) StdoutLine: {'line': b'-- Installing: /home/czz/nvblox_ws/install/nvblox/include/nvblox/executables\n'}
[209.804558] (nvblox) StdoutLine: {'line': b'-- Installing: /home/czz/nvblox_ws/install/nvblox/include/nvblox/executables/fuser.h\n'}
[209.804591] (nvblox) StdoutLine: {'line': b'-- Installing: /home/czz/nvblox_ws/install/nvblox/include/nvblox/gflags_param_loading\n'}
[209.804671] (nvblox) StdoutLine: {'line': b'-- Installing: /home/czz/nvblox_ws/install/nvblox/include/nvblox/gflags_param_loading/fuser_params_from_gflags.h\n'}
[209.804875] (nvblox) StdoutLine: {'line': b'-- Installing: /home/czz/nvblox_ws/install/nvblox/include/nvblox/gflags_param_loading/mapper_params_from_gflags.h\n'}
[209.805125] (nvblox) StdoutLine: {'line': b'-- Installing: /home/czz/nvblox_ws/install/nvblox/include/nvblox/datasets\n'}
[209.805212] (nvblox) StdoutLine: {'line': b'-- Installing: /home/czz/nvblox_ws/install/nvblox/include/nvblox/datasets/redwood.h\n'}
[209.805399] (nvblox) StdoutLine: {'line': b'-- Installing: /home/czz/nvblox_ws/install/nvblox/include/nvblox/datasets/replica.h\n'}
[209.805432] (nvblox) StdoutLine: {'line': b'-- Installing: /home/czz/nvblox_ws/install/nvblox/include/nvblox/datasets/data_loader_interface.h\n'}
[209.805465] (nvblox) StdoutLine: {'line': b'-- Installing: /home/czz/nvblox_ws/install/nvblox/include/nvblox/datasets/dataset_types.h\n'}
[209.805652] (nvblox) StdoutLine: {'line': b'-- Installing: /home/czz/nvblox_ws/install/nvblox/include/nvblox/datasets/lidarply_loader.h\n'}
[209.805683] (nvblox) StdoutLine: {'line': b'-- Installing: /home/czz/nvblox_ws/install/nvblox/include/nvblox/datasets/cusfm_data.h\n'}
[209.805877] (nvblox) StdoutLine: {'line': b'-- Installing: /home/czz/nvblox_ws/install/nvblox/include/nvblox/datasets/image_loader.h\n'}
[209.805908] (nvblox) StdoutLine: {'line': b'-- Installing: /home/czz/nvblox_ws/install/nvblox/include/nvblox/datasets/lidarply_writer.h\n'}
[209.805939] (nvblox) StdoutLine: {'line': b'-- Installing: /home/czz/nvblox_ws/install/nvblox/include/nvblox/datasets/3dmatch.h\n'}
[209.805967] (nvblox) StdoutLine: {'line': b'-- Installing: /home/czz/nvblox_ws/install/nvblox/include/nvblox/datasets/impl\n'}
[209.806133] (nvblox) StdoutLine: {'line': b'-- Installing: /home/czz/nvblox_ws/install/nvblox/include/nvblox/datasets/impl/image_loader_impl.h\n'}
[209.806207] (nvblox) StdoutLine: {'line': b'-- Installing: /home/czz/nvblox_ws/install/nvblox/include/eigen3\n'}
[209.806240] (nvblox) StdoutLine: {'line': b'-- Installing: /home/czz/nvblox_ws/install/nvblox/include/eigen3/signature_of_eigen3_matrix_library\n'}
[209.806475] (nvblox) StdoutLine: {'line': b'-- Installing: /home/czz/nvblox_ws/install/nvblox/include/eigen3/Eigen\n'}
[209.806721] (nvblox) StdoutLine: {'line': b'-- Installing: /home/czz/nvblox_ws/install/nvblox/include/eigen3/Eigen/Jacobi\n'}
[209.806745] (nvblox) StdoutLine: {'line': b'-- Installing: /home/czz/nvblox_ws/install/nvblox/include/eigen3/Eigen/SparseCore\n'}
[209.806777] (nvblox) StdoutLine: {'line': b'-- Installing: /home/czz/nvblox_ws/install/nvblox/include/eigen3/Eigen/MetisSupport\n'}
[209.806933] (nvblox) StdoutLine: {'line': b'-- Installing: /home/czz/nvblox_ws/install/nvblox/include/eigen3/Eigen/UmfPackSupport\n'}
[209.807343] (nvblox) StdoutLine: {'line': b'-- Installing: /home/czz/nvblox_ws/install/nvblox/include/eigen3/Eigen/Eigenvalues\n'}
[209.807489] (nvblox) StdoutLine: {'line': b'-- Installing: /home/czz/nvblox_ws/install/nvblox/include/eigen3/Eigen/SparseLU\n'}
[209.807531] (nvblox) StdoutLine: {'line': b'-- Installing: /home/czz/nvblox_ws/install/nvblox/include/eigen3/Eigen/Dense\n'}
[209.807607] (nvblox) StdoutLine: {'line': b'-- Installing: /home/czz/nvblox_ws/install/nvblox/include/eigen3/Eigen/PardisoSupport\n'}
[209.807696] (nvblox) StdoutLine: {'line': b'-- Installing: /home/czz/nvblox_ws/install/nvblox/include/eigen3/Eigen/OrderingMethods\n'}
[209.807728] (nvblox) StdoutLine: {'line': b'-- Installing: /home/czz/nvblox_ws/install/nvblox/include/eigen3/Eigen/SparseCholesky\n'}
[209.807758] (nvblox) StdoutLine: {'line': b'-- Installing: /home/czz/nvblox_ws/install/nvblox/include/eigen3/Eigen/LU\n'}
[209.807792] (nvblox) StdoutLine: {'line': b'-- Installing: /home/czz/nvblox_ws/install/nvblox/include/eigen3/Eigen/QR\n'}
[209.807825] (nvblox) StdoutLine: {'line': b'-- Installing: /home/czz/nvblox_ws/install/nvblox/include/eigen3/Eigen/SparseQR\n'}
[209.807859] (nvblox) StdoutLine: {'line': b'-- Installing: /home/czz/nvblox_ws/install/nvblox/include/eigen3/Eigen/StdList\n'}
[209.808000] (nvblox) StdoutLine: {'line': b'-- Installing: /home/czz/nvblox_ws/install/nvblox/include/eigen3/Eigen/SuperLUSupport\n'}
[209.808093] (nvblox) StdoutLine: {'line': b'-- Installing: /home/czz/nvblox_ws/install/nvblox/include/eigen3/Eigen/CholmodSupport\n'}
[209.808204] (nvblox) StdoutLine: {'line': b'-- Installing: /home/czz/nvblox_ws/install/nvblox/include/eigen3/Eigen/Core\n'}
[209.808348] (nvblox) StdoutLine: {'line': b'-- Installing: /home/czz/nvblox_ws/install/nvblox/include/eigen3/Eigen/StdVector\n'}
[209.808441] (nvblox) StdoutLine: {'line': b'-- Installing: /home/czz/nvblox_ws/install/nvblox/include/eigen3/Eigen/KLUSupport\n'}
[209.808534] (nvblox) StdoutLine: {'line': b'-- Installing: /home/czz/nvblox_ws/install/nvblox/include/eigen3/Eigen/Eigen\n'}
[209.808567] (nvblox) StdoutLine: {'line': b'-- Installing: /home/czz/nvblox_ws/install/nvblox/include/eigen3/Eigen/Geometry\n'}
[209.808621] (nvblox) StdoutLine: {'line': b'-- Installing: /home/czz/nvblox_ws/install/nvblox/include/eigen3/Eigen/SVD\n'}
[209.808656] (nvblox) StdoutLine: {'line': b'-- Installing: /home/czz/nvblox_ws/install/nvblox/include/eigen3/Eigen/SPQRSupport\n'}
[209.808755] (nvblox) StdoutLine: {'line': b'-- Installing: /home/czz/nvblox_ws/install/nvblox/include/eigen3/Eigen/StdDeque\n'}
[209.808944] (nvblox) StdoutLine: {'line': b'-- Installing: /home/czz/nvblox_ws/install/nvblox/include/eigen3/Eigen/IterativeLinearSolvers\n'}
[209.808978] (nvblox) StdoutLine: {'line': b'-- Installing: /home/czz/nvblox_ws/install/nvblox/include/eigen3/Eigen/QtAlignedMalloc\n'}
[209.809109] (nvblox) StdoutLine: {'line': b'-- Installing: /home/czz/nvblox_ws/install/nvblox/include/eigen3/Eigen/Householder\n'}
[209.809245] (nvblox) StdoutLine: {'line': b'-- Installing: /home/czz/nvblox_ws/install/nvblox/include/eigen3/Eigen/Sparse\n'}
[209.809301] (nvblox) StdoutLine: {'line': b'-- Installing: /home/czz/nvblox_ws/install/nvblox/include/eigen3/Eigen/Cholesky\n'}
[209.809349] (nvblox) StdoutLine: {'line': b'-- Installing: /home/czz/nvblox_ws/install/nvblox/include/eigen3/Eigen/src\n'}
[209.809474] (nvblox) StdoutLine: {'line': b'-- Installing: /home/czz/nvblox_ws/install/nvblox/include/eigen3/Eigen/src/Jacobi\n'}
[209.809606] (nvblox) StdoutLine: {'line': b'-- Installing: /home/czz/nvblox_ws/install/nvblox/include/eigen3/Eigen/src/Jacobi/Jacobi.h\n'}
[209.809650] (nvblox) StdoutLine: {'line': b'-- Installing: /home/czz/nvblox_ws/install/nvblox/include/eigen3/Eigen/src/SparseCore\n'}
[209.809751] (nvblox) StdoutLine: {'line': b'-- Installing: /home/czz/nvblox_ws/install/nvblox/include/eigen3/Eigen/src/SparseCore/SparseCompressedBase.h\n'}
[209.809791] (nvblox) StdoutLine: {'line': b'-- Installing: /home/czz/nvblox_ws/install/nvblox/include/eigen3/Eigen/src/SparseCore/SparseSelfAdjointView.h\n'}
[209.809846] (nvblox) StdoutLine: {'line': b'-- Installing: /home/czz/nvblox_ws/install/nvblox/include/eigen3/Eigen/src/SparseCore/SparseTriangularView.h\n'}
[209.809913] (nvblox) StdoutLine: {'line': b'-- Installing: /home/czz/nvblox_ws/install/nvblox/include/eigen3/Eigen/src/SparseCore/SparseBlock.h\n'}
[209.809959] (nvblox) StdoutLine: {'line': b'-- Installing: /home/czz/nvblox_ws/install/nvblox/include/eigen3/Eigen/src/SparseCore/MappedSparseMatrix.h\n'}
[209.809993] (nvblox) StdoutLine: {'line': b'-- Installing: /home/czz/nvblox_ws/install/nvblox/include/eigen3/Eigen/src/SparseCore/SparseDot.h\n'}
[209.810030] (nvblox) StdoutLine: {'line': b'-- Installing: /home/czz/nvblox_ws/install/nvblox/include/eigen3/Eigen/src/SparseCore/SparseCwiseBinaryOp.h\n'}
[209.810075] (nvblox) StdoutLine: {'line': b'-- Installing: /home/czz/nvblox_ws/install/nvblox/include/eigen3/Eigen/src/SparseCore/SparseColEtree.h\n'}
[209.810113] (nvblox) StdoutLine: {'line': b'-- Installing: /home/czz/nvblox_ws/install/nvblox/include/eigen3/Eigen/src/SparseCore/CompressedStorage.h\n'}
[209.810155] (nvblox) StdoutLine: {'line': b'-- Installing: /home/czz/nvblox_ws/install/nvblox/include/eigen3/Eigen/src/SparseCore/SparseView.h\n'}
[209.810192] (nvblox) StdoutLine: {'line': b'-- Installing: /home/czz/nvblox_ws/install/nvblox/include/eigen3/Eigen/src/SparseCore/SparseCwiseUnaryOp.h\n'}
[209.810229] (nvblox) StdoutLine: {'line': b'-- Installing: /home/czz/nvblox_ws/install/nvblox/include/eigen3/Eigen/src/SparseCore/SparseRef.h\n'}
[209.810270] (nvblox) StdoutLine: {'line': b'-- Installing: /home/czz/nvblox_ws/install/nvblox/include/eigen3/Eigen/src/SparseCore/SparseSparseProductWithPruning.h\n'}
[209.810308] (nvblox) StdoutLine: {'line': b'-- Installing: /home/czz/nvblox_ws/install/nvblox/include/eigen3/Eigen/src/SparseCore/SparseTranspose.h\n'}
[209.810343] (nvblox) StdoutLine: {'line': b'-- Installing: /home/czz/nvblox_ws/install/nvblox/include/eigen3/Eigen/src/SparseCore/SparseAssign.h\n'}
[209.810381] (nvblox) StdoutLine: {'line': b'-- Installing: /home/czz/nvblox_ws/install/nvblox/include/eigen3/Eigen/src/SparseCore/SparseMatrix.h\n'}
[209.810441] (nvblox) StdoutLine: {'line': b'-- Installing: /home/czz/nvblox_ws/install/nvblox/include/eigen3/Eigen/src/SparseCore/AmbiVector.h\n'}
[209.810500] (nvblox) StdoutLine: {'line': b'-- Installing: /home/czz/nvblox_ws/install/nvblox/include/eigen3/Eigen/src/SparseCore/ConservativeSparseSparseProduct.h\n'}
[209.810536] (nvblox) StdoutLine: {'line': b'-- Installing: /home/czz/nvblox_ws/install/nvblox/include/eigen3/Eigen/src/SparseCore/SparseVector.h\n'}
[209.810574] (nvblox) StdoutLine: {'line': b'-- Installing: /home/czz/nvblox_ws/install/nvblox/include/eigen3/Eigen/src/SparseCore/SparseUtil.h\n'}
[209.810611] (nvblox) StdoutLine: {'line': b'-- Installing: /home/czz/nvblox_ws/install/nvblox/include/eigen3/Eigen/src/SparseCore/SparseDenseProduct.h\n'}
[209.810651] (nvblox) StdoutLine: {'line': b'-- Installing: /home/czz/nvblox_ws/install/nvblox/include/eigen3/Eigen/src/SparseCore/SparseDiagonalProduct.h\n'}
[209.810732] (nvblox) StdoutLine: {'line': b'-- Installing: /home/czz/nvblox_ws/install/nvblox/include/eigen3/Eigen/src/SparseCore/SparseProduct.h\n'}
[209.810766] (nvblox) StdoutLine: {'line': b'-- Installing: /home/czz/nvblox_ws/install/nvblox/include/eigen3/Eigen/src/SparseCore/TriangularSolver.h\n'}
[209.810799] (nvblox) StdoutLine: {'line': b'-- Installing: /home/czz/nvblox_ws/install/nvblox/include/eigen3/Eigen/src/SparseCore/SparseMatrixBase.h\n'}
[209.810830] (nvblox) StdoutLine: {'line': b'-- Installing: /home/czz/nvblox_ws/install/nvblox/include/eigen3/Eigen/src/SparseCore/SparseRedux.h\n'}
[209.810861] (nvblox) StdoutLine: {'line': b'-- Installing: /home/czz/nvblox_ws/install/nvblox/include/eigen3/Eigen/src/SparseCore/SparseFuzzy.h\n'}
[209.810893] (nvblox) StdoutLine: {'line': b'-- Installing: /home/czz/nvblox_ws/install/nvblox/include/eigen3/Eigen/src/SparseCore/SparseSolverBase.h\n'}
[209.810931] (nvblox) StdoutLine: {'line': b'-- Installing: /home/czz/nvblox_ws/install/nvblox/include/eigen3/Eigen/src/SparseCore/SparseMap.h\n'}
[209.810971] (nvblox) StdoutLine: {'line': b'-- Installing: /home/czz/nvblox_ws/install/nvblox/include/eigen3/Eigen/src/SparseCore/SparsePermutation.h\n'}
[209.811006] (nvblox) StdoutLine: {'line': b'-- Installing: /home/czz/nvblox_ws/install/nvblox/include/eigen3/Eigen/src/MetisSupport\n'}
[209.811115] (nvblox) StdoutLine: {'line': b'-- Installing: /home/czz/nvblox_ws/install/nvblox/include/eigen3/Eigen/src/MetisSupport/MetisSupport.h\n'}
[209.811291] (nvblox) StdoutLine: {'line': b'-- Installing: /home/czz/nvblox_ws/install/nvblox/include/eigen3/Eigen/src/UmfPackSupport\n'}
[209.811387] (nvblox) StdoutLine: {'line': b'-- Installing: /home/czz/nvblox_ws/install/nvblox/include/eigen3/Eigen/src/UmfPackSupport/UmfPackSupport.h\n'}
[209.811569] (nvblox) StdoutLine: {'line': b'-- Installing: /home/czz/nvblox_ws/install/nvblox/include/eigen3/Eigen/src/misc\n'}
[209.811679] (nvblox) StdoutLine: {'line': b'-- Installing: /home/czz/nvblox_ws/install/nvblox/include/eigen3/Eigen/src/misc/Kernel.h\n'}
[209.811761] (nvblox) StdoutLine: {'line': b'-- Installing: /home/czz/nvblox_ws/install/nvblox/include/eigen3/Eigen/src/misc/lapacke.h\n'}
[209.813402] (nvblox) StdoutLine: {'line': b'-- Installing: /home/czz/nvblox_ws/install/nvblox/include/eigen3/Eigen/src/misc/blas.h\n'}
[209.813638] (nvblox) StdoutLine: {'line': b'-- Installing: /home/czz/nvblox_ws/install/nvblox/include/eigen3/Eigen/src/misc/Image.h\n'}
[209.813837] (nvblox) StdoutLine: {'line': b'-- Installing: /home/czz/nvblox_ws/install/nvblox/include/eigen3/Eigen/src/misc/lapack.h\n'}
[209.813923] (nvblox) StdoutLine: {'line': b'-- Installing: /home/czz/nvblox_ws/install/nvblox/include/eigen3/Eigen/src/misc/lapacke_mangling.h\n'}
[209.814016] (nvblox) StdoutLine: {'line': b'-- Installing: /home/czz/nvblox_ws/install/nvblox/include/eigen3/Eigen/src/misc/RealSvd2x2.h\n'}
[209.814188] (nvblox) StdoutLine: {'line': b'-- Installing: /home/czz/nvblox_ws/install/nvblox/include/eigen3/Eigen/src/Eigenvalues\n'}
[209.814351] (nvblox) StdoutLine: {'line': b'-- Installing: /home/czz/nvblox_ws/install/nvblox/include/eigen3/Eigen/src/Eigenvalues/SelfAdjointEigenSolver.h\n'}
[209.814398] (nvblox) StdoutLine: {'line': b'-- Installing: /home/czz/nvblox_ws/install/nvblox/include/eigen3/Eigen/src/Eigenvalues/EigenSolver.h\n'}
[209.814437] (nvblox) StdoutLine: {'line': b'-- Installing: /home/czz/nvblox_ws/install/nvblox/include/eigen3/Eigen/src/Eigenvalues/GeneralizedSelfAdjointEigenSolver.h\n'}
[209.814471] (nvblox) StdoutLine: {'line': b'-- Installing: /home/czz/nvblox_ws/install/nvblox/include/eigen3/Eigen/src/Eigenvalues/HessenbergDecomposition.h\n'}
[209.814641] (nvblox) StdoutLine: {'line': b'-- Installing: /home/czz/nvblox_ws/install/nvblox/include/eigen3/Eigen/src/Eigenvalues/MatrixBaseEigenvalues.h\n'}
[209.814776] (nvblox) StdoutLine: {'line': b'-- Installing: /home/czz/nvblox_ws/install/nvblox/include/eigen3/Eigen/src/Eigenvalues/RealQZ.h\n'}
[209.814814] (nvblox) StdoutLine: {'line': b'-- Installing: /home/czz/nvblox_ws/install/nvblox/include/eigen3/Eigen/src/Eigenvalues/ComplexSchur_LAPACKE.h\n'}
[209.815005] (nvblox) StdoutLine: {'line': b'-- Installing: /home/czz/nvblox_ws/install/nvblox/include/eigen3/Eigen/src/Eigenvalues/RealSchur_LAPACKE.h\n'}
[209.815075] (nvblox) StdoutLine: {'line': b'-- Installing: /home/czz/nvblox_ws/install/nvblox/include/eigen3/Eigen/src/Eigenvalues/ComplexSchur.h\n'}
[209.815112] (nvblox) StdoutLine: {'line': b'-- Installing: /home/czz/nvblox_ws/install/nvblox/include/eigen3/Eigen/src/Eigenvalues/RealSchur.h\n'}
[209.815153] (nvblox) StdoutLine: {'line': b'-- Installing: /home/czz/nvblox_ws/install/nvblox/include/eigen3/Eigen/src/Eigenvalues/SelfAdjointEigenSolver_LAPACKE.h\n'}
[209.815292] (nvblox) StdoutLine: {'line': b'-- Installing: /home/czz/nvblox_ws/install/nvblox/include/eigen3/Eigen/src/Eigenvalues/ComplexEigenSolver.h\n'}
[209.815331] (nvblox) StdoutLine: {'line': b'-- Installing: /home/czz/nvblox_ws/install/nvblox/include/eigen3/Eigen/src/Eigenvalues/GeneralizedEigenSolver.h\n'}
[209.815549] (nvblox) StdoutLine: {'line': b'-- Installing: /home/czz/nvblox_ws/install/nvblox/include/eigen3/Eigen/src/Eigenvalues/Tridiagonalization.h\n'}
[209.815668] (nvblox) StdoutLine: {'line': b'-- Installing: /home/czz/nvblox_ws/install/nvblox/include/eigen3/Eigen/src/SparseLU\n'}
[209.815763] (nvblox) StdoutLine: {'line': b'-- Installing: /home/czz/nvblox_ws/install/nvblox/include/eigen3/Eigen/src/SparseLU/SparseLU_column_dfs.h\n'}
[209.815804] (nvblox) StdoutLine: {'line': b'-- Installing: /home/czz/nvblox_ws/install/nvblox/include/eigen3/Eigen/src/SparseLU/SparseLU_Memory.h\n'}
[209.815839] (nvblox) StdoutLine: {'line': b'-- Installing: /home/czz/nvblox_ws/install/nvblox/include/eigen3/Eigen/src/SparseLU/SparseLU_SupernodalMatrix.h\n'}
[209.815875] (nvblox) StdoutLine: {'line': b'-- Installing: /home/czz/nvblox_ws/install/nvblox/include/eigen3/Eigen/src/SparseLU/SparseLU_pruneL.h\n'}
[209.815905] (nvblox) StdoutLine: {'line': b'-- Installing: /home/czz/nvblox_ws/install/nvblox/include/eigen3/Eigen/src/SparseLU/SparseLU_heap_relax_snode.h\n'}
[209.815943] (nvblox) StdoutLine: {'line': b'-- Installing: /home/czz/nvblox_ws/install/nvblox/include/eigen3/Eigen/src/SparseLU/SparseLU_Utils.h\n'}
[209.815974] (nvblox) StdoutLine: {'line': b'-- Installing: /home/czz/nvblox_ws/install/nvblox/include/eigen3/Eigen/src/SparseLU/SparseLU_pivotL.h\n'}
[209.816005] (nvblox) StdoutLine: {'line': b'-- Installing: /home/czz/nvblox_ws/install/nvblox/include/eigen3/Eigen/src/SparseLU/SparseLU.h\n'}
[209.816042] (nvblox) StdoutLine: {'line': b'-- Installing: /home/czz/nvblox_ws/install/nvblox/include/eigen3/Eigen/src/SparseLU/SparseLU_panel_dfs.h\n'}
[209.816075] (nvblox) StdoutLine: {'line': b'-- Installing: /home/czz/nvblox_ws/install/nvblox/include/eigen3/Eigen/src/SparseLU/SparseLU_gemm_kernel.h\n'}
[209.816112] (nvblox) StdoutLine: {'line': b'-- Installing: /home/czz/nvblox_ws/install/nvblox/include/eigen3/Eigen/src/SparseLU/SparseLU_column_bmod.h\n'}
[209.816154] (nvblox) StdoutLine: {'line': b'-- Installing: /home/czz/nvblox_ws/install/nvblox/include/eigen3/Eigen/src/SparseLU/SparseLU_panel_bmod.h\n'}
[209.816194] (nvblox) StdoutLine: {'line': b'-- Installing: /home/czz/nvblox_ws/install/nvblox/include/eigen3/Eigen/src/SparseLU/SparseLUImpl.h\n'}
[209.816229] (nvblox) StdoutLine: {'line': b'-- Installing: /home/czz/nvblox_ws/install/nvblox/include/eigen3/Eigen/src/SparseLU/SparseLU_Structs.h\n'}
[209.816267] (nvblox) StdoutLine: {'line': b'-- Installing: /home/czz/nvblox_ws/install/nvblox/include/eigen3/Eigen/src/SparseLU/SparseLU_copy_to_ucol.h\n'}
[209.816306] (nvblox) StdoutLine: {'line': b'-- Installing: /home/czz/nvblox_ws/install/nvblox/include/eigen3/Eigen/src/SparseLU/SparseLU_relax_snode.h\n'}
[209.816345] (nvblox) StdoutLine: {'line': b'-- Installing: /home/czz/nvblox_ws/install/nvblox/include/eigen3/Eigen/src/SparseLU/SparseLU_kernel_bmod.h\n'}
[209.816384] (nvblox) StdoutLine: {'line': b'-- Installing: /home/czz/nvblox_ws/install/nvblox/include/eigen3/Eigen/src/PardisoSupport\n'}
[209.816426] (nvblox) StdoutLine: {'line': b'-- Installing: /home/czz/nvblox_ws/install/nvblox/include/eigen3/Eigen/src/PardisoSupport/PardisoSupport.h\n'}
[209.816630] (nvblox) StdoutLine: {'line': b'-- Installing: /home/czz/nvblox_ws/install/nvblox/include/eigen3/Eigen/src/OrderingMethods\n'}
[209.816714] (nvblox) StdoutLine: {'line': b'-- Installing: /home/czz/nvblox_ws/install/nvblox/include/eigen3/Eigen/src/OrderingMethods/Eigen_Colamd.h\n'}
[209.816768] (nvblox) StdoutLine: {'line': b'-- Installing: /home/czz/nvblox_ws/install/nvblox/include/eigen3/Eigen/src/OrderingMethods/Ordering.h\n'}
[209.816806] (nvblox) StdoutLine: {'line': b'-- Installing: /home/czz/nvblox_ws/install/nvblox/include/eigen3/Eigen/src/OrderingMethods/Amd.h\n'}
[209.816845] (nvblox) StdoutLine: {'line': b'-- Installing: /home/czz/nvblox_ws/install/nvblox/include/eigen3/Eigen/src/SparseCholesky\n'}
[209.816917] (nvblox) StdoutLine: {'line': b'-- Installing: /home/czz/nvblox_ws/install/nvblox/include/eigen3/Eigen/src/SparseCholesky/SimplicialCholesky.h\n'}
[209.816955] (nvblox) StdoutLine: {'line': b'-- Installing: /home/czz/nvblox_ws/install/nvblox/include/eigen3/Eigen/src/SparseCholesky/SimplicialCholesky_impl.h\n'}
[209.816992] (nvblox) StdoutLine: {'line': b'-- Installing: /home/czz/nvblox_ws/install/nvblox/include/eigen3/Eigen/src/LU\n'}
[209.817072] (nvblox) StdoutLine: {'line': b'-- Installing: /home/czz/nvblox_ws/install/nvblox/include/eigen3/Eigen/src/LU/Determinant.h\n'}
[209.817108] (nvblox) StdoutLine: {'line': b'-- Installing: /home/czz/nvblox_ws/install/nvblox/include/eigen3/Eigen/src/LU/FullPivLU.h\n'}
[209.817147] (nvblox) StdoutLine: {'line': b'-- Installing: /home/czz/nvblox_ws/install/nvblox/include/eigen3/Eigen/src/LU/PartialPivLU_LAPACKE.h\n'}
[209.817299] (nvblox) StdoutLine: {'line': b'-- Installing: /home/czz/nvblox_ws/install/nvblox/include/eigen3/Eigen/src/LU/InverseImpl.h\n'}
[209.817334] (nvblox) StdoutLine: {'line': b'-- Installing: /home/czz/nvblox_ws/install/nvblox/include/eigen3/Eigen/src/LU/arch\n'}
[209.817419] (nvblox) StdoutLine: {'line': b'-- Installing: /home/czz/nvblox_ws/install/nvblox/include/eigen3/Eigen/src/LU/arch/InverseSize4.h\n'}
[209.817595] (nvblox) StdoutLine: {'line': b'-- Installing: /home/czz/nvblox_ws/install/nvblox/include/eigen3/Eigen/src/LU/PartialPivLU.h\n'}
[209.817631] (nvblox) StdoutLine: {'line': b'-- Installing: /home/czz/nvblox_ws/install/nvblox/include/eigen3/Eigen/src/QR\n'}
[209.817716] (nvblox) StdoutLine: {'line': b'-- Installing: /home/czz/nvblox_ws/install/nvblox/include/eigen3/Eigen/src/QR/ColPivHouseholderQR_LAPACKE.h\n'}
[209.817881] (nvblox) StdoutLine: {'line': b'-- Installing: /home/czz/nvblox_ws/install/nvblox/include/eigen3/Eigen/src/QR/HouseholderQR_LAPACKE.h\n'}
[209.817971] (nvblox) StdoutLine: {'line': b'-- Installing: /home/czz/nvblox_ws/install/nvblox/include/eigen3/Eigen/src/QR/HouseholderQR.h\n'}
[209.818005] (nvblox) StdoutLine: {'line': b'-- Installing: /home/czz/nvblox_ws/install/nvblox/include/eigen3/Eigen/src/QR/FullPivHouseholderQR.h\n'}
[209.818043] (nvblox) StdoutLine: {'line': b'-- Installing: /home/czz/nvblox_ws/install/nvblox/include/eigen3/Eigen/src/QR/CompleteOrthogonalDecomposition.h\n'}
[209.818215] (nvblox) StdoutLine: {'line': b'-- Installing: /home/czz/nvblox_ws/install/nvblox/include/eigen3/Eigen/src/QR/ColPivHouseholderQR.h\n'}
[209.818255] (nvblox) StdoutLine: {'line': b'-- Installing: /home/czz/nvblox_ws/install/nvblox/include/eigen3/Eigen/src/SparseQR\n'}
[209.818340] (nvblox) StdoutLine: {'line': b'-- Installing: /home/czz/nvblox_ws/install/nvblox/include/eigen3/Eigen/src/SparseQR/SparseQR.h\n'}
[209.818380] (nvblox) StdoutLine: {'line': b'-- Installing: /home/czz/nvblox_ws/install/nvblox/include/eigen3/Eigen/src/plugins\n'}
[209.818470] (nvblox) StdoutLine: {'line': b'-- Installing: /home/czz/nvblox_ws/install/nvblox/include/eigen3/Eigen/src/plugins/ArrayCwiseUnaryOps.h\n'}
[209.818508] (nvblox) StdoutLine: {'line': b'-- Installing: /home/czz/nvblox_ws/install/nvblox/include/eigen3/Eigen/src/plugins/MatrixCwiseUnaryOps.h\n'}
[209.818664] (nvblox) StdoutLine: {'line': b'-- Installing: /home/czz/nvblox_ws/install/nvblox/include/eigen3/Eigen/src/plugins/MatrixCwiseBinaryOps.h\n'}
[209.818798] (nvblox) StdoutLine: {'line': b'-- Installing: /home/czz/nvblox_ws/install/nvblox/include/eigen3/Eigen/src/plugins/ArrayCwiseBinaryOps.h\n'}
[209.818833] (nvblox) StdoutLine: {'line': b'-- Installing: /home/czz/nvblox_ws/install/nvblox/include/eigen3/Eigen/src/plugins/CommonCwiseBinaryOps.h\n'}
[209.818865] (nvblox) StdoutLine: {'line': b'-- Installing: /home/czz/nvblox_ws/install/nvblox/include/eigen3/Eigen/src/plugins/ReshapedMethods.h\n'}
[209.818954] (nvblox) StdoutLine: {'line': b'-- Installing: /home/czz/nvblox_ws/install/nvblox/include/eigen3/Eigen/src/plugins/BlockMethods.h\n'}
[209.819326] (nvblox) StdoutLine: {'line': b'-- Installing: /home/czz/nvblox_ws/install/nvblox/include/eigen3/Eigen/src/plugins/IndexedViewMethods.h\n'}
[209.819395] (nvblox) StdoutLine: {'line': b'-- Installing: /home/czz/nvblox_ws/install/nvblox/include/eigen3/Eigen/src/plugins/CommonCwiseUnaryOps.h\n'}
[209.819438] (nvblox) StdoutLine: {'line': b'-- Installing: /home/czz/nvblox_ws/install/nvblox/include/eigen3/Eigen/src/SuperLUSupport\n'}
[209.819515] (nvblox) StdoutLine: {'line': b'-- Installing: /home/czz/nvblox_ws/install/nvblox/include/eigen3/Eigen/src/SuperLUSupport/SuperLUSupport.h\n'}
[209.819820] (nvblox) StdoutLine: {'line': b'-- Installing: /home/czz/nvblox_ws/install/nvblox/include/eigen3/Eigen/src/CholmodSupport\n'}
[209.819910] (nvblox) StdoutLine: {'line': b'-- Installing: /home/czz/nvblox_ws/install/nvblox/include/eigen3/Eigen/src/CholmodSupport/CholmodSupport.h\n'}
[209.820114] (nvblox) StdoutLine: {'line': b'-- Installing: /home/czz/nvblox_ws/install/nvblox/include/eigen3/Eigen/src/Core\n'}
[209.820219] (nvblox) StdoutLine: {'line': b'-- Installing: /home/czz/nvblox_ws/install/nvblox/include/eigen3/Eigen/src/Core/Assign.h\n'}
[209.820262] (nvblox) StdoutLine: {'line': b'-- Installing: /home/czz/nvblox_ws/install/nvblox/include/eigen3/Eigen/src/Core/DenseStorage.h\n'}
[209.820299] (nvblox) StdoutLine: {'line': b'-- Installing: /home/czz/nvblox_ws/install/nvblox/include/eigen3/Eigen/src/Core/BandMatrix.h\n'}
[209.820336] (nvblox) StdoutLine: {'line': b'-- Installing: /home/czz/nvblox_ws/install/nvblox/include/eigen3/Eigen/src/Core/ForceAlignedAccess.h\n'}
[209.820507] (nvblox) StdoutLine: {'line': b'-- Installing: /home/czz/nvblox_ws/install/nvblox/include/eigen3/Eigen/src/Core/SelfCwiseBinaryOp.h\n'}
[209.820601] (nvblox) StdoutLine: {'line': b'-- Installing: /home/czz/nvblox_ws/install/nvblox/include/eigen3/Eigen/src/Core/ReturnByValue.h\n'}
[209.820788] (nvblox) StdoutLine: {'line': b'-- Installing: /home/czz/nvblox_ws/install/nvblox/include/eigen3/Eigen/src/Core/products\n'}
[209.820864] (nvblox) StdoutLine: {'line': b'-- Installing: /home/czz/nvblox_ws/install/nvblox/include/eigen3/Eigen/src/Core/products/SelfadjointMatrixVector.h\n'}
[209.820906] (nvblox) StdoutLine: {'line': b'-- Installing: /home/czz/nvblox_ws/install/nvblox/include/eigen3/Eigen/src/Core/products/GeneralMatrixVector_BLAS.h\n'}
[209.821044] (nvblox) StdoutLine: {'line': b'-- Installing: /home/czz/nvblox_ws/install/nvblox/include/eigen3/Eigen/src/Core/products/SelfadjointMatrixVector_BLAS.h\n'}
[209.821186] (nvblox) StdoutLine: {'line': b'-- Installing: /home/czz/nvblox_ws/install/nvblox/include/eigen3/Eigen/src/Core/products/GeneralBlockPanelKernel.h\n'}
[209.821261] (nvblox) StdoutLine: {'line': b'-- Installing: /home/czz/nvblox_ws/install/nvblox/include/eigen3/Eigen/src/Core/products/TriangularSolverMatrix_BLAS.h\n'}
[209.821436] (nvblox) StdoutLine: {'line': b'-- Installing: /home/czz/nvblox_ws/install/nvblox/include/eigen3/Eigen/src/Core/products/SelfadjointMatrixMatrix.h\n'}
[209.821483] (nvblox) StdoutLine: {'line': b'-- Installing: /home/czz/nvblox_ws/install/nvblox/include/eigen3/Eigen/src/Core/products/Parallelizer.h\n'}
[209.821619] (nvblox) StdoutLine: {'line': b'-- Installing: /home/czz/nvblox_ws/install/nvblox/include/eigen3/Eigen/src/Core/products/SelfadjointMatrixMatrix_BLAS.h\n'}
[209.821768] (nvblox) StdoutLine: {'line': b'-- Installing: /home/czz/nvblox_ws/install/nvblox/include/eigen3/Eigen/src/Core/products/SelfadjointProduct.h\n'}
[209.821806] (nvblox) StdoutLine: {'line': b'-- Installing: /home/czz/nvblox_ws/install/nvblox/include/eigen3/Eigen/src/Core/products/GeneralMatrixMatrix.h\n'}
[209.821840] (nvblox) StdoutLine: {'line': b'-- Installing: /home/czz/nvblox_ws/install/nvblox/include/eigen3/Eigen/src/Core/products/GeneralMatrixMatrixTriangular_BLAS.h\n'}
[209.822008] (nvblox) StdoutLine: {'line': b'-- Installing: /home/czz/nvblox_ws/install/nvblox/include/eigen3/Eigen/src/Core/products/TriangularMatrixMatrix.h\n'}
[209.822046] (nvblox) StdoutLine: {'line': b'-- Installing: /home/czz/nvblox_ws/install/nvblox/include/eigen3/Eigen/src/Core/products/GeneralMatrixMatrix_BLAS.h\n'}
[209.822237] (nvblox) StdoutLine: {'line': b'-- Installing: /home/czz/nvblox_ws/install/nvblox/include/eigen3/Eigen/src/Core/products/TriangularMatrixVector_BLAS.h\n'}
[209.822428] (nvblox) StdoutLine: {'line': b'-- Installing: /home/czz/nvblox_ws/install/nvblox/include/eigen3/Eigen/src/Core/products/GeneralMatrixVector.h\n'}
[209.822473] (nvblox) StdoutLine: {'line': b'-- Installing: /home/czz/nvblox_ws/install/nvblox/include/eigen3/Eigen/src/Core/products/TriangularSolverVector.h\n'}
[209.822509] (nvblox) StdoutLine: {'line': b'-- Installing: /home/czz/nvblox_ws/install/nvblox/include/eigen3/Eigen/src/Core/products/TriangularSolverMatrix.h\n'}
[209.822547] (nvblox) StdoutLine: {'line': b'-- Installing: /home/czz/nvblox_ws/install/nvblox/include/eigen3/Eigen/src/Core/products/TriangularMatrixVector.h\n'}
[209.822583] (nvblox) StdoutLine: {'line': b'-- Installing: /home/czz/nvblox_ws/install/nvblox/include/eigen3/Eigen/src/Core/products/GeneralMatrixMatrixTriangular.h\n'}
[209.822620] (nvblox) StdoutLine: {'line': b'-- Installing: /home/czz/nvblox_ws/install/nvblox/include/eigen3/Eigen/src/Core/products/TriangularMatrixMatrix_BLAS.h\n'}
[209.822844] (nvblox) StdoutLine: {'line': b'-- Installing: /home/czz/nvblox_ws/install/nvblox/include/eigen3/Eigen/src/Core/products/SelfadjointRank2Update.h\n'}
[209.822869] (nvblox) StdoutLine: {'line': b'-- Installing: /home/czz/nvblox_ws/install/nvblox/include/eigen3/Eigen/src/Core/DenseBase.h\n'}
[209.822908] (nvblox) StdoutLine: {'line': b'-- Installing: /home/czz/nvblox_ws/install/nvblox/include/eigen3/Eigen/src/Core/Diagonal.h\n'}
[209.823067] (nvblox) StdoutLine: {'line': b'-- Installing: /home/czz/nvblox_ws/install/nvblox/include/eigen3/Eigen/src/Core/SolverBase.h\n'}
[209.823210] (nvblox) StdoutLine: {'line': b'-- Installing: /home/czz/nvblox_ws/install/nvblox/include/eigen3/Eigen/src/Core/ArithmeticSequence.h\n'}
[209.823471] (nvblox) StdoutLine: {'line': b'-- Installing: /home/czz/nvblox_ws/install/nvblox/include/eigen3/Eigen/src/Core/VectorBlock.h\n'}
[209.823511] (nvblox) StdoutLine: {'line': b'-- Installing: /home/czz/nvblox_ws/install/nvblox/include/eigen3/Eigen/src/Core/PlainObjectBase.h\n'}
[209.823556] (nvblox) StdoutLine: {'line': b'-- Installing: /home/czz/nvblox_ws/install/nvblox/include/eigen3/Eigen/src/Core/ArrayWrapper.h\n'}
[209.823591] (nvblox) StdoutLine: {'line': b'-- Installing: /home/czz/nvblox_ws/install/nvblox/include/eigen3/Eigen/src/Core/SelfAdjointView.h\n'}
[209.823817] (nvblox) StdoutLine: {'line': b'-- Installing: /home/czz/nvblox_ws/install/nvblox/include/eigen3/Eigen/src/Core/Product.h\n'}
[209.823854] (nvblox) StdoutLine: {'line': b'-- Installing: /home/czz/nvblox_ws/install/nvblox/include/eigen3/Eigen/src/Core/EigenBase.h\n'}
[209.823891] (nvblox) StdoutLine: {'line': b'-- Installing: /home/czz/nvblox_ws/install/nvblox/include/eigen3/Eigen/src/Core/DenseCoeffsBase.h\n'}
[209.823927] (nvblox) StdoutLine: {'line': b'-- Installing: /home/czz/nvblox_ws/install/nvblox/include/eigen3/Eigen/src/Core/Matrix.h\n'}
[209.823964] (nvblox) StdoutLine: {'line': b'-- Installing: /home/czz/nvblox_ws/install/nvblox/include/eigen3/Eigen/src/Core/Array.h\n'}
[209.824158] (nvblox) StdoutLine: {'line': b'-- Installing: /home/czz/nvblox_ws/install/nvblox/include/eigen3/Eigen/src/Core/Assign_MKL.h\n'}
[209.824355] (nvblox) StdoutLine: {'line': b'-- Installing: /home/czz/nvblox_ws/install/nvblox/include/eigen3/Eigen/src/Core/TriangularMatrix.h\n'}
[209.824399] (nvblox) StdoutLine: {'line': b'-- Installing: /home/czz/nvblox_ws/install/nvblox/include/eigen3/Eigen/src/Core/Ref.h\n'}
[209.824563] (nvblox) StdoutLine: {'line': b'-- Installing: /home/czz/nvblox_ws/install/nvblox/include/eigen3/Eigen/src/Core/functors\n'}
[209.824725] (nvblox) StdoutLine: {'line': b'-- Installing: /home/czz/nvblox_ws/install/nvblox/include/eigen3/Eigen/src/Core/functors/AssignmentFunctors.h\n'}
[209.824761] (nvblox) StdoutLine: {'line': b'-- Installing: /home/czz/nvblox_ws/install/nvblox/include/eigen3/Eigen/src/Core/functors/StlFunctors.h\n'}
[209.824798] (nvblox) StdoutLine: {'line': b'-- Installing: /home/czz/nvblox_ws/install/nvblox/include/eigen3/Eigen/src/Core/functors/TernaryFunctors.h\n'}
[209.824835] (nvblox) StdoutLine: {'line': b'-- Installing: /home/czz/nvblox_ws/install/nvblox/include/eigen3/Eigen/src/Core/functors/NullaryFunctors.h\n'}
[209.824873] (nvblox) StdoutLine: {'line': b'-- Installing: /home/czz/nvblox_ws/install/nvblox/include/eigen3/Eigen/src/Core/functors/UnaryFunctors.h\n'}
[209.824909] (nvblox) StdoutLine: {'line': b'-- Installing: /home/czz/nvblox_ws/install/nvblox/include/eigen3/Eigen/src/Core/functors/BinaryFunctors.h\n'}
[209.824948] (nvblox) StdoutLine: {'line': b'-- Installing: /home/czz/nvblox_ws/install/nvblox/include/eigen3/Eigen/src/Core/CwiseUnaryOp.h\n'}
[209.824985] (nvblox) StdoutLine: {'line': b'-- Installing: /home/czz/nvblox_ws/install/nvblox/include/eigen3/Eigen/src/Core/BooleanRedux.h\n'}
[209.825023] (nvblox) StdoutLine: {'line': b'-- Installing: /home/czz/nvblox_ws/install/nvblox/include/eigen3/Eigen/src/Core/Transpose.h\n'}
[209.825055] (nvblox) StdoutLine: {'line': b'-- Installing: /home/czz/nvblox_ws/install/nvblox/include/eigen3/Eigen/src/Core/Random.h\n'}
[209.825093] (nvblox) StdoutLine: {'line': b'-- Installing: /home/czz/nvblox_ws/install/nvblox/include/eigen3/Eigen/src/Core/CoreIterators.h\n'}
[209.825126] (nvblox) StdoutLine: {'line': b'-- Installing: /home/czz/nvblox_ws/install/nvblox/include/eigen3/Eigen/src/Core/CommaInitializer.h\n'}
[209.825290] (nvblox) StdoutLine: {'line': b'-- Installing: /home/czz/nvblox_ws/install/nvblox/include/eigen3/Eigen/src/Core/Redux.h\n'}
[209.825369] (nvblox) StdoutLine: {'line': b'-- Installing: /home/czz/nvblox_ws/install/nvblox/include/eigen3/Eigen/src/Core/Solve.h\n'}
[209.825431] (nvblox) StdoutLine: {'line': b'-- Installing: /home/czz/nvblox_ws/install/nvblox/include/eigen3/Eigen/src/Core/PermutationMatrix.h\n'}
[209.825479] (nvblox) StdoutLine: {'line': b'-- Installing: /home/czz/nvblox_ws/install/nvblox/include/eigen3/Eigen/src/Core/MathFunctionsImpl.h\n'}
[209.825503] (nvblox) StdoutLine: {'line': b'-- Installing: /home/czz/nvblox_ws/install/nvblox/include/eigen3/Eigen/src/Core/Map.h\n'}
[209.825623] (nvblox) StdoutLine: {'line': b'-- Installing: /home/czz/nvblox_ws/install/nvblox/include/eigen3/Eigen/src/Core/MatrixBase.h\n'}
[209.825785] (nvblox) StdoutLine: {'line': b'-- Installing: /home/czz/nvblox_ws/install/nvblox/include/eigen3/Eigen/src/Core/NumTraits.h\n'}
[209.825821] (nvblox) StdoutLine: {'line': b'-- Installing: /home/czz/nvblox_ws/install/nvblox/include/eigen3/Eigen/src/Core/IndexedView.h\n'}
[209.826084] (nvblox) StdoutLine: {'line': b'-- Installing: /home/czz/nvblox_ws/install/nvblox/include/eigen3/Eigen/src/Core/Stride.h\n'}
[209.826228] (nvblox) StdoutLine: {'line': b'-- Installing: /home/czz/nvblox_ws/install/nvblox/include/eigen3/Eigen/src/Core/util\n'}
[209.826392] (nvblox) StdoutLine: {'line': b'-- Installing: /home/czz/nvblox_ws/install/nvblox/include/eigen3/Eigen/src/Core/util/ReshapedHelper.h\n'}
[209.826486] (nvblox) StdoutLine: {'line': b'-- Installing: /home/czz/nvblox_ws/install/nvblox/include/eigen3/Eigen/src/Core/util/BlasUtil.h\n'}
[209.826526] (nvblox) StdoutLine: {'line': b'-- Installing: /home/czz/nvblox_ws/install/nvblox/include/eigen3/Eigen/src/Core/util/ReenableStupidWarnings.h\n'}
[209.826560] (nvblox) StdoutLine: {'line': b'-- Installing: /home/czz/nvblox_ws/install/nvblox/include/eigen3/Eigen/src/Core/util/ForwardDeclarations.h\n'}
[209.826599] (nvblox) StdoutLine: {'line': b'-- Installing: /home/czz/nvblox_ws/install/nvblox/include/eigen3/Eigen/src/Core/util/Memory.h\n'}
[209.826654] (nvblox) StdoutLine: {'line': b'-- Installing: /home/czz/nvblox_ws/install/nvblox/include/eigen3/Eigen/src/Core/util/ConfigureVectorization.h\n'}
[209.826850] (nvblox) StdoutLine: {'line': b'-- Installing: /home/czz/nvblox_ws/install/nvblox/include/eigen3/Eigen/src/Core/util/Meta.h\n'}
[209.827024] (nvblox) StdoutLine: {'line': b'-- Installing: /home/czz/nvblox_ws/install/nvblox/include/eigen3/Eigen/src/Core/util/Constants.h\n'}
[209.827224] (nvblox) StdoutLine: {'line': b'-- Installing: /home/czz/nvblox_ws/install/nvblox/include/eigen3/Eigen/src/Core/util/IndexedViewHelper.h\n'}
[209.827395] (nvblox) StdoutLine: {'line': b'-- Installing: /home/czz/nvblox_ws/install/nvblox/include/eigen3/Eigen/src/Core/util/NonMPL2.h\n'}
[209.827482] (nvblox) StdoutLine: {'line': b'-- Installing: /home/czz/nvblox_ws/install/nvblox/include/eigen3/Eigen/src/Core/util/XprHelper.h\n'}
[209.827805] (nvblox) StdoutLine: {'line': b'-- Installing: /home/czz/nvblox_ws/install/nvblox/include/eigen3/Eigen/src/Core/util/MKL_support.h\n'}
[209.827896] (nvblox) StdoutLine: {'line': b'-- Installing: /home/czz/nvblox_ws/install/nvblox/include/eigen3/Eigen/src/Core/util/IntegralConstant.h\n'}
[209.827933] (nvblox) StdoutLine: {'line': b'-- Installing: /home/czz/nvblox_ws/install/nvblox/include/eigen3/Eigen/src/Core/util/SymbolicIndex.h\n'}
[209.827967] (nvblox) StdoutLine: {'line': b'-- Installing: /home/czz/nvblox_ws/install/nvblox/include/eigen3/Eigen/src/Core/util/StaticAssert.h\n'}
[209.828206] (nvblox) StdoutLine: {'line': b'-- Installing: /home/czz/nvblox_ws/install/nvblox/include/eigen3/Eigen/src/Core/util/DisableStupidWarnings.h\n'}
[209.828238] (nvblox) StdoutLine: {'line': b'-- Installing: /home/czz/nvblox_ws/install/nvblox/include/eigen3/Eigen/src/Core/util/Macros.h\n'}
[209.828425] (nvblox) StdoutLine: {'line': b'-- Installing: /home/czz/nvblox_ws/install/nvblox/include/eigen3/Eigen/src/Core/PartialReduxEvaluator.h\n'}
[209.828462] (nvblox) StdoutLine: {'line': b'-- Installing: /home/czz/nvblox_ws/install/nvblox/include/eigen3/Eigen/src/Core/IO.h\n'}
[209.828496] (nvblox) StdoutLine: {'line': b'-- Installing: /home/czz/nvblox_ws/install/nvblox/include/eigen3/Eigen/src/Core/arch\n'}
[209.828655] (nvblox) StdoutLine: {'line': b'-- Installing: /home/czz/nvblox_ws/install/nvblox/include/eigen3/Eigen/src/Core/arch/Default\n'}
[209.828743] (nvblox) StdoutLine: {'line': b'-- Installing: /home/czz/nvblox_ws/install/nvblox/include/eigen3/Eigen/src/Core/arch/Default/Half.h\n'}
[209.828790] (nvblox) StdoutLine: {'line': b'-- Installing: /home/czz/nvblox_ws/install/nvblox/include/eigen3/Eigen/src/Core/arch/Default/BFloat16.h\n'}
[209.828837] (nvblox) StdoutLine: {'line': b'-- Installing: /home/czz/nvblox_ws/install/nvblox/include/eigen3/Eigen/src/Core/arch/Default/Settings.h\n'}
[209.828914] (nvblox) StdoutLine: {'line': b'-- Installing: /home/czz/nvblox_ws/install/nvblox/include/eigen3/Eigen/src/Core/arch/Default/ConjHelper.h\n'}
[209.828947] (nvblox) StdoutLine: {'line': b'-- Installing: /home/czz/nvblox_ws/install/nvblox/include/eigen3/Eigen/src/Core/arch/Default/GenericPacketMathFunctionsFwd.h\n'}
[209.828979] (nvblox) StdoutLine: {'line': b'-- Installing: /home/czz/nvblox_ws/install/nvblox/include/eigen3/Eigen/src/Core/arch/Default/GenericPacketMathFunctions.h\n'}
[209.829165] (nvblox) StdoutLine: {'line': b'-- Installing: /home/czz/nvblox_ws/install/nvblox/include/eigen3/Eigen/src/Core/arch/Default/TypeCasting.h\n'}
[209.829257] (nvblox) StdoutLine: {'line': b'-- Installing: /home/czz/nvblox_ws/install/nvblox/include/eigen3/Eigen/src/Core/arch/SVE\n'}
[209.829345] (nvblox) StdoutLine: {'line': b'-- Installing: /home/czz/nvblox_ws/install/nvblox/include/eigen3/Eigen/src/Core/arch/SVE/PacketMath.h\n'}
[209.829536] (nvblox) StdoutLine: {'line': b'-- Installing: /home/czz/nvblox_ws/install/nvblox/include/eigen3/Eigen/src/Core/arch/SVE/MathFunctions.h\n'}
[209.829678] (nvblox) StdoutLine: {'line': b'-- Installing: /home/czz/nvblox_ws/install/nvblox/include/eigen3/Eigen/src/Core/arch/SVE/TypeCasting.h\n'}
[209.829723] (nvblox) StdoutLine: {'line': b'-- Installing: /home/czz/nvblox_ws/install/nvblox/include/eigen3/Eigen/src/Core/arch/ZVector\n'}
[209.829812] (nvblox) StdoutLine: {'line': b'-- Installing: /home/czz/nvblox_ws/install/nvblox/include/eigen3/Eigen/src/Core/arch/ZVector/Complex.h\n'}
[209.829980] (nvblox) StdoutLine: {'line': b'-- Installing: /home/czz/nvblox_ws/install/nvblox/include/eigen3/Eigen/src/Core/arch/ZVector/PacketMath.h\n'}
[209.830282] (nvblox) StdoutLine: {'line': b'-- Installing: /home/czz/nvblox_ws/install/nvblox/include/eigen3/Eigen/src/Core/arch/ZVector/MathFunctions.h\n'}
[209.830377] (nvblox) StdoutLine: {'line': b'-- Installing: /home/czz/nvblox_ws/install/nvblox/include/eigen3/Eigen/src/Core/arch/AVX\n'}
[209.830462] (nvblox) StdoutLine: {'line': b'-- Installing: /home/czz/nvblox_ws/install/nvblox/include/eigen3/Eigen/src/Core/arch/AVX/Complex.h\n'}
[209.830622] (nvblox) StdoutLine: {'line': b'-- Installing: /home/czz/nvblox_ws/install/nvblox/include/eigen3/Eigen/src/Core/arch/AVX/PacketMath.h\n'}
[209.831077] (nvblox) StdoutLine: {'line': b'-- Installing: /home/czz/nvblox_ws/install/nvblox/include/eigen3/Eigen/src/Core/arch/AVX/MathFunctions.h\n'}
[209.831127] (nvblox) StdoutLine: {'line': b'-- Installing: /home/czz/nvblox_ws/install/nvblox/include/eigen3/Eigen/src/Core/arch/AVX/TypeCasting.h\n'}
[209.831223] (nvblox) StdoutLine: {'line': b'-- Installing: /home/czz/nvblox_ws/install/nvblox/include/eigen3/Eigen/src/Core/arch/CUDA\n'}
[209.831342] (nvblox) StdoutLine: {'line': b'-- Installing: /home/czz/nvblox_ws/install/nvblox/include/eigen3/Eigen/src/Core/arch/CUDA/Complex.h\n'}
[209.831549] (nvblox) StdoutLine: {'line': b'-- Installing: /home/czz/nvblox_ws/install/nvblox/include/eigen3/Eigen/src/Core/arch/NEON\n'}
[209.831669] (nvblox) StdoutLine: {'line': b'-- Installing: /home/czz/nvblox_ws/install/nvblox/include/eigen3/Eigen/src/Core/arch/NEON/GeneralBlockPanelKernel.h\n'}
[209.831853] (nvblox) StdoutLine: {'line': b'-- Installing: /home/czz/nvblox_ws/install/nvblox/include/eigen3/Eigen/src/Core/arch/NEON/Complex.h\n'}
[209.832052] (nvblox) StdoutLine: {'line': b'-- Installing: /home/czz/nvblox_ws/install/nvblox/include/eigen3/Eigen/src/Core/arch/NEON/PacketMath.h\n'}
[209.832719] (nvblox) StdoutLine: {'line': b'-- Installing: /home/czz/nvblox_ws/install/nvblox/include/eigen3/Eigen/src/Core/arch/NEON/MathFunctions.h\n'}
[209.832754] (nvblox) StdoutLine: {'line': b'-- Installing: /home/czz/nvblox_ws/install/nvblox/include/eigen3/Eigen/src/Core/arch/NEON/TypeCasting.h\n'}
[209.833189] (nvblox) StdoutLine: {'line': b'-- Installing: /home/czz/nvblox_ws/install/nvblox/include/eigen3/Eigen/src/Core/arch/MSA\n'}
[209.833320] (nvblox) StdoutLine: {'line': b'-- Installing: /home/czz/nvblox_ws/install/nvblox/include/eigen3/Eigen/src/Core/arch/MSA/Complex.h\n'}
[209.833487] (nvblox) StdoutLine: {'line': b'-- Installing: /home/czz/nvblox_ws/install/nvblox/include/eigen3/Eigen/src/Core/arch/MSA/PacketMath.h\n'}
[209.833752] (nvblox) StdoutLine: {'line': b'-- Installing: /home/czz/nvblox_ws/install/nvblox/include/eigen3/Eigen/src/Core/arch/MSA/MathFunctions.h\n'}
[209.833981] (nvblox) StdoutLine: {'line': b'-- Installing: /home/czz/nvblox_ws/install/nvblox/include/eigen3/Eigen/src/Core/arch/GPU\n'}
[209.834046] (nvblox) StdoutLine: {'line': b'-- Installing: /home/czz/nvblox_ws/install/nvblox/include/eigen3/Eigen/src/Core/arch/GPU/PacketMath.h\n'}
[209.834153] (nvblox) StdoutLine: {'line': b'-- Installing: /home/czz/nvblox_ws/install/nvblox/include/eigen3/Eigen/src/Core/arch/GPU/MathFunctions.h\n'}
[209.834315] (nvblox) StdoutLine: {'line': b'-- Installing: /home/czz/nvblox_ws/install/nvblox/include/eigen3/Eigen/src/Core/arch/GPU/TypeCasting.h\n'}
[209.834403] (nvblox) StdoutLine: {'line': b'-- Installing: /home/czz/nvblox_ws/install/nvblox/include/eigen3/Eigen/src/Core/arch/SSE\n'}
[209.834533] (nvblox) StdoutLine: {'line': b'-- Installing: /home/czz/nvblox_ws/install/nvblox/include/eigen3/Eigen/src/Core/arch/SSE/Complex.h\n'}
[209.834567] (nvblox) StdoutLine: {'line': b'-- Installing: /home/czz/nvblox_ws/install/nvblox/include/eigen3/Eigen/src/Core/arch/SSE/PacketMath.h\n'}
[209.834828] (nvblox) StdoutLine: {'line': b'-- Installing: /home/czz/nvblox_ws/install/nvblox/include/eigen3/Eigen/src/Core/arch/SSE/MathFunctions.h\n'}
[209.834861] (nvblox) StdoutLine: {'line': b'-- Installing: /home/czz/nvblox_ws/install/nvblox/include/eigen3/Eigen/src/Core/arch/SSE/TypeCasting.h\n'}
[209.834895] (nvblox) StdoutLine: {'line': b'-- Installing: /home/czz/nvblox_ws/install/nvblox/include/eigen3/Eigen/src/Core/arch/AltiVec\n'}
[209.834977] (nvblox) StdoutLine: {'line': b'-- Installing: /home/czz/nvblox_ws/install/nvblox/include/eigen3/Eigen/src/Core/arch/AltiVec/Complex.h\n'}
[209.835215] (nvblox) StdoutLine: {'line': b'-- Installing: /home/czz/nvblox_ws/install/nvblox/include/eigen3/Eigen/src/Core/arch/AltiVec/MatrixProduct.h\n'}
[209.835784] (nvblox) StdoutLine: {'line': b'-- Installing: /home/czz/nvblox_ws/install/nvblox/include/eigen3/Eigen/src/Core/arch/AltiVec/PacketMath.h\n'}
[209.836238] (nvblox) StdoutLine: {'line': b'-- Installing: /home/czz/nvblox_ws/install/nvblox/include/eigen3/Eigen/src/Core/arch/AltiVec/MatrixProductCommon.h\n'}
[209.836389] (nvblox) StdoutLine: {'line': b'-- Installing: /home/czz/nvblox_ws/install/nvblox/include/eigen3/Eigen/src/Core/arch/AltiVec/MatrixProductMMA.h\n'}
[209.836624] (nvblox) StdoutLine: {'line': b'-- Installing: /home/czz/nvblox_ws/install/nvblox/include/eigen3/Eigen/src/Core/arch/AltiVec/MathFunctions.h\n'}
[209.836734] (nvblox) StdoutLine: {'line': b'-- Installing: /home/czz/nvblox_ws/install/nvblox/include/eigen3/Eigen/src/Core/arch/HIP\n'}
[209.836887] (nvblox) StdoutLine: {'line': b'-- Installing: /home/czz/nvblox_ws/install/nvblox/include/eigen3/Eigen/src/Core/arch/HIP/hcc\n'}
[209.836970] (nvblox) StdoutLine: {'line': b'-- Installing: /home/czz/nvblox_ws/install/nvblox/include/eigen3/Eigen/src/Core/arch/HIP/hcc/math_constants.h\n'}
[209.837062] (nvblox) StdoutLine: {'line': b'-- Installing: /home/czz/nvblox_ws/install/nvblox/include/eigen3/Eigen/src/Core/arch/SYCL\n'}
[209.837264] (nvblox) StdoutLine: {'line': b'-- Installing: /home/czz/nvblox_ws/install/nvblox/include/eigen3/Eigen/src/Core/arch/SYCL/SyclMemoryModel.h\n'}
[209.837444] (nvblox) StdoutLine: {'line': b'-- Installing: /home/czz/nvblox_ws/install/nvblox/include/eigen3/Eigen/src/Core/arch/SYCL/PacketMath.h\n'}
[209.837637] (nvblox) StdoutLine: {'line': b'-- Installing: /home/czz/nvblox_ws/install/nvblox/include/eigen3/Eigen/src/Core/arch/SYCL/InteropHeaders.h\n'}
[209.837818] (nvblox) StdoutLine: {'line': b'-- Installing: /home/czz/nvblox_ws/install/nvblox/include/eigen3/Eigen/src/Core/arch/SYCL/MathFunctions.h\n'}
[209.837981] (nvblox) StdoutLine: {'line': b'-- Installing: /home/czz/nvblox_ws/install/nvblox/include/eigen3/Eigen/src/Core/arch/SYCL/TypeCasting.h\n'}
[209.838074] (nvblox) StdoutLine: {'line': b'-- Installing: /home/czz/nvblox_ws/install/nvblox/include/eigen3/Eigen/src/Core/arch/AVX512\n'}
[209.838171] (nvblox) StdoutLine: {'line': b'-- Installing: /home/czz/nvblox_ws/install/nvblox/include/eigen3/Eigen/src/Core/arch/AVX512/Complex.h\n'}
[209.838344] (nvblox) StdoutLine: {'line': b'-- Installing: /home/czz/nvblox_ws/install/nvblox/include/eigen3/Eigen/src/Core/arch/AVX512/PacketMath.h\n'}
[209.838850] (nvblox) StdoutLine: {'line': b'-- Installing: /home/czz/nvblox_ws/install/nvblox/include/eigen3/Eigen/src/Core/arch/AVX512/MathFunctions.h\n'}
[209.838997] (nvblox) StdoutLine: {'line': b'-- Installing: /home/czz/nvblox_ws/install/nvblox/include/eigen3/Eigen/src/Core/arch/AVX512/TypeCasting.h\n'}
[209.839091] (nvblox) StdoutLine: {'line': b'-- Installing: /home/czz/nvblox_ws/install/nvblox/include/eigen3/Eigen/src/Core/ArrayBase.h\n'}
[209.839126] (nvblox) StdoutLine: {'line': b'-- Installing: /home/czz/nvblox_ws/install/nvblox/include/eigen3/Eigen/src/Core/NoAlias.h\n'}
[209.839289] (nvblox) StdoutLine: {'line': b'-- Installing: /home/czz/nvblox_ws/install/nvblox/include/eigen3/Eigen/src/Core/Block.h\n'}
[209.839462] (nvblox) StdoutLine: {'line': b'-- Installing: /home/czz/nvblox_ws/install/nvblox/include/eigen3/Eigen/src/Core/MapBase.h\n'}
[209.839612] (nvblox) StdoutLine: {'line': b'-- Installing: /home/czz/nvblox_ws/install/nvblox/include/eigen3/Eigen/src/Core/Dot.h\n'}
[209.839648] (nvblox) StdoutLine: {'line': b'-- Installing: /home/czz/nvblox_ws/install/nvblox/include/eigen3/Eigen/src/Core/CwiseUnaryView.h\n'}
[209.839825] (nvblox) StdoutLine: {'line': b'-- Installing: /home/czz/nvblox_ws/install/nvblox/include/eigen3/Eigen/src/Core/NestByValue.h\n'}
[209.839929] (nvblox) StdoutLine: {'line': b'-- Installing: /home/czz/nvblox_ws/install/nvblox/include/eigen3/Eigen/src/Core/AssignEvaluator.h\n'}
[209.839996] (nvblox) StdoutLine: {'line': b'-- Installing: /home/czz/nvblox_ws/install/nvblox/include/eigen3/Eigen/src/Core/Visitor.h\n'}
[209.840100] (nvblox) StdoutLine: {'line': b'-- Installing: /home/czz/nvblox_ws/install/nvblox/include/eigen3/Eigen/src/Core/DiagonalProduct.h\n'}
[209.840193] (nvblox) StdoutLine: {'line': b'-- Installing: /home/czz/nvblox_ws/install/nvblox/include/eigen3/Eigen/src/Core/Replicate.h\n'}
[209.840277] (nvblox) StdoutLine: {'line': b'-- Installing: /home/czz/nvblox_ws/install/nvblox/include/eigen3/Eigen/src/Core/DiagonalMatrix.h\n'}
[209.840332] (nvblox) StdoutLine: {'line': b'-- Installing: /home/czz/nvblox_ws/install/nvblox/include/eigen3/Eigen/src/Core/Reverse.h\n'}
[209.840411] (nvblox) StdoutLine: {'line': b'-- Installing: /home/czz/nvblox_ws/install/nvblox/include/eigen3/Eigen/src/Core/CwiseBinaryOp.h\n'}
[209.840549] (nvblox) StdoutLine: {'line': b'-- Installing: /home/czz/nvblox_ws/install/nvblox/include/eigen3/Eigen/src/Core/ConditionEstimator.h\n'}
[209.840610] (nvblox) StdoutLine: {'line': b'-- Installing: /home/czz/nvblox_ws/install/nvblox/include/eigen3/Eigen/src/Core/VectorwiseOp.h\n'}
[209.840672] (nvblox) StdoutLine: {'line': b'-- Installing: /home/czz/nvblox_ws/install/nvblox/include/eigen3/Eigen/src/Core/MathFunctions.h\n'}
[209.840738] (nvblox) StdoutLine: {'line': b'-- Installing: /home/czz/nvblox_ws/install/nvblox/include/eigen3/Eigen/src/Core/CwiseNullaryOp.h\n'}
[209.840799] (nvblox) StdoutLine: {'line': b'-- Installing: /home/czz/nvblox_ws/install/nvblox/include/eigen3/Eigen/src/Core/CoreEvaluators.h\n'}
[209.840860] (nvblox) StdoutLine: {'line': b'-- Installing: /home/czz/nvblox_ws/install/nvblox/include/eigen3/Eigen/src/Core/Inverse.h\n'}
[209.840949] (nvblox) StdoutLine: {'line': b'-- Installing: /home/czz/nvblox_ws/install/nvblox/include/eigen3/Eigen/src/Core/Swap.h\n'}
[209.841044] (nvblox) StdoutLine: {'line': b'-- Installing: /home/czz/nvblox_ws/install/nvblox/include/eigen3/Eigen/src/Core/SolveTriangular.h\n'}
[209.841107] (nvblox) StdoutLine: {'line': b'-- Installing: /home/czz/nvblox_ws/install/nvblox/include/eigen3/Eigen/src/Core/Select.h\n'}
[209.841227] (nvblox) StdoutLine: {'line': b'-- Installing: /home/czz/nvblox_ws/install/nvblox/include/eigen3/Eigen/src/Core/Transpositions.h\n'}
[209.841387] (nvblox) StdoutLine: {'line': b'-- Installing: /home/czz/nvblox_ws/install/nvblox/include/eigen3/Eigen/src/Core/ProductEvaluators.h\n'}
[209.841454] (nvblox) StdoutLine: {'line': b'-- Installing: /home/czz/nvblox_ws/install/nvblox/include/eigen3/Eigen/src/Core/Reshaped.h\n'}
[209.841694] (nvblox) StdoutLine: {'line': b'-- Installing: /home/czz/nvblox_ws/install/nvblox/include/eigen3/Eigen/src/Core/GlobalFunctions.h\n'}
[209.841802] (nvblox) StdoutLine: {'line': b'-- Installing: /home/czz/nvblox_ws/install/nvblox/include/eigen3/Eigen/src/Core/StableNorm.h\n'}
[209.841867] (nvblox) StdoutLine: {'line': b'-- Installing: /home/czz/nvblox_ws/install/nvblox/include/eigen3/Eigen/src/Core/StlIterators.h\n'}
[209.841928] (nvblox) StdoutLine: {'line': b'-- Installing: /home/czz/nvblox_ws/install/nvblox/include/eigen3/Eigen/src/Core/CwiseTernaryOp.h\n'}
[209.842073] (nvblox) StdoutLine: {'line': b'-- Installing: /home/czz/nvblox_ws/install/nvblox/include/eigen3/Eigen/src/Core/GenericPacketMath.h\n'}
[209.842305] (nvblox) StdoutLine: {'line': b'-- Installing: /home/czz/nvblox_ws/install/nvblox/include/eigen3/Eigen/src/Core/GeneralProduct.h\n'}
[209.842518] (nvblox) StdoutLine: {'line': b'-- Installing: /home/czz/nvblox_ws/install/nvblox/include/eigen3/Eigen/src/Core/Fuzzy.h\n'}
[209.842661] (nvblox) StdoutLine: {'line': b'-- Installing: /home/czz/nvblox_ws/install/nvblox/include/eigen3/Eigen/src/KLUSupport\n'}
[209.842888] (nvblox) StdoutLine: {'line': b'-- Installing: /home/czz/nvblox_ws/install/nvblox/include/eigen3/Eigen/src/KLUSupport/KLUSupport.h\n'}
[209.843011] (nvblox) StdoutLine: {'line': b'-- Installing: /home/czz/nvblox_ws/install/nvblox/include/eigen3/Eigen/src/Geometry\n'}
[209.843178] (nvblox) StdoutLine: {'line': b'-- Installing: /home/czz/nvblox_ws/install/nvblox/include/eigen3/Eigen/src/Geometry/ParametrizedLine.h\n'}
[209.843265] (nvblox) StdoutLine: {'line': b'-- Installing: /home/czz/nvblox_ws/install/nvblox/include/eigen3/Eigen/src/Geometry/Umeyama.h\n'}
[209.843336] (nvblox) StdoutLine: {'line': b'-- Installing: /home/czz/nvblox_ws/install/nvblox/include/eigen3/Eigen/src/Geometry/AlignedBox.h\n'}
[209.843438] (nvblox) StdoutLine: {'line': b'-- Installing: /home/czz/nvblox_ws/install/nvblox/include/eigen3/Eigen/src/Geometry/RotationBase.h\n'}
[209.843489] (nvblox) StdoutLine: {'line': b'-- Installing: /home/czz/nvblox_ws/install/nvblox/include/eigen3/Eigen/src/Geometry/Scaling.h\n'}
[209.843518] (nvblox) StdoutLine: {'line': b'-- Installing: /home/czz/nvblox_ws/install/nvblox/include/eigen3/Eigen/src/Geometry/Homogeneous.h\n'}
[209.843543] (nvblox) StdoutLine: {'line': b'-- Installing: /home/czz/nvblox_ws/install/nvblox/include/eigen3/Eigen/src/Geometry/Quaternion.h\n'}
[209.843567] (nvblox) StdoutLine: {'line': b'-- Installing: /home/czz/nvblox_ws/install/nvblox/include/eigen3/Eigen/src/Geometry/Rotation2D.h\n'}
[209.843738] (nvblox) StdoutLine: {'line': b'-- Installing: /home/czz/nvblox_ws/install/nvblox/include/eigen3/Eigen/src/Geometry/Hyperplane.h\n'}
[209.843813] (nvblox) StdoutLine: {'line': b'-- Installing: /home/czz/nvblox_ws/install/nvblox/include/eigen3/Eigen/src/Geometry/arch\n'}
[209.843845] (nvblox) StdoutLine: {'line': b'-- Installing: /home/czz/nvblox_ws/install/nvblox/include/eigen3/Eigen/src/Geometry/arch/Geometry_SIMD.h\n'}
[209.843883] (nvblox) StdoutLine: {'line': b'-- Installing: /home/czz/nvblox_ws/install/nvblox/include/eigen3/Eigen/src/Geometry/AngleAxis.h\n'}
[209.843906] (nvblox) StdoutLine: {'line': b'-- Installing: /home/czz/nvblox_ws/install/nvblox/include/eigen3/Eigen/src/Geometry/OrthoMethods.h\n'}
[209.843932] (nvblox) StdoutLine: {'line': b'-- Installing: /home/czz/nvblox_ws/install/nvblox/include/eigen3/Eigen/src/Geometry/Translation.h\n'}
[209.843968] (nvblox) StdoutLine: {'line': b'-- Installing: /home/czz/nvblox_ws/install/nvblox/include/eigen3/Eigen/src/Geometry/EulerAngles.h\n'}
[209.844004] (nvblox) StdoutLine: {'line': b'-- Installing: /home/czz/nvblox_ws/install/nvblox/include/eigen3/Eigen/src/Geometry/Transform.h\n'}
[209.844037] (nvblox) StdoutLine: {'line': b'-- Installing: /home/czz/nvblox_ws/install/nvblox/include/eigen3/Eigen/src/SVD\n'}
[209.844126] (nvblox) StdoutLine: {'line': b'-- Installing: /home/czz/nvblox_ws/install/nvblox/include/eigen3/Eigen/src/SVD/BDCSVD.h\n'}
[209.844197] (nvblox) StdoutLine: {'line': b'-- Installing: /home/czz/nvblox_ws/install/nvblox/include/eigen3/Eigen/src/SVD/UpperBidiagonalization.h\n'}
[209.844257] (nvblox) StdoutLine: {'line': b'-- Installing: /home/czz/nvblox_ws/install/nvblox/include/eigen3/Eigen/src/SVD/SVDBase.h\n'}
[209.844301] (nvblox) StdoutLine: {'line': b'-- Installing: /home/czz/nvblox_ws/install/nvblox/include/eigen3/Eigen/src/SVD/JacobiSVD_LAPACKE.h\n'}
[209.844448] (nvblox) StdoutLine: {'line': b'-- Installing: /home/czz/nvblox_ws/install/nvblox/include/eigen3/Eigen/src/SVD/JacobiSVD.h\n'}
[209.844490] (nvblox) StdoutLine: {'line': b'-- Installing: /home/czz/nvblox_ws/install/nvblox/include/eigen3/Eigen/src/StlSupport\n'}
[209.844620] (nvblox) StdoutLine: {'line': b'-- Installing: /home/czz/nvblox_ws/install/nvblox/include/eigen3/Eigen/src/StlSupport/StdList.h\n'}
[209.844759] (nvblox) StdoutLine: {'line': b'-- Installing: /home/czz/nvblox_ws/install/nvblox/include/eigen3/Eigen/src/StlSupport/StdDeque.h\n'}
[209.844893] (nvblox) StdoutLine: {'line': b'-- Installing: /home/czz/nvblox_ws/install/nvblox/include/eigen3/Eigen/src/StlSupport/StdVector.h\n'}
[209.845062] (nvblox) StdoutLine: {'line': b'-- Installing: /home/czz/nvblox_ws/install/nvblox/include/eigen3/Eigen/src/StlSupport/details.h\n'}
[209.845175] (nvblox) StdoutLine: {'line': b'-- Installing: /home/czz/nvblox_ws/install/nvblox/include/eigen3/Eigen/src/SPQRSupport\n'}
[209.845261] (nvblox) StdoutLine: {'line': b'-- Installing: /home/czz/nvblox_ws/install/nvblox/include/eigen3/Eigen/src/SPQRSupport/SuiteSparseQRSupport.h\n'}
[209.845384] (nvblox) StdoutLine: {'line': b'-- Installing: /home/czz/nvblox_ws/install/nvblox/include/eigen3/Eigen/src/IterativeLinearSolvers\n'}
[209.845470] (nvblox) StdoutLine: {'line': b'-- Installing: /home/czz/nvblox_ws/install/nvblox/include/eigen3/Eigen/src/IterativeLinearSolvers/BiCGSTAB.h\n'}
[209.845503] (nvblox) StdoutLine: {'line': b'-- Installing: /home/czz/nvblox_ws/install/nvblox/include/eigen3/Eigen/src/IterativeLinearSolvers/ConjugateGradient.h\n'}
[209.845542] (nvblox) StdoutLine: {'line': b'-- Installing: /home/czz/nvblox_ws/install/nvblox/include/eigen3/Eigen/src/IterativeLinearSolvers/SolveWithGuess.h\n'}
[209.845574] (nvblox) StdoutLine: {'line': b'-- Installing: /home/czz/nvblox_ws/install/nvblox/include/eigen3/Eigen/src/IterativeLinearSolvers/BasicPreconditioners.h\n'}
[209.845607] (nvblox) StdoutLine: {'line': b'-- Installing: /home/czz/nvblox_ws/install/nvblox/include/eigen3/Eigen/src/IterativeLinearSolvers/IterativeSolverBase.h\n'}
[209.845640] (nvblox) StdoutLine: {'line': b'-- Installing: /home/czz/nvblox_ws/install/nvblox/include/eigen3/Eigen/src/IterativeLinearSolvers/IncompleteCholesky.h\n'}
[209.845673] (nvblox) StdoutLine: {'line': b'-- Installing: /home/czz/nvblox_ws/install/nvblox/include/eigen3/Eigen/src/IterativeLinearSolvers/LeastSquareConjugateGradient.h\n'}
[209.845706] (nvblox) StdoutLine: {'line': b'-- Installing: /home/czz/nvblox_ws/install/nvblox/include/eigen3/Eigen/src/IterativeLinearSolvers/IncompleteLUT.h\n'}
[209.845742] (nvblox) StdoutLine: {'line': b'-- Installing: /home/czz/nvblox_ws/install/nvblox/include/eigen3/Eigen/src/Householder\n'}
[209.845828] (nvblox) StdoutLine: {'line': b'-- Installing: /home/czz/nvblox_ws/install/nvblox/include/eigen3/Eigen/src/Householder/Householder.h\n'}
[209.845861] (nvblox) StdoutLine: {'line': b'-- Installing: /home/czz/nvblox_ws/install/nvblox/include/eigen3/Eigen/src/Householder/HouseholderSequence.h\n'}
[209.845901] (nvblox) StdoutLine: {'line': b'-- Installing: /home/czz/nvblox_ws/install/nvblox/include/eigen3/Eigen/src/Householder/BlockHouseholder.h\n'}
[209.845933] (nvblox) StdoutLine: {'line': b'-- Installing: /home/czz/nvblox_ws/install/nvblox/include/eigen3/Eigen/src/Cholesky\n'}
[209.846020] (nvblox) StdoutLine: {'line': b'-- Installing: /home/czz/nvblox_ws/install/nvblox/include/eigen3/Eigen/src/Cholesky/LLT_LAPACKE.h\n'}
[209.846186] (nvblox) StdoutLine: {'line': b'-- Installing: /home/czz/nvblox_ws/install/nvblox/include/eigen3/Eigen/src/Cholesky/LLT.h\n'}
[209.846224] (nvblox) StdoutLine: {'line': b'-- Installing: /home/czz/nvblox_ws/install/nvblox/include/eigen3/Eigen/src/Cholesky/LDLT.h\n'}
[209.846263] (nvblox) StdoutLine: {'line': b'-- Installing: /home/czz/nvblox_ws/install/nvblox/include/eigen3/Eigen/src/PaStiXSupport\n'}
[209.846413] (nvblox) StdoutLine: {'line': b'-- Installing: /home/czz/nvblox_ws/install/nvblox/include/eigen3/Eigen/src/PaStiXSupport/PaStiXSupport.h\n'}
[209.846638] (nvblox) StdoutLine: {'line': b'-- Installing: /home/czz/nvblox_ws/install/nvblox/include/eigen3/Eigen/PaStiXSupport\n'}
[209.846804] (nvblox) StdoutLine: {'line': b'-- Up-to-date: /home/czz/nvblox_ws/install/nvblox/include\n'}
[209.846835] (nvblox) StdoutLine: {'line': b'-- Installing: /home/czz/nvblox_ws/install/nvblox/include/CMakeLists.txt\n'}
[209.847093] (nvblox) StdoutLine: {'line': b'-- Up-to-date: /home/czz/nvblox_ws/install/nvblox/include/stdgpu\n'}
[209.847145] (nvblox) StdoutLine: {'line': b'-- Up-to-date: /home/czz/nvblox_ws/install/nvblox/include/stdgpu/compiler.h\n'}
[209.847185] (nvblox) StdoutLine: {'line': b'-- Up-to-date: /home/czz/nvblox_ws/install/nvblox/include/stdgpu/unordered_map.cuh\n'}
[209.847210] (nvblox) StdoutLine: {'line': b'-- Up-to-date: /home/czz/nvblox_ws/install/nvblox/include/stdgpu/execution.h\n'}
[209.847234] (nvblox) StdoutLine: {'line': b'-- Up-to-date: /home/czz/nvblox_ws/install/nvblox/include/stdgpu/stack.cuh\n'}
[209.847257] (nvblox) StdoutLine: {'line': b'-- Up-to-date: /home/czz/nvblox_ws/install/nvblox/include/stdgpu/hip\n'}
[209.847279] (nvblox) StdoutLine: {'line': b'-- Up-to-date: /home/czz/nvblox_ws/install/nvblox/include/stdgpu/hip/device.h\n'}
[209.847302] (nvblox) StdoutLine: {'line': b'-- Up-to-date: /home/czz/nvblox_ws/install/nvblox/include/stdgpu/hip/platform.h\n'}
[209.847325] (nvblox) StdoutLine: {'line': b'-- Up-to-date: /home/czz/nvblox_ws/install/nvblox/include/stdgpu/hip/atomic.h\n'}
[209.847356] (nvblox) StdoutLine: {'line': b'-- Installing: /home/czz/nvblox_ws/install/nvblox/include/stdgpu/hip/CMakeLists.txt\n'}
[209.847394] (nvblox) StdoutLine: {'line': b'-- Up-to-date: /home/czz/nvblox_ws/install/nvblox/include/stdgpu/hip/platform_check.h\n'}
[209.847417] (nvblox) StdoutLine: {'line': b'-- Up-to-date: /home/czz/nvblox_ws/install/nvblox/include/stdgpu/hip/impl\n'}
[209.847438] (nvblox) StdoutLine: {'line': b'-- Installing: /home/czz/nvblox_ws/install/nvblox/include/stdgpu/hip/impl/device.cpp\n'}
[209.847590] (nvblox) StdoutLine: {'line': b'-- Up-to-date: /home/czz/nvblox_ws/install/nvblox/include/stdgpu/hip/impl/error.h\n'}
[209.847624] (nvblox) StdoutLine: {'line': b'-- Installing: /home/czz/nvblox_ws/install/nvblox/include/stdgpu/hip/impl/memory.cpp\n'}
[209.847775] (nvblox) StdoutLine: {'line': b'-- Up-to-date: /home/czz/nvblox_ws/install/nvblox/include/stdgpu/hip/impl/atomic_detail.h\n'}
[209.847807] (nvblox) StdoutLine: {'line': b'-- Up-to-date: /home/czz/nvblox_ws/install/nvblox/include/stdgpu/hip/memory.h\n'}
[209.847850] (nvblox) StdoutLine: {'line': b'-- Up-to-date: /home/czz/nvblox_ws/install/nvblox/include/stdgpu/utility.h\n'}
[209.847876] (nvblox) StdoutLine: {'line': b'-- Up-to-date: /home/czz/nvblox_ws/install/nvblox/include/stdgpu/device.h\n'}
[209.847898] (nvblox) StdoutLine: {'line': b'-- Up-to-date: /home/czz/nvblox_ws/install/nvblox/include/stdgpu/bit.h\n'}
[209.847920] (nvblox) StdoutLine: {'line': b'-- Up-to-date: /home/czz/nvblox_ws/install/nvblox/include/stdgpu/atomic.cuh\n'}
[209.847941] (nvblox) StdoutLine: {'line': b'-- Up-to-date: /home/czz/nvblox_ws/install/nvblox/include/stdgpu/platform.h\n'}
[209.847964] (nvblox) StdoutLine: {'line': b'-- Up-to-date: /home/czz/nvblox_ws/install/nvblox/include/stdgpu/bitset.cuh\n'}
[209.847987] (nvblox) StdoutLine: {'line': b'-- Up-to-date: /home/czz/nvblox_ws/install/nvblox/include/stdgpu/cstddef.h\n'}
[209.848010] (nvblox) StdoutLine: {'line': b'-- Installing: /home/czz/nvblox_ws/install/nvblox/include/stdgpu/CMakeLists.txt\n'}
[209.848047] (nvblox) StdoutLine: {'line': b'-- Up-to-date: /home/czz/nvblox_ws/install/nvblox/include/stdgpu/numeric.h\n'}
[209.848070] (nvblox) StdoutLine: {'line': b'-- Up-to-date: /home/czz/nvblox_ws/install/nvblox/include/stdgpu/mutex.cuh\n'}
[209.848092] (nvblox) StdoutLine: {'line': b'-- Installing: /home/czz/nvblox_ws/install/nvblox/include/stdgpu/config.h.in\n'}
[209.848176] (nvblox) StdoutLine: {'line': b'-- Up-to-date: /home/czz/nvblox_ws/install/nvblox/include/stdgpu/queue.cuh\n'}
[209.848225] (nvblox) StdoutLine: {'line': b'-- Up-to-date: /home/czz/nvblox_ws/install/nvblox/include/stdgpu/type_traits.h\n'}
[209.848247] (nvblox) StdoutLine: {'line': b'-- Up-to-date: /home/czz/nvblox_ws/install/nvblox/include/stdgpu/cuda\n'}
[209.848268] (nvblox) StdoutLine: {'line': b'-- Up-to-date: /home/czz/nvblox_ws/install/nvblox/include/stdgpu/cuda/device.h\n'}
[209.848289] (nvblox) StdoutLine: {'line': b'-- Up-to-date: /home/czz/nvblox_ws/install/nvblox/include/stdgpu/cuda/atomic.cuh\n'}
[209.848310] (nvblox) StdoutLine: {'line': b'-- Up-to-date: /home/czz/nvblox_ws/install/nvblox/include/stdgpu/cuda/platform.h\n'}
[209.848339] (nvblox) StdoutLine: {'line': b'-- Installing: /home/czz/nvblox_ws/install/nvblox/include/stdgpu/cuda/CMakeLists.txt\n'}
[209.848363] (nvblox) StdoutLine: {'line': b'-- Up-to-date: /home/czz/nvblox_ws/install/nvblox/include/stdgpu/cuda/platform_check.h\n'}
[209.848398] (nvblox) StdoutLine: {'line': b'-- Up-to-date: /home/czz/nvblox_ws/install/nvblox/include/stdgpu/cuda/impl\n'}
[209.848421] (nvblox) StdoutLine: {'line': b'-- Installing: /home/czz/nvblox_ws/install/nvblox/include/stdgpu/cuda/impl/device.cpp\n'}
[209.848493] (nvblox) StdoutLine: {'line': b'-- Up-to-date: /home/czz/nvblox_ws/install/nvblox/include/stdgpu/cuda/impl/atomic_detail.cuh\n'}
[209.848527] (nvblox) StdoutLine: {'line': b'-- Up-to-date: /home/czz/nvblox_ws/install/nvblox/include/stdgpu/cuda/impl/error.h\n'}
[209.848559] (nvblox) StdoutLine: {'line': b'-- Installing: /home/czz/nvblox_ws/install/nvblox/include/stdgpu/cuda/impl/memory.cpp\n'}
[209.848702] (nvblox) StdoutLine: {'line': b'-- Up-to-date: /home/czz/nvblox_ws/install/nvblox/include/stdgpu/cuda/memory.h\n'}
[209.848734] (nvblox) StdoutLine: {'line': b'-- Up-to-date: /home/czz/nvblox_ws/install/nvblox/include/stdgpu/contract.h\n'}
[209.848774] (nvblox) StdoutLine: {'line': b'-- Up-to-date: /home/czz/nvblox_ws/install/nvblox/include/stdgpu/openmp\n'}
[209.848796] (nvblox) StdoutLine: {'line': b'-- Up-to-date: /home/czz/nvblox_ws/install/nvblox/include/stdgpu/openmp/device.h\n'}
[209.848818] (nvblox) StdoutLine: {'line': b'-- Up-to-date: /home/czz/nvblox_ws/install/nvblox/include/stdgpu/openmp/platform.h\n'}
[209.848839] (nvblox) StdoutLine: {'line': b'-- Up-to-date: /home/czz/nvblox_ws/install/nvblox/include/stdgpu/openmp/atomic.h\n'}
[209.848861] (nvblox) StdoutLine: {'line': b'-- Installing: /home/czz/nvblox_ws/install/nvblox/include/stdgpu/openmp/CMakeLists.txt\n'}
[209.848912] (nvblox) StdoutLine: {'line': b'-- Up-to-date: /home/czz/nvblox_ws/install/nvblox/include/stdgpu/openmp/platform_check.h\n'}
[209.848937] (nvblox) StdoutLine: {'line': b'-- Up-to-date: /home/czz/nvblox_ws/install/nvblox/include/stdgpu/openmp/impl\n'}
[209.848966] (nvblox) StdoutLine: {'line': b'-- Installing: /home/czz/nvblox_ws/install/nvblox/include/stdgpu/openmp/impl/device.cpp\n'}
[209.849017] (nvblox) StdoutLine: {'line': b'-- Installing: /home/czz/nvblox_ws/install/nvblox/include/stdgpu/openmp/impl/memory.cpp\n'}
[209.849106] (nvblox) StdoutLine: {'line': b'-- Up-to-date: /home/czz/nvblox_ws/install/nvblox/include/stdgpu/openmp/impl/atomic_detail.h\n'}
[209.849140] (nvblox) StdoutLine: {'line': b'-- Up-to-date: /home/czz/nvblox_ws/install/nvblox/include/stdgpu/openmp/memory.h\n'}
[209.849188] (nvblox) StdoutLine: {'line': b'-- Up-to-date: /home/czz/nvblox_ws/install/nvblox/include/stdgpu/ranges.h\n'}
[209.849213] (nvblox) StdoutLine: {'line': b'-- Up-to-date: /home/czz/nvblox_ws/install/nvblox/include/stdgpu/deque.cuh\n'}
[209.849237] (nvblox) StdoutLine: {'line': b'-- Up-to-date: /home/czz/nvblox_ws/install/nvblox/include/stdgpu/iterator.h\n'}
[209.849261] (nvblox) StdoutLine: {'line': b'-- Up-to-date: /home/czz/nvblox_ws/install/nvblox/include/stdgpu/functional.h\n'}
[209.849285] (nvblox) StdoutLine: {'line': b'-- Up-to-date: /home/czz/nvblox_ws/install/nvblox/include/stdgpu/algorithm.h\n'}
[209.849309] (nvblox) StdoutLine: {'line': b'-- Up-to-date: /home/czz/nvblox_ws/install/nvblox/include/stdgpu/unordered_set.cuh\n'}
[209.849332] (nvblox) StdoutLine: {'line': b'-- Up-to-date: /home/czz/nvblox_ws/install/nvblox/include/stdgpu/vector.cuh\n'}
[209.849354] (nvblox) StdoutLine: {'line': b'-- Up-to-date: /home/czz/nvblox_ws/install/nvblox/include/stdgpu/limits.h\n'}
[209.849377] (nvblox) StdoutLine: {'line': b'-- Up-to-date: /home/czz/nvblox_ws/install/nvblox/include/stdgpu/impl\n'}
[209.849410] (nvblox) StdoutLine: {'line': b'-- Up-to-date: /home/czz/nvblox_ws/install/nvblox/include/stdgpu/impl/ranges_detail.h\n'}
[209.849501] (nvblox) StdoutLine: {'line': b'-- Up-to-date: /home/czz/nvblox_ws/install/nvblox/include/stdgpu/impl/vector_detail.cuh\n'}
[209.849570] (nvblox) StdoutLine: {'line': b'-- Up-to-date: /home/czz/nvblox_ws/install/nvblox/include/stdgpu/impl/bit_detail.h\n'}
[209.849602] (nvblox) StdoutLine: {'line': b'-- Up-to-date: /home/czz/nvblox_ws/install/nvblox/include/stdgpu/impl/limits_detail.h\n'}
[209.849631] (nvblox) StdoutLine: {'line': b'-- Installing: /home/czz/nvblox_ws/install/nvblox/include/stdgpu/impl/device.cpp\n'}
[209.849673] (nvblox) StdoutLine: {'line': b'-- Up-to-date: /home/czz/nvblox_ws/install/nvblox/include/stdgpu/impl/functional_detail.h\n'}
[209.849696] (nvblox) StdoutLine: {'line': b'-- Up-to-date: /home/czz/nvblox_ws/install/nvblox/include/stdgpu/impl/atomic_detail.cuh\n'}
[209.849722] (nvblox) StdoutLine: {'line': b'-- Up-to-date: /home/czz/nvblox_ws/install/nvblox/include/stdgpu/impl/deque_detail.cuh\n'}
[209.849743] (nvblox) StdoutLine: {'line': b'-- Up-to-date: /home/czz/nvblox_ws/install/nvblox/include/stdgpu/impl/utility_detail.h\n'}
[209.849773] (nvblox) StdoutLine: {'line': b'-- Up-to-date: /home/czz/nvblox_ws/install/nvblox/include/stdgpu/impl/bitset_detail.cuh\n'}
[209.849815] (nvblox) StdoutLine: {'line': b'-- Up-to-date: /home/czz/nvblox_ws/install/nvblox/include/stdgpu/impl/type_traits_detail.h\n'}
[209.849843] (nvblox) StdoutLine: {'line': b'-- Installing: /home/czz/nvblox_ws/install/nvblox/include/stdgpu/impl/iterator.cpp\n'}
[209.849866] (nvblox) StdoutLine: {'line': b'-- Up-to-date: /home/czz/nvblox_ws/install/nvblox/include/stdgpu/impl/iterator_detail.h\n'}
[209.849886] (nvblox) StdoutLine: {'line': b'-- Up-to-date: /home/czz/nvblox_ws/install/nvblox/include/stdgpu/impl/mutex_detail.cuh\n'}
[209.849907] (nvblox) StdoutLine: {'line': b'-- Up-to-date: /home/czz/nvblox_ws/install/nvblox/include/stdgpu/impl/preprocessor.h\n'}
[209.849929] (nvblox) StdoutLine: {'line': b'-- Up-to-date: /home/czz/nvblox_ws/install/nvblox/include/stdgpu/impl/platform_check.h\n'}
[209.849963] (nvblox) StdoutLine: {'line': b'-- Up-to-date: /home/czz/nvblox_ws/install/nvblox/include/stdgpu/impl/memory_detail.h\n'}
[209.849987] (nvblox) StdoutLine: {'line': b'-- Installing: /home/czz/nvblox_ws/install/nvblox/include/stdgpu/impl/memory.cpp\n'}
[209.850035] (nvblox) StdoutLine: {'line': b'-- Up-to-date: /home/czz/nvblox_ws/install/nvblox/include/stdgpu/impl/queue_detail.cuh\n'}
[209.850056] (nvblox) StdoutLine: {'line': b'-- Up-to-date: /home/czz/nvblox_ws/install/nvblox/include/stdgpu/impl/algorithm_detail.h\n'}
[209.850077] (nvblox) StdoutLine: {'line': b'-- Up-to-date: /home/czz/nvblox_ws/install/nvblox/include/stdgpu/impl/unordered_map_detail.cuh\n'}
[209.850098] (nvblox) StdoutLine: {'line': b'-- Up-to-date: /home/czz/nvblox_ws/install/nvblox/include/stdgpu/impl/numeric_detail.h\n'}
[209.850118] (nvblox) StdoutLine: {'line': b'-- Up-to-date: /home/czz/nvblox_ws/install/nvblox/include/stdgpu/impl/stack_detail.cuh\n'}
[209.850143] (nvblox) StdoutLine: {'line': b'-- Up-to-date: /home/czz/nvblox_ws/install/nvblox/include/stdgpu/impl/unordered_base.cuh\n'}
[209.850171] (nvblox) StdoutLine: {'line': b'-- Up-to-date: /home/czz/nvblox_ws/install/nvblox/include/stdgpu/impl/unordered_set_detail.cuh\n'}
[209.850198] (nvblox) StdoutLine: {'line': b'-- Up-to-date: /home/czz/nvblox_ws/install/nvblox/include/stdgpu/impl/unordered_base_detail.cuh\n'}
[209.850222] (nvblox) StdoutLine: {'line': b'-- Up-to-date: /home/czz/nvblox_ws/install/nvblox/include/stdgpu/memory.h\n'}
[209.850250] (nvblox) StdoutLine: {'line': b'-- Installing: /home/czz/nvblox_ws/install/nvblox/share/nvblox/cmake/nvbloxConfig.cmake\n'}
[209.850290] (nvblox) StdoutLine: {'line': b'-- Installing: /home/czz/nvblox_ws/install/nvblox/share/nvblox/cmake/nvbloxConfigVersion.cmake\n'}
[209.850850] (nvblox) StdoutLine: {'line': b'-- Installing: /home/czz/nvblox_ws/install/nvblox/share/nvblox/cmake/nvbloxTargets.cmake\n'}
[209.851104] (nvblox) StdoutLine: {'line': b'-- Installing: /home/czz/nvblox_ws/install/nvblox/share/nvblox/cmake/nvbloxTargets-release.cmake\n'}
[209.853061] (-) TimerEvent: {}
[209.862436] (nvblox) CommandEnded: {'returncode': 0}
[209.978413] (-) TimerEvent: {}
[210.062915] (nvblox) JobEnded: {'identifier': 'nvblox', 'rc': 0}
[210.069473] (-) EventReactorShutdown: {}
